gen,pid,design,fit,s_hat,vL,vT,lam,delta,a,nll,k,aic,converged,nfev,secs
level,6,roving_ramp,level,0.0,2.9819721211188535,0.0,0.0,0.537386513093925,4.244287472577464,348.74026458373294,3,703.4805291674659,True,88,16.802377939224243
level,6,roving_ramp,transient,1.0,0.0,0.9661714292314495,0.0,0.3804425012419042,3.966325198885462,358.6034732531956,3,723.2069465063912,True,136,22.022655963897705
level,6,roving_ramp,leaky,0.0,3.003275467033526,0.0,0.222266697132696,0.004703583982461113,4.323983294961926,348.70682164380776,4,705.4136432876155,True,235,49.55342364311218
level,6,roving_ramp,mixed,0.0015316403387669708,2.9796665453747284,0.010000000000000004,0.0,0.5376666822664249,4.244591475178304,348.746954213713,4,705.493908427426,True,245,24.265952110290527
level,6,roving_ramp,mixed_leaky,0.0015200233581055625,3.0035206919632715,0.01000348617832788,0.23099365458444965,-0.018108610899679915,4.329796563204092,348.71392626157296,5,707.4278525231459,True,186,34.580787658691406
level,3,roving_ramp50,level,0.0,4.383422326602548,0.0,0.0,1.733853958383094,2.082829009910769,457.4546761634131,3,920.9093523268263,True,216,31.04929256439209
level,3,roving_ramp50,transient,1.0,0.0,3.211555521784677,0.0,1.6739552178658623,1.6150065619949272,510.18522436846314,3,1026.3704487369264,True,120,20.588913917541504
level,3,roving_ramp50,leaky,0.0,4.34735460485605,0.0,0.40921277974494646,1.2406614557519116,2.1081551300608035,457.4498957602778,4,922.8997915205556,True,120,29.52284574508667
level,3,roving_ramp50,mixed,0.004692622630722324,4.375004015736805,0.04512806476381514,0.0,1.734582467769389,2.0839154082967912,457.45318215356053,4,922.9063643071211,True,340,37.3354389667511
level,3,roving_ramp50,mixed_leaky,0.002099098704944759,4.345852641712941,0.020000013485299516,0.40926056929003923,1.2408775754788632,2.108945933524083,457.448879938236,5,924.897759876472,True,42,34.9846932888031
level,0,roving_ramp,level,0.0,4.532108829254641,0.0,0.0,1.0911907677709185,2.6713819710059403,511.97247704994686,3,1029.9449540998937,True,80,13.394452571868896
level,0,roving_ramp,transient,1.0,0.0,4.309465241965489,0.0,1.4808308575309872,1.7692322149393411,555.1028519723504,3,1116.2057039447009,True,92,22.384599685668945
level,0,roving_ramp,leaky,0.0,4.519626612417167,0.0,0.15736954088210556,0.8567987374909816,2.6901082261003935,511.97152877876965,4,1031.9430575575393,False,440,56.620625257492065
level,0,roving_ramp,mixed,0.06844359241413371,4.372804965186369,0.702900080170295,0.0,1.101236043622886,2.7032264740203376,511.57799967510385,4,1031.1559993502078,True,275,29.95021915435791
level,0,roving_ramp,mixed_leaky,0.06920319813599213,4.3640394072611866,0.7098552405423223,0.2743494650301241,0.6824467935433446,2.7395046354939385,511.5735769803222,5,1033.1471539606443,True,276,37.663094997406006
level,0,roving_ramp50,level,0.0,4.961575538924377,0.0,0.0,0.97036489170208,2.8701958272770236,719.7345118997987,3,1445.4690237995974,True,116,14.346829652786255
level,0,roving_ramp50,transient,1.0,0.0,2.747965776181278,0.0,0.8029721247781627,2.1575530718401357,793.3447713899494,3,1592.6895427798988,True,100,17.828700304031372
level,0,roving_ramp50,leaky,0.0,4.961389215681312,0.0,0.005000000000000002,0.9629708640467696,2.86998016649221,719.7367224337544,4,1447.4734448675088,True,280,62.026066064834595
level,0,roving_ramp50,mixed,0.0009207753420395938,4.959482945432843,0.010000000000000004,0.0,0.9706507262894767,2.8703114410972024,719.7477318553855,4,1447.495463710771,True,250,24.60805654525757
level,0,roving_ramp50,mixed_leaky,0.000920776607145895,4.959476125042754,0.010000000000000004,0.005000000000000002,0.9633683279419655,2.8701411491167135,719.7499488823134,5,1449.499897764627,True,414,47.54974627494812
level,6,roving_ramp50,level,0.0,2.973399978118952,0.0,0.0,0.6506389946565909,3.714902662608575,325.38245919583284,3,656.7649183916657,True,84,14.397849798202515
level,6,roving_ramp50,transient,1.0,0.0,2.6129198574690493,0.0,0.5827229087896969,3.4919363142411863,334.6667455800725,3,675.333491160145,True,92,20.769839763641357
level,6,roving_ramp50,leaky,0.0,3.507048941588204,0.0,0.9765024835977667,-3.659797172474745,5.955596722538383,324.93479236240137,4,657.8695847248027,True,660,79.63306999206543
level,6,roving_ramp50,mixed,0.027836144537069212,2.9325767864839305,0.18370833098873451,0.0,0.6573494383738604,3.7116663534655165,325.3721407357913,4,658.7442814715826,True,255,26.977747201919556
level,6,roving_ramp50,mixed_leaky,0.002599874388570785,3.507012064454863,0.02000000266467767,0.9766261145821028,-3.659767750254082,5.95602316800427,324.93243890230497,5,659.8648778046099,True,66,26.45171856880188
level,1,roving_ramp50,level,0.0,3.6530060430305036,0.0,0.0,0.8865814082401757,3.083749993322095,423.5999431557346,3,853.1998863114692,True,164,21.925536394119263
level,1,roving_ramp50,transient,1.0,0.0,3.3819705813094894,0.0,0.776328571341611,2.801243762962398,443.5945217949552,3,893.1890435899104,True,156,20.817559242248535
level,1,roving_ramp50,leaky,0.0,3.6489771909439934,0.0,0.3109877091774624,0.3374169952936383,3.1480560370917177,423.57572655120504,4,855.1514531024101,True,125,25.249348640441895
level,1,roving_ramp50,mixed,0.11574692259507527,3.453789311693754,0.989096262408738,0.0,0.9165110433445429,3.100510966792265,423.09157975973864,4,854.1831595194773,True,305,43.71659207344055
level,1,roving_ramp50,mixed_leaky,0.11623045492384719,3.4650451204780754,0.9970103038439511,0.4067788540154056,0.17563481492119776,3.200704320667153,423.063504682024,5,856.127009364048,True,540,64.87527322769165
level,5,roving_ramp50,level,0.0,7.179810620183483,0.0,0.0,1.1749551139241834,2.5262484099035794,570.775962361461,3,1147.551924722922,True,108,17.428848266601562
level,5,roving_ramp50,transient,1.0,0.0,4.989593838429679,0.0,1.137168364975762,2.022156267312667,617.7163966261937,3,1241.4327932523875,True,80,16.83768916130066
level,5,roving_ramp50,leaky,0.0,7.179166656495639,0.0,0.005000000000000002,1.1682942398877958,2.526199157885023,570.7782392710984,4,1149.5564785421968,True,345,74.06815886497498
level,5,roving_ramp50,mixed,0.0338101568375357,7.0562728730716735,0.5402190950443929,0.0,1.1863147671990466,2.536542799893008,570.6712058173915,4,1149.342411634783,True,235,26.534701824188232
level,5,roving_ramp50,mixed_leaky,0.03384345776888694,7.054543153660622,0.5406372559578292,0.005000000000000002,1.1794893131061508,2.536469717228513,570.6736331514228,5,1151.3472663028456,True,402,48.71757984161377
level,4,roving_ramp50,level,0.0,3.3654682631653987,0.0,0.0,1.336740603508608,3.2283572772424063,461.9450267224534,3,929.8900534449068,True,108,16.805949211120605
level,4,roving_ramp50,transient,1.0,0.0,1.7313353890200545,0.0,0.7755923942133451,2.5436752643680145,532.376516985212,3,1070.753033970424,True,68,7.061203956604004
level,4,roving_ramp50,leaky,0.0,3.367448030884214,0.0,0.21022791915716765,0.9555022315242884,3.274467469121582,461.93517643095146,4,931.8703528619029,True,350,51.89567971229553
level,4,roving_ramp50,mixed,0.024056593260658465,3.3001504332827207,0.17797257106591577,0.0,1.320725915895381,3.2639371941488426,461.8092271689647,4,931.6184543379294,True,205,42.09646153450012
level,4,roving_ramp50,mixed_leaky,0.024059538567501704,3.2993284763421067,0.1779505652825152,0.005999329647190302,1.3100253411274552,3.264731481835546,461.80947863278965,5,933.6189572655793,True,144,77.375328540802
level,2,roving_ramp50,level,0.0,1.9913331724504633,0.0,0.0,0.586784101172741,4.471882452924868,370.6584044974943,3,747.3168089949886,True,108,16.412489652633667
level,2,roving_ramp50,transient,1.0,0.0,1.1937649065038873,0.0,0.3914615999122963,3.8469717907313115,395.3735401431714,3,796.7470802863428,True,88,30.39596438407898
level,2,roving_ramp50,leaky,0.0,2.072293292840914,0.0,0.31368328073520646,-0.25840432424649007,4.700832172291627,370.50946778240996,4,749.0189355648199,True,360,91.99378609657288
level,2,roving_ramp50,mixed,0.0022907238962330454,1.9907715119414702,0.010000000000000004,0.0,0.5876263196469071,4.471482241668232,370.6663555766605,4,749.332711153321,True,160,40.295438051223755
level,2,roving_ramp50,mixed_leaky,0.002203573869385311,2.0696861045393806,0.010000000000000004,0.3123397337948821,-0.25358228183167997,4.698607367130739,370.5201997310398,5,751.0403994620796,True,228,29.398081064224243
level,1,roving_ramp,level,0.0,3.0612111994916744,0.0,0.0,1.113679431179182,2.7413052781024922,278.60572048684764,3,563.2114409736953,True,116,18.07150411605835
level,1,roving_ramp,transient,1.0,0.0,3.5083200106134567,0.0,0.9164047769856248,2.939764548272701,284.70136945259054,3,575.4027389051811,True,56,15.594928979873657
level,1,roving_ramp,leaky,0.0,3.060559765234708,0.0,0.005999296656664386,1.1049319293047977,2.741498124175753,278.60601872673533,4,565.2120374534707,True,120,43.52331328392029
level,1,roving_ramp,mixed,0.2294556061188374,2.55749846998993,1.6661965729406865,0.0,1.084346328050408,2.9115634909765298,277.46157747074716,4,562.9231549414943,True,270,46.27378463745117
level,1,roving_ramp,mixed_leaky,0.22948331762959587,2.556018081918639,1.6654931162961748,0.005000000000000002,1.0763857116637974,2.9118142901669466,277.4619991522188,5,564.9239983044376,True,774,105.27522611618042
level,4,roving_ramp,level,0.0,2.773296052393241,0.0,0.0,1.2112678136646025,3.339536547616925,431.4823900221468,3,868.9647800442935,False,200,28.28569006919861
level,4,roving_ramp,transient,1.0,0.0,1.6659527011845914,0.0,0.6137418462202207,3.090096017813659,472.5848216956661,3,951.1696433913322,True,80,8.479273080825806
level,4,roving_ramp,leaky,0.0,3.0941707009295896,0.0,0.8505902711904381,-1.8541287949459717,5.09590176557404,430.26878023782024,4,868.5375604756405,True,430,83.16947484016418
level,4,roving_ramp,mixed,0.08183373238081082,2.5472169962199063,0.49669160142936947,0.0,1.130250699656906,3.546909952083064,430.20448908396827,4,868.4089781679365,True,240,42.716779708862305
level,4,roving_ramp,mixed_leaky,0.05335224260926276,2.820507573490828,0.3477774233625521,0.6863833935833952,-0.8752051028899206,4.49697329430337,429.88264912694297,5,869.7652982538859,True,654,82.704918384552
level,2,roving_ramp,level,0.0,2.33066664510761,0.0,0.0,0.6858404579346893,4.166841338776423,372.2484047962378,3,750.4968095924756,True,80,21.913227558135986
level,2,roving_ramp,transient,1.0,0.0,1.8367041532309725,0.0,0.38249907933365823,4.22427561825055,397.367522681666,3,800.735045363332,True,80,8.413189172744751
level,2,roving_ramp,leaky,0.0,2.7533510366474023,0.0,0.6612272084837173,-3.026927984087746,7.431611516859065,370.7975307168482,4,749.5950614336964,True,480,89.1137125492096
level,2,roving_ramp,mixed,0.08824796163367242,2.2039861698329517,0.4667095108145398,0.0,0.6736214569669696,4.296029178016917,371.78231156325927,4,751.5646231265185,True,210,35.71811819076538
level,2,roving_ramp,mixed_leaky,0.0033094761354609563,2.7530954881891314,0.020000002303302226,0.6614154691603288,-3.026809752510712,7.432345967149865,370.79414551459814,5,751.5882910291963,True,198,101.11554384231567
level,3,roving_ramp,level,0.0,2.9044909796937755,0.0,0.0,0.7667295618212155,3.2876159529417177,489.2506238716026,3,984.5012477432052,True,56,12.193453788757324
level,3,roving_ramp,transient,1.0,0.0,2.514838172639524,0.0,0.6150489341536399,2.9936545449088254,518.2803509439808,3,1042.5607018879616,True,160,21.284413814544678
level,3,roving_ramp,leaky,0.0,3.215786114181189,0.0,0.9167923148386729,-1.600161130123445,3.988695359750201,488.9454144516064,4,985.8908289032128,True,450,92.67868065834045
level,3,roving_ramp,mixed,0.08491935132708953,2.7684381557751148,0.5620720235471697,0.0,0.7613667382766918,3.36986545764918,488.8560294338533,4,985.7120588677066,True,325,46.85954189300537
level,3,roving_ramp,mixed_leaky,0.0847479750097126,2.768348886410881,0.5608145851761492,0.005000000000000002,0.7525694845926081,3.3697771679409887,488.8582212366586,5,987.7164424733172,True,216,88.11491107940674
level,5,roving_ramp,level,0.0,5.601061394285163,0.0,0.0,0.7383268137337949,3.1702252791444576,603.0526149634221,3,1212.1052299268442,True,116,16.105499029159546
level,5,roving_ramp,transient,1.0,0.0,4.442111765371734,0.0,1.0528637981997437,2.11395144376901,627.0556147942062,3,1260.1112295884125,True,148,27.963378429412842
level,5,roving_ramp,leaky,0.0,5.600764855238079,0.0,0.005000000000000002,0.730341223693666,3.1694202014777906,603.0540223332389,4,1214.1080446664778,True,460,91.73977303504944
level,5,roving_ramp,mixed,0.07209191299199673,5.308234397445482,0.9022804104662646,0.0,0.7537026242861511,3.1985757515546385,602.6277034783278,4,1213.2554069566556,True,310,53.08484435081482
level,5,roving_ramp,mixed_leaky,0.0721403966442684,5.305675413036414,0.9024991108020243,0.005001856326288039,0.7450648283225582,3.1989616135694923,602.629105654102,5,1215.258211308204,True,204,74.44122838973999
level,9,roving_ramp50,level,0.0,4.236931600220949,0.0,0.0,1.6458139699454264,1.9739864478892652,547.4931224537529,3,1100.9862449075058,True,84,20.95615530014038
level,9,roving_ramp50,transient,1.0,0.0,1.8775524570746518,0.0,1.4543477435241954,1.6334559694511748,590.4128033383055,3,1186.825606676611,True,120,26.74832010269165
level,9,roving_ramp50,leaky,0.0,4.235410147932623,0.0,0.005999297903039446,1.6392846499868454,1.9739647013730368,547.4935453552312,4,1102.9870907104623,True,75,28.90825390815735
level,9,roving_ramp50,mixed,0.0010782545346391438,4.234482356689295,0.010000000000000004,0.0,1.6458874908897623,1.9742045047399353,547.5091013984367,4,1103.0182027968733,True,210,45.307225942611694
level,9,roving_ramp50,mixed_leaky,0.0010783915351480731,4.233943820899705,0.010000000000000004,0.0059994087187707065,1.6398920654682336,1.973739772337892,547.5095282316884,5,1105.0190564633767,True,90,23.1120285987854
level,8,roving_ramp50,level,0.0,4.17089507253383,0.0,0.0,1.216026883225225,3.9434835864588593,688.3182650102725,3,1382.636530020545,True,72,12.395694732666016
level,8,roving_ramp50,transient,1.0,0.0,1.6057602487614522,0.0,0.5304153577216365,2.586959639041394,811.0904513931838,3,1628.1809027863676,True,56,10.773165941238403
level,8,roving_ramp50,leaky,0.0,4.495131159577304,0.0,0.5414116016589154,-0.28880214894091244,4.582382201967507,687.5312068026697,4,1383.0624136053393,True,275,57.379993200302124
level,8,roving_ramp50,mixed,0.001094938913288804,4.169888828446539,0.010000000000000004,0.0,1.215995686489821,3.945903225812311,688.3222578716337,4,1384.6445157432674,True,355,32.76979684829712
level,8,roving_ramp50,mixed_leaky,0.001017059407908927,4.489540607753524,0.010000000000000004,0.5383886194856905,-0.27658622228941604,4.575749986402124,687.5536710816341,5,1385.1073421632682,True,306,48.950233697891235
level,7,roving_ramp,level,0.0,3.882594328993448,0.0,0.0,1.7771991031412693,1.9381771467736888,243.916449320029,3,493.832898640058,True,216,36.131664514541626
level,7,roving_ramp,transient,1.0,0.0,1.626031310246513,0.0,1.0875098544676176,2.4682322699602244,247.74556489044608,3,501.49112978089215,True,104,19.41106939315796
level,7,roving_ramp,leaky,0.0,3.8849110413057946,0.0,0.005999943665198639,1.7757403238383729,1.9340808382886516,243.9165829381917,4,495.8331658763834,True,25,43.00719499588013
level,7,roving_ramp,mixed,0.00020687111683279996,22.090240403304133,0.010000000000000004,0.0,8.19837826474285,0.9104991556781022,241.97583503922013,4,491.95167007844026,True,430,46.02780270576477
level,7,roving_ramp,mixed_leaky,0.00020689452536375521,22.087740544641445,0.010000000000000004,0.005000000000000002,8.196086341154285,0.9103349561579857,241.9763061530514,5,493.9526123061028,False,414,48.66386318206787
level,10,roving_ramp50,level,0.0,4.164318866854912,0.0,0.0,1.3977767596551147,2.984190008014838,721.0776052309291,3,1448.1552104618581,True,64,15.68453311920166
level,10,roving_ramp50,transient,1.0,0.0,1.7145914426436866,0.0,0.787972760130238,2.114464491102025,834.3944741787269,3,1674.7889483574538,True,60,11.440348148345947
level,10,roving_ramp50,leaky,0.0,4.159375176514958,0.0,0.08906814441446347,1.2539099551818864,2.9914422714324784,721.0706100461134,4,1450.1412200922268,True,315,68.58974003791809
level,10,roving_ramp50,mixed,0.0010972535461133586,4.161082895428872,0.010000000000000004,0.0,1.3975146274414931,2.9840104984936993,721.0945890071174,4,1450.1891780142348,True,265,27.978188514709473
level,10,roving_ramp50,mixed_leaky,0.0010976420674301537,4.159608420917881,0.010000000000000004,0.00599978220426668,1.3876658138532418,2.9846038735618685,721.0935109008971,5,1452.1870218017941,True,96,34.50779962539673
level,10,roving_ramp,level,0.0,3.775764869304252,0.0,0.0,1.2742225461469157,3.106008411371213,678.0381927596511,3,1362.0763855193022,False,192,23.34228205680847
level,10,roving_ramp,transient,1.0,0.0,1.6271562127339503,0.0,0.754729554413551,2.2586900050850525,773.8387972250044,3,1553.6775944500089,True,60,6.588272333145142
level,10,roving_ramp,leaky,0.0,3.77067510459261,0.0,0.15539126719339297,1.0031016833899697,3.1390932590769633,678.0350833246158,4,1364.0701666492316,True,330,69.15087604522705
level,10,roving_ramp,mixed,0.011512003133146435,3.7434251879609204,0.09538026037784555,0.0,1.2698468734815693,3.117375548991724,677.9884946824774,4,1363.9769893649548,True,275,28.880706548690796
level,10,roving_ramp,mixed_leaky,0.011513464837311586,3.742831716272646,0.09537738882714461,0.005999436423507076,1.2596115698428074,3.11835673659893,677.9886033211709,5,1365.9772066423418,True,90,42.92678165435791
level,8,roving_ramp,level,0.0,4.517476096591516,0.0,0.0,1.48889284404241,3.311173138624187,696.5933872822052,3,1399.1867745644104,False,172,22.577403783798218
level,8,roving_ramp,transient,1.0,0.0,1.592027158166718,0.0,0.8368737479969901,2.083874946758635,833.1831723476167,3,1672.3663446952335,True,60,21.684144973754883
level,8,roving_ramp,leaky,0.0,4.514604680668858,0.0,0.09136460378877334,1.3253075963345067,3.322958358231644,696.587597201123,4,1401.175194402246,True,350,72.09156465530396
level,8,roving_ramp,mixed,0.0010117502168548234,4.513123598465372,0.010000000000000004,0.0,1.487824119451005,3.31274945800979,696.6352502176161,4,1401.2705004352322,True,155,40.877577781677246
level,8,roving_ramp,mixed_leaky,0.0010123695619604124,4.510359773864248,0.010000000000000004,0.08655469173868668,1.3331155372173966,3.3232229334854413,696.6303220012426,5,1403.2606440024852,True,504,76.68098330497742
level,11,roving_ramp,level,0.0,3.6427044371982475,0.0,0.0,1.1066902599275898,3.221873576123931,285.64143052206674,3,577.2828610441335,True,76,13.00238561630249
level,11,roving_ramp,transient,1.0,0.0,1.4754697897990678,0.0,0.853187805714347,2.7486521771324366,310.6997604904057,3,627.3995209808114,True,196,25.7495379447937
level,11,roving_ramp,leaky,0.0,3.6440640450520725,0.0,0.005000000000000002,1.0986341594785638,3.221857350126775,285.64359829071174,4,579.2871965814235,True,360,68.51493167877197
level,11,roving_ramp,mixed,0.0012533997433140534,3.642133547088789,0.010000000000000004,0.0,1.1073401192061962,3.221942309902752,285.65096099831175,4,579.3019219966235,True,240,35.53945016860962
level,11,roving_ramp,mixed_leaky,0.0012541969325088529,3.6398156389441834,0.010000000000000004,0.005000000000000002,1.0982932759171318,3.222660231443272,285.65315255619925,5,581.3063051123985,True,132,54.32180070877075
level,12,roving_ramp50,level,0.0,3.000098551084963,0.0,0.0,0.9176566184423173,2.781432970365618,378.1572075468511,3,762.3144150937022,True,124,19.294298887252808
level,12,roving_ramp50,transient,1.0,0.0,2.133292535562124,0.0,0.8380798107678306,2.5876475944279465,389.90899596183453,3,785.8179919236691,True,76,18.304393529891968
level,12,roving_ramp50,leaky,0.0,3.0048006425510745,0.0,0.33233499439460495,0.40747136456349264,2.8053109152533597,378.1392752885871,4,764.2785505771742,True,150,29.940775156021118
level,12,roving_ramp50,mixed,0.0015221487559629423,2.998275196830928,0.010000000000000004,0.0,0.9182511411607559,2.7808213230940524,378.1600971981055,4,764.320194396211,True,285,31.013895273208618
level,12,roving_ramp50,mixed_leaky,0.0014804037526937365,3.0829506205585577,0.010000000000000004,0.7194236044985878,-0.251308804037249,2.8626610151917062,378.12868885829454,5,766.2573777165891,True,486,57.70166540145874
level,11,roving_ramp50,level,0.0,3.976365195397252,0.0,0.0,1.0646135055474548,3.7939369873166346,288.81693831479083,3,583.6338766295817,True,80,13.323929071426392
level,11,roving_ramp50,transient,1.0,0.0,3.053530759570826,0.0,0.792039308811864,3.0742808672447883,332.7906694774161,3,671.5813389548322,True,96,15.497027158737183
level,11,roving_ramp50,leaky,0.0,4.395640078608403,0.0,0.6882682057752038,-1.0025536548268283,4.703304657236443,288.3547026462556,4,584.7094052925112,False,495,80.5645227432251
level,11,roving_ramp50,mixed,0.0425248486139442,3.9292828581929284,0.38180218050277404,0.0,1.0782100026980896,3.8168399875248205,288.740352238277,4,585.480704476554,True,295,36.455063581466675
level,11,roving_ramp50,mixed_leaky,0.0020756216244865004,4.395108701952912,0.02000000119588199,0.6884364794899775,-1.0024448209632733,4.704442045319216,288.3533297479811,5,586.7066594959622,True,114,60.345956802368164
level,7,roving_ramp50,level,0.0,5.629655264310058,0.0,0.0,1.6655581222386235,2.1579095776872146,325.21190840024667,3,656.4238168004933,True,84,16.570740461349487
level,7,roving_ramp50,transient,1.0,0.0,3.3669509951049537,0.0,1.2997307506729494,2.093535331204287,349.16835659130567,3,704.3367131826113,True,144,24.321563720703125
level,7,roving_ramp50,leaky,0.0,6.258938656528145,0.0,2.084188762826329,-3.994471981896305,3.6551841044359126,324.55039377222323,4,657.1007875444465,True,605,124.75712013244629
level,7,roving_ramp50,mixed,0.0008115482893712943,5.627599636242084,0.010000000000000004,0.0,1.6661349091724331,2.1576687288477903,325.21327430213535,4,658.4265486042707,True,360,36.965325355529785
level,7,roving_ramp50,mixed_leaky,0.000729324397281484,6.262569444080758,0.010000000000000004,2.1046089223126367,-4.252641436645308,3.750263025988417,324.5340474414,5,659.0680948828,True,870,87.78170013427734
level,13,roving_ramp50,level,0.0,3.975300392839429,0.0,0.0,0.7910517042763852,2.490173722082154,636.7749700107981,3,1279.5499400215963,True,80,18.059322357177734
level,13,roving_ramp50,transient,1.0,0.0,1.7059064541159423,0.0,0.6940460302827568,2.3976565420426303,644.0623650528249,3,1294.1247301056499,True,120,20.758660554885864
level,13,roving_ramp50,leaky,0.0,3.974791385790921,0.0,0.005000000000000002,0.784507871406706,2.490131223579827,636.7760121486426,4,1281.5520242972852,True,390,49.131672620773315
level,13,roving_ramp50,mixed,0.0011492683571528947,3.9725493059109898,0.010000000000000004,0.0,0.7913542142901068,2.490186215010611,636.7755566818677,4,1281.5511133637353,True,310,31.800616979599
level,13,roving_ramp50,mixed_leaky,0.0012495116087748858,3.9725784443901246,0.010873406361894773,0.005000000000000002,0.7849378509329682,2.490027891898052,636.7766522342724,5,1283.5533044685449,True,540,65.82512617111206
level,9,roving_ramp,level,0.0,4.090386776472754,0.0,0.0,1.07698572981339,2.7745784890867724,449.1965996130602,3,904.3931992261204,True,88,16.885544300079346
level,9,roving_ramp,transient,1.0,0.0,2.5137038006679115,0.0,0.811552517037781,2.562955812967001,480.32182696997955,3,966.6436539399591,True,80,23.03933024406433
level,9,roving_ramp,leaky,0.0,4.757638084108245,0.0,1.527313201749595,-3.182839909058023,3.97408182363106,448.5852450352207,4,905.1704900704414,True,665,132.05716586112976
level,9,roving_ramp,mixed,0.024296449546037636,4.040548589150088,0.2201279095452358,0.0,1.0753808768556128,2.7930866735517466,449.16464058468665,4,906.3292811693733,True,240,27.080260276794434
level,9,roving_ramp,mixed_leaky,0.0019178018734640205,4.75754096341835,0.019999991530676775,1.5274391907667968,-3.182817081141206,3.974448993662823,448.5905749160721,5,907.1811498321442,False,204,103.83809518814087
level,16,roving_ramp,level,0.0,4.503764392336077,0.0,0.0,0.9596018862773144,3.039784574255386,661.7817092675125,3,1329.563418535025,True,88,14.676905155181885
level,16,roving_ramp,transient,1.0,0.0,3.209708563861739,0.0,0.9461728654546846,2.1004472080933017,745.3387751415422,3,1496.6775502830844,True,112,20.459737300872803
level,16,roving_ramp,leaky,0.0,4.742131993814979,0.0,0.8164359284784065,-0.7455033249959531,3.410096759506773,661.7024135304167,4,1331.4048270608334,True,410,51.26215577125549
level,16,roving_ramp,mixed,0.028126218973304903,4.433232848905548,0.2806931902508361,0.0,0.9615311635773507,3.056609279944749,661.6358236175477,4,1331.2716472350953,True,220,28.903668880462646
level,16,roving_ramp,mixed_leaky,0.028131420368670414,4.432502585807111,0.28070035560478873,0.005999144282530681,0.9516980458899915,3.0571745418855505,661.6373431354269,5,1333.2746862708539,True,96,30.102901697158813
level,14,roving_ramp,level,0.0,4.2862790341332895,0.0,0.0,1.0942216444688215,2.661996135107123,490.86418684465633,3,987.7283736893127,True,88,14.90414571762085
level,14,roving_ramp,transient,1.0,0.0,4.051010911122222,0.0,1.202415445804262,2.0512951959043564,527.193147053388,3,1060.386294106776,True,124,20.081685304641724
level,14,roving_ramp,leaky,0.0,4.571057735094582,0.0,1.0831751954037565,-0.6450077846064314,2.7793346205876426,490.694667680247,4,989.389335360494,True,425,60.518067359924316
level,14,roving_ramp,mixed,0.050096159310006,4.1796845259550786,0.4822565528473052,0.0,1.1073459854463488,2.6691735623287216,490.72638839672305,4,989.4527767934461,True,225,26.337374687194824
level,14,roving_ramp,mixed_leaky,0.043436492369084874,4.433552975289505,0.4404561589229489,1.0040143111004505,-0.4818257842546697,2.763733919564863,490.59493962815554,5,991.1898792563111,True,570,74.77700424194336
level,14,roving_ramp50,level,0.0,4.744023334104214,0.0,0.0,1.6413786643594719,1.8901759609517828,608.3844144231596,3,1222.7688288463191,True,112,19.304412364959717
level,14,roving_ramp50,transient,1.0,0.0,4.42270761388022,0.0,1.5169666374396775,1.6503001451117933,644.4970184774327,3,1294.9940369548654,True,84,17.54813575744629
level,14,roving_ramp50,leaky,0.0,5.0040136058401155,0.0,2.0543912848499017,-0.9119367079029346,2.0624562399267323,608.1058486233752,4,1224.2116972467504,True,545,99.63731741905212
level,14,roving_ramp50,mixed,0.05231923668895911,4.627838561679697,0.558968560042666,0.0,1.6517137288253247,1.8971471269977838,608.2492397927307,4,1224.4984795854614,True,235,26.423016786575317
level,14,roving_ramp50,mixed_leaky,0.0018236024069911419,5.003772732717437,0.02000001322368511,2.0545885098919,-0.9118894630110315,2.0628948817057426,608.0988891039759,5,1226.1977782079518,True,78,27.542081832885742
level,16,roving_ramp50,level,0.0,4.819258245783682,0.0,0.0,1.0335586359507893,2.888358649779366,833.2306006044118,3,1672.4612012088237,True,68,11.627967119216919
level,16,roving_ramp50,transient,1.0,0.0,3.0364504395080725,0.0,0.8612311504391703,1.9855380884833298,945.6848269961,3,1897.3696539922,True,136,22.388756275177002
level,16,roving_ramp50,leaky,0.0,4.82053166242773,0.0,0.24878541819062638,0.6347515346323241,2.918530752943333,833.209130811165,4,1674.41826162233,True,255,36.71283006668091
level,16,roving_ramp50,mixed,0.0009477383219475768,4.818256535447465,0.010000000000000004,0.0,1.0339065633139322,2.8885945547983973,833.2353350265569,4,1674.4706700531137,True,360,34.915977478027344
level,16,roving_ramp50,mixed_leaky,0.0009564778907414876,4.820845337079866,0.010097725779396789,0.2668914431449118,0.6046596676096283,2.921840017150911,833.2148801301345,5,1676.429760260269,True,84,24.46312928199768
level,13,roving_ramp,level,0.0,4.237340323826859,0.0,0.0,0.44948393263094927,3.418240469200442,621.7848192301692,3,1249.5696384603384,True,76,14.492249011993408
level,13,roving_ramp,transient,1.0,0.0,2.7662421668651818,0.0,0.4042320124521528,3.2985023877601174,627.8072313156002,3,1261.6144626312005,True,124,28.497591495513916
level,13,roving_ramp,leaky,0.0,4.81454198498679,0.0,1.002229882312567,-2.627833817649109,4.462701630694307,621.2958147823181,4,1250.5916295646362,False,720,122.256520986557
level,13,roving_ramp,mixed,0.13233298393498283,3.821276471759871,1.2750679333497477,0.0,0.5023862841505496,3.363994886601942,621.1109205865808,4,1250.2218411731617,True,200,43.740492820739746
level,13,roving_ramp,mixed_leaky,0.13112854828018952,4.2690971740695645,1.409573128847952,0.9324555157984828,-2.1428769479608025,4.233611821187588,620.6059001149057,5,1251.2118002298114,True,660,70.04745078086853
level,12,roving_ramp,level,0.0,3.024205810024522,0.0,0.0,0.8523295200252757,3.20206441214481,301.9199777394995,3,609.839955478999,True,80,15.026819467544556
level,12,roving_ramp,transient,1.0,0.0,0.010000000000000004,0.0,0.6920560119793373,2.8963171879046934,311.82965325090254,3,629.6593065018051,True,244,34.8559045791626
level,12,roving_ramp,leaky,0.0,3.658214063071531,0.0,1.330619691880997,-2.22834054895649,3.6561898220533275,301.6654583402932,4,611.3309166805864,True,610,122.73982501029968
level,12,roving_ramp,mixed,0.0015096552444929167,3.0231259637655907,0.010000000000000004,0.0,0.8531466206538427,3.2009115412427636,301.93206646077056,4,611.8641329215411,True,275,37.41430139541626
level,12,roving_ramp,mixed_leaky,0.00125223149409617,3.6455356811958066,0.010000000000000004,1.3134824427184806,-2.1891768922976493,3.6592311214324713,301.67620826158685,5,613.3524165231737,True,774,88.32151651382446
level,15,roving_ramp50,level,0.0,2.4064116464881544,0.0,0.0,0.34413103792743593,4.257127182140758,454.35122150402646,3,914.7024430080529,True,80,18.645481824874878
level,15,roving_ramp50,transient,1.0,0.0,1.9354741584542963,0.0,0.1872027347226997,4.861162435971853,459.4062682790264,3,924.8125365580528,True,88,20.825194358825684
level,15,roving_ramp50,leaky,0.0,2.4058304816650153,0.0,0.10265662821518173,0.10752670711439549,4.283835172316235,454.3481288373083,4,916.6962576746166,True,355,72.33609771728516
level,15,roving_ramp50,mixed,0.08014591646120556,2.2690982725231117,0.4325393370895151,0.0,0.348490519888501,4.30471679069732,454.26003096521896,4,916.5200619304379,False,385,35.80381536483765
level,15,roving_ramp50,mixed_leaky,0.08087658258569709,2.2681523852980288,0.43664755873519256,0.10441899064209387,0.10475070531791807,4.334535213677542,454.25190051570206,5,918.5038010314041,True,444,47.1471164226532
level,15,roving_ramp,level,0.0,3.6335646242315467,0.0,0.0,0.6356371652748121,3.4989721132236853,438.7490084723019,3,883.4980169446038,True,124,19.556219339370728
level,15,roving_ramp,transient,1.0,0.0,1.9592501918673477,0.0,0.627843690207113,2.97497917565789,451.8145385725704,3,909.6290771451409,True,120,21.126248121261597
level,15,roving_ramp,leaky,0.0,3.6319316656918477,0.0,0.005000000000000002,0.6266589182782938,3.4981590086949255,438.75179167967036,4,885.5035833593407,True,420,78.73364210128784
level,15,roving_ramp,mixed,0.0012576020110525979,3.6299481117890946,0.010000000000000004,0.0,0.6357607607670621,3.499430348653053,438.75131649545125,4,885.5026329909025,True,280,30.117201805114746
level,15,roving_ramp,mixed_leaky,0.0012574986709183921,3.6302467933531855,0.010000000000000004,0.005000000000000002,0.6271903626459775,3.497996691513922,438.7540953872485,5,887.508190774497,True,138,73.74147605895996
level,18,roving_ramp,level,0.0,3.7364903931949285,0.0,0.0,1.0360059947462144,3.5169282145921112,393.6894367461218,3,793.3788734922437,True,120,22.631582498550415
level,18,roving_ramp,transient,1.0,0.0,1.8420998217197377,0.0,0.8574036169867039,2.531334923261242,448.1297342190851,3,902.2594684381702,True,84,23.622345685958862
level,18,roving_ramp,leaky,0.0,3.7366141041676206,0.0,0.005000000000000002,1.026804658615652,3.517815842636816,393.69489539182797,4,795.3897907836559,True,280,65.80782270431519
level,18,roving_ramp,mixed,0.0012224935223865492,3.7343269595468405,0.010000000000000004,0.0,1.0360072863382301,3.518317192822142,393.702797845698,4,795.405595691396,True,235,24.079967975616455
level,18,roving_ramp,mixed_leaky,0.001222782945303113,3.733441992437863,0.010000000000000004,0.005000000000000002,1.0269361664745857,3.5176243916175247,393.7083111456284,5,797.4166222912568,True,294,40.01032042503357
level,17,roving_ramp50,level,0.0,2.8453270796763688,0.0,0.0,0.9433348957920173,3.700575273922884,405.9558410634992,3,817.9116821269984,True,124,18.60929274559021
level,17,roving_ramp50,transient,1.0,0.0,2.1261390756267606,0.0,0.49100759472042843,3.5652997602342933,453.26044111965007,3,912.5208822393001,True,184,23.84172010421753
level,17,roving_ramp50,leaky,0.0,3.1409928109783025,0.0,0.6900463557686172,-1.0863462224061546,4.57939115640151,405.2639929359316,4,818.5279858718632,True,350,73.4163224697113
level,17,roving_ramp50,mixed,0.061279963848192655,2.7398638260918027,0.3913102623870158,0.0,0.9185132508181082,3.827333039298763,405.64391663369526,4,819.2878332673905,True,320,46.035529375076294
level,17,roving_ramp50,mixed_leaky,0.0029024805960633864,3.1404239839303245,0.019999991961700755,0.6902991714523202,-1.0861778846301138,4.580459756290936,405.2634282015213,5,820.5268564030426,True,132,62.5107319355011
level,18,roving_ramp50,level,0.0,3.160432379057914,0.0,0.0,0.7991469195761564,3.4439938239592593,555.6075292253714,3,1117.2150584507428,True,112,16.490946054458618
level,18,roving_ramp50,transient,1.0,0.0,2.638550604112205,0.0,0.6811921520875215,2.6822022344362026,600.4099675706505,3,1206.819935141301,True,104,18.950533390045166
level,18,roving_ramp50,leaky,0.0,3.3428217327482677,0.0,0.6135212937826713,-0.6669607590088418,3.8987052050230604,555.2256957872409,4,1118.4513915744817,True,380,69.45988440513611
level,18,roving_ramp50,mixed,0.0930817041208364,3.0459758399721326,0.6839627708689129,0.0,0.8335474657254962,3.425810751188082,554.8193770833817,4,1117.6387541667634,True,220,41.34060597419739
level,18,roving_ramp50,mixed_leaky,0.08663620487082277,3.1664204713070516,0.6571039200935014,0.5223695967728441,-0.33639332662040294,3.7445589431448814,554.5385981889037,5,1119.0771963778075,True,438,57.260197162628174
level,19,roving_ramp50,level,0.0,3.757261034807131,0.0,0.0,1.6197734668103014,2.7792476456596193,425.91073798016413,3,857.8214759603283,True,120,17.486372709274292
level,19,roving_ramp50,transient,1.0,0.0,2.270861605107441,0.0,0.8100572153641629,2.6393361822716335,482.245089202848,3,970.490178405696,True,68,15.466508626937866
level,19,roving_ramp50,leaky,0.0,3.7657400207937264,0.0,0.37013451863779645,1.0345249076297358,2.830694253955206,425.8909363282161,4,859.7818726564323,True,155,29.757694005966187
level,19,roving_ramp50,mixed,0.08133991801270622,3.520866744727149,0.6820376033043305,0.0,1.5485129126093091,2.9261438219336147,424.7237725067981,4,857.4475450135963,True,270,41.50977158546448
level,19,roving_ramp50,mixed_leaky,0.08060389351207907,3.5482009840554998,0.6805678336636297,0.3640345624074145,0.9489379188212416,2.9806081678800505,424.7035875064824,5,859.4071750129648,True,540,83.43055653572083
level,20,roving_ramp,level,0.0,5.101608053297615,0.0,0.0,1.378659630101559,4.002445269835761,540.3341557720001,3,1086.6683115440003,True,64,12.374502420425415
level,20,roving_ramp,transient,1.0,0.0,2.134533124357842,0.0,0.8735542291296109,2.222653288841576,679.3322457808055,3,1364.664491561611,True,108,15.546515226364136
level,20,roving_ramp,leaky,0.0,5.330035476067755,0.0,0.480270067640302,0.11238054238098878,4.439147332243564,539.7385656330641,4,1087.4771312661283,True,270,48.415088176727295
level,20,roving_ramp,mixed,0.0008951605888644046,5.101527861688834,0.010000000000000004,0.0,1.3790933508918828,4.00391566010896,540.3642443054645,4,1088.728488610929,True,285,28.839839220046997
level,20,roving_ramp,mixed_leaky,0.0008576102451132569,5.325097671226529,0.010000000000000004,0.477788330622366,0.12080748351776746,4.435706698129674,539.7745054040274,5,1089.5490108080548,True,330,58.19116544723511
level,21,roving_ramp50,level,0.0,4.925520844681183,0.0,0.0,1.0541340399768606,3.563767378894453,470.62347615568734,3,947.2469523113747,True,136,18.405741930007935
level,21,roving_ramp50,transient,1.0,0.0,2.792849156198606,0.0,0.7797937050039142,2.531819790711794,559.4375336687856,3,1124.8750673375712,True,88,21.104979515075684
level,21,roving_ramp50,leaky,0.0,4.984468051676596,0.0,0.3337259872026433,0.35426309339595197,3.700052967895034,470.55081221223526,4,949.1016244244705,True,225,37.37756705284119
level,21,roving_ramp50,mixed,0.0009277006618011376,4.922426100735386,0.010000000000000004,0.0,1.0541923760030345,3.564004921030014,470.6387433183051,4,949.2774866366102,True,230,24.033924102783203
level,21,roving_ramp50,mixed_leaky,0.0009167585061361039,4.981233263636319,0.010000000000000004,0.33005390158296083,0.3630574479509296,3.6982759615140854,470.5683770975808,5,951.1367541951616,True,300,46.29650378227234
level,19,roving_ramp,level,0.0,3.7436332651201845,0.0,0.0,1.6646550386729293,2.8208230455146452,486.979797739136,3,979.959595478272,True,120,22.44534134864807
level,19,roving_ramp,transient,1.0,0.0,1.675198847104417,0.0,1.1453395885042879,1.9608064656697888,580.2229017984845,3,1166.445803596969,True,76,8.32768988609314
level,19,roving_ramp,leaky,0.0,3.743323114513033,0.0,0.005000000000000002,1.657046147131961,2.8211055148845614,486.9824974127945,4,981.964994825589,True,260,92.99769592285156
level,19,roving_ramp,mixed,0.0012203269861594875,3.7409648996154625,0.010000000000000004,0.0,1.663911400882847,2.8230396063141545,486.9995705093481,4,981.9991410186962,True,200,54.7903892993927
level,19,roving_ramp,mixed_leaky,0.0012206184639180502,3.740070483894025,0.010000000000000004,0.005000000000000002,1.6566109760073626,2.821956095179246,487.0022981532462,5,984.0045963064924,True,366,56.21355152130127
level,22,roving_ramp,level,0.0,3.855965174425294,0.0,0.0,1.0189364830841552,3.9057046964174744,459.74630443267466,3,925.4926088653493,True,72,13.444236993789673
level,22,roving_ramp,transient,1.0,0.0,2.198894717092911,0.0,0.8421708515086301,2.445065603921782,535.9620239351168,3,1077.9240478702336,True,72,13.024847984313965
level,22,roving_ramp,leaky,0.0,3.9667256176091414,0.0,0.3937248046825061,0.1122546377971454,4.070142025440141,459.58933072439606,4,927.1786614487921,True,200,44.60498237609863
level,22,roving_ramp,mixed,0.04521348809998789,3.795224859772636,0.3931960047493142,0.0,1.0179407254961983,3.9915030567955156,459.42682099582316,4,926.8536419916463,False,305,48.76618933677673
level,22,roving_ramp,mixed_leaky,0.03715607695848794,3.8379669828581466,0.3240298656359751,0.2332983469241132,0.5064269830390856,4.028446858748707,459.4127510996824,5,928.8255021993648,True,174,33.12806272506714
level,17,roving_ramp,level,0.0,2.765243922715249,0.0,0.0,1.0084075346180759,3.2642708446032977,423.55462754734407,3,853.1092550946881,True,76,14.297343254089355
level,17,roving_ramp,transient,1.0,0.0,2.0151788618968003,0.0,0.649882633704962,3.0631792060519056,457.407698589233,3,920.815397178466,True,156,21.341473817825317
level,17,roving_ramp,leaky,0.0,3.2546164428380027,0.0,1.0787357670516071,-2.973523604607932,5.1201932127323975,422.3106977502677,4,852.6213955005354,True,490,167.1438980102539
level,17,roving_ramp,mixed,0.1282621608820152,2.577514888989456,0.8297049552382608,0.0,0.9811307140943049,3.4497345268049444,422.1070073428651,4,852.2140146857301,True,165,36.66973900794983
level,17,roving_ramp,mixed_leaky,0.09557825477677778,2.8833277622823643,0.666640908374242,0.7830333785495174,-1.1889573227791848,4.273856745857524,421.72440357291913,5,853.4488071458383,True,588,68.34811067581177
level,23,roving_ramp,level,0.0,7.774195808393519,0.0,0.0,1.2056883896109358,3.6071746508942555,585.7525584439811,3,1177.5051168879622,True,200,25.625197887420654
level,23,roving_ramp,transient,1.0,0.0,4.10922910842028,0.0,1.2138958912972684,1.8324569894259226,746.9673266002959,3,1499.9346532005918,True,128,20.367275953292847
level,23,roving_ramp,leaky,0.0,8.067941238479273,0.0,0.5461401478603063,-0.07030921382413712,3.943262140443151,585.3284350260581,4,1178.6568700521161,True,275,52.22321343421936
level,23,roving_ramp,mixed,0.0005878212494162679,7.771225469114448,0.010000000000000004,0.0,1.2061363018787437,3.6064199742431025,585.7578522231654,4,1179.5157044463308,True,350,34.71288275718689
level,23,roving_ramp,mixed_leaky,0.0005665370298179817,8.063354220052286,0.010000000000000004,0.545526081959266,-0.0668874157066861,3.9404985569849456,585.3390313249919,5,1180.6780626499838,True,318,41.76614165306091
level,20,roving_ramp50,level,0.0,3.518176329931819,0.0,0.0,0.9994788022327002,3.3787522198589786,770.5352851273065,3,1547.070570254613,True,100,14.72188925743103
level,20,roving_ramp50,transient,1.0,0.0,2.094571183152824,0.0,0.6171119021213161,2.4127255688393228,861.6491894636748,3,1729.2983789273496,True,84,13.905670642852783
level,20,roving_ramp50,leaky,0.0,3.517353601332724,0.0,0.005000000000000002,0.9908296882163536,3.377789705030024,770.5388417005623,4,1549.0776834011247,True,360,69.95518064498901
level,20,roving_ramp50,mixed,0.05859747531928301,3.429978595333029,0.46709455252311416,0.0,1.0035002839184108,3.4151404710037228,769.8023975698313,4,1547.6047951396627,True,260,45.683037757873535
level,20,roving_ramp50,mixed_leaky,0.05846813309543583,3.4297070837919468,0.46596262169658154,0.005000000000000002,0.994460689243858,3.4153816628049087,769.8083475780696,5,1549.6166951561393,True,438,64.8724422454834
level,21,roving_ramp,level,0.0,5.473969436298105,0.0,0.0,1.2861593485768896,3.3286953893816675,492.26993982423835,3,990.5398796484767,True,124,17.816405057907104
level,21,roving_ramp,transient,1.0,0.0,3.693611584197649,0.0,0.9215670227551475,2.3906909249572283,584.2057970269818,3,1174.4115940539637,True,120,19.79866933822632
level,21,roving_ramp,leaky,0.0,6.074904507766278,0.0,0.9546954982455712,-1.4699319353527271,4.363141884517372,491.5853025896974,4,991.1706051793948,True,390,86.12916922569275
level,21,roving_ramp,mixed,0.05389475136653662,5.340174844724764,0.665537213436963,0.0,1.2924172129732505,3.386969842176834,491.7298603155265,4,991.459720631053,True,230,23.78569269180298
level,21,roving_ramp,mixed_leaky,0.03501607897155378,5.846688526408564,0.46415949669926665,0.8456723188964463,-0.9479554121728097,4.139877367850397,491.41584112154084,5,992.8316822430817,True,606,72.93046379089355
level,23,roving_ramp50,level,0.0,7.346595885946058,0.0,0.0,1.1427178161958722,3.3536429369584764,856.107386779882,3,1718.214773559764,True,80,22.318363904953003
level,23,roving_ramp50,transient,1.0,0.0,4.76864486311958,0.0,0.9963930885646203,1.8810422702508822,1032.171927758748,3,2070.343855517496,True,72,12.529850959777832
level,23,roving_ramp50,leaky,0.0,7.346397491462339,0.0,0.005000000000000002,1.1341384730399955,3.353754846696308,856.1098420465167,4,1720.2196840930335,True,365,79.69942617416382
level,23,roving_ramp50,mixed,0.0006219108953875136,7.345000196034852,0.010000000000000004,0.0,1.142954091827599,3.353892504593244,856.1099421151698,4,1720.2198842303396,True,290,28.300904750823975
level,23,roving_ramp50,mixed_leaky,0.0006217588273161449,7.346797733977778,0.010000000000000004,0.005000000000000002,1.1345201326362162,3.354567934669947,856.1123799878212,5,1722.2247599756424,True,516,68.46043539047241
level,24,roving_ramp,level,0.0,5.307958858632412,0.0,0.0,0.6080551363600556,3.226910222771975,572.8241381162295,3,1151.648276232459,True,72,14.459371089935303
level,24,roving_ramp,transient,1.0,0.0,2.88826043225905,0.0,0.5899825501637199,2.8705631302863983,581.6997639303835,3,1169.399527860767,True,96,18.509958505630493
level,24,roving_ramp,leaky,0.0,5.309594606766746,0.0,0.005000000000000002,0.5998485191834335,3.2266725973262615,572.8266853620154,4,1153.6533707240308,True,375,74.72143030166626
level,24,roving_ramp,mixed,0.04905797571252631,5.041564133398681,0.5690241860111563,0.0,0.6236752502131038,3.218283835248109,572.6977050353039,4,1153.3954100706078,True,260,29.292455911636353
level,24,roving_ramp,mixed_leaky,0.0490463614706764,5.040006938979382,0.5687068127750718,0.005000000000000002,0.6154520566546171,3.217567879220023,572.7002395046777,5,1155.4004790093554,True,480,54.9183394908905
level,25,roving_ramp,level,0.0,4.890317485853561,0.0,0.0,1.134779852832771,3.3307987899517526,357.051288994783,3,720.102577989566,True,76,13.497945070266724
level,25,roving_ramp,transient,1.0,0.0,2.7927288062389577,0.0,0.8032894931440909,2.7832008788061913,417.1084859943596,3,840.2169719887193,True,68,13.638567447662354
level,25,roving_ramp,leaky,0.0,4.937553307468874,0.0,0.3750994883893543,0.4100019996239343,3.4312938038460548,357.0282227092443,4,722.0564454184886,True,265,47.0901255607605
level,25,roving_ramp,mixed,0.0009342248457823847,4.88801828739286,0.010000000000000004,0.0,1.1349243754334437,3.331398763429878,357.0537290105916,4,722.1074580211832,True,305,39.89052987098694
level,25,roving_ramp,mixed_leaky,0.0009261051432622418,4.930914461823455,0.010000000000000004,0.3660393604582756,0.4294105623070034,3.427754070064017,357.0328073842204,5,724.0656147684408,True,264,42.639397382736206
level,27,roving_ramp50,level,0.0,4.409331937086708,0.0,0.0,1.1646385567061344,2.4172198422465296,636.5367060022164,3,1279.0734120044328,True,64,12.271981239318848
level,27,roving_ramp50,transient,1.0,0.0,3.287505627772978,0.0,1.0725864700079508,1.962952031144503,691.259842835838,3,1388.519685671676,True,84,16.11903166770935
level,27,roving_ramp50,leaky,0.0,4.408395493028184,0.0,0.005999433076142264,1.1565391506366474,2.4177479655871927,636.5372717952079,4,1281.0745435904157,True,75,31.846978664398193
level,27,roving_ramp50,mixed,0.0010360583432652169,4.40712890549567,0.010000000000000004,0.0,1.16462510596126,2.417709578634501,636.5408948614281,4,1281.0817897228562,True,245,27.014702081680298
level,27,roving_ramp50,mixed_leaky,0.001036209878393781,4.406483739402676,0.010000000000000004,0.005999452377326232,1.1568100037136517,2.417911467263929,636.5414614492817,5,1283.0829228985633,True,90,25.391268491744995
level,25,roving_ramp50,level,0.0,4.278144379617973,0.0,0.0,0.8369833017415682,3.804683879171421,519.9839936046196,3,1045.9679872092393,True,116,14.6794753074646
level,25,roving_ramp50,transient,1.0,0.0,2.9692739766767495,0.0,0.6867397535590235,2.7069382184886357,592.5673690512491,3,1191.1347381024982,True,60,16.72115969657898
level,25,roving_ramp50,leaky,0.0,4.287816778907708,0.0,0.17804688321741607,0.46943066256586574,3.832711056524663,519.9193088446372,4,1047.8386176892743,True,255,42.94160032272339
level,25,roving_ramp50,mixed,0.001067670876773882,4.276503441116165,0.010000000000000004,0.0,0.8372786893143892,3.8051399134347395,519.984676117396,4,1047.969352234792,True,285,35.13165831565857
level,25,roving_ramp50,mixed_leaky,0.0010653920533127434,4.285660457389814,0.010000000000000004,0.17592355216506686,0.4743619918143301,3.832327922450244,519.9215346540536,5,1049.8430693081073,True,240,67.71018528938293
level,24,roving_ramp50,level,0.0,5.754494171133863,0.0,0.0,0.714351294208496,3.0981132948656938,501.9375707930614,3,1009.8751415861228,True,104,16.316917181015015
level,24,roving_ramp50,transient,1.0,0.0,2.9003953544843286,0.0,0.4989672777358559,3.220915387626235,515.8441029883647,3,1037.6882059767295,True,112,20.65313148498535
level,24,roving_ramp50,leaky,0.0,6.265915563153596,0.0,0.9318119200922769,-1.4979226249277164,3.6993901831677456,501.5693717648927,4,1011.1387435297854,True,485,105.31251835823059
level,24,roving_ramp50,mixed,0.01557892442455311,5.692183993954134,0.19708126612527602,0.0,0.7211428875430257,3.0952066861001977,501.92578013934775,4,1011.8515602786955,True,295,30.12663197517395
level,24,roving_ramp50,mixed_leaky,0.0014568487023582878,6.265742702918285,0.02000000100817795,0.9319453815083263,-1.4978617976076078,3.6999943291822532,501.5682295819938,5,1013.1364591639876,True,84,69.40440893173218
level,28,roving_ramp,level,0.0,5.071799702433796,0.0,0.0,1.1353062480672922,3.7292202912152623,394.6378971195647,3,795.2757942391294,True,112,21.47113609313965
level,28,roving_ramp,transient,1.0,0.0,1.3497845939338156,0.0,0.749751818878896,2.6037287547175203,464.49664146111445,3,934.9932829222289,True,144,20.768964529037476
level,28,roving_ramp,leaky,0.0,5.071103331074089,0.0,0.10515725008859597,0.9230739566190318,3.7496509498693777,394.63762868883117,4,797.2752573776623,True,390,56.154276847839355
level,28,roving_ramp,mixed,0.0009009453338111762,5.068742877742868,0.010000000000000004,0.0,1.1350101206404237,3.7309143805872265,394.66277723801284,4,797.3255544760257,True,295,39.86069130897522
level,28,roving_ramp,mixed_leaky,0.0009011175376331614,5.067773366036338,0.010000000000000004,0.005999332915039434,1.1230913001997949,3.7316515311401433,394.66260040709875,5,799.3252008141975,True,84,35.05033850669861
level,22,roving_ramp50,level,0.0,3.438655621400746,0.0,0.0,0.9789394064700038,3.594357437207156,368.3663057008243,3,742.7326114016486,True,88,18.1645667552948
level,22,roving_ramp50,transient,1.0,0.0,2.8525537511499173,0.0,0.7490859446086328,2.941960730547782,418.73378783242924,3,843.4675756648585,True,104,19.325443506240845
level,22,roving_ramp50,leaky,0.0,3.9884836072405814,0.0,0.9589056624598014,-2.595169266706016,5.286322075024709,367.0275743676593,4,742.0551487353187,True,415,138.12022304534912
level,22,roving_ramp50,mixed,0.081172330134428,3.294373419580937,0.6367319162150893,0.0,0.9590599629448653,3.743626974422135,367.8582065357592,4,743.7164130715184,True,300,44.51102256774902
level,22,roving_ramp50,mixed_leaky,0.0022869594861653843,3.9881130474279747,0.020000006149691597,0.9591150228450116,-2.595090834634779,5.287050955755097,367.02359608337366,5,744.0471921667473,True,84,142.74583387374878
level,28,roving_ramp50,level,0.0,6.121473912958187,0.0,0.0,1.5339206768995033,3.518913390091274,443.90152126397106,3,893.8030425279421,True,84,14.259263038635254
level,28,roving_ramp50,transient,1.0,0.0,2.9441744506970524,0.0,1.1440756653311699,2.020418826908098,563.3855971838357,3,1132.7711943676713,True,72,14.590749979019165
level,28,roving_ramp50,leaky,0.0,6.122366738729329,0.0,0.005000000000000002,1.5252930949210912,3.518742526108644,443.9069617711549,4,895.8139235423098,True,325,72.00581741333008
level,28,roving_ramp50,mixed,0.0007457395695159425,6.124617549917371,0.010000000000000004,0.0,1.5356334471817665,3.5192644081788127,443.92760068884945,4,895.8552013776989,True,360,43.707093477249146
level,28,roving_ramp50,mixed_leaky,0.0007463672328089797,6.119463161620829,0.010000000000000004,0.005000000000000002,1.5251343210488189,3.5192920024114147,443.93311540166894,5,897.8662308033379,True,498,58.532705307006836
leaky,1,roving_ramp,level,0.0,4.354386092956825,0.0,0.0,1.459614357123659,2.7310595934486224,441.21415533112736,3,888.4283106622547,True,104,21.3018958568573
leaky,1,roving_ramp,transient,1.0,0.0,2.609198097145497,0.0,1.4678863053371187,1.774521256875184,496.5449180074226,3,999.0898360148452,True,92,24.16642665863037
leaky,1,roving_ramp,leaky,0.0,4.34274573617469,0.0,0.37538074492032447,0.8496588014052924,2.8145944772041345,441.15840610511475,4,890.3168122102295,True,95,26.667349576950073
leaky,1,roving_ramp,mixed,0.010154444132880852,4.317561030735916,0.09690296121200023,0.0,1.4495219869325218,2.7523647357349983,441.1996279710628,4,890.3992559421256,True,310,33.05843710899353
leaky,1,roving_ramp,mixed_leaky,0.010769737647901715,4.29831214232549,0.1023800947825312,0.2688586713580613,1.0153379677250636,2.812133010403,441.14497309470374,5,892.2899461894075,True,150,23.40288233757019
level,27,roving_ramp,level,0.0,5.880177170514332,0.0,0.0,1.7456270182898257,1.9531616816064883,563.5201283860997,3,1133.0402567721994,True,72,16.05896258354187
level,27,roving_ramp,transient,1.0,0.0,3.667466077670318,0.0,1.7380630716134096,1.5040524149811758,620.1594367364673,3,1246.3188734729347,True,152,32.61393713951111
level,27,roving_ramp,leaky,0.0,6.074173294719703,0.0,1.709522152564369,-0.4346073350628123,2.1208008883434926,563.3263568620961,4,1134.6527137241922,True,415,93.6672842502594
level,27,roving_ramp,mixed,0.000776974785726944,5.8782176330273845,0.010000000000000004,0.0,1.746174361366962,1.9529351990404014,563.5316371569305,4,1135.063274313861,True,275,32.726365089416504
level,27,roving_ramp,mixed_leaky,0.0007520636986872374,6.073076997208497,0.010000000000000004,1.7129816673099016,-0.4392391072865133,2.1211177699303807,563.3371931592101,5,1136.6743863184201,True,786,92.97376489639282
level,26,roving_ramp,level,0.0,2.6684509403950516,0.0,0.0,0.8399090234892538,2.962557153945451,386.5864151917071,3,779.1728303834142,True,84,16.425227642059326
level,26,roving_ramp,transient,1.0,0.0,3.3332940365148414,0.0,0.5643726807242161,3.640130400886611,388.82030286379694,3,783.6406057275939,True,176,26.668728590011597
level,26,roving_ramp,leaky,0.0,2.9571634362506036,0.0,0.8999628361942851,-3.6843953132364247,6.312292970498671,385.87046735663705,4,779.7409347132741,True,705,137.64888787269592
level,26,roving_ramp,mixed,0.34325361987137026,1.8911741487327645,2.162513400208022,0.0,0.6859722230470021,3.632470247527674,383.29114044476285,4,774.5822808895257,True,290,46.12124037742615
level,26,roving_ramp,mixed_leaky,0.3121496403350068,2.1078910024660953,2.092795855790877,0.6126238388532487,-1.2520612317212971,4.725425076398682,383.13822193861824,5,776.2764438772365,True,564,66.22682547569275
level,29,roving_ramp,level,0.0,3.687998044768266,0.0,0.0,1.2113073698998866,2.67772694900188,418.1719862358902,3,842.3439724717804,True,64,13.55104947090149
level,29,roving_ramp,transient,1.0,0.0,2.7671328276874636,0.0,0.9549724944734221,2.4658597546389713,445.03280104412585,3,896.0656020882517,True,84,19.313801050186157
level,29,roving_ramp,leaky,0.0,3.687766508917477,0.0,0.005000000000000002,1.2036200412236622,2.6789515623504623,418.17263974698193,4,844.3452794939639,True,400,79.03715085983276
level,29,roving_ramp,mixed,0.05447553691678713,3.537902512411594,0.4459482437059293,0.0,1.2017255400359472,2.7182223921371906,417.9771551469281,4,843.9543102938562,True,180,39.520275354385376
level,29,roving_ramp,mixed_leaky,0.05426434420105102,3.537975812033812,0.4441293781521454,0.005000000000000002,1.1947929352623956,2.717313647276114,417.9778219788554,5,845.9556439577108,True,546,80.1872673034668
leaky,0,roving_ramp,level,0.0,0.010000000000000004,0.0,0.0,0.6599249112514971,2.4838674518038983,541.9107016713724,3,1089.8214033427448,True,128,26.74516463279724
leaky,0,roving_ramp,transient,1.0,0.0,0.010000000000000004,0.0,0.660274294118313,2.4828831027686644,541.9254064933166,3,1089.8508129866332,True,184,27.17306637763977
leaky,0,roving_ramp,leaky,0.0,0.010000000000000004,0.0,1.5284282063791887,-2.0833506826835437,2.8339388941568084,541.7999756778815,4,1091.599951355763,True,760,92.90067839622498
leaky,0,roving_ramp,mixed,0.31369486118757484,0.010000000000000004,0.010000000000000004,0.0,0.6611408449771223,2.4825155414578535,541.9295818402966,4,1091.8591636805932,False,240,26.771615266799927
leaky,0,roving_ramp,mixed_leaky,0.46934317446415785,0.010000000000000004,0.019350250792572438,1.5507068256072465,-2.0956840352342145,2.8144721069413894,541.8337065359931,5,1093.6674130719862,True,108,35.54715585708618
leaky,1,roving_ramp50,level,0.0,4.903242521484287,0.0,0.0,1.8106033800099408,2.3471151214216706,503.03036832984134,3,1012.0607366596827,True,140,24.32391119003296
leaky,1,roving_ramp50,transient,1.0,0.0,2.7175142409434683,0.0,1.1675300728692362,1.9742510753429525,583.0125342821435,3,1172.025068564287,True,100,17.286417722702026
leaky,1,roving_ramp50,leaky,0.0,5.307155882115854,0.0,1.5534886299582313,-0.7835973880966602,2.7129770830557636,502.72106803149256,4,1013.4421360629851,True,455,70.58285760879517
leaky,1,roving_ramp50,mixed,0.0009307226888090051,4.9064282983662695,0.010000000000000004,0.0,1.8122781388680014,2.346560375153537,503.0343369077783,4,1014.0686738155566,True,310,34.20752549171448
leaky,1,roving_ramp50,mixed_leaky,0.0017241748639985725,5.287318485732864,0.019979107008748543,1.5363710359623857,-0.7875208720860785,2.7313670869654727,502.7330580272787,5,1015.4661160545573,True,252,44.04365515708923
level,26,roving_ramp50,level,0.0,3.903676860698738,0.0,0.0,0.9665783403609434,2.8671889814089284,477.3562989689922,3,960.7125979379844,True,84,14.803933382034302
level,26,roving_ramp50,transient,1.0,0.0,4.366240382368683,0.0,0.8703930533270379,2.6111990069297026,504.09506654644383,3,1014.1901330928877,False,188,26.97117304801941
level,26,roving_ramp50,leaky,0.0,4.605990072249009,0.0,1.4240544111589695,-3.6653568498602414,4.480308925494467,475.8102644705214,4,959.6205289410428,True,510,168.19305562973022
level,26,roving_ramp50,mixed,0.19192172183304454,3.497384007021614,1.8172884430075422,0.0,0.9901043478811126,2.970859358509492,474.9704379858722,4,957.9408759717444,True,210,36.152299642562866
level,26,roving_ramp50,mixed_leaky,0.17046006453120746,4.062752151980926,1.8264825417574997,1.2460066943093742,-2.5810367727039423,4.139712195619243,473.80750162848005,5,957.6150032569601,True,756,88.63566374778748
level,29,roving_ramp50,level,0.0,4.747805645639721,0.0,0.0,1.7576675818022531,1.9858374538859964,394.63383329879434,3,795.2676665975887,True,120,18.269381523132324
level,29,roving_ramp50,transient,1.0,0.0,4.273914631011305,0.0,1.394953457444076,1.9684582780545172,422.6347023435125,3,851.269404687025,False,208,29.915252447128296
level,29,roving_ramp50,leaky,0.0,5.236032092085684,0.0,2.3984963718018375,-1.617039715116979,2.2713412199295178,394.3402638089041,4,796.6805276178083,True,555,109.89449334144592
level,29,roving_ramp50,mixed,0.024059163343917347,4.6672915572604845,0.25172816368115347,0.0,1.7518397678663236,1.9973280173133303,394.6090124649149,4,797.2180249298298,True,275,29.97218418121338
level,29,roving_ramp50,mixed_leaky,0.001742923674533537,5.235814071687697,0.020000001765616365,2.3986995564614872,-1.6170025332615399,2.2718100629682985,394.338773044289,5,798.677546088578,True,108,95.23238945007324
leaky,2,roving_ramp,level,0.0,3.142169697575498,0.0,0.0,1.2578784768455906,3.0444874732617846,438.39288360153097,3,882.7857672030619,True,104,17.14371371269226
leaky,2,roving_ramp,transient,1.0,0.0,2.370636943285843,0.0,0.8043987022124135,2.6848719715079947,486.3050569700096,3,978.6101139400192,True,96,15.888213396072388
leaky,2,roving_ramp,leaky,0.0,3.14171788387122,0.0,0.0059994392246215476,1.2480514178510045,3.045045496460925,438.39307733628345,4,884.7861546725669,True,75,34.31667351722717
leaky,2,roving_ramp,mixed,0.10779398292381004,2.8964346908507506,0.7656018217347798,0.0,1.1974457477098372,3.2188521081842976,436.7250457467141,4,881.4500914934282,True,185,41.806424379348755
leaky,2,roving_ramp,mixed_leaky,0.10664170276124148,2.9000050174284433,0.7573733009718917,0.005373340037097154,1.189911459419855,3.2165696857129884,436.72726215479673,5,883.4545243095935,True,528,84.7424430847168
leaky,0,roving_ramp50,level,0.0,2.511033610004793,0.0,0.0,1.0904294087250508,2.0953003394509073,518.1750843711314,3,1042.350168742263,True,176,27.01946473121643
leaky,0,roving_ramp50,transient,1.0,0.0,2.392300145709515,0.0,0.947996471235069,2.2166636354934206,520.332398277236,3,1046.664796554472,True,116,18.675788164138794
leaky,0,roving_ramp50,leaky,0.0,2.898796720141961,0.0,2.3524238463959795,-3.010252377536597,2.6264486538565337,517.8543512602822,4,1043.7087025205644,True,700,133.57617449760437
leaky,0,roving_ramp50,mixed,0.21861708612290154,2.157520191305347,1.3206413956072987,0.0,1.106365322356819,2.1264337944029292,517.7047728399774,4,1043.4095456799548,True,225,23.49235224723816
leaky,0,roving_ramp50,mixed_leaky,0.21538754528316906,2.1557368111875506,1.294705441241153,0.29715193104042215,0.7581405787398808,2.134831325124073,517.7037069031005,5,1045.407413806201,True,264,35.767197370529175
leaky,2,roving_ramp50,level,0.0,2.7906094049599317,0.0,0.0,1.2711557064994476,2.7403341484847052,392.3179672240924,3,790.6359344481848,True,128,19.155807495117188
leaky,2,roving_ramp50,transient,1.0,0.0,2.0807198542876706,0.0,0.9035800280152503,2.5235848393630578,427.6552366009601,3,861.3104732019202,True,116,11.774646043777466
leaky,2,roving_ramp50,leaky,0.0,3.0552267445606396,0.0,1.2504274173849257,-1.7006982438120894,3.568746569745908,392.0284345966543,4,792.0568691933086,True,520,97.31889653205872
leaky,2,roving_ramp50,mixed,0.06939778568792582,2.637420617957639,0.4302994343674855,0.0,1.2266720992074862,2.8337268151705963,391.8927408096227,4,791.7854816192454,True,235,42.21756982803345
leaky,2,roving_ramp50,mixed_leaky,0.06938379821508608,2.637128097619436,0.43015852428151125,0.0059993232379056466,1.2176208944510836,2.8339599116806706,391.8931981301632,5,793.7863962603265,True,84,36.6582088470459
leaky,6,roving_ramp50,level,0.0,5.3512530363728805,0.0,0.0,1.1386937102039925,3.629818071880424,568.6462486317967,3,1143.2924972635933,True,68,12.023469924926758
leaky,6,roving_ramp50,transient,1.0,0.0,3.4552753342930727,0.0,0.860253226235132,2.2978107948884725,690.6735227428267,3,1387.3470454856533,True,96,16.193759202957153
leaky,6,roving_ramp50,leaky,0.0,5.379703496435888,0.0,0.25153686563747407,0.621226705875738,3.7105710029348518,568.5208240659492,4,1145.0416481318985,True,80,30.99368166923523
leaky,6,roving_ramp50,mixed,0.0008535784519602357,5.35027183150809,0.010000000000000004,0.0,1.1390917789697472,3.6306565025540904,568.653516619208,4,1145.307033238416,True,295,33.867621183395386
leaky,6,roving_ramp50,mixed_leaky,0.0008598236906637667,5.3776010281418944,0.010124682403515608,0.2473744609395625,0.6309712672676812,3.709347495595958,568.53038220213,5,1147.06076440426,True,96,37.856958627700806
leaky,5,roving_ramp,level,0.0,5.372363773930294,0.0,0.0,0.989991255406271,2.566840394074921,763.033880801456,3,1532.067761602912,True,76,14.467967748641968
leaky,5,roving_ramp,transient,1.0,0.0,3.016264845739876,0.0,1.0191038578124751,1.8751022161975213,826.5615422758001,3,1659.1230845516002,True,72,15.810620784759521
leaky,5,roving_ramp,leaky,0.0,5.4348238593731555,0.0,0.6193114822029696,0.05683869386284537,2.6468499450261964,762.8644434988187,4,1533.7288869976373,True,270,41.6718647480011
leaky,5,roving_ramp,mixed,0.0008502423326626071,5.3712827751884475,0.010000000000000004,0.0,0.9907282096209828,2.5662310220548004,763.0452506434775,4,1534.090501286955,True,280,30.34920835494995
leaky,5,roving_ramp,mixed_leaky,0.0008406858219324462,5.432392884134097,0.010000000000000004,0.6193162113330232,0.05765520408927912,2.6462519198618097,762.8762024022615,5,1535.752404804523,True,366,67.27563428878784
leaky,6,roving_ramp,level,0.0,5.269358876818668,0.0,0.0,0.9815052949044925,4.098732050143189,522.7783009981636,3,1051.5566019963271,True,80,14.494438648223877
leaky,6,roving_ramp,transient,1.0,0.0,3.730766780061432,0.0,0.7905547781598148,2.5940048332546644,613.0132654482236,3,1232.0265308964472,True,112,15.89371371269226
leaky,6,roving_ramp,leaky,0.0,5.268357616953597,0.0,0.005000000000000002,0.9706757938989437,4.099287679599018,522.7872185796257,4,1053.5744371592514,True,315,63.378857135772705
leaky,6,roving_ramp,mixed,0.052730061494696265,5.168660311278186,0.6294661200279512,0.0,1.004613447759676,4.130627421577664,522.3133245168389,4,1052.6266490336777,True,215,34.74396872520447
leaky,6,roving_ramp,mixed_leaky,0.0526772198873216,5.168059332690158,0.628727133081003,0.005000000000000002,0.9936103874383925,4.1320063337429636,522.3238202830238,5,1054.6476405660476,True,426,46.23611664772034
leaky,3,roving_ramp50,level,0.0,4.721064028995927,0.0,0.0,0.9157338607432632,3.1696222336686777,364.6023988644583,3,735.2047977289166,True,108,18.892303705215454
leaky,3,roving_ramp50,transient,1.0,0.0,4.014891741420779,0.0,0.8865020788830155,2.7012857981731235,387.2882460383346,3,780.5764920766692,True,68,16.637139081954956
leaky,3,roving_ramp50,leaky,0.0,5.401555792991223,0.0,1.0806159678202032,-2.420736300691526,4.4560289712542716,363.9513763797739,4,735.9027527595478,True,560,101.98226928710938
leaky,3,roving_ramp50,mixed,0.04546853801651667,4.641696636152563,0.4837348116782738,0.0,0.9341595505751886,3.167826168641675,364.54034491366275,4,737.0806898273255,True,230,23.608890533447266
leaky,3,roving_ramp50,mixed_leaky,0.03886353253727975,5.429099312974097,0.4802803856163405,1.156304636839692,-3.0147715170685574,4.776777480857534,363.86025795447,5,737.72051590894,True,798,86.3073034286499
leaky,5,roving_ramp50,level,0.0,5.9729219926707176,0.0,0.0,1.1137344731791734,2.76719120644442,732.6342157749499,3,1471.2684315498998,True,108,14.277961254119873
leaky,5,roving_ramp50,transient,1.0,0.0,4.0639266977928274,0.0,1.007400616501832,1.949646931494123,822.4245953665289,3,1650.8491907330579,True,64,16.522252559661865
leaky,5,roving_ramp50,leaky,0.0,6.630570180868646,0.0,1.2943967096785192,-1.7069694980077572,3.3778523676224794,731.528850699976,4,1471.057701399952,True,410,82.75422143936157
leaky,5,roving_ramp50,mixed,0.01830423448312625,5.929904213872245,0.24189794424506053,0.0,1.118780714028671,2.775332791054163,732.5892093607346,4,1473.1784187214691,True,270,32.19379425048828
leaky,5,roving_ramp50,mixed_leaky,0.001376923183655911,6.629976307102643,0.019999997315750872,1.2945837587420077,-1.706898173390891,3.3783908514157948,731.5288243773746,5,1473.0576487547492,True,72,57.664271116256714
leaky,4,roving_ramp,level,0.0,2.8949855036862706,0.0,0.0,1.2142455046519076,1.8668876310910425,578.9322661530017,3,1163.8645323060034,True,160,28.306649923324585
leaky,4,roving_ramp,transient,1.0,0.0,1.1472051321765178,0.0,1.0468579412264778,1.9587077941878484,580.2871073928543,3,1166.5742147857086,True,172,27.15138816833496
leaky,4,roving_ramp,leaky,0.0,3.305300689790379,0.0,2.784160518295489,-2.7885341652931506,2.226927428830187,578.66185216122,4,1165.32370432244,True,750,97.58246994018555
leaky,4,roving_ramp,mixed,0.003147901201837559,2.8948742689809714,0.019999996437094207,0.0,1.2144589501991214,1.8676278789170866,578.9321181004475,4,1165.864236200895,True,25,9.955897808074951
leaky,4,roving_ramp,mixed_leaky,0.0027024519720422052,3.341733759768905,0.019811389008181003,2.8625730146096076,-3.060746532887742,2.2807155690081884,578.6405534419343,5,1167.2811068838687,True,240,88.47874736785889
leaky,4,roving_ramp50,level,0.0,5.544180372034791,0.0,0.0,1.0532903842433385,2.139068501021967,636.4471599293684,3,1278.8943198587367,True,112,20.603110551834106
leaky,4,roving_ramp50,transient,1.0,0.0,3.094749569957724,0.0,1.0387108439539285,1.995581729745638,643.5488619463706,3,1293.0977238927412,True,200,33.78376770019531
leaky,4,roving_ramp50,leaky,0.0,5.544668260543012,0.0,0.005000000000000002,1.0478345038984074,2.138755756990179,636.4476671066545,4,1280.895334213309,True,480,73.03612518310547
leaky,4,roving_ramp50,mixed,0.07044342673075801,5.187928047478789,0.8601386013215686,0.0,1.077395685895349,2.1371749215228997,636.2388841857727,4,1280.4777683715454,True,285,31.489683151245117
leaky,4,roving_ramp50,mixed_leaky,0.07044879166470709,5.187107089877444,0.8600729509374081,0.005000000000000002,1.0718243230952667,2.136983505094874,636.2394332294417,5,1282.4788664588834,True,690,88.19529342651367
leaky,9,roving_ramp50,level,0.0,4.867920857815037,0.0,0.0,0.9859804575644205,2.682663518839984,859.9795044980468,3,1725.9590089960936,True,72,13.485107183456421
leaky,9,roving_ramp50,transient,1.0,0.0,3.029000318559148,0.0,0.970250338966249,1.8541743600710094,950.1246438278694,3,1906.2492876557387,True,84,15.553794145584106
leaky,9,roving_ramp50,leaky,0.0,4.8632189998603845,0.0,0.27220409825477637,0.5793605868298495,2.7094375813779457,859.9511542238231,4,1727.9023084476462,True,130,25.32761311531067
leaky,9,roving_ramp50,mixed,0.0009383544155333191,4.866486670474095,0.010000000000000004,0.0,0.9865158901381815,2.68258784924811,859.9931974635757,4,1727.9863949271514,True,315,31.46545648574829
leaky,9,roving_ramp50,mixed_leaky,0.0009465671910859626,4.861502545304942,0.01007727464201776,0.27220006216769366,0.5798265050349183,2.709365000361807,859.9650968573354,5,1729.9301937146708,True,156,24.8944251537323
leaky,7,roving_ramp50,level,0.0,5.5520380106842575,0.0,0.0,1.2879664947236835,2.6083689097702885,661.8010354650368,3,1329.6020709300735,True,80,13.885751008987427
leaky,7,roving_ramp50,transient,1.0,0.0,3.5282970287313984,0.0,1.128884745819367,1.866482441427598,757.6523978883638,3,1521.3047957767276,True,96,19.25008487701416
leaky,7,roving_ramp50,leaky,0.0,5.745356942690102,0.0,0.9329686787104552,-0.26313972784527456,2.8093557961996423,661.6270552848808,4,1331.2541105697617,True,385,81.86837673187256
leaky,7,roving_ramp50,mixed,0.0008228506898347806,5.550238036756587,0.010000000000000004,0.0,1.2883988842013894,2.6083489158656303,661.8056413562748,4,1331.6112827125496,True,300,30.478189706802368
leaky,7,roving_ramp50,mixed_leaky,0.0008416639236512006,5.73966032707949,0.010577923803156893,0.9258365415683333,-0.24721994212602272,2.8058249481425794,661.6367515851323,5,1333.2735031702646,True,492,59.90318465232849
leaky,7,roving_ramp,level,0.0,5.399979815638038,0.0,0.0,1.239080285776859,2.826544141627222,584.8843098284241,3,1175.7686196568482,True,128,19.882287740707397
leaky,7,roving_ramp,transient,1.0,0.0,2.77245575279736,0.0,0.9907579039064819,2.108304057779684,663.5303603246948,3,1333.0607206493896,True,124,20.098125457763672
leaky,7,roving_ramp,leaky,0.0,5.979960252617334,0.0,1.2251697872763108,-1.8105578924238837,3.7206144380385853,584.331563175704,4,1176.663126351408,True,465,59.909623861312866
leaky,7,roving_ramp,mixed,0.0008461850119036299,5.397059126592475,0.010000000000000004,0.0,1.2393155773425861,2.8266419278661963,584.8890797926086,4,1177.7781595852173,True,265,30.24833369255066
leaky,7,roving_ramp,mixed_leaky,0.0007641842068681246,5.97668115583789,0.010000000000000004,1.224054133272462,-1.805696418384029,3.7193032034226796,584.3407011349207,5,1178.6814022698413,True,612,89.56888175010681
leaky,9,roving_ramp,level,0.0,5.275502746418028,0.0,0.0,1.1208433452992645,2.6970178235402313,559.5624399216093,3,1125.1248798432187,True,52,12.892850160598755
leaky,9,roving_ramp,transient,1.0,0.0,4.3506447387036244,0.0,1.1195185138770165,2.1002965443735637,608.8139554317977,3,1223.6279108635954,True,72,13.504348993301392
leaky,9,roving_ramp,leaky,0.0,5.319400018338332,0.0,0.5734045694901544,0.18745822258715,2.814727412550629,559.5051745068985,4,1127.010349013797,True,280,39.726826190948486
leaky,9,roving_ramp,mixed,0.07997736386182153,5.016540137321397,0.9540754266426672,0.0,1.1514759434212734,2.7034032337419487,558.6738932603537,4,1125.3477865207074,True,300,30.283342599868774
leaky,9,roving_ramp,mixed_leaky,0.0800045477206484,5.015602427901917,0.95424950693575,0.005999664956071227,1.1426162875240913,2.704023639662151,558.6738161574369,5,1127.3476323148739,True,84,94.67152190208435
leaky,8,roving_ramp,level,0.0,4.5326556181426,0.0,0.0,0.8601188250885428,3.1503372515895394,525.5970527545123,3,1057.1941055090247,True,124,18.804495811462402
leaky,8,roving_ramp,transient,1.0,0.0,2.550764952951686,0.0,0.6178778986955166,2.8931309507115377,556.987658184242,3,1119.975316368484,False,180,25.90622854232788
leaky,8,roving_ramp,leaky,0.0,4.525456094285238,0.0,0.25674625882995245,0.39567550218990477,3.2163822818783214,525.5948399876963,4,1059.1896799753927,True,155,32.88450050354004
leaky,8,roving_ramp,mixed,0.04851205653896567,4.429531228620869,0.49409904038966096,0.0,0.8630048437990286,3.197804257931112,525.4472499915559,4,1058.8944999831117,True,245,25.035433530807495
leaky,8,roving_ramp,mixed_leaky,0.048522711812810614,4.428632744979977,0.49411285373122693,0.005999349387201573,0.852665800082685,3.19871123578353,525.4475303833478,5,1060.8950607666957,True,144,124.35191059112549
leaky,3,roving_ramp,level,0.0,7.901143968445338,0.0,0.0,2.1217284420431453,1.727465871972838,401.1138036623152,3,808.2276073246304,True,240,40.264018535614014
leaky,3,roving_ramp,transient,1.0,0.0,15.321577522032072,0.0,5.003924926645706,0.9545208089163923,420.2794022174996,3,846.5588044349992,True,220,40.5353889465332
leaky,3,roving_ramp,leaky,0.0,8.458165534840662,0.0,2.985185174151612,-5.0,3.1259696342059704,400.24337763775424,4,808.4867552755085,True,740,96.75873708724976
leaky,3,roving_ramp,mixed,0.1489791812293179,7.42986101019145,2.8456136443559323,0.0,2.3924601777618855,1.6272374675764296,399.1888884144067,4,806.3777768288134,True,430,69.7950873374939
leaky,3,roving_ramp,mixed_leaky,0.1496097431957225,7.5974816598561645,2.9242945076414735,2.973038192082318,-5.0,3.16687904744332,398.3305925101526,5,806.6611850203052,True,1038,130.10094261169434
leaky,10,roving_ramp50,level,0.0,2.5658714311923774,0.0,0.0,0.676713968886528,4.202975648701554,347.96172283675855,3,701.9234456735171,True,76,13.888023376464844
leaky,10,roving_ramp50,transient,1.0,0.0,1.9392372241806486,0.0,0.4274439339882645,3.9826587255731694,376.0623534515529,3,758.1247069031058,True,136,19.96078848838806
leaky,10,roving_ramp50,leaky,0.0,2.5660286919071162,0.0,0.005000000000000002,0.6657407379891731,4.20424944858477,347.96226813377547,4,703.9245362675509,True,795,87.94475221633911
leaky,10,roving_ramp50,mixed,0.001778157285029545,2.5659432610847652,0.010000000000000004,0.0,0.677405377477902,4.203013618454251,347.96244327340213,4,703.9248865468043,True,305,29.349689245224
leaky,10,roving_ramp50,mixed_leaky,0.001779493847836043,2.564012569690269,0.010000000000000004,0.005998479227520488,0.6636303007681603,4.205398735223707,347.9631602333388,5,705.9263204666776,True,72,25.23340344429016
leaky,8,roving_ramp50,level,0.0,4.346022122953086,0.0,0.0,0.8023424505261855,3.1514463322542414,541.4647342079354,3,1088.9294684158708,True,144,17.708712100982666
leaky,8,roving_ramp50,transient,1.0,0.0,3.3288047031488417,0.0,0.6856936693039957,2.713170606404907,580.6004652132042,3,1167.2009304264084,True,92,22.839746236801147
leaky,8,roving_ramp50,leaky,0.0,5.246524655334959,0.0,1.441256718052151,-5.0,5.321544471309706,539.7882031793855,4,1087.576406358771,True,570,111.97062087059021
leaky,8,roving_ramp50,mixed,0.001051151316791244,4.343783442793832,0.010000000000000004,0.0,0.802578811479499,3.1516930640641,541.4655587383575,4,1090.931117476715,True,275,29.45606231689453
leaky,8,roving_ramp50,mixed_leaky,0.0008711966386820366,5.241980990180274,0.010000000000000004,1.441840611594005,-5.0,5.3198184971632045,539.7939287813276,5,1089.5878575626552,True,798,86.71343874931335
leaky,12,roving_ramp50,level,0.0,3.5011184286076107,0.0,0.0,1.2743978776128686,2.0548850553291764,543.9921649315975,3,1093.984329863195,True,112,18.773258447647095
leaky,12,roving_ramp50,transient,1.0,0.0,2.6835633948969675,0.0,1.1412427931853912,1.9756215462012459,557.9419275602797,3,1121.8838551205595,True,80,23.134911060333252
leaky,12,roving_ramp50,leaky,0.0,3.505561015786224,0.0,0.005999874615649146,1.2712291467231571,2.051462498467747,543.9924068556619,4,1095.9848137113238,True,25,33.60039949417114
leaky,12,roving_ramp50,mixed,0.02502815192759873,3.468281144864902,0.1947873943438177,0.0,1.287063458426285,2.0488134180346558,543.9792872123547,4,1095.9585744247095,True,250,27.887108087539673
leaky,12,roving_ramp50,mixed_leaky,0.025031734933259116,3.468015763986087,0.19480108921531572,0.005999680523803731,1.2802418773815283,2.049130064880615,543.9794541352659,5,1097.9589082705318,True,132,46.41679334640503
leaky,10,roving_ramp,level,0.0,2.899125357350454,0.0,0.0,0.7948302841124092,4.029411791210987,260.8467624644765,3,527.693524928953,True,116,19.891133546829224
leaky,10,roving_ramp,transient,1.0,0.0,1.8158430598187525,0.0,0.4638480680865745,4.268628038301983,281.61888712392204,3,569.2377742478441,True,152,15.350239992141724
leaky,10,roving_ramp,leaky,0.0,2.8995035425817655,0.0,0.005000000000000002,0.784477436020385,4.029364234594838,260.8517901757516,4,529.7035803515032,True,330,70.55421328544617
leaky,10,roving_ramp,mixed,0.0015757033039655263,2.8962153366320327,0.010000000000000004,0.0,0.7946780023504877,4.0312778512979035,260.8559287492028,4,529.7118574984056,True,300,37.30335474014282
leaky,10,roving_ramp,mixed_leaky,0.0015754558529271095,2.896670952405094,0.010000000000000004,0.005000000000000002,0.78457835437972,4.030198476212856,260.8609800743375,5,531.721960148675,True,186,77.2716007232666
leaky,12,roving_ramp,level,0.0,3.5722066495046705,0.0,0.0,1.1202410631675366,2.260263338164011,508.126543195056,3,1022.253086390112,True,132,20.223356246948242
leaky,12,roving_ramp,transient,1.0,0.0,2.8926887785071242,0.0,1.0607039454793643,2.1358046767173016,519.0502037208405,3,1044.100407441681,True,104,17.77888035774231
leaky,12,roving_ramp,leaky,0.0,3.560278574961679,0.0,0.38115149029578926,0.6297021855720996,2.2905047026839265,508.08680846410294,4,1024.1736169282058,True,150,33.83248591423035
leaky,12,roving_ramp,mixed,0.11455649401341443,3.352468964128564,0.9489284532405278,0.0,1.1574497772973125,2.257053270890828,507.7205991520597,4,1023.4411983041194,True,315,45.95988178253174
leaky,12,roving_ramp,mixed_leaky,0.11224663862244932,3.6982073253171794,1.0230152785409659,1.7414046706620725,-1.8112295224165451,2.6727252744501007,507.41946444126165,5,1024.8389288825233,True,804,93.97220253944397
leaky,13,roving_ramp,level,0.0,3.584990733287527,0.0,0.0,0.7018971072062805,2.8440742555631906,546.6528461456593,3,1099.3056922913186,True,120,21.41003966331482
leaky,13,roving_ramp,transient,1.0,0.0,2.756081764093603,0.0,0.6796186746979582,2.6966925875414463,551.2906265572316,3,1108.5812531144632,True,100,17.124025583267212
leaky,13,roving_ramp,leaky,0.0,3.584072251761404,0.0,0.005000000000000002,0.6941747009747978,2.844712585594609,546.6543862805084,4,1101.308772561017,True,420,84.05576038360596
leaky,13,roving_ramp,mixed,0.12630477678899113,3.198088235159781,1.0114865275153466,0.0,0.723935303932537,2.8513158987350917,546.2882058505251,4,1100.5764117010501,True,240,44.32323908805847
leaky,13,roving_ramp,mixed_leaky,0.12633317568713723,3.196736975246377,1.0113193561475058,0.005000000000000002,0.7165407398573113,2.8510012241611933,546.2895772100262,5,1102.5791544200524,True,246,42.86362981796265
leaky,11,roving_ramp,level,0.0,4.0886182457332625,0.0,0.0,0.6400479863649431,2.7570644073811024,620.1353661625225,3,1246.270732325045,True,204,37.287582874298096
leaky,11,roving_ramp,transient,1.0,0.0,1.4567298751129016,0.0,0.5554199389051682,2.672753097095741,625.916128326523,3,1257.832256653046,True,80,19.07023549079895
leaky,11,roving_ramp,leaky,0.0,4.087034005343196,0.0,0.005000000000000002,0.6327730303552642,2.7569908411431565,620.1358489411482,4,1248.2716978822964,True,545,78.34599828720093
leaky,11,roving_ramp,mixed,0.0011177257372468115,4.084785056556788,0.010000000000000004,0.0,0.6402829403422434,2.757087082571221,620.1386375539711,4,1248.2772751079422,False,415,42.297849893569946
leaky,11,roving_ramp,mixed_leaky,0.0011183035628920795,4.082672092999848,0.010000000000000004,0.005000000000000002,0.6330759286247938,2.7568283791996753,620.1391222950275,5,1250.278244590055,True,618,79.75362873077393
leaky,13,roving_ramp50,level,0.0,5.255338860917484,0.0,0.0,0.8333649367698315,2.886444498095047,465.81810347146484,3,937.6362069429297,True,72,14.164974451065063
leaky,13,roving_ramp50,transient,1.0,0.0,2.5826386884477253,0.0,0.6331523253026066,2.8875880492279364,479.6775934959157,3,965.3551869918314,True,124,24.685835361480713
leaky,13,roving_ramp50,leaky,0.0,5.25607940265612,0.0,0.005000000000000002,0.8256274187338474,2.8871685064377135,465.8185328352912,4,939.6370656705824,True,720,81.599365234375
leaky,13,roving_ramp50,mixed,0.026110940799305454,5.169268226737585,0.303215883437113,0.0,0.838375578264012,2.8974247124263726,465.78801076120135,4,939.5760215224027,True,265,28.926353931427002
leaky,13,roving_ramp50,mixed_leaky,0.026113681077066467,5.168949479856094,0.30322985956739007,0.005999184908566004,0.8291306412381697,2.897903130969237,465.788650297171,5,941.577300594342,True,60,51.42702293395996
leaky,20,roving_ramp,level,0.0,0.010000000000000004,0.0,0.0,30.0,15.0,219.7518793910271,3,445.5037587820542,True,8,1.708871841430664
leaky,20,roving_ramp,transient,1.0,0.0,0.010000000000000004,0.0,30.0,15.0,219.7518793910271,3,445.5037587820542,True,8,1.7437922954559326
leaky,20,roving_ramp,leaky,0.0,0.010000000000000004,0.0,4.999999999999999,30.0,15.0,219.7518793910271,4,447.5037587820542,True,10,2.039775848388672
leaky,20,roving_ramp,mixed,0.4775764455742727,0.010000000000000004,0.02,0.0,30.0,15.0,219.7518793910271,4,447.5037587820542,True,5,1.1980714797973633
leaky,20,roving_ramp,mixed_leaky,0.4775764455742727,0.010000000000000004,0.02,0.005999999999999998,30.0,15.0,219.7518793910271,5,449.5037587820542,True,6,1.9234213829040527
leaky,14,roving_ramp50,level,0.0,6.629125149239351,0.0,0.0,1.3376624117453655,4.569391940306046,349.2648243374159,3,704.5296486748318,True,108,19.726240396499634
leaky,14,roving_ramp50,transient,1.0,0.0,4.7165100060378835,0.0,1.1359882599100506,2.3369656360251305,441.2122382801479,3,888.4244765602958,True,96,16.812448263168335
leaky,14,roving_ramp50,leaky,0.0,7.258902467083493,0.0,0.5274527278674753,-0.42487609105222857,5.466652720217496,347.8318926453716,4,703.6637852907432,True,215,81.3129289150238
leaky,14,roving_ramp50,mixed,0.0682753756286903,6.556243813243412,1.0510937816376058,0.0,1.3871057797636959,4.642788842173729,348.60193721294394,4,705.2038744258879,True,335,31.114472150802612
leaky,14,roving_ramp50,mixed_leaky,0.05163644345602193,7.044204950979604,0.8391184977337339,0.4652776633319532,-0.08935493087446651,5.293116521583582,347.4680885725631,5,704.9361771451262,True,342,46.653045892715454
leaky,20,roving_ramp50,level,0.0,0.010000000000000004,0.0,0.0,30.0,15.0,238.48261764079595,3,482.9652352815919,True,8,1.7673912048339844
leaky,20,roving_ramp50,transient,1.0,0.0,0.010000000000000004,0.0,30.0,15.0,238.48261764079595,3,482.9652352815919,True,8,1.7129592895507812
leaky,20,roving_ramp50,leaky,0.0,0.010000000000000004,0.0,4.999999999999999,30.0,15.0,238.48261764079595,4,484.9652352815919,True,10,2.0881283283233643
leaky,20,roving_ramp50,mixed,0.4775764455742727,0.010000000000000004,0.02,0.0,30.0,15.0,238.48261764079595,4,484.9652352815919,True,5,1.2257225513458252
leaky,20,roving_ramp50,mixed_leaky,0.4775764455742727,0.010000000000000004,0.02,0.005999999999999998,30.0,15.0,238.48261764079595,5,486.9652352815919,True,6,1.9252097606658936
leaky,14,roving_ramp,level,0.0,6.526979908795959,0.0,0.0,1.6959863078682318,3.133305030124398,212.03302963462386,3,430.0660592692477,True,112,21.22232174873352
leaky,14,roving_ramp,transient,1.0,0.0,3.1967959138359068,0.0,1.1901045871496312,2.458876610689909,262.9123134212804,3,531.8246268425607,True,76,17.341708660125732
leaky,14,roving_ramp,leaky,0.0,7.065974858876873,0.0,0.9225309121083562,-0.5814277275623932,3.8822399687450666,211.6361320273973,4,431.2722640547946,False,410,81.54452872276306
leaky,14,roving_ramp,mixed,0.0007002381772657658,6.522891467778891,0.010000000000000004,0.0,1.695219509770563,3.1348778151899968,212.03544291828658,4,432.07088583657315,True,285,34.50968098640442
leaky,14,roving_ramp,mixed_leaky,0.0006469827183560902,7.060190204771338,0.010000000000000004,0.920690585616178,-0.5744000167169759,3.8795053424738994,211.64053666053286,5,433.2810733210657,True,450,63.84341883659363
leaky,15,roving_ramp,level,0.0,4.760327085660373,0.0,0.0,2.116292203536306,2.6350580808778528,331.4567708840375,3,668.913541768075,True,128,23.293450117111206
leaky,15,roving_ramp,transient,1.0,0.0,2.35959698131194,0.0,1.9259233736091217,1.555599681179336,407.37800309430867,3,820.7560061886173,True,100,10.615713834762573
leaky,15,roving_ramp,leaky,0.0,4.843261802253226,0.0,0.7220596571377286,0.99084849004569,2.7435287537092075,331.4184189878768,4,670.8368379757536,True,370,64.47864937782288
leaky,15,roving_ramp,mixed,0.0009604601075730519,4.754375719669727,0.010000000000000004,0.0,2.1146018614384876,2.6359655207669572,331.4685258993731,4,670.9370517987462,True,310,46.75031352043152
leaky,15,roving_ramp,mixed_leaky,0.0009438931501135738,4.837903462374223,0.010000000000000004,0.7185419565125829,0.9959254700284412,2.743372943255495,331.43086296592804,5,672.8617259318561,True,438,54.664252519607544
leaky,11,roving_ramp50,level,0.0,3.7066062256562424,0.0,0.0,0.7296028305033043,2.6224236977836823,588.838628318533,3,1183.677256637066,True,116,18.40397834777832
leaky,11,roving_ramp50,transient,1.0,0.0,2.5661427329853947,0.0,0.6389586457923035,2.66146520326317,593.6217525696057,3,1193.2435051392115,True,108,21.577873468399048
leaky,11,roving_ramp50,leaky,0.0,4.362579516453265,0.0,1.632463473154464,-2.7979764970508088,3.250232860268457,588.3281502496327,4,1184.6563004992654,True,645,129.64480447769165
leaky,11,roving_ramp50,mixed,0.09528392142282413,3.432085685457544,0.7908156985893999,0.0,0.7559549594035541,2.6134776660916685,588.6535816839116,4,1185.3071633678233,True,265,29.102683544158936
leaky,11,roving_ramp50,mixed_leaky,0.10409959297955493,3.934856561301779,1.0002948882781366,1.6132310926691362,-2.7034836941234897,3.2340684746574513,588.0919370557764,5,1186.1838741115528,True,738,86.01873469352722
leaky,15,roving_ramp50,level,0.0,3.613600596813176,0.0,0.0,1.3672146714442026,3.2280714982162375,502.6378588832796,3,1011.2757177665592,True,84,14.404254674911499
leaky,15,roving_ramp50,transient,1.0,0.0,1.983620173974457,0.0,0.774495223648782,2.494148773765426,575.7645328287715,3,1157.529065657543,True,68,19.408447742462158
leaky,15,roving_ramp50,leaky,0.0,3.797819505508966,0.0,0.6851999661061673,-0.04527639059854682,3.512064964693658,502.39058753038057,4,1012.7811750607611,True,310,93.64163661003113
leaky,15,roving_ramp50,mixed,0.04855450457928592,3.4968734723297112,0.39042298521255947,0.0,1.343376511098672,3.296050825174435,502.1249710199807,4,1012.2499420399614,True,260,48.760271310806274
leaky,15,roving_ramp50,mixed_leaky,0.04533079515637113,3.5258951499715256,0.366285446637799,0.265255666673476,0.8606640289153284,3.3403001072547602,502.0864052994106,5,1014.1728105988212,True,168,33.82734990119934
leaky,16,roving_ramp50,level,0.0,4.6216567132709345,0.0,0.0,1.168206288767425,3.880545802056567,552.4635185916607,3,1110.9270371833213,True,92,13.941185712814331
leaky,16,roving_ramp50,transient,1.0,0.0,2.1316703760126203,0.0,0.7342088402809783,2.4311228185382716,678.2002382985461,3,1362.4004765970922,True,68,11.507849931716919
leaky,16,roving_ramp50,leaky,0.0,4.6231852508424724,0.0,0.005000000000000002,1.158616763259703,3.8812101983619343,552.4647729014425,4,1112.929545802885,True,500,82.13856291770935
leaky,16,roving_ramp50,mixed,0.0009879700843109754,4.621863096530413,0.010000000000000004,0.0,1.1687978027114103,3.8817645490212866,552.4767092115828,4,1112.9534184231657,True,295,28.003259658813477
leaky,16,roving_ramp50,mixed_leaky,0.0009884245913991015,4.619735724339213,0.010000000000000004,0.005998814772088612,1.1564920523820186,3.8811520472244254,552.4783480412839,5,1114.9566960825678,True,78,49.37027859687805
leaky,17,roving_ramp,level,0.0,5.096463486748895,0.0,0.0,1.315435538735238,2.9762335248818275,597.4874203079361,3,1200.9748406158722,True,84,15.954564571380615
leaky,17,roving_ramp,transient,1.0,0.0,2.318856337905923,0.0,1.2377366821934201,1.756728798605782,709.2378477686101,3,1424.4756955372202,True,108,23.410465002059937
leaky,17,roving_ramp,leaky,0.0,5.223781221865665,0.0,0.6171752993871038,0.20050036677309788,3.1374326986592576,597.3210822046694,4,1202.6421644093389,True,335,61.00730514526367
leaky,17,roving_ramp,mixed,0.0008965981336503596,5.093341088595125,0.010000000000000004,0.0,1.3150419622849039,2.9772659504715953,597.5057659012293,4,1203.0115318024586,True,260,27.191766023635864
leaky,17,roving_ramp,mixed_leaky,0.0008748584634040665,5.220020920323544,0.010000000000000004,0.6130097893021467,0.20997288686549048,3.135506700037114,597.341894874056,5,1204.683789748112,True,390,66.10622000694275
leaky,16,roving_ramp,level,0.0,4.317197417451954,0.0,0.0,1.3075444987018099,3.0631613864983107,600.512175994363,3,1207.024351988726,True,148,19.864890575408936
leaky,16,roving_ramp,transient,1.0,0.0,1.9241047542810648,0.0,0.8496834908189173,2.2212260694964554,696.5043139596049,3,1399.0086279192099,True,92,21.75520610809326
leaky,16,roving_ramp,leaky,0.0,4.316688576772264,0.0,0.005000000000000002,1.2994518451911454,3.063224219200847,600.5149857218842,4,1209.0299714437683,True,375,75.86393523216248
leaky,16,roving_ramp,mixed,0.0010583603415415287,4.314164614525039,0.010000000000000004,0.0,1.3073799870589413,3.0640777999848443,600.5370085080713,4,1209.0740170161425,True,140,42.417566776275635
leaky,16,roving_ramp,mixed_leaky,0.001058419823648568,4.31392190603152,0.010000000000000004,0.005000008403175819,1.299457341784669,3.064018988266665,600.5398577427485,5,1211.079715485497,True,180,69.95808601379395
leaky,17,roving_ramp50,level,0.0,5.002969322887158,0.0,0.0,1.3584301156469565,2.871454638712105,601.233873486276,3,1208.467746972552,True,104,16.697070598602295
leaky,17,roving_ramp50,transient,1.0,0.0,3.020908248973611,0.0,1.0484959779785097,1.998340047518975,713.163548019507,3,1432.327096039014,True,112,20.77245807647705
leaky,17,roving_ramp50,leaky,0.0,5.282902524012108,0.0,0.8818896907140109,-0.3766651691638816,3.242055076601624,600.9309932679313,4,1209.8619865358626,True,345,68.95418071746826
leaky,17,roving_ramp50,mixed,0.000913301435788616,5.000105757028121,0.010000000000000004,0.0,1.3581171377444243,2.8723302576603476,601.2404826211155,4,1210.480965242231,True,310,35.67333269119263
leaky,17,roving_ramp50,mixed_leaky,0.001727854088602438,5.281537603474011,0.019999923485650283,0.8821499503388412,-0.37650588727793477,3.2429808475875235,600.9491311915232,5,1211.8982623830464,True,120,34.54161477088928
leaky,18,roving_ramp,level,0.0,4.214647150060126,0.0,0.0,1.3291803025866773,3.4058588583647156,477.32572098103594,3,960.6514419620719,True,80,13.407371759414673
leaky,18,roving_ramp,transient,1.0,0.0,1.847835684760073,0.0,0.9505000908366809,2.203960147237064,573.942795559984,3,1153.885591119968,True,76,8.07275938987732
leaky,18,roving_ramp,leaky,0.0,4.21655586141931,0.0,0.005000000000000002,1.3206901043987058,3.4068552998105006,477.33216774065573,4,962.6643354813115,True,330,67.64139866828918
leaky,18,roving_ramp,mixed,0.0010841875916926546,4.211284762199872,0.010000000000000004,0.0,1.3290975327562826,3.406035315091824,477.35607992724806,4,962.7121598544961,True,255,31.498382091522217
leaky,18,roving_ramp,mixed_leaky,0.001083945692521874,4.212225595275187,0.010000000000000004,0.005000000000000002,1.320688005071753,3.4060664033393855,477.362559344931,5,964.725118689862,True,198,54.929893016815186
leaky,22,roving_ramp,level,0.0,3.5748049542982967,0.0,0.0,0.9010625910855897,3.478634239601868,742.4535990841462,3,1490.9071981682923,True,104,14.441936016082764
leaky,22,roving_ramp,transient,1.0,0.0,1.897228808352391,0.0,0.5585865613525395,2.5228874746536043,851.0275713137192,3,1708.0551426274385,True,52,10.815967321395874
leaky,22,roving_ramp,leaky,0.0,3.618287502701243,0.0,0.33471818189437436,0.2163905305541665,3.605139768261453,742.2803320082335,4,1492.560664016467,True,85,21.748127937316895
leaky,22,roving_ramp,mixed,0.0012781118810338509,3.5716249626300973,0.010000000000000004,0.0,0.9005780092778745,3.480265469110153,742.4552754085336,4,1492.9105508170671,True,285,31.553035259246826
leaky,22,roving_ramp,mixed_leaky,0.0025235074667598295,3.61292168768923,0.019997251981135365,0.33480193313844636,0.21669309456906433,3.6052031973257224,742.2953510868628,5,1494.5907021737255,True,72,23.86860227584839
leaky,18,roving_ramp50,level,0.0,3.528275571741164,0.0,0.0,1.0578876891961737,3.3840924306011315,511.7241815380822,3,1029.4483630761642,True,72,12.611808776855469
leaky,18,roving_ramp50,transient,1.0,0.0,2.2017243629142094,0.0,0.8135885254845964,2.396153589541849,595.2349584534493,3,1196.4699169068986,True,112,16.964260578155518
leaky,18,roving_ramp50,leaky,0.0,3.7028897935938088,0.0,0.6456753533744376,-0.4487943198255275,3.8204726696616866,511.5543980682163,4,1031.1087961364326,True,340,49.99615669250488
leaky,18,roving_ramp50,mixed,0.02356429633718064,3.4936472641031298,0.18445894706913668,0.0,1.060230637560652,3.398503878866177,511.6329474991756,4,1031.265894998351,True,325,34.03641390800476
leaky,18,roving_ramp50,mixed_leaky,0.002463074883885813,3.7022997002360145,0.020000002657905646,0.6458061165258145,-0.4486657265091256,3.821509607288133,511.55130866882456,5,1033.102617337649,True,102,64.15407371520996
leaky,21,roving_ramp50,level,0.0,7.748415709191678,0.0,0.0,2.0032230390805545,2.040382262841481,268.7313386417017,3,543.4626772834034,True,112,20.4690523147583
leaky,21,roving_ramp50,transient,1.0,0.0,6.451483910204578,0.0,1.7155436796556993,1.961094832146244,288.38216387195956,3,582.7643277439191,True,108,18.943411588668823
leaky,21,roving_ramp50,leaky,0.0,7.6417771263387655,0.0,0.6170593940117222,1.246868162620042,2.0883825582707227,268.7308848011819,4,545.4617696023638,True,120,25.3994460105896
leaky,21,roving_ramp50,mixed,0.1403658051664099,7.078769163496564,2.5288043814104344,0.0,2.0268650363318623,2.1151364779494344,267.59600361149216,4,543.1920072229843,True,320,34.598633766174316
leaky,21,roving_ramp50,mixed_leaky,0.14035989670772747,7.020783349912061,2.5079668416101826,0.29198438355221507,1.6662511562054487,2.135714847025204,267.595190711206,5,545.190381422412,True,294,37.892056703567505
leaky,22,roving_ramp50,level,0.0,3.3762996156396916,0.0,0.0,0.823695230595168,3.167609641599568,830.9677157121632,3,1667.9354314243265,True,80,17.322688102722168
leaky,22,roving_ramp50,transient,1.0,0.0,2.080984066494419,0.0,0.5798714787612358,2.4143294916111215,914.0333356930654,3,1834.0666713861308,True,64,11.549967765808105
leaky,22,roving_ramp50,leaky,0.0,3.3970018333181358,0.0,0.2994771336441924,0.2854882079021981,3.2314817327917176,830.8990417605146,4,1669.7980835210292,True,145,27.999244213104248
leaky,22,roving_ramp50,mixed,0.0013527960440479448,3.3741929943312026,0.010000000000000004,0.0,0.8238430999589663,3.1681447465495913,830.9736528176478,4,1669.9473056352956,True,305,31.51948881149292
leaky,22,roving_ramp50,mixed_leaky,0.0018773414085904883,3.566625224115312,0.014676640887168765,0.740698662778792,-0.7510281640504219,3.508194832659056,830.7975359557385,5,1671.595071911477,True,384,50.725281715393066
leaky,19,roving_ramp50,level,0.0,4.766155623673854,0.0,0.0,1.3679837850257286,3.3670751773182794,326.8000475483658,3,659.6000950967316,True,124,21.6461021900177
leaky,19,roving_ramp50,transient,1.0,0.0,2.598699254220771,0.0,0.8266569702710629,2.7495713570217943,387.4566902046708,3,780.9133804093416,True,68,13.983917951583862
leaky,19,roving_ramp50,leaky,0.0,4.767243986281334,0.0,0.005000000000000002,1.3597414227846254,3.3665187178722817,326.8026418534835,4,661.605283706967,True,150,88.83872485160828
leaky,19,roving_ramp50,mixed,0.0009586549657138747,4.7633367889138745,0.010000000000000004,0.0,1.3673779823566088,3.3689524039900625,326.8028349860494,4,661.6056699720988,True,295,31.092217206954956
leaky,19,roving_ramp50,mixed_leaky,0.0009588024806255213,4.762603230670416,0.010000000000000004,0.005000000000000002,1.3586382193605686,3.368476267948222,326.80547665437655,5,663.6109533087531,True,162,52.63172721862793
leaky,19,roving_ramp,level,0.0,6.1112423404532334,0.0,0.0,1.8767172155304777,3.451382443465394,298.2780252126192,3,602.5560504252384,True,200,30.034011840820312
leaky,19,roving_ramp,transient,1.0,0.0,2.872668418230687,0.0,0.9794800405496107,2.568843679107184,375.517153158889,3,757.034306317778,True,104,16.418487548828125
leaky,19,roving_ramp,leaky,0.0,6.1145661054895095,0.0,0.005000000000000002,1.8686383229010868,3.451574743630647,298.2808084090324,4,604.5616168180647,True,295,73.34731101989746
leaky,19,roving_ramp,mixed,0.0007479440178680155,6.1065527231565095,0.010000000000000004,0.0,1.8756153900118375,3.4534614217722774,298.28208709011597,4,604.5641741802319,True,325,33.15534782409668
leaky,19,roving_ramp,mixed_leaky,0.000747832828566615,6.107461337390787,0.010000000000000004,0.005000000000000002,1.8669833231862023,3.45377502503263,298.2848842219962,5,606.5697684439924,True,402,58.14349389076233
leaky,21,roving_ramp,level,0.0,5.98151678292002,0.0,0.0,1.2567707433791466,2.849637287418669,262.7855272062598,3,531.5710544125196,True,128,21.491347789764404
leaky,21,roving_ramp,transient,1.0,0.0,4.016457652364934,0.0,1.0847600937203445,2.622913799815745,280.4573776990281,3,566.9147553980562,True,208,33.75228428840637
leaky,21,roving_ramp,leaky,0.0,5.9813331980492315,0.0,0.005000000000000002,1.249535967636974,2.8491469882648977,262.7862723163064,4,533.5725446326128,True,470,95.77712440490723
leaky,21,roving_ramp,mixed,0.02251544032567175,5.887842526820646,0.296712997632632,0.0,1.2540532868938619,2.874077814176654,262.76463160540834,4,533.5292632108167,True,250,27.496561765670776
leaky,21,roving_ramp,mixed_leaky,0.022519102414058807,5.886722917935123,0.2967059380118426,0.005998235695263207,1.2449090031365222,2.8741482688354543,262.76565033839415,5,535.5313006767883,True,78,23.69217085838318
leaky,24,roving_ramp50,level,0.0,5.6221295285910475,0.0,0.0,1.4265671724765487,3.4774848456282133,742.6416547131691,3,1491.2833094263383,True,100,15.780174255371094
leaky,24,roving_ramp50,transient,1.0,0.0,2.1883993351765523,0.0,0.778749198803172,2.090573524297099,892.9475797668064,3,1791.8951595336127,True,104,16.24677300453186
leaky,24,roving_ramp50,leaky,0.0,5.622270456235664,0.0,0.005000000000000002,1.4174205165009408,3.478793339066197,742.6472274382703,4,1493.2944548765406,True,370,74.12601685523987
leaky,24,roving_ramp50,mixed,0.0008128076702128093,5.6188730361174555,0.010000000000000004,0.0,1.4261372142815738,3.478120822520017,742.660612189542,4,1493.321224379084,True,290,31.79694414138794
leaky,24,roving_ramp50,mixed_leaky,0.0008129361801813749,5.617984075082832,0.010000000000000004,0.005000000000000002,1.416933753235584,3.478234179729952,742.6662238582868,5,1495.3324477165736,True,372,50.12697100639343
leaky,25,roving_ramp,level,0.0,8.630783368950874,0.0,0.0,0.9110794049051745,2.5213411460341253,719.7806965197487,3,1445.5613930394975,True,72,17.27326774597168
leaky,25,roving_ramp,transient,1.0,0.0,2.058274438332016,0.0,0.8576414962263877,2.055030097378449,752.5490825467966,3,1511.0981650935933,True,136,22.77925729751587
leaky,25,roving_ramp,leaky,0.0,8.62965247031685,0.0,0.005000000000000002,0.9044552173827323,2.521280910516246,719.7827983980708,4,1447.5655967961416,True,330,70.7166075706482
leaky,25,roving_ramp,mixed,0.0005295023880779313,8.627643859959095,0.010000000000000004,0.0,0.9115956079043315,2.5209226339810655,719.7950319581679,4,1447.5900639163358,True,240,35.650071144104004
leaky,25,roving_ramp,mixed_leaky,0.0005295790705207609,8.626393925166852,0.010000000000000004,0.005000000000000002,0.9049500109966776,2.5208864475476167,719.797135708296,5,1449.594271416592,True,402,49.27729940414429
leaky,25,roving_ramp50,level,0.0,7.218314325570045,0.0,0.0,0.7918502246797835,2.6442371099568365,748.968184399066,3,1503.936368798132,True,72,13.563780784606934
leaky,25,roving_ramp50,transient,1.0,0.0,3.4537470402608097,0.0,0.6495068173330644,2.446799726927213,773.5341783493905,3,1553.068356698781,True,72,14.898756742477417
leaky,25,roving_ramp50,leaky,0.0,7.220367205671452,0.0,0.005000000000000002,0.7848546749153592,2.6447468027701477,748.9693651169297,4,1505.9387302338594,True,410,81.4904432296753
leaky,25,roving_ramp50,mixed,0.01765000763724913,7.114618531857716,0.27966628743969757,0.0,0.797467587991898,2.647939353218974,748.9345687960346,4,1505.8691375920691,True,210,22.378843307495117
leaky,25,roving_ramp50,mixed_leaky,0.01747384903047534,7.112417923840686,0.2767397695494418,0.005000000000000002,0.7901245079157554,2.648342503900532,748.9358788638554,5,1507.8717577277107,True,540,60.31547498703003
leaky,24,roving_ramp,level,0.0,5.236898312643637,0.0,0.0,1.2596222909055492,3.4286930126780937,749.7535828521032,3,1505.5071657042065,True,136,19.99204969406128
leaky,24,roving_ramp,transient,1.0,0.0,2.0280288323589257,0.0,0.8106953667624472,2.0375630160684666,907.7505350865979,3,1821.5010701731958,True,96,16.88111114501953
leaky,24,roving_ramp,leaky,0.0,5.393941215803205,0.0,0.4975417304101167,0.24869346926276623,3.5898264014810386,749.1451622923842,4,1506.2903245847683,True,215,46.07446002960205
leaky,24,roving_ramp,mixed,0.000872312389132162,5.235270272127681,0.010000000000000004,0.0,1.2600920239956135,3.4287189525422694,749.804360875822,4,1507.608721751644,True,90,29.993278741836548
leaky,24,roving_ramp,mixed_leaky,0.0008473948387842552,5.389347211486333,0.010000000000000004,0.49430693794303693,0.255571518832291,3.5898677406058064,749.2011355040794,5,1508.4022710081588,True,312,107.69245195388794
leaky,23,roving_ramp50,level,0.0,4.318142997320616,0.0,0.0,0.34441231100260117,6.300343722382366,286.2047394900426,3,578.4094789800852,True,112,27.635603427886963
leaky,23,roving_ramp50,transient,1.0,0.0,3.766492145273442,0.0,0.24882822532193302,6.283887721370517,294.49226144869334,3,594.9845228973867,True,160,28.943567514419556
leaky,23,roving_ramp50,leaky,0.0,4.498044640264766,0.0,0.24537278337043236,-0.8481970335252231,7.553387214203336,285.8949105663731,4,579.7898211327462,True,300,100.30058097839355
leaky,23,roving_ramp50,mixed,0.2078763723651804,4.037326947562106,2.318013327356363,0.0,0.4010026777054805,6.891421102390443,284.9244945806432,4,577.8489891612865,True,285,26.86814284324646
leaky,23,roving_ramp50,mixed_leaky,0.19926350304000617,4.085526018893723,2.2243133285302035,0.15929518340381785,-0.3180127953383917,7.479995725454702,284.69383321951653,5,579.3876664390331,True,204,70.21829581260681
leaky,28,roving_ramp50,level,0.0,2.045265354711914,0.0,0.0,0.8970814107379713,3.3068229627324928,346.51605482120215,3,699.0321096424043,True,100,16.310835361480713
leaky,28,roving_ramp50,transient,1.0,0.0,1.1321163516078425,0.0,0.46175734631665477,3.61157077905285,368.63804739912666,3,743.2760947982533,True,88,9.194550514221191
leaky,28,roving_ramp50,leaky,0.0,2.0446361722168978,0.0,0.00599953335189824,0.8863721495762582,3.3078351816900535,346.51612291666993,4,701.0322458333399,True,70,38.423465967178345
leaky,28,roving_ramp50,mixed,0.002231115318165971,2.0440809557465074,0.010000000000000004,0.0,0.8972534529609637,3.3081591837436792,346.53316539661773,4,701.0663307932355,True,235,45.37220215797424
leaky,28,roving_ramp50,mixed_leaky,0.0022326046929033337,2.0427142963696863,0.010000000000000004,0.0060331487488312924,0.8866294085175066,3.3078715762440476,346.5332532705931,5,703.0665065411862,True,150,38.603787660598755
leaky,27,roving_ramp,level,0.0,6.1023948770914105,0.0,0.0,1.3818419455307527,2.974828479331451,1007.6981274619112,3,2021.3962549238224,True,168,30.91834783554077
leaky,27,roving_ramp,transient,1.0,0.0,3.1276756830527486,0.0,0.9864672514309539,1.6846786209276507,1264.0541318574951,3,2534.1082637149902,True,56,12.039318084716797
leaky,27,roving_ramp,leaky,0.0,6.193908612326308,0.0,0.5659813784559171,0.34710725678144655,3.1398590704689093,1007.417745853461,4,2022.835491706922,True,390,67.26229500770569
leaky,27,roving_ramp,mixed,0.018327470173192383,6.041492132614684,0.2467686264726565,0.0,1.3822420126401758,2.9847646642658083,1007.4438297715802,4,2022.8876595431605,True,275,30.83700156211853
leaky,27,roving_ramp,mixed_leaky,0.014480455922098345,6.10332148153536,0.19619732749912772,0.43567867783284114,0.6169812371549015,3.086393620022518,1007.2791079331013,5,2024.5582158662025,True,348,59.81022000312805
leaky,29,roving_ramp,level,0.0,3.690062558349283,0.0,0.0,1.156399958555037,2.3515275200096104,552.9720015531565,3,1111.944003106313,True,76,14.783112525939941
leaky,29,roving_ramp,transient,1.0,0.0,2.717617612418942,0.0,0.9960382629278313,2.142153387391417,580.8779890184336,3,1167.7559780368672,True,96,16.847090482711792
leaky,29,roving_ramp,leaky,0.0,3.6894750182798584,0.0,0.005999787047725931,1.149162613417982,2.351136876530381,552.9720399352996,4,1113.9440798705991,True,75,64.52683687210083
leaky,29,roving_ramp,mixed,0.0012379720002242724,3.687579177075383,0.010000000000000004,0.0,1.1568381467719473,2.351323598748389,552.9724244560705,4,1113.944848912141,True,290,31.44614887237549
leaky,29,roving_ramp,mixed_leaky,0.001238149303326513,3.6870504608379626,0.010000000000000004,0.005999778573872746,1.1492111163379854,2.351533580131394,552.9724644897885,5,1115.944928979577,True,84,23.850608825683594
leaky,27,roving_ramp50,level,0.0,5.271439568291738,0.0,0.0,1.2559911980368756,2.792734742577038,975.5373091174725,3,1957.074618234945,True,124,17.52513861656189
leaky,27,roving_ramp50,transient,1.0,0.0,3.0457352148896764,0.0,0.8076793887855034,1.8816476326625695,1145.9183140058121,3,2297.8366280116243,True,72,12.204889297485352
leaky,27,roving_ramp50,leaky,0.0,5.265582919051596,0.0,0.10801796678787187,1.0926701335941282,2.800969840605524,975.5334018125923,4,1959.0668036251845,True,320,64.81500029563904
leaky,27,roving_ramp50,mixed,0.017939987614901707,5.23228401161961,0.20911503901144438,0.0,1.259674024615414,2.7999404744651444,975.423287070722,4,1958.846574141444,True,250,29.608552932739258
leaky,27,roving_ramp50,mixed_leaky,0.017942802130304674,5.231678936873509,0.2091242589715917,0.005999518974819082,1.250393369679793,2.800997898904626,975.423474932551,5,1960.846949865102,True,78,81.9051296710968
transient,0,roving_ramp50,level,0.0,0.010000000000000004,0.0,0.0,30.0,15.0,257.2654413941718,3,520.5308827883435,True,8,1.7110905647277832
transient,0,roving_ramp50,transient,1.0,0.0,7.69540242918436,0.0,1.6230064007692617,2.94036705015174,168.3660334921626,3,342.7320669843252,True,60,13.466970920562744
transient,0,roving_ramp50,leaky,0.0,0.5298426805980717,0.0,0.8495219215400269,10.346529273050464,5.130923250408416,257.2654413941718,4,522.5308827883435,True,15,2.50352144241333
transient,0,roving_ramp50,mixed,0.9971626058122345,0.010000000000000004,7.688757355067878,0.0,1.6243692962459264,2.939677877105973,168.38498751893468,4,344.76997503786936,True,145,14.324947118759155
transient,0,roving_ramp50,mixed_leaky,0.9971621636736869,0.010000000000000004,7.68755602815039,0.005000000000000002,1.6164578964650194,2.9397856268738414,168.38651326775695,5,346.7730265355139,True,360,49.858946084976196
leaky,26,roving_ramp50,level,0.0,2.5101763397717143,0.0,0.0,1.051548383203475,4.126319724773304,288.75398007216,3,583.50796014432,True,244,24.04988932609558
leaky,26,roving_ramp50,transient,1.0,0.0,0.010000000000000004,0.0,30.0,15.0,398.0484492039483,3,802.0968984078966,True,8,2.1039257049560547
leaky,26,roving_ramp50,leaky,0.0,2.970594926077041,0.0,0.6640455888323511,-2.740517950904381,7.629348983916661,286.5320491265232,4,581.0640982530464,True,580,87.93243145942688
leaky,26,roving_ramp50,mixed,0.003641429134756386,2.5017849655101387,0.02000396225027644,0.0,1.0482122184156952,4.139190327898658,288.75107911295845,4,585.5021582259169,True,50,5.104953765869141
leaky,26,roving_ramp50,mixed_leaky,0.0015205280603294807,3.001475860788909,0.010000000000000004,0.6819041693360633,-3.0951426393582264,8.005466719993949,286.52980932328836,5,583.0596186465767,True,618,124.20592403411865
leaky,23,roving_ramp,level,0.0,7.469676212653048,0.0,0.0,1.4735038566913294,2.595002613429861,222.42170606538923,3,450.84341213077846,True,188,26.184430837631226
leaky,23,roving_ramp,transient,1.0,0.0,3.3092789366499296,0.0,0.4589431296154092,4.939272954458005,235.91610853802143,3,477.83221707604287,True,192,28.102425575256348
leaky,23,roving_ramp,leaky,0.0,7.533113619438416,0.0,0.8576973359801511,-4.401774631849778,7.890387972307936,220.86520174660126,4,449.7304034932025,True,490,97.93115758895874
leaky,23,roving_ramp,mixed,0.001222783592627273,7.466950532485917,0.020000188848116014,0.0,1.47383281234064,2.596112916302112,222.41930769765014,4,452.8386153953003,True,25,22.042907238006592
leaky,23,roving_ramp,mixed_leaky,0.045071038665679505,7.220337534035653,0.7455793109948651,0.8075904294155011,-3.9949769863410887,7.811451638376933,220.79604430145827,5,451.59208860291653,True,1152,183.17191457748413
leaky,29,roving_ramp50,level,0.0,3.129213366087971,0.0,0.0,0.5784720877769468,3.789806134871687,507.29962486485283,3,1020.5992497297057,True,84,14.72323489189148
leaky,29,roving_ramp50,transient,1.0,0.0,2.2886575962210496,0.0,0.523454860069728,3.0915172238848574,541.115017418331,3,1088.230034836662,True,88,16.918137550354004
leaky,29,roving_ramp50,leaky,0.0,3.129058204825123,0.0,0.005000000000000002,0.5688377606625344,3.789356751638634,507.3042310294995,4,1022.608462058999,True,395,78.7796277999878
leaky,29,roving_ramp50,mixed,0.001459545676902173,3.1270737722789126,0.010000000000000004,0.0,0.5784850214657712,3.791343483852089,507.31009879757056,4,1022.6201975951411,True,135,34.0161497592926
leaky,29,roving_ramp50,mixed_leaky,0.0014598260934539872,3.1264722177716266,0.010000000000000004,0.005000000000000002,0.5688607856045182,3.790746293805474,507.31473681321717,5,1024.6294736264344,True,180,58.93079662322998
leaky,26,roving_ramp,level,0.0,2.2748518701193383,0.0,0.0,0.8704074978872285,4.202659289150902,362.5936816200572,3,731.1873632401145,True,128,21.742867708206177
leaky,26,roving_ramp,transient,1.0,0.0,1.4872174085979475,0.0,0.44681571909253026,3.8965766465125107,395.424992905206,3,796.849985810412,True,136,13.633628129959106
leaky,26,roving_ramp,leaky,0.0,2.7774485283045576,0.0,0.679907877704042,-4.24774733127567,9.438380650856287,359.60658729313457,4,727.2131745862691,True,705,154.77739596366882
leaky,26,roving_ramp,mixed,0.11322187579468423,2.1287875684730007,0.5946446919286166,0.0,0.8358323016656691,4.490445136475459,361.1981926403965,4,730.396385280793,True,200,33.898224115371704
leaky,26,roving_ramp,mixed_leaky,0.03484595260240436,2.67623995804354,0.21139300016030546,0.6436304271096945,-3.514508596265221,8.728188423266102,359.5430747441103,5,729.0861494882206,True,642,83.21690201759338
transient,4,roving_ramp,level,0.0,0.010000000000000004,0.0,0.0,30.0,15.0,379.38129693695396,3,764.7625938739079,True,8,1.65555739402771
transient,4,roving_ramp,transient,1.0,0.0,8.57304012917081,0.0,1.8308382235425014,3.7639326518942897,175.91469993138827,3,357.82939986277654,True,72,13.547062158584595
transient,4,roving_ramp,leaky,0.0,0.010000000000000004,0.0,4.999999999999999,30.0,15.0,379.38129693695396,4,766.7625938739079,True,10,2.019531011581421
transient,4,roving_ramp,mixed,0.9974530326709201,0.010000000000000004,8.56798953511093,0.0,1.8327342634254213,3.763585752961468,175.9356372484009,4,359.8712744968018,True,150,14.164156436920166
transient,4,roving_ramp,mixed_leaky,0.9976420023621996,0.010000000000000004,9.25638065621903,0.7000892764102409,-0.3259428746063365,4.83991950075351,174.828744259164,5,359.657488518328,True,276,48.74762797355652
leaky,28,roving_ramp,level,0.0,2.285989102963761,0.0,0.0,1.1396189309327938,2.754607335849865,392.6784719143112,3,791.3569438286224,True,76,13.771559715270996
leaky,28,roving_ramp,transient,1.0,0.0,0.5050536315057357,0.0,0.7165063614041214,2.686523684409712,413.63006418633955,3,833.2601283726791,True,84,8.719334602355957
leaky,28,roving_ramp,leaky,0.0,2.6277734407995577,0.0,1.425054864944783,-2.6801957166859003,3.8728142697534684,392.3229199957566,4,792.6458399915132,True,695,128.3989496231079
leaky,28,roving_ramp,mixed,0.001997912979581275,2.2832056724883163,0.010000000000000004,0.0,1.1397060985672014,2.754826188992282,392.70970664518285,4,793.4194132903657,True,290,43.55611968040466
leaky,28,roving_ramp,mixed_leaky,0.001747834284909466,2.6105388490056853,0.010000000000000004,1.4108701383734306,-2.6279809030546133,3.861994965031301,392.3570781839824,5,794.7141563679648,True,858,90.72901034355164
transient,0,roving_ramp,level,0.0,5.353274280196221,0.0,0.0,3.2044498603711045,1.5168937017137132,224.63946340647254,3,455.2789268129451,True,100,11.085458517074585
transient,0,roving_ramp,transient,1.0,0.0,9.272022539703968,0.0,1.5653689145885463,3.7067184811769485,169.83292434821718,3,345.66584869643435,True,128,21.82477879524231
transient,0,roving_ramp,leaky,0.0,5.354392764235023,0.0,0.00599968837705362,3.200133246197201,1.5166712232486663,224.63951301505134,4,457.27902603010267,True,120,35.34584093093872
transient,0,roving_ramp,mixed,0.9976433909245526,0.010000000000000004,9.261847596392277,0.0,1.5657637450630302,3.705914913005233,169.836401491117,4,347.672802982234,True,320,36.25899314880371
transient,0,roving_ramp,mixed_leaky,0.9976832520558466,0.010000000000000004,9.421580039580217,0.3897630391011187,0.6352370043035565,4.034466125366274,169.57808991259603,5,349.15617982519205,True,684,98.75241708755493
transient,4,roving_ramp50,level,0.0,0.010000000000000004,0.0,0.0,30.0,15.0,294.731834765237,3,595.463669530474,True,8,1.6525418758392334
transient,4,roving_ramp50,transient,1.0,0.0,8.36048357744652,0.0,1.8130021339261566,3.5434599691156614,167.53664981019583,3,341.07329962039165,True,148,20.243569374084473
transient,4,roving_ramp50,leaky,0.0,0.010000000000000004,0.0,4.999999999999999,30.0,15.0,294.731834765237,4,597.463669530474,True,10,2.0379860401153564
transient,4,roving_ramp50,mixed,0.9973901753405756,0.010000000000000004,8.361103548967716,0.0,1.816253740940805,3.543148722971545,167.54055786613804,4,343.0811157322761,True,190,17.832469701766968
transient,4,roving_ramp50,mixed_leaky,0.9975432993368423,0.010000000000000004,8.883607438777087,0.7304028758842055,-0.2538394207779491,4.4395704807995235,167.15944327932144,5,344.3188865586429,True,642,95.13136506080627
transient,1,roving_ramp50,level,0.0,2.0125218040387938,0.0,0.0,1.8392988553747696,1.8477964711648869,243.62064760269487,3,493.24129520538975,True,128,13.591780662536621
transient,1,roving_ramp50,transient,1.0,0.0,6.2214540218207395,0.0,1.6289379312655694,2.281427115085805,226.06165512041437,3,458.12331024082874,True,136,19.99582600593567
transient,1,roving_ramp50,leaky,0.0,2.023552372768825,0.0,2.477926440350759,-3.798102028038465,3.052159734181821,243.3721387951249,4,494.7442775902498,True,830,121.19438290596008
transient,1,roving_ramp50,mixed,0.9964921083195799,0.010000000000000004,6.21494852098295,0.0,1.6309421496344503,2.280043161300016,226.06868531874446,4,460.1373706374889,True,275,57.04341244697571
transient,1,roving_ramp50,mixed_leaky,0.9964643513274306,0.010000000000000004,6.165985639224186,0.2836266161634129,1.2507235341093144,2.3122942799974227,226.0545440353153,5,462.1090880706306,True,156,25.54572033882141
transient,3,roving_ramp,level,0.0,2.337647914934748,0.0,0.0,1.7156132422009378,1.866636891824651,330.1686884828476,3,666.3373769656952,True,116,20.85197877883911
transient,3,roving_ramp,transient,1.0,0.0,5.547390660637747,0.0,1.0066216371921877,3.210689733717507,299.07878604049733,3,604.1575720809947,True,76,14.233461380004883
transient,3,roving_ramp,leaky,0.0,2.4123279493725907,0.0,2.414876469672722,-3.1571401138509705,2.8075955642531145,329.8074737793758,4,667.6149475587516,True,705,90.78944110870361
transient,3,roving_ramp,mixed,0.9828201798405743,0.04412416861908618,5.522577685973403,0.0,1.0135456628271389,3.2034935250932595,299.0754492176561,4,606.1508984353122,True,295,33.18921446800232
transient,3,roving_ramp,mixed_leaky,0.9819837112168531,0.046240157020696566,5.514016939855151,0.35061471579140363,0.300726565622377,3.40464488790878,298.9902956575171,5,607.9805913150342,True,312,39.013887882232666
transient,5,roving_ramp,level,0.0,3.668203244683236,0.0,0.0,2.32356359416498,1.619700967359936,365.38608322511726,3,736.7721664502345,True,140,27.470366716384888
transient,5,roving_ramp,transient,1.0,0.0,8.576879281410084,0.0,1.3117142971105955,3.4367698212153885,280.0599087549112,3,566.1198175098224,True,104,19.02542519569397
transient,5,roving_ramp,leaky,0.0,3.6714320410476122,0.0,0.0059999626632874885,2.322452693299942,1.617439636940109,365.38622387210734,4,738.7724477442147,True,30,23.054264545440674
transient,5,roving_ramp,mixed,0.997453334399682,0.010000000000000004,8.569007262027965,0.0,1.3126660484025094,3.435979310928826,280.0687298929024,4,568.1374597858048,True,165,39.179935693740845
transient,5,roving_ramp,mixed_leaky,0.9974517240478233,0.010000000000000004,8.563578356960441,0.17257988324090454,0.9670394947661282,3.5116595174965117,280.0441637304322,5,570.0883274608644,True,300,65.79006123542786
transient,2,roving_ramp50,level,0.0,11.727283321277817,0.0,0.0,9.336179125992695,0.7999120695282331,461.5009088421823,3,929.0018176843646,True,200,40.32961654663086
transient,2,roving_ramp50,transient,1.0,0.0,9.062695414010914,0.0,1.7549242426483256,2.482923106218411,356.27819159966214,3,718.5563831993243,True,112,17.185901641845703
transient,2,roving_ramp50,leaky,0.0,11.725821560205098,0.0,0.005000000000000002,9.334171541437321,0.7997206796488524,461.50146605198347,4,931.0029321039669,True,180,54.71306085586548
transient,2,roving_ramp50,mixed,0.9975894322542324,0.010000000000000004,9.054038670160786,0.0,1.7561525388587003,2.4826371065496757,356.31176293240634,4,720.6235258648127,True,95,46.606454372406006
transient,2,roving_ramp50,mixed_leaky,0.9975889940555838,0.010000000000000004,9.05238912861626,0.005061592300933014,1.7492766160253332,2.482732953550073,356.31189440684426,5,722.6237888136885,True,354,65.95026755332947
transient,2,roving_ramp,level,0.0,5.529996766890746,0.0,0.0,4.113257902270825,1.11692415174032,461.14674207219707,3,928.2934841443941,True,148,30.063641786575317
transient,2,roving_ramp,transient,1.0,0.0,10.280086454503591,0.0,1.7329829176592049,2.9756436358395537,313.6680350268772,3,633.3360700537544,True,116,15.769547462463379
transient,2,roving_ramp,leaky,0.0,5.056164672058432,0.0,4.999999999999999,0.5296315740673758,1.1503876067005678,460.6405811821681,4,929.2811623643362,True,445,91.48970675468445
transient,2,roving_ramp,mixed,0.9934229644390601,0.031068040571595637,10.266625376623615,0.0,1.7379710185963455,2.9762929914972363,313.66660008258367,4,635.3332001651673,True,290,31.420042753219604
transient,2,roving_ramp,mixed_leaky,0.9865135693883287,0.06429830030205479,10.290000127529412,0.33184955578730063,1.1801816970826802,3.046213306930004,313.59383865424974,5,637.1876773084995,True,318,90.44224429130554
transient,1,roving_ramp,level,0.0,2.6394152632892656,0.0,0.0,1.4953265346750708,2.236864586230748,260.38357233791,3,526.76714467582,True,168,26.742221117019653
transient,1,roving_ramp,transient,1.0,0.0,5.951413955503665,0.0,1.226979739868799,3.0583826351976056,236.82579807012445,3,479.6515961402489,True,68,14.306079149246216
transient,1,roving_ramp,leaky,0.0,2.8249262624866978,0.0,1.774749770026414,-1.6916689655340942,2.759118424857476,260.207726015768,4,528.415452031536,True,585,86.3470458984375
transient,1,roving_ramp,mixed,0.9716994328128258,0.07840345157431244,5.889546272437759,0.0,1.2308553588203313,3.0573220570600634,236.82119732062978,4,481.64239464125956,True,280,32.13958764076233
transient,1,roving_ramp,mixed_leaky,0.9715595688396342,0.07878791785380602,5.888473531525725,0.005000000000000002,1.2231215115087435,3.056750255731804,236.82413498164217,5,483.64826996328435,True,750,143.24245047569275
transient,3,roving_ramp50,level,0.0,1.7801873704466369,0.0,0.0,1.376803316231886,2.20075622022923,304.13552893203774,3,614.2710578640755,True,128,21.80167007446289
transient,3,roving_ramp50,transient,1.0,0.0,5.77778201846623,0.0,1.3216851919440475,2.576029756764451,279.6240519359738,3,565.2481038719476,True,132,23.47937321662903
transient,3,roving_ramp50,leaky,0.0,1.9154438722014568,0.0,1.897872128009941,-2.9289490094378134,3.209825649845956,303.82542526157573,4,615.6508505231515,True,665,82.88304567337036
transient,3,roving_ramp50,mixed,0.993282375661383,0.017819687775566695,5.764570470766873,0.0,1.3228873184182148,2.5769756016625904,279.62365278270664,4,567.2473055654133,True,305,33.93961024284363
transient,3,roving_ramp50,mixed_leaky,0.9934250527319276,0.018039543870828827,5.96318430881528,1.1541563299416773,-1.0018385209906175,3.1202428211063014,279.32660826704404,5,568.6532165340881,True,546,90.38105392456055
transient,5,roving_ramp50,level,0.0,4.249521696837614,0.0,0.0,2.616715467298713,1.6936389897216646,236.2773054459202,3,478.5546108918404,True,92,9.679863691329956
transient,5,roving_ramp50,transient,1.0,0.0,6.458130623852777,0.0,1.2844369425490607,3.1942000756355107,203.09078587993193,3,412.18157175986386,True,104,16.200901746749878
transient,5,roving_ramp50,leaky,0.0,4.4303674335456495,0.0,3.167765685534536,-4.852469495505453,3.0810362817180046,235.69723698502253,4,479.39447397004506,True,700,89.83356618881226
transient,5,roving_ramp50,mixed,0.7300565654666415,1.007422509945118,5.960809447890167,0.0,1.4811752675384835,3.075094060015007,201.8568789887557,4,411.7137579775114,True,245,44.63123607635498
transient,5,roving_ramp50,mixed_leaky,0.7300596262655883,1.0073538045411348,5.960495498854029,0.0059988808615615815,1.4710049552624875,3.076391636423733,201.8571011261593,5,413.7142022523186,True,216,67.38796877861023
transient,10,roving_ramp,level,0.0,0.010000000000000004,0.0,0.0,30.0,15.0,341.79414853431257,3,689.5882970686251,True,8,1.6302132606506348
transient,10,roving_ramp,transient,1.0,0.0,7.699566368604516,0.0,1.6651812459478446,3.7110853413126645,167.4503994288036,3,340.9007988576072,True,132,19.03520941734314
transient,10,roving_ramp,leaky,0.0,0.010000000000000004,0.0,4.999999999999999,30.0,15.0,341.79414853431257,4,691.5882970686251,True,10,2.0395612716674805
transient,10,roving_ramp,mixed,0.8335706226001234,0.6740117458942319,7.385667012745854,0.0,1.7736524461889158,3.757983092710028,166.87381784757656,4,341.7476356951531,True,230,21.638590574264526
transient,10,roving_ramp,mixed_leaky,0.8324893527989371,0.6789920270600643,7.382624715362178,0.04543188468927789,1.681079442687502,3.77224828336543,166.87149676192553,5,343.74299352385106,True,342,44.00058698654175
transient,7,roving_ramp,level,0.0,3.2405475725585404,0.0,0.0,1.3044508909073158,2.2965713443250055,310.7290483285458,3,627.4580966570916,True,120,23.226499557495117
transient,7,roving_ramp,transient,1.0,0.0,6.6118451932326865,0.0,1.1362383355115713,2.8667123863875337,296.181238870817,3,598.362477741634,True,116,20.133931398391724
transient,7,roving_ramp,leaky,0.0,3.225979615724436,0.0,0.4237587860193205,0.7544465711478395,2.3231164401109825,310.7195230153692,4,629.4390460307384,True,100,28.58964204788208
transient,7,roving_ramp,mixed,0.7843076089974474,0.7708164015497374,6.132144739156544,0.0,1.173447911199581,2.8609183037064905,295.8172391736357,4,599.6344783472714,True,205,40.49921178817749
transient,7,roving_ramp,mixed_leaky,0.7844055717406294,0.770291118539792,6.131516112259421,0.005000000000000002,1.1654948431196064,2.8617250158098915,295.82127149297605,5,601.6425429859521,True,654,96.16622757911682
transient,6,roving_ramp,level,0.0,5.028831589997919,0.0,0.0,2.23746581325885,1.8065662185964617,180.84079987508647,3,367.68159975017295,True,132,14.24550747871399
transient,6,roving_ramp,transient,1.0,0.0,17.36217493248896,0.0,2.703193769830621,2.240755450669558,157.6793852638648,3,321.3587705277296,True,204,31.101032733917236
transient,6,roving_ramp,leaky,0.0,5.561194855448736,0.0,3.180534588539141,-2.243008311313777,2.1955717030784134,180.58853827523367,4,369.17707655046735,True,550,79.5182797908783
transient,6,roving_ramp,mixed,0.9410816795143528,0.4821901694328668,16.85020383671315,0.0,2.697550223474143,2.248302374828988,157.62134711046866,4,323.2426942209373,True,290,32.684534788131714
transient,6,roving_ramp,mixed_leaky,0.9338672031291833,0.6035554881291689,18.646412307795618,1.9379726514905766,-2.1949902527006904,3.564282259472518,157.14409854267737,5,324.28819708535474,True,642,79.31431555747986
transient,10,roving_ramp50,level,0.0,0.010000000000000004,0.0,0.0,30.0,15.0,247.86936265635447,3,501.73872531270894,True,8,1.6459403038024902
transient,10,roving_ramp50,transient,1.0,0.0,7.886127695526357,0.0,1.7670931332063666,3.5907175965959977,129.52800614948166,3,265.0560122989633,True,116,17.813836812973022
transient,10,roving_ramp50,leaky,0.0,0.010000000000000004,0.0,4.999999999999999,30.0,15.0,247.86936265635447,4,503.73872531270894,True,10,2.037397623062134
transient,10,roving_ramp50,mixed,0.9972308164674089,0.010000000000000004,7.878686079851514,0.0,1.7690479667797998,3.5887530221318014,129.54331181897825,4,267.0866236379565,True,135,12.966367244720459
transient,10,roving_ramp50,mixed_leaky,0.997231410710378,0.010000000000000004,7.880381836871555,0.005000000000000002,1.7596992845000827,3.5907879177834436,129.54763833370188,5,269.09527666740377,True,252,61.04596257209778
transient,6,roving_ramp50,level,0.0,2.4981281189960254,0.0,0.0,1.6465780186357473,2.1185367340194508,199.13011591112078,3,404.26023182224156,True,128,13.026456594467163
transient,6,roving_ramp50,transient,1.0,0.0,7.777322075098857,0.0,1.4035130788272023,2.936708599773402,182.93566044590477,3,371.87132089180955,True,64,13.388065099716187
transient,6,roving_ramp50,leaky,0.0,2.0146637509068444,0.0,1.158151581845805,-4.715982706388877,6.22892311027012,198.62297368457487,4,405.24594736914975,True,855,131.51266622543335
transient,6,roving_ramp50,mixed,0.9971930705365143,0.010000000000000004,7.772443955173049,0.0,1.4051304383292509,2.935251414732148,182.93841486301903,4,373.87682972603807,True,290,50.99603843688965
transient,6,roving_ramp50,mixed_leaky,0.9971917092595984,0.010000000000000004,7.768665774177747,0.005000000000000002,1.3964828278935,2.936530485252968,182.93955724426414,5,375.8791144885283,True,396,53.69935464859009
transient,8,roving_ramp50,level,0.0,3.188911774215959,0.0,0.0,1.566086566387923,1.82935353668162,418.77450952324807,3,843.5490190464961,True,88,18.244054079055786
transient,8,roving_ramp50,transient,1.0,0.0,15.8426783638208,0.0,1.574870440534859,3.132674880493996,344.59081142608795,3,695.1816228521759,True,84,18.604569911956787
transient,8,roving_ramp50,leaky,0.0,3.1909845217108037,0.0,0.005999926121278204,1.564060296189831,1.8262235664790742,418.7747419466582,4,845.5494838933164,True,25,26.314825534820557
transient,8,roving_ramp50,mixed,0.9986201568316039,0.010000000000000004,15.833628339537256,0.0,1.5744352983293322,3.13418679445593,344.6011664098682,4,697.2023328197364,True,305,32.271377086639404
transient,8,roving_ramp50,mixed_leaky,0.9986194043570944,0.010000000000000004,15.824986515624692,0.23104681449215295,1.1599067521095898,3.1940282599072733,344.55934454251496,5,699.1186890850299,True,288,79.03244209289551
transient,8,roving_ramp,level,0.0,4.213868805562078,0.0,0.0,1.5449967678663068,1.9536856192312273,421.54707570786445,3,849.0941514157289,True,136,22.93865966796875
transient,8,roving_ramp,transient,1.0,0.0,15.249911667649851,0.0,1.5866514312311943,3.0973227276151443,354.7022836175352,3,715.4045672350704,True,88,14.544079542160034
transient,8,roving_ramp,leaky,0.0,4.170540635696351,0.0,0.4806211231623658,1.0041501304244778,1.9764274089505676,421.53127987720364,4,851.0625597544073,True,255,42.67601799964905
transient,8,roving_ramp,mixed,0.97443511280496,0.18151061568996316,15.136341604418773,0.0,1.5914311251318645,3.1048897560355075,354.6834044135556,4,717.3668088271112,True,290,36.266154289245605
transient,8,roving_ramp,mixed_leaky,0.967831674749198,0.23142094690193876,15.232945659676487,0.6056880720476119,0.3615082389986073,3.3781960998013507,354.6319649639035,5,719.263929927807,True,420,89.43836760520935
transient,7,roving_ramp50,level,0.0,1.594502318165419,0.0,0.0,0.6011390454225637,3.3507263714869477,371.0277987876139,3,748.0555975752278,True,140,18.299625158309937
transient,7,roving_ramp50,transient,1.0,0.0,5.716437977336374,0.0,0.6676732689354716,3.918065236956398,357.72818034077005,3,721.4563606815401,True,112,16.570605039596558
transient,7,roving_ramp50,leaky,0.0,1.7983334823182249,0.0,0.9017783486351514,-1.62336422187748,3.886363233902562,370.87103344391454,4,749.7420668878291,True,550,105.07410478591919
transient,7,roving_ramp50,mixed,0.7775960076938164,0.685875864848966,5.246465369596444,0.0,0.7170558212854936,3.865443046942472,356.76637747028326,4,721.5327549405665,True,325,47.32734560966492
transient,7,roving_ramp50,mixed_leaky,0.7773499220055939,0.6866574151828184,5.2449779709356275,0.005000000000000002,0.7071323179888592,3.8652499149692527,356.77665831755485,5,723.5533166351097,True,378,57.597495555877686
transient,13,roving_ramp50,level,0.0,0.010000000000000004,0.0,0.0,30.0,15.0,191.42913757314253,3,388.85827514628505,True,8,1.7133963108062744
transient,13,roving_ramp50,transient,1.0,0.0,6.551742153008908,0.0,1.4600545488640875,3.0763951145647637,148.26758553709752,3,302.53517107419503,True,80,14.176864862442017
transient,13,roving_ramp50,leaky,0.0,0.010000000000000004,0.0,4.999999999999999,30.0,15.0,191.42913757314253,4,390.85827514628505,True,10,2.059826612472534
transient,13,roving_ramp50,mixed,0.9966686097036733,0.010000000000000004,6.545383695249979,0.0,1.4621927894435318,3.0742261749826167,148.27947322778044,4,304.5589464555609,True,105,10.491135120391846
transient,13,roving_ramp50,mixed_leaky,0.9966688654990111,0.010000000000000004,6.545887990393715,0.005000000000000002,1.4542995666813505,3.0742107333149074,148.28273321177488,5,306.56546642354976,True,294,42.57636880874634
transient,13,roving_ramp,level,0.0,0.529498303118651,0.0,0.0,10.718076326017268,5.129345922542891,238.48386769291093,3,482.96773538582187,True,12,2.0661816596984863
transient,13,roving_ramp,transient,1.0,0.0,7.173546243206528,0.0,1.2288186327313404,4.105133494927545,150.16165715931712,3,306.32331431863423,True,100,19.945617198944092
transient,13,roving_ramp,leaky,0.0,0.5309116938552424,0.0,0.8487577715037631,10.33655117667557,5.12812948379779,238.48386769291093,4,484.96773538582187,True,15,2.279935598373413
transient,13,roving_ramp,mixed,0.9969571822218491,0.010000000000000004,7.168204848366953,0.0,1.2299522666662104,4.105013213598645,150.1626192314422,4,308.3252384628844,True,170,16.32860016822815
transient,13,roving_ramp,mixed_leaky,0.9970181959581426,0.010079851765218,7.373742664573159,0.5031673479036506,-1.3105884000288728,6.813913186244158,149.90307712901293,5,309.80615425802586,True,432,47.87544918060303
transient,9,roving_ramp50,level,0.0,3.4208485031697875,0.0,0.0,1.9540897688111445,1.7915760525853168,316.62937084420565,3,639.2587416884113,False,180,25.791435480117798
transient,9,roving_ramp50,transient,1.0,0.0,10.827582535899273,0.0,1.5654980706706678,2.913095014300099,268.0423946318843,3,542.0847892637686,True,108,16.852277755737305
transient,9,roving_ramp50,leaky,0.0,3.3978805658124567,0.0,0.3889367480291885,1.563568277267471,1.7963220472404566,316.61124145210954,4,641.2224829042191,True,160,37.42814779281616
transient,9,roving_ramp50,mixed,0.9589800139309878,0.2085621133948676,10.667417996184817,0.0,1.5844084915974321,2.9051929384981645,267.98466079846094,4,543.9693215969219,True,340,37.48000526428223
transient,9,roving_ramp50,mixed_leaky,0.9644301223552587,0.18079743099287904,10.724831970395918,0.6605384756851549,0.3328381358778341,3.140743923491644,267.94612439028646,5,545.8922487805729,True,462,63.5284469127655
transient,15,roving_ramp50,level,0.0,0.010000000000000004,0.0,0.0,30.0,15.0,332.34440089360834,3,670.6888017872167,True,8,1.6726899147033691
transient,15,roving_ramp50,transient,1.0,0.0,7.534224275210328,0.0,1.7252334504777707,2.3199889438195767,243.77344450488536,3,493.5468890097707,True,100,15.968977451324463
transient,15,roving_ramp50,leaky,0.0,0.010000000000000004,0.0,4.999999999999999,30.0,15.0,332.34440089360834,4,672.6888017872167,True,10,2.0410618782043457
transient,15,roving_ramp50,mixed,0.814910582715931,0.7422886240175938,7.150081972433774,0.0,1.831005480259288,2.337749929521625,243.05898876822772,4,494.11797753645544,True,245,24.525530338287354
transient,15,roving_ramp50,mixed_leaky,0.8147488209288469,0.7428182476505376,7.147516557113716,0.005998655233439979,1.8238440802278104,2.337006847832996,243.05991042178667,5,496.11982084357334,True,72,20.750133514404297
transient,9,roving_ramp,level,0.0,4.021999214957911,0.0,0.0,1.8550207022259768,1.889415255236886,312.0015399987535,3,630.003079997507,True,108,18.95236325263977
transient,9,roving_ramp,transient,1.0,0.0,11.733136504501852,0.0,1.4516035705904784,3.3580031778125683,258.8453300830633,3,523.6906601661266,True,132,23.611913919448853
transient,9,roving_ramp,leaky,0.0,4.280386687257825,0.0,2.437031468846319,-4.841018121338078,3.5538004294610706,311.4162439665555,4,630.832487933111,True,960,121.10007047653198
transient,9,roving_ramp,mixed,0.9731592533889973,0.14620491843947003,11.597413811515867,0.0,1.4596235864821947,3.3492607890189454,258.82654641139266,4,525.6530928227853,True,205,53.961400747299194
transient,9,roving_ramp,mixed_leaky,0.9718419797261809,0.1537061842153759,11.606324941648106,0.4713580423426719,0.4325216712956548,3.6219805892585644,258.7076362391486,5,527.4152724782972,True,366,53.38828158378601
transient,11,roving_ramp50,level,0.0,1.9897704349744947,0.0,0.0,1.1015706098472826,2.310754383747814,375.257812652409,3,756.515625304818,True,128,26.784607648849487
transient,11,roving_ramp50,transient,1.0,0.0,7.375483960454218,0.0,0.9066675405097969,3.371484765887393,352.43780374735496,3,710.8756074947099,True,84,17.24374771118164
transient,11,roving_ramp50,leaky,0.0,1.9929091190533854,0.0,0.005999655311656809,1.095849392895383,2.3088702978009,375.25807667087804,4,758.5161533417561,True,105,44.55501389503479
transient,11,roving_ramp50,mixed,0.997039335581098,0.010000000000000004,7.36771731750138,0.0,0.9077752085332489,3.369252276624288,352.4446400335265,4,712.889280067053,False,280,50.98710227012634
transient,11,roving_ramp50,mixed_leaky,0.9970392897927123,0.010000000000000004,7.367603034906235,0.005000000000000002,0.898643342551805,3.3708318562883224,352.4459452169591,5,714.8918904339182,True,468,85.59611821174622
transient,19,roving_ramp50,level,0.0,0.010000000000000004,0.0,0.0,30.0,15.0,135.16250305629262,3,276.32500611258524,True,8,1.7399311065673828
transient,19,roving_ramp50,transient,1.0,0.0,0.010000000000000004,0.0,30.0,15.0,135.16250305629262,3,276.32500611258524,True,8,1.7420718669891357
transient,19,roving_ramp50,leaky,0.0,0.010000000000000004,0.0,4.999999999999999,30.0,15.0,135.16250305629262,4,278.32500611258524,True,10,2.1143600940704346
transient,19,roving_ramp50,mixed,0.4775764455742727,0.010000000000000004,0.02,0.0,30.0,15.0,135.16250305629262,4,278.32500611258524,True,5,1.1887264251708984
transient,19,roving_ramp50,mixed_leaky,0.4775764455742727,0.010000000000000004,0.02,0.005999999999999998,30.0,15.0,135.16250305629262,5,280.32500611258524,True,6,1.9205152988433838
transient,14,roving_ramp50,level,0.0,4.161335088871195,0.0,0.0,3.650436898315921,1.1188872512213102,437.5602782498416,3,881.1205564996832,True,140,31.513513803482056
transient,14,roving_ramp50,transient,1.0,0.0,8.433445478870143,0.0,1.2048001821217202,3.2121692899647694,356.77240055463113,3,719.5448011092623,True,104,14.808750629425049
transient,14,roving_ramp50,leaky,0.0,4.115510274649737,0.0,0.45432035916917474,3.372979935300686,1.107817182786301,437.5407480278296,4,883.0814960556592,True,200,36.57775139808655
transient,14,roving_ramp50,mixed,0.9974100644334413,0.010000000000000004,8.425479629555971,0.0,1.2063157981507415,3.2107235792485387,356.8123207019552,4,721.6246414039103,True,235,30.55496311187744
transient,14,roving_ramp50,mixed_leaky,0.9974111702660242,0.010000000000000004,8.42908796397379,0.2598554579208967,0.7238818999431132,3.2893528084094745,356.7767868015241,5,723.5535736030482,True,432,60.41823887825012
transient,12,roving_ramp,level,0.0,3.808987720401281,0.0,0.0,3.2261993720247117,1.3163492232775504,220.24032188663475,3,446.4806437732695,True,148,16.521913290023804
transient,12,roving_ramp,transient,1.0,0.0,8.12079331894439,0.0,1.7681939993348728,2.613849178544521,179.0408032165353,3,364.0816064330706,True,64,14.286467552185059
transient,12,roving_ramp,leaky,0.0,3.713584027731805,0.0,0.37397580212074266,2.901962560737935,1.320535415720561,220.23555874988295,4,448.4711174997659,True,230,35.22404718399048
transient,12,roving_ramp,mixed,0.9973117369143658,0.010000000000000004,8.116504018525177,0.0,1.7698816260827266,2.6128216384870857,179.06868365814876,4,366.1373673162975,True,145,38.840720891952515
transient,12,roving_ramp,mixed_leaky,0.9975160778925255,0.010000000000000004,8.786011713729081,1.3563327795071702,-4.29906296533897,5.633636970513305,177.76396830158427,5,365.52793660316854,True,678,140.02796745300293
transient,11,roving_ramp,level,0.0,2.387747114990476,0.0,0.0,1.1119270302374245,2.184261169968146,461.5877578095143,3,929.1755156190286,True,128,23.463672876358032
transient,11,roving_ramp,transient,1.0,0.0,6.147727485246822,0.0,0.8005800837035293,3.2121620835263665,437.58226920040914,3,881.1645384008183,True,88,16.305014610290527
transient,11,roving_ramp,leaky,0.0,2.378699257988578,0.0,0.3902853747026775,0.6291541605360501,2.209048796692703,461.5507626085846,4,931.1015252171692,True,140,35.74787759780884
transient,11,roving_ramp,mixed,0.9964507101369139,0.010000000000000004,6.142203465442516,0.0,0.8017827931444886,3.2097824161464388,437.59331092955483,4,883.1866218591097,True,320,42.33400344848633
transient,11,roving_ramp,mixed_leaky,0.9964502469211495,0.010000000000000004,6.141399099703145,0.005000000000000002,0.7929043740620737,3.211376161298854,437.59593382477055,5,885.1918676495411,False,552,165.1755669116974
transient,19,roving_ramp,level,0.0,0.010000000000000004,0.0,0.0,30.0,15.0,266.705521965388,3,539.411043930776,True,8,1.6889111995697021
transient,19,roving_ramp,transient,1.0,0.0,5.480401183394927,0.0,1.8026657240466892,3.5259711396269,143.0632338413177,3,292.1264676826354,True,72,7.7932984828948975
transient,19,roving_ramp,leaky,0.0,0.010000000000000004,0.0,4.999999999999999,30.0,15.0,266.705521965388,4,541.411043930776,True,10,2.119011640548706
transient,19,roving_ramp,mixed,0.996019087055519,0.010000000000000004,5.4738743857459795,0.0,1.8044336975556197,3.524816715773643,143.07960167562416,4,294.1592033512483,True,145,14.337915182113647
transient,19,roving_ramp,mixed_leaky,0.9962558754325895,0.010000000000000004,5.821440363147303,0.7362593152250089,-1.0760450115931695,5.442317060912504,142.5930294114362,5,295.1860588228724,True,456,52.475849628448486
transient,14,roving_ramp,level,0.0,2.200512591379452,0.0,0.0,1.8877176733851146,1.5689770976266024,506.86521778705685,3,1019.7304355741137,False,208,29.877921104431152
transient,14,roving_ramp,transient,1.0,0.0,7.976620190479532,0.0,1.1090095822460726,3.0632385238661772,425.9823090714801,3,857.9646181429601,True,92,18.74764370918274
transient,14,roving_ramp,leaky,0.0,2.183566722608057,0.0,0.35226379595240964,1.5826836876603512,1.567599914467682,506.8647529003116,4,1021.7295058006232,True,155,45.41721034049988
transient,14,roving_ramp,mixed,0.997262180390258,0.010000000000000004,7.969193388990853,0.0,1.1101071417162367,3.062437621854997,426.0118655120589,4,860.0237310241178,False,390,46.34269857406616
transient,14,roving_ramp,mixed_leaky,0.9972616379018342,0.010000000000000004,7.967610302595398,0.005000000000000002,1.1019920943139374,3.062544245072366,426.01681540273836,5,862.0336308054767,True,630,95.92691016197205
transient,16,roving_ramp,level,0.0,5.531569589443781,0.0,0.0,1.2426780713694945,2.085707560306262,508.83054359518223,3,1023.6610871903645,True,76,18.51880407333374
transient,16,roving_ramp,transient,1.0,0.0,11.699985191658973,0.0,1.1567394058115141,2.9377069582768955,461.2459138139066,3,928.4918276278132,True,68,13.60931944847107
transient,16,roving_ramp,leaky,0.0,5.528422658818813,0.0,0.005000000000000002,1.2366535029159538,2.086168951590708,508.8317189444045,4,1025.6634378888089,True,380,72.43654823303223
transient,16,roving_ramp,mixed,0.9981324156161777,0.010000000000000004,11.692779842952175,0.0,1.1570867517270775,2.9368008450914993,461.2502514284026,4,930.5005028568052,True,300,30.777918815612793
transient,16,roving_ramp,mixed_leaky,0.9981320996624939,0.010000000000000004,11.690798318959613,0.005000000000000002,1.1492631191574556,2.9369554046166355,461.2539399388375,5,932.507879877675,True,354,80.41447877883911
transient,15,roving_ramp,level,0.0,3.7144619339594716,0.0,0.0,3.13904722381117,1.2896415637711243,320.6939725648066,3,647.3879451296132,True,208,37.78522348403931
transient,15,roving_ramp,transient,1.0,0.0,8.56645777804826,0.0,1.8649428935801946,2.2624944009911765,265.51434006604535,3,537.0286801320907,True,112,17.37710666656494
transient,15,roving_ramp,leaky,0.0,3.655249010863285,0.0,0.41632623990679574,2.8229648409778307,1.2855434359103473,320.6925280578324,4,649.3850561156648,True,160,36.72093629837036
transient,15,roving_ramp,mixed,0.9974509617625308,0.010000000000000004,8.561010891671016,0.0,1.866900043157373,2.261516995120306,265.52871533913196,4,539.0574306782639,True,145,37.80859565734863
transient,15,roving_ramp,mixed_leaky,0.9974508490947174,0.010000000000000004,8.560631543655603,0.005000000000000002,1.8610603508385437,2.2613390030502347,265.52939728797907,5,541.0587945759581,True,516,98.4579770565033
transient,18,roving_ramp50,level,0.0,5.16682186926504,0.0,0.0,1.283194802833303,1.9013438697301392,594.9029674899367,3,1195.8059349798734,True,124,21.268417358398438
transient,18,roving_ramp50,transient,1.0,0.0,11.31992137323385,0.0,1.5309695321860624,2.082309921273635,562.1348476864423,3,1130.2696953728846,True,108,20.366934061050415
transient,18,roving_ramp50,leaky,0.0,5.166360915054488,0.0,0.005999117003641208,1.2775591541043931,1.900873014597052,594.9037448224398,4,1197.8074896448795,True,50,27.351277828216553
transient,18,roving_ramp50,mixed,0.841634586902134,0.9380236970058812,10.906537397872178,0.0,1.5378745849436177,2.103746527216897,561.9159212381126,4,1131.8318424762251,True,255,26.131438732147217
transient,18,roving_ramp50,mixed_leaky,0.8412428711214547,0.9407242617376629,10.905870893626032,0.005000000000000002,1.5325557237190437,2.1035709030331127,561.9169969109092,5,1133.8339938218185,True,498,82.82203793525696
transient,17,roving_ramp,level,0.0,5.222575251961078,0.0,0.0,1.0398083519633075,2.325445322489144,506.22587035258226,3,1018.4517407051645,True,88,19.88675332069397
transient,17,roving_ramp,transient,1.0,0.0,9.446821563254845,0.0,1.0448872382018497,2.9056612193078237,481.04096016018866,3,968.0819203203773,True,72,14.796466588973999
transient,17,roving_ramp,leaky,0.0,5.22094262276155,0.0,0.005000000000000002,1.0334872356597846,2.3256201469085567,506.226073291907,4,1020.452146583814,True,835,103.5913519859314
transient,17,roving_ramp,mixed,0.9244840524252458,0.3459909180316834,9.266917423203756,0.0,1.0534277594218213,2.900491942119192,481.0054228849949,4,970.0108457699898,True,265,29.871118545532227
transient,17,roving_ramp,mixed_leaky,0.911073637537347,0.41036460873114283,9.198196804065804,0.2646667945749335,0.6193030576619257,2.9429135146208627,480.9906855829541,5,971.9813711659082,True,162,51.34030556678772
transient,12,roving_ramp50,level,0.0,4.755854528808261,0.0,0.0,2.7456504028824256,1.7278751556348877,158.19617837620737,3,322.39235675241474,True,104,11.681158542633057
transient,12,roving_ramp50,transient,1.0,0.0,9.958067039035273,0.0,1.6212470781822355,3.695856500133755,125.71864068731384,3,257.4372813746277,True,108,21.968270540237427
transient,12,roving_ramp50,leaky,0.0,4.872635896488862,0.0,2.9480726552983016,-3.959488617783289,3.0060525142879215,157.66905408577543,4,323.33810817155086,True,655,112.84289073944092
transient,12,roving_ramp50,mixed,0.9978050372504915,0.010000000000000004,9.945540361640628,0.0,1.6218547802433412,3.6939056079581736,125.72282403849613,4,259.44564807699226,True,285,40.45465302467346
transient,12,roving_ramp50,mixed_leaky,0.9979641527071699,0.010000000000000004,10.72456261343884,0.6708710235512964,-4.2359881260519305,10.465589496621128,125.12130381554415,5,260.2426076310883,True,474,144.611665725708
transient,16,roving_ramp50,level,0.0,5.647103463135605,0.0,0.0,1.2011326389450385,2.1410358345624316,515.0700620041772,3,1036.1401240083544,True,140,26.38167667388916
transient,16,roving_ramp50,transient,1.0,0.0,11.467069606815748,0.0,1.1381649950876673,2.945942062046249,477.6416486981696,3,961.2832973963392,True,148,20.083641052246094
transient,16,roving_ramp50,leaky,0.0,6.552133582591436,0.0,2.3722757911409587,-3.5673814934289476,2.91745634494495,514.293685194191,4,1036.587370388382,True,685,123.09502410888672
transient,16,roving_ramp50,mixed,0.9980942875824385,0.010000000000000004,11.458401943304702,0.0,1.138068814456955,2.946363522625748,477.6428564612663,4,963.2857129225326,True,355,37.880414962768555
transient,16,roving_ramp50,mixed_leaky,0.9980939541514064,0.010000000000000004,11.45639365917606,0.005999428102462733,1.128869774202907,2.9460586115755003,477.64315733677375,5,965.2863146735475,True,108,78.27891445159912
transient,18,roving_ramp,level,0.0,5.197467646318326,0.0,0.0,0.7891810233320052,2.7503125719075863,576.3699362975577,3,1158.7398725951155,True,124,17.992873430252075
transient,18,roving_ramp,transient,1.0,0.0,8.593838054323877,0.0,0.9878083503942815,2.775038938313245,555.1558847366524,3,1116.3117694733048,True,140,25.50247359275818
transient,18,roving_ramp,leaky,0.0,5.195365510955257,0.0,0.005000000000000002,0.7820364086171551,2.7498799512325,576.3724103861995,4,1160.744820772399,True,350,74.16978621482849
transient,18,roving_ramp,mixed,0.6609987756322823,1.8132111456626212,7.734951852086809,0.0,0.9822530615806562,2.9065888972355927,554.1259431092166,4,1116.2518862184331,False,390,60.12864112854004
transient,18,roving_ramp,mixed_leaky,0.6612096934627772,1.8113127402476745,7.734131006847074,0.005000000000000002,0.9744918237387641,2.906684244413411,554.1277408064385,5,1118.255481612877,True,534,82.23069286346436
transient,17,roving_ramp50,level,0.0,5.359613483159395,0.0,0.0,0.9738168951111904,2.3881209140545487,544.8811194167215,3,1095.762238833443,True,80,15.159456014633179
transient,17,roving_ramp50,transient,1.0,0.0,8.897555843438639,0.0,0.9510566222663296,2.846235265501556,522.0691503226033,3,1050.1383006452065,True,120,20.13381791114807
transient,17,roving_ramp50,leaky,0.0,6.255801066954857,0.0,1.8978362764783436,-4.042054079834789,3.650313131984925,543.6916730376835,4,1095.383346075367,True,565,111.79460382461548
transient,17,roving_ramp50,mixed,0.7050635740682086,1.585303728091886,8.291291658877213,0.0,1.0270811674364415,2.791789406070127,521.2224322102966,4,1050.4448644205931,True,230,44.83552169799805
transient,17,roving_ramp50,mixed_leaky,0.7048723151056859,1.586293220572113,8.288841152292811,0.005999545923693123,1.0178477116456746,2.7927440957857566,521.2225876613695,5,1052.445175322739,True,126,74.674556016922
transient,22,roving_ramp50,level,0.0,0.010000000000000004,0.0,0.0,30.0,15.0,351.0238870078699,3,708.0477740157398,True,8,1.569056749343872
transient,22,roving_ramp50,transient,1.0,0.0,6.565085559015511,0.0,1.3411953192972277,2.870908555379521,255.92524406644387,3,517.8504881328877,True,64,16.18755865097046
transient,22,roving_ramp50,leaky,0.0,0.010000000000000004,0.0,4.999999999999999,30.0,15.0,351.0238870078699,4,710.0477740157398,True,10,1.9776802062988281
transient,22,roving_ramp50,mixed,0.9966762978184307,0.010000000000000004,6.560574545590701,0.0,1.3449786769262304,2.8659793074045252,255.95684105046985,4,519.9136821009397,True,105,10.147746086120605
transient,22,roving_ramp50,mixed_leaky,0.9968594474778798,0.010000000000000004,6.944447750746141,0.8960943496765069,-1.2277578460628087,4.117840622282437,255.452737611444,5,520.9054752228881,True,678,108.3649115562439
transient,21,roving_ramp50,level,0.0,2.8418443793914556,0.0,0.0,2.026128322351625,1.822914613121298,308.4047443458073,3,622.8094886916145,True,108,19.81248450279236
transient,21,roving_ramp50,transient,1.0,0.0,9.593842594063286,0.0,1.1919054237008222,4.443727702349291,241.5854393895102,3,489.1708787790204,True,136,17.895813465118408
transient,21,roving_ramp50,leaky,0.0,2.8144060501268693,0.0,0.38620192391086045,1.621447954969347,1.8337331616014814,308.3699153640675,4,624.739830728135,True,120,32.904155254364014
transient,21,roving_ramp50,mixed,0.9907390059125722,0.04084093696255416,9.558884151334508,0.0,1.198986495331017,4.431981392162953,241.58141519610115,4,491.1628303922023,True,375,41.813769817352295
transient,21,roving_ramp50,mixed_leaky,0.98671235907071,0.05932864811191229,9.638667150073982,0.22248987848982205,0.5791007864097872,4.748106474749207,241.42091487893921,5,492.84182975787843,True,684,111.48379063606262
transient,21,roving_ramp,level,0.0,4.7965536818031325,0.0,0.0,3.3225860973682604,1.2835062177569054,291.82415350892813,3,589.6483070178563,True,160,32.99386954307556
transient,21,roving_ramp,transient,1.0,0.0,10.044904194204854,0.0,1.4680969316009715,3.8138376480632297,217.63071979461566,3,441.2614395892313,True,136,23.39175009727478
transient,21,roving_ramp,leaky,0.0,4.724088063818554,0.0,0.3950418939046154,3.020949791031141,1.2794698735449879,291.81046049686614,4,591.6209209937323,True,185,29.588458776474
transient,21,roving_ramp,mixed,0.9978260363790661,0.010000000000000004,10.041819388609584,0.0,1.4691940194497897,3.8142726609833604,217.64632458483945,4,443.2926491696789,False,275,55.901204347610474
transient,21,roving_ramp,mixed_leaky,0.9978476786335013,0.010000000000000004,10.143012967441893,0.3986999354991776,0.4297743520408277,4.253393982662493,217.54027168305942,5,445.08054336611883,True,552,91.89289331436157
transient,20,roving_ramp,level,0.0,1.1625592392377233,0.0,0.0,0.3036508974806698,3.9280635865421307,523.0337114729504,3,1052.0674229459007,True,108,18.803223609924316
transient,20,roving_ramp,transient,1.0,0.0,3.9984496844665514,0.0,0.41201905064399347,4.090398626349729,512.2800463658141,3,1030.5600927316282,True,128,32.127355098724365
transient,20,roving_ramp,leaky,0.0,1.4071174795587351,0.0,0.7890413235573009,-2.5301334466528558,5.182119716906444,522.4221861076327,4,1052.8443722152654,True,525,106.62838959693909
transient,20,roving_ramp,mixed,0.9302474137504484,0.1340327102572174,3.9107387297763165,0.0,0.4203611428120052,4.078796923329592,512.2508501371057,4,1032.5017002742113,True,280,31.17800760269165
transient,20,roving_ramp,mixed_leaky,0.9297187474722614,0.13503029758586765,3.9079875088534077,0.005000000000000002,0.40969232022024216,4.07976182746696,512.2553154792706,5,1034.5106309585412,True,504,62.83929395675659
transient,23,roving_ramp50,level,0.0,3.0758685101782297,0.0,0.0,0.752090770252968,2.5596725085211767,560.5635563761853,3,1127.1271127523705,True,80,16.72774076461792
transient,23,roving_ramp50,transient,1.0,0.0,9.592740225267852,0.0,0.9441056664359836,2.9509719427029637,528.7648946850187,3,1063.5297893700374,True,92,15.344557285308838
transient,23,roving_ramp50,leaky,0.0,3.2424137885167763,0.0,1.0964364695863316,-1.0516811523329233,2.7475795432141825,560.4893320161015,4,1128.978664032203,True,650,83.68564701080322
transient,23,roving_ramp50,mixed,0.99772354723704,0.010000000000000004,9.58873740981509,0.0,0.9443504484807533,2.9510727980438505,528.7738956828396,4,1065.5477913656791,True,100,35.94542145729065
transient,23,roving_ramp50,mixed_leaky,0.9977456310074603,0.010000000000000004,9.682882879119102,0.5186966739425386,-0.0036023088915944097,3.1204011991300638,528.6450470862834,5,1067.2900941725668,True,414,55.72565507888794
transient,20,roving_ramp50,level,0.0,0.2527537898705645,0.0,0.0,0.7523864028134517,2.404953696976103,495.9659890460517,3,997.9319780921033,True,184,27.883560180664062
transient,20,roving_ramp50,transient,1.0,0.0,3.670591314053411,0.0,0.893311869954952,2.4990051565054254,488.3220173495075,3,982.644034699015,True,88,16.72636890411377
transient,20,roving_ramp50,leaky,0.0,0.2489900713537991,0.0,0.2875262702030639,0.37413974498191144,2.415954538688792,495.96222835126883,4,999.9244567025377,True,165,52.35105800628662
transient,20,roving_ramp50,mixed,0.9940659189414602,0.010000000000000004,3.6649795567117534,0.0,0.8948627867578639,2.4973169634471226,488.34524067526587,4,984.6904813505317,True,160,42.73847007751465
transient,20,roving_ramp50,mixed_leaky,0.9940646226856249,0.010000000000000004,3.6641743659860264,0.005000000000000002,0.8882095489021304,2.497233769302833,488.34582922337705,5,986.6916584467541,True,990,141.95868158340454
transient,22,roving_ramp,level,0.0,5.073877855497388,0.0,0.0,3.3755608546401223,1.2867787907100616,326.78997238457055,3,659.5799447691411,True,172,29.51400113105774
transient,22,roving_ramp,transient,1.0,0.0,6.9796282448534495,0.0,1.8304722932322037,2.0984797098142374,293.5549616904387,3,593.1099233808774,True,100,17.47773766517639
transient,22,roving_ramp,leaky,0.0,5.598621987877383,0.0,4.99077757921724,0.5613124467232992,1.165236608583537,326.4324536020205,4,660.864907204041,True,425,58.23943495750427
transient,22,roving_ramp,mixed,0.7333071299470566,1.0431792592668745,6.275427155300643,0.0,1.9082125277920212,2.1265193353007605,292.29926470275143,4,592.5985294055029,True,400,58.96358108520508
transient,22,roving_ramp,mixed_leaky,0.7284076370725756,1.115567024778769,6.545795780120474,1.628801325234939,-0.4623512673878356,2.384358349786254,291.74476974562816,5,593.4895394912563,True,486,116.3349609375
transient,28,roving_ramp50,level,0.0,0.010000000000000004,0.0,0.0,30.0,15.0,219.74379572086298,3,445.48759144172595,True,8,1.7644836902618408
transient,28,roving_ramp50,transient,1.0,0.0,10.10770612240866,0.0,1.847203941668457,3.2858081294919432,135.21445514223743,3,276.42891028447485,True,148,23.319084644317627
transient,28,roving_ramp50,leaky,0.0,0.010000000000000004,0.0,4.999999999999999,30.0,15.0,219.74379572086298,4,447.48759144172595,True,10,2.103625774383545
transient,28,roving_ramp50,mixed,0.9349622513020311,0.31465733464375906,9.89637818234447,0.0,1.9025671907059578,3.259908982407258,135.1142444044836,4,278.2284888089672,True,225,22.11069655418396
transient,28,roving_ramp50,mixed_leaky,0.9291670996837488,0.34529593512833034,9.909690966026961,0.4280903332609571,1.0649319720638426,3.40584278494269,135.04185326928203,5,280.08370653856406,True,270,41.31942367553711
transient,29,roving_ramp,level,0.0,0.010000000000000004,0.0,0.0,30.0,15.0,276.00493000853515,3,558.0098600170703,True,8,1.7058885097503662
transient,29,roving_ramp,transient,1.0,0.0,7.154785974427106,0.0,1.5939058443502587,3.35512254178831,162.41556269996119,3,330.83112539992237,True,140,18.737393856048584
transient,29,roving_ramp,leaky,0.0,0.010000000000000004,0.0,4.999999999999999,30.0,15.0,276.00493000853515,4,560.0098600170703,True,10,2.0655224323272705
transient,29,roving_ramp,mixed,0.9939090646641897,0.0200017777728685,7.140705249211483,0.0,1.5950612000877482,3.3562874712559725,162.41147187356145,4,332.8229437471229,True,35,3.7193329334259033
transient,29,roving_ramp,mixed_leaky,0.993814742958888,0.02029104314966233,7.132830495513057,0.25712105048930234,1.0992312912726947,3.426534715248693,162.39230736490495,5,334.7846147298099,True,162,39.54489874839783
transient,27,roving_ramp50,level,0.0,0.010000000000000004,0.0,0.0,30.0,15.0,379.24970812065726,3,764.4994162413145,True,8,1.6332283020019531
transient,27,roving_ramp50,transient,1.0,0.0,9.785413142102305,0.0,1.5440790984499297,3.918809633650209,202.9321028792316,3,411.8642057584632,True,104,16.883466482162476
transient,27,roving_ramp50,leaky,0.0,0.010000000000000004,0.0,4.999999999999999,30.0,15.0,379.24970812065726,4,766.4994162413145,True,10,1.9967293739318848
transient,27,roving_ramp50,mixed,0.9977670736852544,0.010000000000000004,9.776077205162585,0.0,1.5462171807366396,3.915219694768931,202.95302925887634,4,413.9060585177527,True,135,12.458664655685425
transient,27,roving_ramp50,mixed_leaky,0.9979254848848361,0.010000000000000004,10.524254860719347,0.5694527633710363,-0.1494565309509295,4.828357689593752,201.80518862934886,5,413.6103772586977,True,360,70.68230295181274
transient,23,roving_ramp,level,0.0,1.3786832959851762,0.0,0.0,0.4525967642679225,3.029567159832518,589.0246154660695,3,1184.049230932139,True,116,21.93712043762207
transient,23,roving_ramp,transient,1.0,0.0,6.266742646725076,0.0,0.7011018265424385,2.99130759088362,575.2245380252989,3,1156.4490760505978,True,68,14.997230768203735
transient,23,roving_ramp,leaky,0.0,1.6972913560822451,0.0,1.361557749541703,-4.2497055130444465,4.669156510206036,588.154619330433,4,1184.309238660866,True,775,145.99138760566711
transient,23,roving_ramp,mixed,0.996519062901826,0.010000000000000004,6.263243290954175,0.0,0.701365686222075,2.991380335040517,575.2306401524297,4,1158.4612803048594,True,320,38.63483786582947
transient,23,roving_ramp,mixed_leaky,0.9970390769273882,0.010000000000000004,7.367071793715332,1.2352438172384976,-3.6274534474875613,4.763759353986485,573.5579786446497,5,1157.1159572892993,True,654,76.3488872051239
transient,25,roving_ramp,level,0.0,3.870957655496433,0.0,0.0,3.728707011193567,1.1230113058914042,464.9738433447822,3,935.9476866895644,True,128,24.627997398376465
transient,25,roving_ramp,transient,1.0,0.0,7.486947730770539,0.0,1.4748993097326388,2.7729049060832742,337.15742911337884,3,680.3148582267577,True,112,18.731314420700073
transient,25,roving_ramp,leaky,0.0,3.555585891021321,0.0,4.999999999999999,0.14645260257785397,1.1616170895044255,464.65437648285223,4,937.3087529657045,True,595,92.00487923622131
transient,25,roving_ramp,mixed,0.9970835903097908,0.010000000000000004,7.479849896813217,0.0,1.4766831717318927,2.7718014995668363,337.19343337174814,4,682.3868667434963,True,310,41.28109335899353
transient,25,roving_ramp,mixed_leaky,0.997099788407951,0.010000000000000004,7.521748124858021,0.5313285784129589,0.5916523901324414,2.8927696794509776,337.04431854267557,5,684.0886370853511,True,462,78.8898389339447
transient,24,roving_ramp50,level,0.0,2.9728726832317913,0.0,0.0,1.2724615983296308,2.1540630689819764,438.2379898791885,3,882.475979758377,True,140,20.755377769470215
transient,24,roving_ramp50,transient,1.0,0.0,10.004188446081796,0.0,0.9855172110028132,3.5151336619027846,394.99567060897925,3,795.9913412179585,True,132,20.77841806411743
transient,24,roving_ramp50,leaky,0.0,3.3560754406246147,0.0,2.0935053399755357,-4.428096567707447,3.645535215679696,437.26518016652545,4,882.5303603330509,True,645,73.70584464073181
transient,24,roving_ramp50,mixed,0.9267491334051158,0.35244233034369316,9.755450557180511,0.0,1.014904463084474,3.485613517366167,394.8029858959897,4,797.6059717919794,True,250,37.46558332443237
transient,24,roving_ramp50,mixed_leaky,0.9204963981366692,0.4010411013557582,10.158603731214237,0.7092448033764555,-0.840505743103663,4.1320323398064955,393.89576204142077,5,797.7915240828415,True,552,133.86709809303284
transient,25,roving_ramp50,level,0.0,4.4350664393477475,0.0,0.0,3.757782827224561,1.2392497616953042,333.49028911343015,3,672.9805782268603,True,244,24.773127794265747
transient,25,roving_ramp50,transient,1.0,0.0,8.615388967878943,0.0,1.7765561573168103,2.850396384744729,245.48499185899024,3,496.9699837179805,True,84,16.559956073760986
transient,25,roving_ramp50,leaky,0.0,4.224200537171921,0.0,4.737933866977174,0.11517085814364801,1.2778127860390693,333.36691470918026,4,674.7338294183605,True,630,76.7443528175354
transient,25,roving_ramp50,mixed,0.9825441261532555,0.06959310492402306,8.57011261222361,0.0,1.790497007113054,2.8435173631432504,245.47552108965596,4,498.9510421793119,True,145,37.79067397117615
transient,25,roving_ramp50,mixed_leaky,0.9820177772014413,0.07168748247619589,8.565035178094925,0.005000000000000002,1.782803131453664,2.843316271966747,245.48414574394434,5,500.9682914878887,True,312,81.45715737342834
transient,26,roving_ramp,level,0.0,3.4012936083377516,0.0,0.0,1.8585750929018154,1.9758591439312165,248.10763189745256,3,502.2152637949051,True,152,28.90561556816101
transient,26,roving_ramp,transient,1.0,0.0,13.58037652026376,0.0,1.5230933465361944,5.120142958737732,173.8863184629135,3,353.772636925827,True,64,14.575032949447632
transient,26,roving_ramp,leaky,0.0,3.363652959326432,0.0,1.8132085553763888,-5.0,4.590956793952138,247.35472967981985,4,502.7094593596397,True,715,93.3589699268341
transient,26,roving_ramp,mixed,0.9983907512196354,0.010000000000000004,13.57335497159901,0.0,1.5238017581078636,5.119689987513564,173.89966030770668,4,355.79932061541336,True,150,42.7933874130249
transient,26,roving_ramp,mixed_leaky,0.9983992008904631,0.010000000000000004,13.645116158684447,0.1609903525144091,1.0236711069371875,5.380677798451101,173.76721443669678,5,357.53442887339355,True,252,84.23104476928711
transient,27,roving_ramp,level,0.0,7.159914007198326,0.0,0.0,5.379060545402281,1.0273201118304698,365.59102115744577,3,737.1820423148915,True,192,32.44585156440735
transient,27,roving_ramp,transient,1.0,0.0,9.587944648102845,0.0,1.667658961491512,3.3228873700803963,249.0092865219587,3,504.0185730439174,True,112,14.980509042739868
transient,27,roving_ramp,leaky,0.0,7.159720383324948,0.0,0.005000000000000002,5.37661122320225,1.0271349905863214,365.5913030735094,4,739.1826061470188,True,350,55.164430379867554
transient,27,roving_ramp,mixed,0.9977227470243205,0.010000000000000004,9.58536029850371,0.0,1.6695716861383165,3.323538055123971,249.034956896654,4,506.069913793308,False,430,61.01858592033386
transient,27,roving_ramp,mixed_leaky,0.9977225770308416,0.010000000000000004,9.584643186266486,0.005000000000000002,1.6606248519772855,3.3242146092144482,249.0407289015746,5,508.0814578031492,True,300,78.33615922927856
transient,24,roving_ramp,level,0.0,2.5164748091396687,0.0,0.0,0.9850840753921034,2.620084615067508,389.76408195347585,3,785.5281639069517,True,84,14.316786527633667
transient,24,roving_ramp,transient,1.0,0.0,9.04338685141496,0.0,1.0930062164417356,3.4526265428876872,345.54025375653947,3,697.0805075130789,True,120,18.9023175239563
transient,24,roving_ramp,leaky,0.0,2.827839760099637,0.0,1.4279686399275808,-3.8602131425630386,4.513779479873714,388.91468030778174,4,785.8293606155635,True,590,134.45522809028625
transient,24,roving_ramp,mixed,0.9752220807359673,0.10420371755660567,8.972877772390307,0.0,1.0973740653149766,3.454950240875451,345.5287455187101,4,699.0574910374202,True,315,36.00272727012634
transient,24,roving_ramp,mixed_leaky,0.9752077554393045,0.10420752457140194,8.967889016542662,0.005999222425024465,1.085447974662003,3.4575122269842855,345.52887913828454,5,701.0577582765691,True,72,167.23382186889648
transient,29,roving_ramp50,level,0.0,8.50151281473011,0.0,0.0,6.516690230764775,0.9830556561535615,299.81370908190024,3,605.6274181638005,True,280,28.24205708503723
transient,29,roving_ramp50,transient,1.0,0.0,5.437361635589183,0.0,1.1510340172254234,3.1251234096017155,258.68727190632217,3,523.3745438126443,True,76,14.062648057937622
transient,29,roving_ramp50,leaky,0.0,8.50548806109972,0.0,0.005999981318270244,6.51656903454381,0.9827287942512731,299.8138940862021,4,607.6277881724042,True,35,10.357657432556152
transient,29,roving_ramp50,mixed,0.9183863221639285,0.21501132357278813,5.293386881442459,0.0,1.1900505690238439,3.1003675502608887,258.57689871386833,4,525.1537974277367,True,140,48.044946908950806
transient,29,roving_ramp50,mixed_leaky,0.9183339932807488,0.2151339891682993,5.292711444709041,0.005000000000000002,1.181823631564055,3.100741315148532,258.57710311038034,5,527.1542062207607,True,660,106.49192500114441
transient,26,roving_ramp50,level,0.0,2.6294240460740967,0.0,0.0,1.6945455116645807,2.021198147039706,231.96268421426728,3,469.92536842853457,True,128,31.565023183822632
transient,26,roving_ramp50,transient,1.0,0.0,8.834121444087963,0.0,1.335575617257508,3.291197358991773,204.379377492102,3,414.758754984204,True,128,20.397351026535034
transient,26,roving_ramp50,leaky,0.0,2.8099832773105313,0.0,2.1299012437970966,-3.3018600242320137,3.209862375583389,231.31535095287256,4,470.6307019057451,True,475,73.77132177352905
transient,26,roving_ramp50,mixed,0.9168498258342599,0.35503393618759904,8.564751315998176,0.0,1.3680881230750561,3.259384602119535,204.22521478976734,4,416.45042957953467,True,330,52.94940948486328
transient,26,roving_ramp50,mixed_leaky,0.9052358311080603,0.43541983820151653,9.09987939231418,0.8877102646944367,-1.5871865114725996,4.770583319122144,203.77550152115907,5,417.55100304231814,True,744,164.37574434280396
mixed,0,roving_ramp50,level,0.0,3.5403539929898304,0.0,0.0,0.9339565582245392,3.196353924260837,372.2037461591421,3,750.4074923182842,True,88,18.017637252807617
mixed,0,roving_ramp50,transient,1.0,0.0,6.828215844027966,0.0,0.9891591088147889,3.0659085380343316,381.32452358422574,3,768.6490471684515,True,140,19.558699131011963
mixed,0,roving_ramp50,leaky,0.0,3.8001466407635713,0.0,0.8324410221544867,-1.1263927774107425,3.863749274167441,371.9525721176562,4,751.9051442353124,True,460,84.85455274581909
mixed,0,roving_ramp50,mixed,0.4240654762486475,2.851280329591938,4.593138795993082,0.0,1.1019536179460778,3.411622455931053,360.15028909665665,4,728.3005781933133,True,245,38.84342813491821
mixed,0,roving_ramp50,mixed_leaky,0.4241714599309248,2.8497723818791547,4.592702111325632,0.005000000000000002,1.0925783304312817,3.4125316074483036,360.15113521807,5,730.30227043614,True,558,58.746113777160645
mixed,1,roving_ramp,level,0.0,4.97337812997822,0.0,0.0,1.3064411668938805,2.1907803866080733,408.4101832254923,3,822.8203664509846,True,116,22.56244444847107
mixed,1,roving_ramp,transient,1.0,0.0,8.09251051169467,0.0,1.15866306833122,2.6476313482420126,398.1726182065478,3,802.3452364130956,False,196,26.204854011535645
mixed,1,roving_ramp,leaky,0.0,4.979648056673123,0.0,0.00599986865057774,1.3032918885154554,2.1864775949498436,408.4103215248786,4,824.8206430497572,True,25,33.71791458129883
mixed,1,roving_ramp,mixed,0.5364804707038593,2.717818794853746,6.882024658148011,0.0,1.2682493606022176,2.6539245819875754,394.61622686625503,4,797.2324537325101,True,315,52.1950409412384
mixed,1,roving_ramp,mixed_leaky,0.540917888616969,2.7475944603817504,7.082775108113729,0.9202121212457375,-0.5155258236159785,3.076901752221574,394.4003242270188,5,798.8006484540376,True,480,87.23057746887207
mixed,1,roving_ramp50,level,0.0,3.357420496061264,0.0,0.0,0.9052716885236679,2.744025059632692,366.0646669058788,3,738.1293338117576,True,64,13.496692895889282
mixed,1,roving_ramp50,transient,1.0,0.0,6.478695768466865,0.0,0.898154888267969,3.089513061705976,357.5366241628193,3,721.0732483256386,True,124,18.310959577560425
mixed,1,roving_ramp50,leaky,0.0,3.6359178546370434,0.0,1.2348433685606683,-2.1720689222662557,3.6606535471627777,365.85962217487355,4,739.7192443497471,True,765,86.48115062713623
mixed,1,roving_ramp50,mixed,0.6061390526669059,1.71360138332091,5.769643710129726,0.0,0.9949450006451205,3.0316366583233885,356.1930551731397,4,720.3861103462795,True,215,45.02764916419983
mixed,1,roving_ramp50,mixed_leaky,0.6064863474718257,1.73993083744382,5.866823952336181,0.6447965463073535,-0.2820052522583496,3.29986963239776,356.10610109721455,5,722.2122021944291,True,546,77.78748822212219
mixed,2,roving_ramp,level,0.0,3.265422012707921,0.0,0.0,1.145557477663799,2.7935224540049433,615.489635136722,3,1236.979270273444,True,72,18.304154634475708
mixed,2,roving_ramp,transient,1.0,0.0,1.8232601799841681,0.0,0.7396699118749638,2.41626139783536,672.9755266126745,3,1351.951053225349,True,104,15.132010459899902
mixed,2,roving_ramp,leaky,0.0,3.26498901536959,0.0,0.005000000000000002,1.1378978500599175,2.793936284247419,615.4917101715749,4,1238.9834203431499,True,460,81.6515212059021
mixed,2,roving_ramp,mixed,0.025854239032694827,3.1970201521762416,0.18563635608873869,0.0,1.1315598708860366,2.8242993447765405,615.3769607155106,4,1238.7539214310211,True,165,38.22739887237549
mixed,2,roving_ramp,mixed_leaky,0.02584608080663169,3.196662437325368,0.18555546081073676,0.005000000000000002,1.1239424891610836,2.824577849950037,615.3794213507651,5,1240.7588427015303,True,204,68.29306054115295
transient,28,roving_ramp,level,0.0,3.1916047788571373,0.0,0.0,2.0489811048371736,1.9413805825088055,229.42001949117528,3,464.84003898235056,True,132,14.446981191635132
transient,28,roving_ramp,transient,1.0,0.0,8.911676143558227,0.0,1.372536887749023,4.277216955390924,167.2928118643126,3,340.5856237286252,True,192,29.168370008468628
transient,28,roving_ramp,leaky,0.0,3.363932196696765,0.0,2.2344518882732176,-4.349902394286731,3.693946588152235,228.71004221561745,4,465.4200844312349,True,640,133.80441546440125
transient,28,roving_ramp,mixed,0.9339706115042582,0.28355172814035945,8.774817253480101,0.0,1.3989262920284393,4.308985509315846,167.19289348650685,4,342.3857869730137,True,175,41.35448241233826
transient,28,roving_ramp,mixed_leaky,0.9337614524055587,0.284485149290684,8.773938519745773,0.005000000000000002,1.3872788633475936,4.311505800204227,167.1997414580802,5,344.3994829161604,True,366,123.46222114562988
mixed,0,roving_ramp,level,0.0,3.073563431591044,0.0,0.0,0.8133766775135988,3.1570158698777724,436.090420388672,3,878.180840777344,True,112,22.443648099899292
mixed,0,roving_ramp,transient,1.0,0.0,5.9517308996255505,0.0,0.6382508051214862,4.055154623070298,428.12490626552506,3,862.2498125310501,True,72,15.177563428878784
mixed,0,roving_ramp,leaky,0.0,3.603038661014964,0.0,1.1002533004994244,-4.468035193330377,6.156377694575575,434.0480209147154,4,876.0960418294308,False,645,128.07141733169556
mixed,0,roving_ramp,mixed,0.5289200840841033,1.8739626404543375,4.6032678336463535,0.0,0.7728918400014763,4.001572371078561,419.3657647981661,4,846.7315295963322,True,285,42.949835538864136
mixed,0,roving_ramp,mixed_leaky,0.5192537516366796,1.9195792953255748,4.5360689002174315,0.3193851986697771,-0.043783144208501885,4.298693859814911,419.22461877135623,5,848.4492375427125,True,354,60.738831758499146
mixed,3,roving_ramp50,level,0.0,3.086578345316101,0.0,0.0,1.5751687249369613,2.246544998779837,285.41303701210694,3,576.8260740242139,True,172,24.80772638320923
mixed,3,roving_ramp50,transient,1.0,0.0,6.932162824356629,0.0,0.9443423152143998,3.925912936063731,260.89856590889434,3,527.7971318177887,True,68,11.355859518051147
mixed,3,roving_ramp50,leaky,0.0,3.0862650114385235,0.0,0.005000000000000002,1.5695128357911419,2.24606893748908,285.41360884680427,4,578.8272176936085,True,405,62.13994765281677
mixed,3,roving_ramp50,mixed,0.6836937885825922,1.3254031782463642,6.267751478526298,0.0,1.1041131905833907,3.937009323032796,256.7432200435157,4,521.4864400870314,True,250,48.478973150253296
mixed,3,roving_ramp50,mixed_leaky,0.683848491345123,1.324580118421619,6.2683424273407455,0.005000000000000002,1.0931108058312942,3.9401187093912484,256.7500290988429,5,523.5000581976858,True,312,76.19665956497192
mixed,2,roving_ramp50,level,0.0,3.340171617906964,0.0,0.0,1.3460529153348522,2.382845933040604,639.6439898141037,3,1285.2879796282075,True,68,12.641268968582153
mixed,2,roving_ramp50,transient,1.0,0.0,2.6555056242241015,0.0,0.951914562248676,2.0946691784197946,700.1871070851882,3,1406.3742141703765,True,84,14.960549592971802
mixed,2,roving_ramp50,leaky,0.0,3.8793817325345437,0.0,1.9218657509213548,-3.504101001832628,3.5556213797091227,638.179501974278,4,1284.359003948556,True,570,103.27121376991272
mixed,2,roving_ramp50,mixed,0.10039865619349418,3.1728260715032133,0.7747006429121733,0.0,1.3301736050772746,2.4492531188400877,638.4636961704364,4,1284.9273923408728,True,275,44.455284118652344
mixed,2,roving_ramp50,mixed_leaky,0.06795859372244423,3.6894100938715018,0.588539959359098,1.786345870402027,-2.8116018948023305,3.3727295078493174,637.6806737724213,5,1285.3613475448426,True,864,96.51465725898743
mixed,6,roving_ramp50,level,0.0,0.010000000000000004,0.0,0.0,30.0,15.0,304.16558173926467,3,614.3311634785293,True,8,1.662008285522461
mixed,6,roving_ramp50,transient,1.0,0.0,9.072349688819969,0.0,1.1049259010643553,5.714356859664134,175.43707446911745,3,356.8741489382349,True,120,20.510889053344727
mixed,6,roving_ramp50,leaky,0.0,0.010000000000000004,0.0,4.999999999999999,30.0,15.0,304.16558173926467,4,616.3311634785293,True,10,2.050016403198242
mixed,6,roving_ramp50,mixed,0.9951920218222088,0.019994877084825755,9.05467742402938,0.0,1.1080381885815658,5.707728373368545,175.44432028650772,4,358.88864057301544,True,85,7.932018280029297
mixed,6,roving_ramp50,mixed_leaky,0.9236427920174657,0.37259701247490795,9.860597239981368,0.4251543720293738,-1.2299396679697394,8.360445302654613,171.2153933122565,5,352.430786624513,True,624,84.34045028686523
mixed,5,roving_ramp,level,0.0,4.084600629020907,0.0,0.0,1.2156247708025345,2.97670000263631,427.47078203857154,3,860.9415640771431,True,112,18.04673480987549
mixed,5,roving_ramp,transient,1.0,0.0,3.8631466445160116,0.0,0.9273416394663812,2.6805724333840577,458.03166237285865,3,922.0633247457173,True,100,14.466253995895386
mixed,5,roving_ramp,leaky,0.0,4.08500484890236,0.0,0.005000000000000002,1.2078208687241436,2.9771814348131973,427.47391921560484,4,862.9478384312097,True,385,84.77056550979614
mixed,5,roving_ramp,mixed,0.22313994365324946,3.4581973687020313,2.1731722438384224,0.0,1.1182497075477442,3.4363305063156004,420.10693272072155,4,848.2138654414431,True,160,33.39567494392395
mixed,5,roving_ramp,mixed_leaky,0.22291951924299788,3.4592856561884067,2.1710927148761416,0.005000000000000002,1.109484802292567,3.436026741200418,420.1135670510735,5,850.227134102147,True,378,67.90436816215515
mixed,4,roving_ramp50,level,0.0,4.220114614766449,0.0,0.0,3.9786770225769654,1.126509844765451,377.33084950005576,3,760.6616990001115,True,228,40.06969738006592
mixed,4,roving_ramp50,transient,1.0,0.0,6.630784660898902,0.0,1.3679831751823988,2.6407110077829947,325.3682629733086,3,656.7365259466172,True,84,15.079894781112671
mixed,4,roving_ramp50,leaky,0.0,4.159673466161891,0.0,0.4184485791456345,3.698607541496778,1.119040923582153,377.3228289355199,4,762.6456578710398,True,305,53.30074954032898
mixed,4,roving_ramp50,mixed,0.957724487341296,0.13163194388477825,6.524133664067036,0.0,1.3941138958798254,2.623629214207776,325.32241727658686,4,658.6448345531737,True,275,45.94259476661682
mixed,4,roving_ramp50,mixed_leaky,0.9372984180346088,0.2068610050643684,6.765312508007392,1.0547116688859397,-0.8152641603611691,3.2352157936069807,324.46496615506953,5,658.9299323101391,True,546,128.37863779067993
mixed,3,roving_ramp,level,0.0,5.472193766112729,0.0,0.0,2.731534570359854,1.6590335771420892,367.38868408922804,3,740.7773681784561,True,144,23.18032217025757
mixed,3,roving_ramp,transient,1.0,0.0,7.841807586388894,0.0,1.3753326400476917,2.8933951833857487,324.33670661073063,3,654.6734132214613,True,104,20.98928451538086
mixed,3,roving_ramp,leaky,0.0,5.793136520689823,0.0,3.2579395477198148,-2.222674544858615,2.2360581827653645,367.08143738522443,4,742.1628747704489,True,720,151.6612241268158
mixed,3,roving_ramp,mixed,0.5446328670672824,2.541884673376444,6.651320172878791,0.0,1.7253090363024752,2.9827072351735615,312.66627862010324,4,633.3325572402065,True,200,37.64202380180359
mixed,3,roving_ramp,mixed_leaky,0.544592230392085,2.5418892869859513,6.650242506172094,0.005000000000000002,1.7172821691725872,2.983073758946185,312.67000315726636,5,635.3400063145327,True,372,114.90405535697937
mixed,5,roving_ramp50,level,0.0,3.7935522992041135,0.0,0.0,1.1896832593913549,3.031163539981004,509.3873826760794,3,1024.7747653521587,True,92,15.206037998199463
mixed,5,roving_ramp50,transient,1.0,0.0,4.1740830299974165,0.0,0.84361809146923,2.700365309298691,553.128032078011,3,1112.256064156022,True,60,11.113767623901367
mixed,5,roving_ramp50,leaky,0.0,4.119565060598855,0.0,0.9340203066437641,-1.0712816065191704,3.755999402118392,508.8013232093986,4,1025.6026464187971,True,450,82.45576786994934
mixed,5,roving_ramp50,mixed,0.272167728850192,3.364652781677261,2.7526780602973187,0.0,1.1854969461985922,3.4598900317887553,497.7400871612366,4,1003.4801743224732,True,265,40.86085367202759
mixed,5,roving_ramp50,mixed_leaky,0.27211160550477825,3.3647804265538963,2.7520026333893925,0.005000000000000002,1.1763967348978168,3.4602370027807257,497.74240971309206,5,1005.4848194261841,True,438,129.75290966033936
mixed,4,roving_ramp,level,0.0,3.4691643482352017,0.0,0.0,2.4251172348317938,1.508514787075236,429.25122834734,3,864.50245669468,True,144,22.780136585235596
mixed,4,roving_ramp,transient,1.0,0.0,7.066969285680249,0.0,1.2482304698878754,2.9252188057654895,359.67451671218544,3,725.3490334243709,True,112,15.535215854644775
mixed,4,roving_ramp,leaky,0.0,3.691309418754061,0.0,3.883192575948365,-5.0,2.5554587427206723,427.810366936098,4,863.620733872196,False,685,140.6220281124115
mixed,4,roving_ramp,mixed,0.8029006964199176,0.7426655204631195,6.61880906097736,0.0,1.3692078754413626,2.869346030034845,358.1202192464261,4,724.2404384928521,True,325,48.39451503753662
mixed,4,roving_ramp,mixed_leaky,0.8029026878897187,0.7425682914461376,6.618025815787507,0.005000000000000002,1.3613881678359092,2.869921999816172,358.1246540406612,5,726.2493080813224,True,942,129.73493194580078
mixed,6,roving_ramp,level,0.0,3.930450096735721,0.0,0.0,2.889058969410677,1.5489442473995378,267.692526163712,3,541.385052327424,True,152,24.765158891677856
mixed,6,roving_ramp,transient,1.0,0.0,8.210990432472334,0.0,1.0728781741915303,4.990273686838621,201.13676495266515,3,408.2735299053303,True,116,29.337035417556763
mixed,6,roving_ramp,leaky,0.0,3.9729967475759733,0.0,3.293400836250134,-5.0,3.0354076002628116,266.46281202897,4,540.92562405794,True,645,96.84185838699341
mixed,6,roving_ramp,mixed,0.8911476179528292,0.43723618283605004,7.831368391357187,0.0,1.1295305056312044,4.911992474239182,200.74617098058752,4,409.49234196117504,True,215,38.35232877731323
mixed,6,roving_ramp,mixed_leaky,0.8555625248099834,0.600975556556425,7.78822554252727,0.2502730045152772,0.3484832145844963,5.352360729269206,200.62300328315533,5,411.24600656631065,True,762,116.98502802848816
mixed,7,roving_ramp,level,0.0,2.296043149795957,0.0,0.0,0.676198487729138,3.6740915124355347,366.99674659795124,3,739.9934931959025,True,100,18.471294403076172
mixed,7,roving_ramp,transient,1.0,0.0,4.79470842511125,0.0,0.5761062962223409,4.244175719727872,354.2396051023585,3,714.479210204717,True,128,18.04285740852356
mixed,7,roving_ramp,leaky,0.0,2.5536828353687646,0.0,0.6992436379363426,-1.8319234536433773,5.1714952055516745,366.2448720966327,4,740.4897441932654,True,420,78.31104874610901
mixed,7,roving_ramp,mixed,0.591770244925749,1.2406095274282962,3.934535122373421,0.0,0.6533593620860546,4.40420103518709,350.1915290120499,4,708.3830580240998,True,225,37.843310832977295
mixed,7,roving_ramp,mixed_leaky,0.5843995849257199,1.263097718395107,3.8858024989621827,0.15440310596917517,0.24948702669549694,4.565796957775922,350.15015474246627,5,710.3003094849325,True,648,91.99954175949097
mixed,7,roving_ramp50,level,0.0,3.754709302980778,0.0,0.0,1.4864305760621923,2.4218627387402485,382.81199752325307,3,771.6239950465061,True,128,25.261709451675415
mixed,7,roving_ramp50,transient,1.0,0.0,5.3910793868260445,0.0,0.9177615946011987,3.042678545658315,395.54360133696866,3,797.0872026739373,True,148,19.96630549430847
mixed,7,roving_ramp50,leaky,0.0,4.2821371560112835,0.0,1.6030074823793903,-5.0,5.1185738626424335,380.356068929691,4,768.712137859382,True,550,108.83153080940247
mixed,7,roving_ramp50,mixed,0.3891635658876537,2.752590810701193,3.8367079594895768,0.0,1.2421145708610641,3.169229942180699,370.29726358568666,4,748.5945271713733,True,210,37.513020753860474
mixed,7,roving_ramp50,mixed_leaky,0.38614747950252604,2.759728479433914,3.7980909722527123,0.2585223429429561,0.7581266251333607,3.261122341200545,370.27493365960197,5,750.5498673192039,True,192,36.05565166473389
mixed,11,roving_ramp50,level,0.0,0.010000000000000004,0.0,0.0,30.0,15.0,341.70772826677506,3,689.4154565335501,True,8,1.9558424949645996
mixed,11,roving_ramp50,transient,1.0,0.0,5.838002229582928,0.0,0.8333903460589168,5.2817689640164325,238.20957880553044,3,482.4191576110609,True,116,21.921494722366333
mixed,11,roving_ramp50,leaky,0.0,0.010000000000000004,0.0,4.999999999999999,30.0,15.0,341.70772826677506,4,691.4154565335501,True,10,2.031796932220459
mixed,11,roving_ramp50,mixed,0.3873970311026092,3.7183149638186808,5.144382019761087,0.0,2.1148942865610847,4.602973125175745,209.67669752320313,4,427.35339504640626,True,315,28.79190182685852
mixed,11,roving_ramp50,mixed_leaky,0.385045913740875,3.729232931187716,5.108568065723431,0.08529228214129668,1.8996500435165535,4.630842878628442,209.65331928920202,5,429.30663857840403,False,468,53.16877055168152
mixed,8,roving_ramp,level,0.0,6.0030475844457145,0.0,0.0,1.5726474035446383,2.6803876026821882,222.9882044315499,3,451.9764088630998,True,132,19.75524592399597
mixed,8,roving_ramp,transient,1.0,0.0,6.113838111856924,0.0,1.079413661501396,3.1481481359690897,231.1795668676447,3,468.3591337352894,True,124,23.72708225250244
mixed,8,roving_ramp,leaky,0.0,6.003247907982199,0.0,0.005000000000000002,1.5654347571539249,2.680825753396895,222.98904213483883,4,453.97808426967765,True,395,91.02115297317505
mixed,8,roving_ramp,mixed,0.2867626781723614,4.466712863406814,3.9290399883077662,0.0,1.397347128498683,3.252447092546489,217.388812279501,4,442.777624559002,True,200,37.344064235687256
mixed,8,roving_ramp,mixed_leaky,0.28688444312496564,4.463383294760042,3.9284489838881047,0.005000000000000002,1.38792427196924,3.2536152301949453,217.3897327747103,5,444.7794655494206,True,564,88.8256995677948
mixed,9,roving_ramp,level,0.0,6.915826206364447,0.0,0.0,1.5056043590450308,2.9601288979817606,191.0893292958996,3,388.1786585917992,True,128,24.206305503845215
mixed,9,roving_ramp,transient,1.0,0.0,6.435659384055007,0.0,1.6478516829322782,2.2255025249749982,214.75466144897737,3,435.50932289795475,True,124,20.733017921447754
mixed,9,roving_ramp,leaky,0.0,6.913878762932889,0.0,0.005000000000000002,1.497269130742104,2.9609305190574524,191.09007285960627,4,390.18014571921253,True,410,76.49357748031616
mixed,9,roving_ramp,mixed,0.09923507699187396,6.556483873449012,1.5802819838036029,0.0,1.576642833063624,2.9629918473529036,190.35824797396182,4,388.71649594792365,True,290,59.54807209968567
mixed,9,roving_ramp,mixed_leaky,0.09925049670680969,6.554787845714284,1.5801457367310945,0.005000000000000002,1.5683936582951876,2.963669478822037,190.35903992186707,5,390.71807984373413,True,210,74.73145318031311
mixed,8,roving_ramp50,level,0.0,3.896630651533858,0.0,0.0,1.4154194434416043,2.4840026488482088,243.8403234004491,3,493.6806468008982,True,108,27.391578197479248
mixed,8,roving_ramp50,transient,1.0,0.0,5.679732311017567,0.0,1.0271747688403372,3.0801608083018395,250.10710773819216,3,506.2142154763843,True,84,17.15321445465088
mixed,8,roving_ramp50,leaky,0.0,4.382026728578505,0.0,1.6728968984977328,-3.5887546588736003,4.075114967407777,243.12847589877302,4,494.25695179754604,True,560,113.40510845184326
mixed,8,roving_ramp50,mixed,0.34938367805346815,2.9654486741149433,3.4839981550692554,0.0,1.31935531471658,2.8771952935232505,240.7562987453334,4,489.5125974906668,True,295,48.894309520721436
mixed,8,roving_ramp50,mixed_leaky,0.33673881805105005,3.254792460435892,3.6152784331529166,1.1735600355408788,-1.535953853043112,3.686107017022295,240.37188006885583,5,490.74376013771166,True,582,68.56825399398804
mixed,9,roving_ramp50,level,0.0,7.509854446669612,0.0,0.0,1.2201379156854377,4.334230006140176,233.07429753313764,3,472.1485950662753,True,180,26.83447790145874
mixed,9,roving_ramp50,transient,1.0,0.0,7.508788282224177,0.0,1.400416826884509,2.3965999903763056,300.3352534447106,3,606.6705068894212,True,120,22.068206310272217
mixed,9,roving_ramp50,leaky,0.0,8.700979236569967,0.0,0.7329677409850903,-1.6255234872342366,5.877567704841262,231.71233853073537,4,471.42467706147073,True,320,112.82450985908508
mixed,9,roving_ramp50,mixed,0.22038444192048362,7.393081165032756,4.572310923515378,0.0,1.4135633114987436,4.8902138685495915,228.6882681597367,4,465.3765363194734,True,260,58.05070900917053
mixed,9,roving_ramp50,mixed_leaky,0.2200029148619216,7.391559937660149,4.561224039007774,0.005000000000000002,1.4004293267117838,4.888551609275972,228.6929375954007,5,467.3858751908014,True,414,55.418808698654175
mixed,15,roving_ramp50,level,0.0,0.010000000000000004,0.0,0.0,30.0,15.0,407.4750292126334,3,820.9500584252668,True,8,1.6126742362976074
mixed,15,roving_ramp50,transient,1.0,0.0,6.091121964926848,0.0,1.605681109924679,2.4850926344272564,275.9660651519088,3,557.9321303038176,True,132,19.210318326950073
mixed,15,roving_ramp50,leaky,0.0,0.010000000000000004,0.0,4.999999999999999,30.0,15.0,407.4750292126334,4,822.9500584252668,True,10,1.9340400695800781
mixed,15,roving_ramp50,mixed,0.48985962946974787,2.529458746553692,5.313973736067103,0.0,2.360412125647424,2.405134459319198,265.78887022172233,4,539.5777404434447,True,210,20.378666639328003
mixed,15,roving_ramp50,mixed_leaky,0.4896800812754059,2.530547959971796,5.312443664856806,0.005000000000000002,2.3543071565043774,2.404891469433982,265.78972405530027,5,541.5794481106005,True,360,45.52551794052124
mixed,10,roving_ramp50,level,0.0,3.564412788049386,0.0,0.0,2.370978838869378,1.96189493272167,281.4322921623058,3,568.8645843246117,True,104,10.808604001998901
mixed,10,roving_ramp50,transient,1.0,0.0,3.7802811169969637,0.0,0.8229779404823743,3.6504645458390823,276.54635873642616,3,559.0927174728523,True,124,31.400426864624023
mixed,10,roving_ramp50,leaky,0.0,3.824278038951696,0.0,2.1237477419018824,-5.0,4.326989852442764,279.5049405959782,4,567.0098811919564,True,540,56.21971130371094
mixed,10,roving_ramp50,mixed,0.4209766337045612,1.8855325516480261,2.9992024483991164,0.0,1.231182456198555,3.7765145197149455,259.50003814269786,4,527.0000762853957,True,195,34.25076746940613
mixed,10,roving_ramp50,mixed_leaky,0.3946489899464466,2.09305053734288,2.9853364616826714,0.5643009616485501,-0.2593926048158096,4.355298241649989,258.9095625898636,5,527.8191251797272,True,714,137.47947239875793
mixed,15,roving_ramp,level,0.0,0.010000000000000004,0.0,0.0,30.0,15.0,332.4055701090464,3,670.8111402180928,True,8,1.7338955402374268
mixed,15,roving_ramp,transient,1.0,0.0,6.484978885974452,0.0,2.1364393455141566,2.173283963301427,211.50379393032594,3,429.0075878606519,True,76,14.494941234588623
mixed,15,roving_ramp,leaky,0.0,0.010000000000000004,0.0,4.999999999999999,30.0,15.0,332.4055701090464,4,672.8111402180928,True,10,2.061323642730713
mixed,15,roving_ramp,mixed,0.5589524863629847,1.956062249442768,5.42352981830104,0.0,2.412232531266073,2.236453458765994,208.09077170564512,4,424.18154341129025,True,365,37.270939111709595
mixed,15,roving_ramp,mixed_leaky,0.5561010271383355,2.038908395465971,5.58826661038179,1.4011882243618767,0.21301901061372708,2.5448083970766806,207.85335826786084,5,425.7067165357217,True,468,67.23645424842834
mixed,13,roving_ramp,level,0.0,6.017460374018517,0.0,0.0,1.534672000467515,2.340606238146713,414.38585525251267,3,834.7717105050253,True,84,16.07543659210205
mixed,13,roving_ramp,transient,1.0,0.0,10.690458498495916,0.0,1.4618359812183104,2.624137673320873,406.64819154259453,3,819.2963830851891,True,96,16.464398860931396
mixed,13,roving_ramp,leaky,0.0,6.679686619084131,0.0,1.721503510789819,-2.5838702430553875,3.4149213114626353,413.5111010809658,4,835.0222021619315,True,370,91.34883451461792
mixed,13,roving_ramp,mixed,0.4590840580589194,4.452968488449963,8.268408008822572,0.0,1.6412741479511006,3.0399453929241904,376.6697695170504,4,761.3395390341008,True,225,40.109593629837036
mixed,13,roving_ramp,mixed_leaky,0.45910958800616875,4.452504302403217,8.26839610596302,0.005000000000000002,1.6331209537095417,3.040493689886234,376.67480336747144,5,763.3496067349429,True,360,65.76443147659302
mixed,11,roving_ramp,level,0.0,5.152007174921428,0.0,0.0,3.28039694322025,1.688937337142529,353.7386514217363,3,713.4773028434726,True,128,31.985147714614868
mixed,11,roving_ramp,transient,1.0,0.0,4.388579149252209,0.0,1.3143960119755511,2.6410909124476434,338.71985835553664,3,683.4397167110733,True,120,17.352839469909668
mixed,11,roving_ramp,leaky,0.0,5.497548247963646,0.0,3.1386955551216764,-1.9113533020963778,2.396477152475728,353.3608928174354,4,714.7217856348708,True,685,145.06758069992065
mixed,11,roving_ramp,mixed,0.35193812274960506,2.7999886918885672,3.32671780410398,0.0,1.9804697273407739,2.878961188176759,315.1172759771971,4,638.2345519543942,True,230,41.717196226119995
mixed,11,roving_ramp,mixed_leaky,0.35038211644592815,2.8100538589992823,3.3159536368986693,0.1971178818550818,1.6692411791298134,2.9029722023946514,315.079994075133,5,640.159988150266,True,402,114.94030165672302
mixed,12,roving_ramp50,level,0.0,4.676557253162813,0.0,0.0,1.8526847754879057,2.081381727295849,263.64966439156535,3,533.2993287831307,True,112,25.155553817749023
mixed,12,roving_ramp50,transient,1.0,0.0,11.64275205736719,0.0,1.5003484437947767,3.3649228498705597,226.65477720987514,3,459.30955441975027,True,84,16.061051845550537
mixed,12,roving_ramp50,leaky,0.0,4.632278642718908,0.0,0.39707971667394715,1.37626037214749,2.102569165547612,263.6496400642898,4,535.2992801285797,True,145,42.95216202735901
mixed,12,roving_ramp50,mixed,0.7389417960428586,1.6915851503793236,10.475544268292047,0.0,1.5965402209088628,3.3964098533145073,224.0244980465598,4,456.0489960931196,True,200,43.20707058906555
mixed,12,roving_ramp50,mixed_leaky,0.7388612821364711,1.6920250065837523,10.473896195216104,0.005000000000000002,1.5869533841321823,3.3978975369550035,224.0251054166055,5,458.050210833211,True,780,130.17276549339294
mixed,10,roving_ramp,level,0.0,3.2804826718153888,0.0,0.0,1.7937259804674528,2.4659807590786356,362.15567878127285,3,730.3113575625457,True,84,16.18083906173706
mixed,10,roving_ramp,transient,1.0,0.0,3.297229119622244,0.0,0.7578352176785715,3.4192676908462287,371.9594088685203,3,749.9188177370406,True,116,25.161670684814453
mixed,10,roving_ramp,leaky,0.0,3.765394585656376,0.0,1.490977666901109,-5.0,5.685791010350825,359.07512847499123,4,726.1502569499825,False,740,199.74611949920654
mixed,10,roving_ramp,mixed,0.3369519920942403,2.3926469506887096,2.6601830428079305,0.0,1.2235813259016772,4.145557710389483,339.44339263151335,4,686.8867852630267,True,250,49.19714403152466
mixed,10,roving_ramp,mixed_leaky,0.32182034285456973,2.5666603010309403,2.664691732736724,0.42728645191858455,-0.012309498357174875,4.765508176996606,338.8280557400505,5,687.656111480101,True,696,121.15589499473572
mixed,13,roving_ramp50,level,0.0,5.474244503352122,0.0,0.0,1.6194103415704906,2.3018258188012646,433.6955133669553,3,873.3910267339106,True,132,19.849763870239258
mixed,13,roving_ramp50,transient,1.0,0.0,8.204334965416704,0.0,1.2288710713266482,2.564351278510489,444.70018478389477,3,895.4003695677895,True,68,12.447246789932251
mixed,13,roving_ramp50,leaky,0.0,5.982951910391368,0.0,1.7668397345956885,-1.5748900685740985,2.8129321414682287,433.30511318836875,4,874.6102263767375,True,460,114.13237881660461
mixed,13,roving_ramp50,mixed,0.4026603527669635,4.06990232574602,6.002212426058521,0.0,1.4087911416703078,3.1771583503113514,409.7041333994295,4,827.408266798859,True,295,56.247652530670166
mixed,13,roving_ramp50,mixed_leaky,0.4026430386274886,4.068825499204536,6.00019240219354,0.005000000000000002,1.3998272879953237,3.1782709969600558,409.7057930286827,5,829.4115860573654,True,426,58.585811138153076
mixed,16,roving_ramp,level,0.0,2.7464110532524035,0.0,0.0,1.419054091661258,2.0480026075817452,461.4572391051421,3,928.9144782102842,True,88,20.865312099456787
mixed,16,roving_ramp,transient,1.0,0.0,2.8166177703208763,0.0,1.2507137832532507,1.9888947881348764,473.12152698431,3,952.24305396862,True,112,24.5407874584198
mixed,16,roving_ramp,leaky,0.0,2.750163298223383,0.0,0.005999887425930595,1.4162134271593703,2.044354194651347,461.45744604950073,4,930.9148920990015,True,25,60.37344789505005
mixed,16,roving_ramp,mixed,0.14753178477148723,2.497420552917643,0.9456031912304168,0.0,1.407959834614005,2.0910785693448024,460.84498457530555,4,929.6899691506111,True,305,48.536515951156616
mixed,16,roving_ramp,mixed_leaky,0.147598132237023,2.4971717955064223,0.9460078422895377,0.006139614672062159,1.4014508007843982,2.090702062816613,460.8452894109121,5,931.6905788218241,True,270,59.40659785270691
mixed,14,roving_ramp50,level,0.0,5.272801278743585,0.0,0.0,1.573473282784906,1.966426956704399,503.03873347272065,3,1012.0774669454413,True,136,20.864025592803955
mixed,14,roving_ramp50,transient,1.0,0.0,8.387673694118527,0.0,1.583846074070454,1.9249237068809486,503.2133249163997,3,1012.4266498327994,True,84,18.961211919784546
mixed,14,roving_ramp50,leaky,0.0,5.270918618113229,0.0,0.005000000000000002,1.5682753790063204,1.9661764431321314,503.03902349841405,4,1014.0780469968281,True,580,75.90151906013489
mixed,14,roving_ramp50,mixed,0.41133067487214986,3.7840297921538624,5.7847432194645405,0.0,1.668279691826677,2.094669344920778,489.3226201404037,4,986.6452402808075,True,265,53.22949743270874
mixed,14,roving_ramp50,mixed_leaky,0.41138194415632634,3.7832820959047657,5.784824900229998,0.005033216262244594,1.6628211584920185,2.0943097791510965,489.3230124468721,5,988.6460248937442,True,306,92.08818173408508
mixed,16,roving_ramp50,level,0.0,2.0382646133358184,0.0,0.0,0.6898879038082891,3.103808798586322,513.4287373362826,3,1032.857474672565,True,108,15.39226484298706
mixed,16,roving_ramp50,transient,1.0,0.0,2.5545987560999577,0.0,0.6630925078909071,2.8066366046385895,526.9879894064425,3,1059.975978812885,True,100,15.078972816467285
mixed,16,roving_ramp50,leaky,0.0,2.038258464163903,0.0,0.005000000000000002,0.6819094354933551,3.1035803015391075,513.4324001176838,4,1034.8648002353675,True,340,77.93282222747803
mixed,16,roving_ramp50,mixed,0.14835277401876554,1.9043841440944813,0.7257722162097459,0.0,0.7182698831752484,3.098432885407657,513.009103333812,4,1034.018206667624,True,190,40.3734176158905
mixed,16,roving_ramp50,mixed_leaky,0.14832848541305954,1.9041065699069255,0.7255269317879359,0.005000000000000002,0.7103537092762986,3.097867376025657,513.0128928318554,5,1036.0257856637108,True,402,65.850022315979
mixed,17,roving_ramp,level,0.0,4.234514715998651,0.0,0.0,1.187526646553287,2.4328088246048387,429.95617573838973,3,865.9123514767795,True,128,21.345228672027588
mixed,17,roving_ramp,transient,1.0,0.0,6.899858817721142,0.0,0.9702577063346283,2.9598914530950444,417.6655033710811,3,841.3310067421622,True,172,26.422213077545166
mixed,17,roving_ramp,leaky,0.0,4.233647789397736,0.0,0.0059975467250463835,1.18017805898811,2.4320726658773166,429.9576729678418,4,867.9153459356836,True,60,37.12544631958008
mixed,17,roving_ramp,mixed,0.5116202280806659,2.4599134920656907,5.637930529403718,0.0,1.0646467430935551,3.104813743461272,411.6924654080249,4,831.3849308160497,True,230,43.32026028633118
mixed,17,roving_ramp,mixed_leaky,0.511619676709037,2.459620598798205,5.63724680119542,0.005000000000000002,1.0561702457934052,3.105661481892478,411.695912425429,5,833.391824850858,False,534,80.70250058174133
mixed,14,roving_ramp,level,0.0,6.600318820492016,0.0,0.0,1.6283280586489253,2.124858095045016,428.7983508313149,3,863.5967016626298,True,124,22.457704544067383
mixed,14,roving_ramp,transient,1.0,0.0,8.71303936518941,0.0,1.492632543173245,2.1671508068972214,434.05916204866986,3,874.1183240973397,True,88,15.683676719665527
mixed,14,roving_ramp,leaky,0.0,7.180881486271896,0.0,1.9921009521900384,-3.909046228169974,3.6979853514258263,427.8948372518872,4,863.7896745037744,True,630,79.1984555721283
mixed,14,roving_ramp,mixed,0.3476414835737097,4.823723020335231,5.623898412228977,0.0,1.6554772018355173,2.327424451175506,416.8611616855259,4,841.7223233710517,True,245,49.58120250701904
mixed,14,roving_ramp,mixed_leaky,0.34140898449924906,5.1978371087289625,5.895106505231214,1.5978182049622123,-2.1747941667542365,3.4041887854752266,416.46046290586156,5,842.9209258117231,True,960,120.34761881828308
mixed,12,roving_ramp,level,0.0,6.20916652172081,0.0,0.0,3.255572125904163,1.393561504109284,205.40445992621477,3,416.80891985242954,True,152,17.14085054397583
mixed,12,roving_ramp,transient,1.0,0.0,13.248131284404469,0.0,2.028703862267741,2.8701658313465304,165.5249880629097,3,337.0499761258194,True,132,24.080724000930786
mixed,12,roving_ramp,leaky,0.0,6.3079498111799985,0.0,4.894052928698577,-4.203804447713598,2.109383109929759,205.02331320746976,4,418.0466264149395,True,750,249.01186895370483
mixed,12,roving_ramp,mixed,0.9983500470973564,0.010000000000000004,13.237962349804214,0.0,2.028563912259753,2.870310642836603,165.52696111371446,4,339.0539222274289,True,335,38.229718923568726
mixed,12,roving_ramp,mixed_leaky,0.9983497042328439,0.010000000000000004,13.235207492870455,0.005000000000000002,2.020487615300575,2.8708025552624576,165.5293738168719,5,341.0587476337438,True,282,66.60988235473633
mixed,17,roving_ramp50,level,0.0,5.13361834165938,0.0,0.0,1.0823992851265227,2.7295619512652256,521.2308399220256,3,1048.461679844051,True,120,17.867692470550537
mixed,17,roving_ramp50,transient,1.0,0.0,8.420100284321423,0.0,0.8054553707336988,3.3757262808385415,522.7130174347453,3,1051.4260348694906,True,104,17.13368248939514
mixed,17,roving_ramp50,leaky,0.0,5.132590491864724,0.0,0.005000000000000002,1.075001817918642,2.729929994640209,521.231945747364,4,1050.463891494728,True,440,65.11335468292236
mixed,17,roving_ramp50,mixed,0.44096245550194496,3.526061732362818,6.084997391322505,0.0,1.0015550488115188,3.5085876563423724,502.931530321623,4,1013.863060643246,True,280,42.252384185791016
mixed,17,roving_ramp50,mixed_leaky,0.44083963614025606,3.5249529355413434,6.080053847876079,0.005000000000000002,0.9919062091080986,3.5088969777168075,502.94014039995903,5,1015.8802807999181,True,378,67.94491171836853
mixed,20,roving_ramp50,level,0.0,0.010000000000000004,0.0,0.0,30.0,15.0,398.0709501414768,3,802.1419002829537,True,8,1.6117451190948486
mixed,20,roving_ramp50,transient,1.0,0.0,10.065923156779498,0.0,1.7590189478960523,4.135348403975092,188.78230957803103,3,383.56461915606207,True,108,17.02482533454895
mixed,20,roving_ramp50,leaky,0.0,0.010000000000000004,0.0,4.999999999999999,30.0,15.0,398.0709501414768,4,804.1419002829537,True,10,1.9606425762176514
mixed,20,roving_ramp50,mixed,0.9072463078134815,0.45709487569813884,9.78160682375934,0.0,1.8364190046390605,4.104491095973761,188.50126401560436,4,385.0025280312087,True,250,22.911991596221924
mixed,20,roving_ramp50,mixed_leaky,0.8536247825282238,0.8320112434079879,10.615452304325798,0.6706329941149286,-0.3419682076727752,5.3518087516284565,186.23018370277333,5,382.46036740554666,True,366,52.71686887741089
mixed,20,roving_ramp,level,0.0,5.823558922991251,0.0,0.0,4.352459656627551,1.19514823026531,318.4724789022968,3,642.9449578045936,True,124,23.633110761642456
mixed,20,roving_ramp,transient,1.0,0.0,8.706611582861536,0.0,1.5320199763313702,3.8957873199158186,210.3539823541522,3,426.7079647083044,True,60,16.66278600692749
mixed,20,roving_ramp,leaky,0.0,5.826473012528669,0.0,0.005999992867590453,4.352234436647276,1.1943264854327982,318.4726139230413,4,644.9452278460826,True,25,30.97052550315857
mixed,20,roving_ramp,mixed,0.9974916822822202,0.010000000000000004,8.700347187946212,0.0,1.5331074086249556,3.896020979858537,210.36375448979695,4,428.7275089795939,True,310,42.2623770236969
mixed,20,roving_ramp,mixed_leaky,0.9975005802740965,0.010000000000000004,8.731398511203214,0.15247886732580607,1.2039983245107864,3.9656611903165975,210.34176283900393,5,430.68352567800787,True,156,59.144113540649414
mixed,18,roving_ramp50,level,0.0,5.475744862185597,0.0,0.0,2.7343604374968264,1.5880262224933532,220.54349493032086,3,447.0869898606417,True,216,32.1041054725647
mixed,18,roving_ramp50,transient,1.0,0.0,13.87876065891159,0.0,2.3034399701240518,2.362397570683214,196.72735133191603,3,399.45470266383205,True,132,22.815683603286743
mixed,18,roving_ramp50,leaky,0.0,6.243652839425902,0.0,4.457605140847888,-2.4365839812316175,1.860888895324266,219.98902053524137,4,447.97804107048273,True,590,131.0292673110962
mixed,18,roving_ramp50,mixed,0.7155264571042133,2.2108785083248965,12.16630051360816,0.0,2.4754022924262538,2.339227074169458,193.41934258227246,4,394.8386851645449,True,195,49.76549005508423
mixed,18,roving_ramp50,mixed_leaky,0.715493327615927,2.2110272339646126,12.165138852521237,0.005000000000000002,2.4695211989784736,2.3386715180301083,193.4206975149054,5,396.8413950298108,True,444,62.28019165992737
mixed,18,roving_ramp,level,0.0,4.998946417315474,0.0,0.0,1.9633663395306677,2.0256447057794897,219.91821834577087,3,445.83643669154173,True,72,14.813544273376465
mixed,18,roving_ramp,transient,1.0,0.0,14.022333010491145,0.0,1.860943767561909,3.2257421488505766,174.31776934100728,3,354.63553868201456,True,84,14.301334142684937
mixed,18,roving_ramp,leaky,0.0,5.722527707134033,0.0,2.638943149278512,-2.3158137095470503,2.5131700240781094,219.26737663569196,4,446.5347532713839,True,495,122.2579357624054
mixed,18,roving_ramp,mixed,0.8196566205621768,1.2922186651268368,12.849244814427829,0.0,1.856330234244072,3.3073263283107375,173.35876240019803,4,354.71752480039606,True,290,43.595404624938965
mixed,18,roving_ramp,mixed_leaky,0.821646632412911,1.3054389823402415,13.157403374953232,0.5253277237586222,0.7536551046597477,3.5839332623894258,173.13494272930006,5,356.26988545860013,True,636,140.7198657989502
mixed,21,roving_ramp,level,0.0,4.008173753152335,0.0,0.0,1.2789487145261598,2.8372186535256496,332.6357840637513,3,671.2715681275026,True,56,12.690700054168701
mixed,21,roving_ramp,transient,1.0,0.0,4.196909663527902,0.0,1.1183979355961366,2.512826126468317,357.1319328863154,3,720.2638657726308,True,64,16.25856900215149
mixed,21,roving_ramp,leaky,0.0,4.788709215853891,0.0,0.9959034619464336,-5.0,7.641845468545458,331.02781404292404,4,670.0556280858481,True,525,106.71919703483582
mixed,21,roving_ramp,mixed,0.20707447545630164,3.58367247444549,2.047539690704872,0.0,1.307538679520094,2.9777614868098743,328.92769219384024,4,665.8553843876805,True,220,38.9381902217865
mixed,21,roving_ramp,mixed_leaky,0.20148018018858752,3.6286243212860967,2.0030808733340604,0.5622110275481587,0.1916374444809173,3.261457207178463,328.8876963319071,5,667.7753926638142,False,636,78.14230537414551
mixed,22,roving_ramp50,level,0.0,5.41213166607547,0.0,0.0,2.4093278340855195,2.1045436567981612,448.1965661113174,3,902.3931322226348,True,300,39.8387234210968
mixed,22,roving_ramp50,transient,1.0,0.0,5.144889383781676,0.0,1.194593773768354,2.3621111333893747,483.8737328868269,3,973.7474657736537,True,92,14.785263776779175
mixed,22,roving_ramp50,leaky,0.0,5.409441929479938,0.0,0.005000000000000002,2.4025776609411875,2.1048369909569518,448.19727239477555,4,904.3945447895511,True,360,83.87011313438416
mixed,22,roving_ramp50,mixed,0.2977005001179468,4.368459987013821,4.051309418261903,0.0,1.9770092578214271,3.0782709334748692,423.53893891529594,4,855.0778778305919,True,255,47.0655312538147
mixed,22,roving_ramp50,mixed_leaky,0.2975075464928208,4.369445573606465,4.048484712595287,0.005000000000000002,1.9693272032371374,3.077783620893908,423.5441245671188,5,857.0882491342376,True,420,75.69978094100952
mixed,22,roving_ramp,level,0.0,5.579733569660313,0.0,0.0,2.822119230624023,1.7439116090676565,346.34528341678464,3,698.6905668335693,True,80,17.533008813858032
mixed,22,roving_ramp,transient,1.0,0.0,5.045965912130201,0.0,1.3402924349928844,2.422020891561755,366.38690276403923,3,738.7738055280785,True,152,22.418107509613037
mixed,22,roving_ramp,leaky,0.0,5.945896791088863,0.0,2.844856136345379,-2.085983494525621,2.485369472914841,345.8565362191725,4,699.713072438345,True,630,76.67765283584595
mixed,22,roving_ramp,mixed,0.28793175293240986,3.80358891980131,3.3648937953907434,0.0,1.9846325827849556,2.6381085377603406,329.57128607068415,4,667.1425721413683,True,200,38.89595603942871
mixed,22,roving_ramp,mixed_leaky,0.28792010221351905,3.803179420258657,3.3643403390607802,0.005000000000000002,1.9771684250966377,2.6388057689386515,329.57177067357765,5,669.1435413471553,True,516,112.68038511276245
mixed,23,roving_ramp,level,0.0,3.120399496895998,0.0,0.0,0.5492774491859694,3.4385704370968986,511.3326371510508,3,1028.6652743021016,True,88,15.560732364654541
mixed,23,roving_ramp,transient,1.0,0.0,4.111714615905477,0.0,0.40656377943022387,4.002486737646629,513.9786449837525,3,1033.957289967505,True,136,19.390440464019775
mixed,23,roving_ramp,leaky,0.0,3.3932002363595166,0.0,0.7174734012361302,-1.1396087328188624,3.829733923149989,511.00908815013406,4,1030.0181763002681,True,465,85.74366545677185
mixed,23,roving_ramp,mixed,0.3481684645796276,2.483548424965277,2.9022615179419655,0.0,0.5712036798482594,3.7728380560956407,507.8010891172731,4,1023.6021782345462,True,400,53.692880630493164
mixed,23,roving_ramp,mixed_leaky,0.3478323959863418,2.4846985479914965,2.8993080356562864,0.005000000000000002,0.5611761680508376,3.7737010465745526,507.80239074615133,5,1025.6047814923027,True,606,77.1209933757782
mixed,25,roving_ramp,level,0.0,4.438780630385407,0.0,0.0,1.1041228473651037,3.286692930991626,333.8996882758836,3,673.7993765517672,True,64,13.53876256942749
mixed,25,roving_ramp,transient,1.0,0.0,3.3665830808263735,0.0,0.8600544637999906,2.866482319878707,369.73140234864485,3,745.4628046972897,True,120,17.603869199752808
mixed,25,roving_ramp,leaky,0.0,4.438374992017846,0.0,0.005000000000000002,1.095505275594519,3.286786028648326,333.9018138943482,4,675.8036277886964,True,300,74.24597549438477
mixed,25,roving_ramp,mixed,0.056807057666194975,4.284005161469848,0.5644969307143305,0.0,1.0982104604667848,3.356241885996575,333.6550568908987,4,675.3101137817974,True,195,38.010249853134155
mixed,25,roving_ramp,mixed_leaky,0.05668490095783369,4.283597453211495,0.5631565040819305,0.005000000000000002,1.0893770687777844,3.3561899709433987,333.6582180275215,5,677.316436055043,True,396,55.212977170944214
mixed,19,roving_ramp50,level,0.0,5.73934954982535,0.0,0.0,3.2335473726846913,1.5780318272377925,269.60682573785255,3,545.2136514757051,True,112,20.781484127044678
mixed,19,roving_ramp50,transient,1.0,0.0,8.040591728643127,0.0,1.372880931271605,3.3377506542915505,230.2851046786768,3,466.5702093573536,True,84,12.898269653320312
mixed,19,roving_ramp50,leaky,0.0,5.806161348780151,0.0,3.276012454203665,-5.0,3.1688896354055602,268.36395911506503,4,544.7279182301301,True,640,134.87284755706787
mixed,19,roving_ramp50,mixed,0.5455323887188032,2.748703794117087,7.218640118313371,0.0,1.9563500613598221,3.3466780619215464,218.47804147990053,4,444.95608295980105,True,185,36.36332440376282
mixed,19,roving_ramp50,mixed_leaky,0.5444034977430174,2.752541659967569,7.195885972684662,0.23288329359508625,1.5063597246479077,3.4140422037370346,218.4246453633547,5,446.8492907267094,True,888,118.34300112724304
mixed,21,roving_ramp50,level,0.0,3.1923566171997755,0.0,0.0,0.805393912432568,3.7691466766539206,409.8076176241867,3,825.6152352483734,True,128,19.623337507247925
mixed,21,roving_ramp50,transient,1.0,0.0,4.266171926659024,0.0,0.661912610621005,3.4225599004217377,432.88856768544406,3,871.7771353708881,True,104,18.96920132637024
mixed,21,roving_ramp50,leaky,0.0,3.9390419043030964,0.0,0.9118166158675625,-3.653197830460828,6.539244922163784,407.74719214302587,4,823.4943842860517,True,480,87.64002585411072
mixed,21,roving_ramp50,mixed,0.31352542784084514,2.78469472140009,2.7825037100795327,0.0,0.8169163039231326,4.351460379600195,403.8294515793982,4,815.6589031587964,True,235,37.16548752784729
mixed,21,roving_ramp50,mixed_leaky,0.2736606093599037,3.191670539955783,2.6308772997863015,0.560348604216481,-1.0728565542015405,5.2676776295396515,402.81108473056395,5,815.6221694611279,True,702,116.9671220779419
mixed,19,roving_ramp,level,0.0,5.298400220759612,0.0,0.0,2.7171621582006007,1.678814496543133,284.22829954996433,3,574.4565990999287,True,104,26.132587671279907
mixed,19,roving_ramp,transient,1.0,0.0,9.407482700982975,0.0,1.4261063442861612,3.5261878232414503,228.51264336497826,3,463.0252867299565,True,108,22.847559213638306
mixed,19,roving_ramp,leaky,0.0,5.657423295380077,0.0,3.2529316888976743,-5.0,3.0981919241029905,283.2244771215499,4,574.4489542430998,True,665,130.32676601409912
mixed,19,roving_ramp,mixed,0.6585685934803153,2.0386015205130206,8.602798265156126,0.0,1.7117423436875019,3.5842665341531164,223.15140256597843,4,454.30280513195686,True,245,46.15742230415344
mixed,19,roving_ramp,mixed_leaky,0.6583146775644322,2.0403375432614457,8.600408542747429,0.005999327052501602,1.6998992327747715,3.5869104251406543,223.15129475864023,5,456.30258951728047,True,156,149.61932158470154
mixed,23,roving_ramp50,level,0.0,4.249315264295756,0.0,0.0,0.7179234195631476,3.2934572512613993,464.76243545591956,3,935.5248709118391,False,216,26.757991313934326
mixed,23,roving_ramp50,transient,1.0,0.0,4.5865303779694315,0.0,0.6657395028110328,3.1691177044712298,475.02679531097033,3,956.0535906219407,True,152,22.40865731239319
mixed,23,roving_ramp50,leaky,0.0,4.246529975576849,0.0,0.005000000000000002,0.7086942060291238,3.2951309214001525,464.76286776892823,4,937.5257355378565,True,580,109.98387312889099
mixed,23,roving_ramp50,mixed,0.23846666921141665,3.6360516820182576,2.49102831105833,0.0,0.7417775431946162,3.5195050940927177,462.3590763027846,4,932.7181526055692,True,190,37.79730415344238
mixed,23,roving_ramp50,mixed_leaky,0.2384994828423958,3.6344980263122246,2.4904138493155377,0.00500438846851417,0.7315330722215534,3.5231412922908016,462.35928024120795,5,934.7185604824159,True,240,92.76668047904968
mixed,24,roving_ramp,level,0.0,5.6272590525707225,0.0,0.0,3.978578991563773,1.1721577670457963,362.47254442292933,3,730.9450888458587,True,184,47.006593465805054
mixed,24,roving_ramp,transient,1.0,0.0,6.279391049163936,0.0,1.7217797551567118,2.159908921131829,323.891956543093,3,653.783913086186,True,116,19.766605138778687
mixed,24,roving_ramp,leaky,0.0,5.630893991800267,0.0,0.00599996915743067,3.9782834129764946,1.1714372258520942,362.4727846188628,4,732.9455692377256,True,85,45.053065061569214
mixed,24,roving_ramp,mixed,0.7162325831108263,1.020444304047284,5.634958210604972,0.0,1.8043306915397754,2.207824942056337,322.24016047684097,4,652.4803209536819,False,365,63.795963287353516
mixed,24,roving_ramp,mixed_leaky,0.715667379048673,1.0229676140901205,5.6332141924025585,0.005000000000000002,1.7985035756434526,2.208234035393197,322.24033925951977,5,654.4806785190395,True,600,98.50260329246521
mixed,24,roving_ramp50,level,0.0,2.750350130701617,0.0,0.0,2.026378804736194,1.7973015211190797,258.92969709051476,3,523.8593941810295,True,180,39.1429443359375
mixed,24,roving_ramp50,transient,1.0,0.0,6.0815290098949415,0.0,0.8546050162874222,4.189679673090155,236.2732748080184,3,478.5465496160368,True,96,15.89584732055664
mixed,24,roving_ramp50,leaky,0.0,2.704294160723505,0.0,0.38541278716340616,1.6036376823964786,1.8213202513855056,258.8980171153468,4,525.7960342306936,True,190,41.30911302566528
mixed,24,roving_ramp50,mixed,0.8230557464996059,0.5588949337999736,5.687649272240648,0.0,0.9715565448450322,3.9020479576755123,235.64252704355567,4,479.28505408711135,True,310,42.68618702888489
mixed,24,roving_ramp50,mixed_leaky,0.7832910704149005,0.7279911468342881,5.756815524840116,0.6832819090645132,-2.6668950525962956,7.0071200815193535,234.69193177363877,5,479.38386354727754,True,636,121.98312902450562
mixed,25,roving_ramp50,level,0.0,5.8135534366235175,0.0,0.0,1.534603427871229,3.5446566398306962,366.7378198565597,3,739.4756397131194,True,140,27.11343741416931
mixed,25,roving_ramp50,transient,1.0,0.0,2.2548519118233767,0.0,0.8787894257852632,2.5005396162015083,440.38625269033156,3,886.7725053806631,True,88,19.49105453491211
mixed,25,roving_ramp50,leaky,0.0,5.817885707904721,0.0,0.005000000000000002,1.5262586924377546,3.5460877736085825,366.73932455385216,4,741.4786491077043,True,140,103.71288847923279
mixed,25,roving_ramp50,mixed,0.0007858834938386154,5.811530846436479,0.010000000000000004,0.0,1.5344307018702812,3.54594347046085,366.74069340985295,4,741.4813868197059,True,255,27.534023761749268
mixed,25,roving_ramp50,mixed_leaky,0.000786106924402243,5.809877769960769,0.010000000000000004,0.005998434252987139,1.5228951342396808,3.546756414249544,366.7425660696609,5,743.4851321393218,True,126,35.72640013694763
mixed_leaky,0,roving_ramp50,level,0.0,0.010000000000000004,0.0,0.0,30.0,15.0,369.9090483586957,3,745.8180967173914,True,8,1.679961919784546
mixed_leaky,0,roving_ramp50,transient,1.0,0.0,4.061705379003089,0.0,0.7365649733473723,4.6238770342646855,250.5031171707466,3,507.0062343414932,True,72,7.563897371292114
mixed_leaky,0,roving_ramp50,leaky,0.0,0.010000000000000004,0.0,4.999999999999999,30.0,15.0,369.9090483586957,4,747.8180967173914,True,10,2.0683939456939697
mixed_leaky,0,roving_ramp50,mixed,0.9893035942193692,0.020013018019116417,4.049618853080155,0.0,0.7411890149826017,4.619676367628171,250.48788944989315,4,508.9757788997863,True,55,5.333583116531372
mixed_leaky,0,roving_ramp50,mixed_leaky,0.9465419265564896,0.10312938945540025,3.9950189649375845,0.005000000000000002,0.7493240077295744,4.598299544700746,250.46934523887444,5,510.9386904777489,True,498,63.077433824539185
mixed_leaky,0,roving_ramp,level,0.0,0.010000000000000004,0.0,0.0,30.0,15.0,398.1269524749498,3,802.2539049498996,True,8,1.643665075302124
mixed_leaky,0,roving_ramp,transient,1.0,0.0,3.471598892965461,0.0,1.1299115589261812,2.8838816834763303,276.10466321863845,3,558.2093264372769,True,192,18.569681406021118
mixed_leaky,0,roving_ramp,leaky,0.0,0.010000000000000004,0.0,4.999999999999999,30.0,15.0,398.1269524749498,4,804.2539049498996,True,10,2.0130481719970703
mixed_leaky,0,roving_ramp,mixed,0.5003144483052091,1.2637996851336062,2.7684350687660126,0.0,1.2974931131014122,3.144217118614139,269.0405155302172,4,546.0810310604344,True,250,23.751749277114868
mixed_leaky,0,roving_ramp,mixed_leaky,0.49705074856317866,1.317799057292552,2.849283118846338,0.6596962098125883,-0.17184664597747396,3.605246116375433,268.6040991580935,5,547.208198316187,True,378,89.58415675163269
mixed,26,roving_ramp,level,0.0,4.217505453546278,0.0,0.0,1.519757986291229,2.6890572107419035,454.5070536392104,3,915.0141072784209,True,96,16.716294288635254
mixed,26,roving_ramp,transient,1.0,0.0,2.929572838409306,0.0,1.1138763039992023,2.202624132877594,502.6818765858642,3,1011.3637531717284,True,172,23.87020230293274
mixed,26,roving_ramp,leaky,0.0,4.556595972317549,0.0,1.1767611442695356,-0.8494447124308506,3.2045275432064426,453.8963716852953,4,915.7927433705906,True,415,126.18542170524597
mixed,26,roving_ramp,mixed,0.139353507997867,3.8075671550305,1.348809205122657,0.0,1.4487662625385598,2.907329602070413,449.7140687020492,4,907.4281374040984,True,280,41.782681703567505
mixed,26,roving_ramp,mixed_leaky,0.13375548669979576,3.955517263591068,1.3362392976800954,0.7226932159228596,0.14822459704948057,3.0980860150590415,449.4993744110469,5,908.9987488220938,True,408,79.55887198448181
mixed_leaky,4,roving_ramp,level,0.0,0.010000000000000004,0.0,0.0,30.0,15.0,154.03458052861615,3,314.0691610572323,True,8,1.76816725730896
mixed_leaky,4,roving_ramp,transient,1.0,0.0,0.010000000000000004,0.0,30.0,15.0,154.03458052861615,3,314.0691610572323,True,8,1.7491405010223389
mixed_leaky,4,roving_ramp,leaky,0.0,0.010000000000000004,0.0,4.999999999999999,30.0,15.0,154.03458052861615,4,316.0691610572323,True,10,2.0755133628845215
mixed_leaky,4,roving_ramp,mixed,0.4775764455742727,0.010000000000000004,0.02,0.0,30.0,15.0,154.03458052861615,4,316.0691610572323,True,5,1.196305513381958
mixed_leaky,4,roving_ramp,mixed_leaky,0.4775764455742727,0.010000000000000004,0.02,0.005999999999999998,30.0,15.0,154.03458052861615,5,318.0691610572323,True,6,2.000241279602051
mixed_leaky,4,roving_ramp50,level,0.0,0.010000000000000004,0.0,0.0,30.0,15.0,172.77390246938216,3,351.54780493876433,True,8,1.639869213104248
mixed_leaky,4,roving_ramp50,transient,1.0,0.0,0.010000000000000004,0.0,30.0,15.0,172.77390246938216,3,351.54780493876433,True,8,1.6847858428955078
mixed_leaky,4,roving_ramp50,leaky,0.0,0.010000000000000004,0.0,4.999999999999999,30.0,15.0,172.77390246938216,4,353.54780493876433,True,10,2.0180139541625977
mixed_leaky,4,roving_ramp50,mixed,0.4775764455742727,0.010000000000000004,0.02,0.0,30.0,15.0,172.77390246938216,4,353.54780493876433,True,5,1.175274133682251
mixed_leaky,4,roving_ramp50,mixed_leaky,0.4775764455742727,0.010000000000000004,0.02,0.005999999999999998,30.0,15.0,172.77390246938216,5,355.54780493876433,True,6,1.8794476985931396
mixed_leaky,3,roving_ramp,level,0.0,0.010000000000000004,0.0,0.0,30.0,15.0,229.1126233231738,3,464.2252466463476,True,8,1.7001824378967285
mixed_leaky,3,roving_ramp,transient,1.0,0.0,7.352165401504131,0.0,1.9399620266329853,3.0761851398225852,133.1837676868115,3,272.367535373623,True,116,18.304911851882935
mixed_leaky,3,roving_ramp,leaky,0.0,0.010000000000000004,0.0,4.999999999999999,30.0,15.0,229.1126233231738,4,466.2252466463476,True,10,2.0743610858917236
mixed_leaky,3,roving_ramp,mixed,0.8651432015650138,0.4918060496382562,6.902697909961685,0.0,2.185828329000078,2.666307916003297,132.16782574631725,4,272.3356514926345,True,190,18.895769834518433
mixed_leaky,3,roving_ramp,mixed_leaky,0.5586970803042847,2.398414380605011,6.643144005898096,0.005000000000000002,2.489103676160133,3.1912284293190663,128.6481941010525,5,267.296388202105,True,426,53.40152406692505
mixed,28,roving_ramp,level,0.0,4.391344877971631,0.0,0.0,1.833776096792153,2.3570316733522385,298.61650010977263,3,603.2330002195453,True,128,20.821459770202637
mixed,28,roving_ramp,transient,1.0,0.0,6.018871176802767,0.0,0.9414219524925506,3.6316737440214046,295.87065357616285,3,597.7413071523257,True,72,12.952972412109375
mixed,28,roving_ramp,leaky,0.0,4.854755926420641,0.0,1.5588022981466816,-5.0,5.432341662871615,296.35819919113186,4,600.7163983822637,True,570,106.30069255828857
mixed,28,roving_ramp,mixed,0.4176963801595167,3.0114145686602156,4.725977125534327,0.0,1.4907605749999702,3.5170433777576906,274.90161673422546,4,557.8032334684509,True,260,41.70727300643921
mixed,28,roving_ramp,mixed_leaky,0.402256446674944,3.338972230889179,4.915987451223014,0.7051565770244456,-0.7330978848123398,4.748104477022353,274.3486405105262,5,558.6972810210524,True,348,44.30313420295715
mixed,27,roving_ramp50,level,0.0,3.0264546661804785,0.0,0.0,1.1433717227683995,2.642209653545858,267.2034227985062,3,540.4068455970124,True,128,17.289982795715332
mixed,27,roving_ramp50,transient,1.0,0.0,11.76472733657077,0.0,1.6865443483955422,2.6438222163277305,243.02597250321963,3,492.05194500643927,True,128,20.943336725234985
mixed,27,roving_ramp50,leaky,0.0,3.3400573703072576,0.0,1.3660988726552248,-3.037294462363053,4.201155049680329,266.7272679216032,4,541.4545358432064,True,545,66.93268465995789
mixed,27,roving_ramp50,mixed,0.7621844770515736,1.5371595121836499,10.778260699243091,0.0,1.7159103826924231,2.7422150800296663,241.35891762393578,4,490.71783524787156,True,240,46.27121353149414
mixed,27,roving_ramp50,mixed_leaky,0.7540531205199931,1.661613613930947,11.145524556258184,1.102807479936292,-1.7247720601432852,4.303666029757156,241.12171333238481,5,492.24342666476963,True,810,104.02883672714233
mixed_leaky,3,roving_ramp50,level,0.0,0.010000000000000004,0.0,0.0,30.0,15.0,276.0270975988703,3,558.0541951977406,True,8,1.6765189170837402
mixed_leaky,3,roving_ramp50,transient,1.0,0.0,4.942420995485465,0.0,1.5939534967712197,2.57951944047868,190.8400076749706,3,387.6800153499412,True,116,18.696237802505493
mixed_leaky,3,roving_ramp50,leaky,0.0,0.010000000000000004,0.0,4.999999999999999,30.0,15.0,276.0270975988703,4,560.0541951977406,True,10,2.0497190952301025
mixed_leaky,3,roving_ramp50,mixed,0.3517883811182931,3.4320562527224796,4.07501230120471,0.0,2.5904167355867234,2.55075327045969,178.29363517345325,4,364.5872703469065,True,250,23.96228575706482
mixed_leaky,3,roving_ramp50,mixed_leaky,0.334235065915926,4.2253631255819,4.640929581495005,1.644889173622612,-2.2591487822285425,4.239626997471861,176.40103757751382,5,362.80207515502764,True,552,62.201560497283936
mixed,27,roving_ramp,level,0.0,4.957162439280433,0.0,0.0,1.647687102764774,2.1055970565114444,296.78859726759373,3,599.5771945351875,True,128,21.424789428710938
mixed,27,roving_ramp,transient,1.0,0.0,11.924957083296878,0.0,1.5377758409052869,3.1110098213208692,262.2679434800491,3,530.5358869600982,True,104,18.714153289794922
mixed,27,roving_ramp,leaky,0.0,4.956656809919132,0.0,0.005000000000000002,1.6422820801893623,2.105316762574048,296.7891854186468,4,601.5783708372936,True,530,112.34277105331421
mixed,27,roving_ramp,mixed,0.7646557655198797,1.514507934946596,10.765737930894229,0.0,1.5154154640062247,3.2635189595912397,261.2844490196059,4,530.5688980392118,True,195,43.54738116264343
mixed,27,roving_ramp,mixed_leaky,0.7646228055572877,1.5139515729014053,10.759812292248526,0.005000000000000002,1.506654848312989,3.2625386368878964,261.28696147432925,5,532.5739229486585,True,438,87.96755862236023
mixed,29,roving_ramp,level,0.0,14.643321868290673,0.0,0.0,8.10338425102909,0.8710310739583429,321.7332359451536,3,649.4664718903072,True,204,57.985682249069214
mixed,29,roving_ramp,transient,1.0,0.0,6.000377257007425,0.0,1.2636456705789403,2.5639206417689633,307.5956609573852,3,621.1913219147704,True,112,19.0896897315979
mixed,29,roving_ramp,leaky,0.0,14.653634177670902,0.0,0.005000000000000002,8.10747954570445,0.8706475718661292,321.73376799543104,4,651.4675359908621,True,345,52.0162570476532
mixed,29,roving_ramp,mixed,0.7545536883623072,0.8314358475835724,5.592065218172672,0.0,1.4243911684007589,2.4166360598165046,306.87582464349464,4,621.7516492869893,True,255,64.04419136047363
mixed,29,roving_ramp,mixed_leaky,0.7619283163860023,0.8205088684078014,5.745125189823602,1.1691014687823076,-1.616862803456014,3.6114611919843265,306.1978001342565,5,622.395600268513,True,552,66.10397291183472
mixed_leaky,7,roving_ramp50,level,0.0,0.010000000000000004,0.0,0.0,30.0,15.0,191.51730791360552,3,389.03461582721104,True,8,1.7162580490112305
mixed_leaky,7,roving_ramp50,transient,1.0,0.0,0.010000000000000004,0.0,30.0,15.0,191.51730791360552,3,389.03461582721104,True,8,1.649376630783081
mixed_leaky,7,roving_ramp50,leaky,0.0,0.010000000000000004,0.0,4.999999999999999,30.0,15.0,191.51730791360552,4,391.03461582721104,True,10,2.014281749725342
mixed_leaky,7,roving_ramp50,mixed,0.4775764455742727,0.010000000000000004,0.02,0.0,30.0,15.0,191.51730791360552,4,391.03461582721104,True,5,1.190514087677002
mixed_leaky,7,roving_ramp50,mixed_leaky,0.4775764455742727,0.010000000000000004,0.02,0.005999999999999998,30.0,15.0,191.51730791360552,5,393.03461582721104,True,6,1.862410068511963
mixed,26,roving_ramp50,level,0.0,4.214653300295004,0.0,0.0,1.6253687348762675,2.532407440109104,551.6555931340027,3,1109.3111862680055,True,112,18.276483297348022
mixed,26,roving_ramp50,transient,1.0,0.0,2.441819692553626,0.0,1.1365083538425094,1.9315489850432443,638.526229656062,3,1283.052459312124,True,104,16.552757501602173
mixed,26,roving_ramp50,leaky,0.0,4.643849537700909,0.0,1.5158105696207889,-1.7146610867993948,3.316407874019823,551.3442197902291,4,1110.6884395804582,True,685,140.07212591171265
mixed,26,roving_ramp50,mixed,0.00706136164646122,4.19947679816259,0.06533878828403865,0.0,1.6244449165244246,2.537181728709091,551.6467400503913,4,1111.2934801007825,False,420,47.55384039878845
mixed,26,roving_ramp50,mixed_leaky,0.0019648768283443627,4.643339501139821,0.019999990560399458,1.5160222378340142,-1.7145968541836998,3.316993481132699,551.3462001579597,5,1112.6924003159195,True,204,113.47302079200745
mixed_leaky,1,roving_ramp,level,0.0,7.324156182799885,0.0,0.0,3.2989887809975196,1.5022236259259951,246.6950135259626,3,499.3900270519252,True,104,20.093432664871216
mixed_leaky,1,roving_ramp,transient,1.0,0.0,6.741389768782995,0.0,1.5312593086187185,2.4282891962798163,244.270343274245,3,494.54068654849,True,52,12.893731355667114
mixed_leaky,1,roving_ramp,leaky,0.0,7.322243531639727,0.0,0.005000000000000002,3.2943062856018654,1.5022383707080693,246.6952818608933,4,501.3905637217866,True,310,50.26561760902405
mixed_leaky,1,roving_ramp,mixed,0.36759412149991627,3.623808936675566,4.608374846131595,0.0,1.994890030882339,2.3654759541996695,233.41631676406084,4,474.8326335281217,True,235,45.374446392059326
mixed_leaky,1,roving_ramp,mixed_leaky,0.3567345934413281,4.227208472496174,5.128832810673265,1.809682744830489,-5.0,4.941646931765316,232.287579463897,5,474.575158927794,True,768,107.44628596305847
mixed,29,roving_ramp50,level,0.0,1.3586381648571586,0.0,0.0,0.6616432928440001,3.3982312383322872,306.3877618983271,3,618.7755237966542,True,164,26.580775260925293
mixed,29,roving_ramp50,transient,1.0,0.0,4.928686840134927,0.0,1.003144321872056,2.9971755034788305,293.20270432066064,3,592.4054086413213,True,108,18.624884128570557
mixed,29,roving_ramp50,leaky,0.0,1.5638525657271223,0.0,0.9802003211555755,-2.3196598313989925,4.4743906421713175,306.1346862432204,4,620.2693724864408,True,620,119.62338399887085
mixed,29,roving_ramp50,mixed,0.9703596029107544,0.06809119876385185,4.876963632683037,0.0,1.008376702742449,2.9942954422520613,293.1967690047164,4,594.3935380094327,True,260,28.872336626052856
mixed,29,roving_ramp50,mixed_leaky,0.9699906840050586,0.07010867462753384,4.957846427317226,0.7764480953385745,-0.9524054592073133,3.7947053123211756,293.0339394479436,5,596.0678788958872,True,540,103.72692799568176
mixed,28,roving_ramp50,level,0.0,3.601210107920889,0.0,0.0,1.6063524880740507,2.678194116140063,267.53355118137847,3,541.0671023627569,True,132,26.670548915863037
mixed,28,roving_ramp50,transient,1.0,0.0,5.5559697191997515,0.0,0.8342610799021473,3.922729638632128,271.1751977167573,3,548.3503954335146,True,132,18.569424152374268
mixed,28,roving_ramp50,leaky,0.0,4.086959518145572,0.0,1.4530489818272752,-1.7842363845959366,3.5325383141467173,267.0237567599826,4,542.0475135199652,True,465,93.24572277069092
mixed,28,roving_ramp50,mixed,0.44004826679508013,2.4329813302540546,4.183100938832687,0.0,1.2399460129825761,3.9615383571135916,252.41835851890664,4,512.8367170378133,True,235,44.96218657493591
mixed,28,roving_ramp50,mixed_leaky,0.43991578312629104,2.4338291487119315,4.182309262823196,0.005000000000000002,1.2295868900006388,3.962842600877531,252.42292493102627,5,514.8458498620525,True,816,144.34238576889038
mixed_leaky,7,roving_ramp,level,0.0,0.010000000000000004,0.0,0.0,30.0,15.0,266.66768705557956,3,539.3353741111591,True,8,1.7003028392791748
mixed_leaky,7,roving_ramp,transient,1.0,0.0,3.5505383766774705,0.0,0.875990623281161,4.1032273323606185,197.4393238220307,3,400.8786476440614,True,80,8.486461639404297
mixed_leaky,7,roving_ramp,leaky,0.0,0.010000000000000004,0.0,4.999999999999999,30.0,15.0,266.66768705557956,4,541.3353741111591,True,10,2.0533878803253174
mixed_leaky,7,roving_ramp,mixed,0.22067569469371395,3.51592600035576,2.178140316316486,0.0,1.8611908034300086,3.9756130517370405,173.43354935805857,4,354.86709871611714,True,320,29.94115662574768
mixed_leaky,7,roving_ramp,mixed_leaky,0.17623109240193752,4.512478860433103,2.112040122288213,0.7619989810951282,-2.199290419949221,7.407095742620004,171.6792448047183,5,353.3584896094366,True,498,58.05774736404419
mixed_leaky,1,roving_ramp50,level,0.0,3.658523184142171,0.0,0.0,1.737367931527624,2.0795882034221296,289.0044718152001,3,584.0089436304002,True,88,21.38167119026184
mixed_leaky,1,roving_ramp50,transient,1.0,0.0,7.884491418124514,0.0,1.4969301704292948,2.5381900123839816,270.47005921520423,3,546.9401184304085,True,120,23.379934310913086
mixed_leaky,1,roving_ramp50,leaky,0.0,3.974686235371976,0.0,2.0652611662786753,-4.571228102838207,3.9545422198716524,288.0249466296742,4,584.0498932593484,True,615,115.21468758583069
mixed_leaky,1,roving_ramp50,mixed,0.6564958369435804,1.5651320641013717,6.54426393979391,0.0,1.6130140453678679,2.5361738406186047,267.41132451418116,4,542.8226490283623,True,235,41.38358497619629
mixed_leaky,1,roving_ramp50,mixed_leaky,0.6373708275544692,1.7588859925299916,6.763585427541787,1.325786586466546,-2.0971397735543325,3.896846673415063,267.16705036847475,5,544.3341007369495,True,810,101.14175844192505
mixed_leaky,2,roving_ramp,level,0.0,6.052005356357681,0.0,0.0,2.366244397329555,1.8087342904713652,272.2561833595701,3,550.5123667191402,True,132,20.851351737976074
mixed_leaky,2,roving_ramp,transient,1.0,0.0,12.733082161906518,0.0,1.7851843172516222,3.2145009583574513,222.0936235724879,3,450.1872471449758,True,128,18.727102041244507
mixed_leaky,2,roving_ramp,leaky,0.0,6.685774639681945,0.0,2.9224263952802985,-1.9684360538602614,2.2802143756522106,271.52827986542707,4,551.0565597308541,True,475,97.34584188461304
mixed_leaky,2,roving_ramp,mixed,0.6762911449175774,2.603201296415737,11.898623414818733,0.0,1.9998973383913585,3.404989418945526,216.84475410403087,4,441.68950820806174,True,235,43.02378869056702
mixed_leaky,2,roving_ramp,mixed_leaky,0.6764579823838149,2.601555619722711,11.90016815452348,0.005000000000000002,1.990493574901228,3.406340501952107,216.84634163835614,5,443.6926832767123,True,870,123.68638157844543
mixed_leaky,2,roving_ramp50,level,0.0,5.828442933366209,0.0,0.0,2.744005663107858,1.6627770779291275,219.95015091035714,3,445.9003018207143,True,160,25.087287425994873
mixed_leaky,2,roving_ramp50,transient,1.0,0.0,10.777064283695404,0.0,1.9334512011293694,2.5382453203643562,194.66823165912695,3,395.3364633182539,True,120,17.04790997505188
mixed_leaky,2,roving_ramp50,leaky,0.0,6.349911885091486,0.0,3.7025913594718878,-3.0306988203625194,2.285357489783235,219.64720481238388,4,447.29440962476775,True,640,138.05171155929565
mixed_leaky,2,roving_ramp50,mixed,0.6289298896105036,2.6153016825125355,9.69790445433427,0.0,2.2240802464629112,2.601248157130296,189.70433751320067,4,387.40867502640134,False,400,55.481236696243286
mixed_leaky,2,roving_ramp50,mixed_leaky,0.6257868060409494,2.804136100684152,10.259264850762376,1.2363745601454958,0.013611046988678493,2.966665990891399,189.3753720264954,5,388.7507440529908,True,630,106.44425868988037
mixed_leaky,8,roving_ramp,level,0.0,5.759090301237802,0.0,0.0,1.308717621433843,2.9695168897190753,238.75903780076555,3,483.5180756015311,True,136,21.3957622051239
mixed_leaky,8,roving_ramp,transient,1.0,0.0,6.335212452946073,0.0,0.8649225608689888,3.8498919307120456,242.37138750432442,3,490.74277500864883,True,72,13.157124996185303
mixed_leaky,8,roving_ramp,leaky,0.0,5.757261252735939,0.0,0.005999309576028516,1.2987356200606117,2.970650244088747,238.75921631551472,4,485.51843263102944,True,115,29.469444274902344
mixed_leaky,8,roving_ramp,mixed,0.3084390679281024,4.070337754733696,3.9717255050705607,0.0,1.1585308501459186,3.6460600186164105,232.71637451380573,4,473.43274902761146,True,265,42.071245193481445
mixed_leaky,8,roving_ramp,mixed_leaky,0.3082820324430574,4.070131939603297,3.9686014890426766,0.005000000000000002,1.1487700966863876,3.6463278063731077,232.72122865589225,5,475.4424573117845,True,282,70.84295320510864
mixed_leaky,5,roving_ramp50,level,0.0,6.3441477272711975,0.0,0.0,2.544762993719803,2.5526610527002433,301.7639733387241,3,609.5279466774482,True,152,22.490093231201172
mixed_leaky,5,roving_ramp50,transient,1.0,0.0,4.40591905801852,0.0,0.9657739834681811,2.9929449205626177,350.6211956436232,3,707.2423912872464,True,112,19.533409357070923
mixed_leaky,5,roving_ramp50,leaky,0.0,7.376689918177237,0.0,1.6252205882231425,-5.0,5.871908556069458,298.7065781542345,4,605.413156308469,True,685,85.98377108573914
mixed_leaky,5,roving_ramp50,mixed,0.19521575025672877,5.36747272866116,2.8484924901591455,0.0,2.162122792930854,3.4669461810449884,291.1757475474578,4,590.3514950949155,True,225,45.09964895248413
mixed_leaky,5,roving_ramp50,mixed_leaky,0.1953470841044459,5.365965342412312,2.8500734556946568,0.005000000000000002,2.152456035241233,3.46815385406563,291.1794583464001,5,592.3589166928002,True,390,64.31933259963989
mixed_leaky,6,roving_ramp50,level,0.0,5.427868310174142,0.0,0.0,1.5174194591152215,2.156478228654011,387.46136700321074,3,780.9227340064215,True,164,22.813792943954468
mixed_leaky,6,roving_ramp50,transient,1.0,0.0,6.579595898741329,0.0,1.2198168369080824,2.4164852114025828,393.6855971955144,3,793.3711943910288,True,148,23.097654104232788
mixed_leaky,6,roving_ramp50,leaky,0.0,5.426847192104578,0.0,0.005000000000000002,1.5120205058210368,2.1559584124152775,387.46201564672674,4,782.9240312934535,True,345,61.54951620101929
mixed_leaky,6,roving_ramp50,mixed,0.3373499744367639,4.172423431166309,4.647235537639617,0.0,1.4749151299829995,2.4711009863627003,379.5452085251237,4,767.0904170502474,True,200,42.098156690597534
mixed_leaky,6,roving_ramp50,mixed_leaky,0.3372785630561919,4.172999573851497,4.646392640874452,0.005000000000000002,1.4684514641494317,2.471138162090901,379.54654771283606,5,769.0930954256721,False,576,87.09458589553833
mixed_leaky,8,roving_ramp50,level,0.0,4.8867364546100625,0.0,0.0,1.787876241709886,2.11300298079323,272.1683567519445,3,550.336713503889,True,136,21.5946147441864
mixed_leaky,8,roving_ramp50,transient,1.0,0.0,8.191890829795707,0.0,1.7205278279880503,2.1515564967625123,272.7082220727795,3,551.416444145559,True,144,21.622166395187378
mixed_leaky,8,roving_ramp50,leaky,0.0,4.885031917238569,0.0,0.005000000000000002,1.7815002759017922,2.113602657899372,272.1690739809296,4,552.3381479618592,True,360,76.28929090499878
mixed_leaky,8,roving_ramp50,mixed,0.42260764672468704,3.590490071910737,5.749497634137827,0.0,1.7935426223520412,2.4084757484263997,263.3109647874949,4,534.6219295749898,True,290,53.85128045082092
mixed_leaky,8,roving_ramp50,mixed_leaky,0.4225969745110138,3.5896362277914697,5.74787896296196,0.005031037195738607,1.7862992419405281,2.409300096499999,263.3114874302547,5,536.6229748605094,True,282,48.180341958999634
mixed_leaky,5,roving_ramp,level,0.0,5.94421229426352,0.0,0.0,2.089203599891431,2.7983859332368093,350.73919524691127,3,707.4783904938225,True,112,17.745447397232056
mixed_leaky,5,roving_ramp,transient,1.0,0.0,4.3943977138694885,0.0,1.1847534725820072,2.442268503418882,412.7377560983872,3,831.4755121967744,True,76,12.647432327270508
mixed_leaky,5,roving_ramp,leaky,0.0,7.343893214759376,0.0,1.617988739059165,-4.8651944926725195,5.659490495878914,346.7645473813639,4,701.5290947627278,True,675,147.18648290634155
mixed_leaky,5,roving_ramp,mixed,0.17529343832811617,5.222081524062839,2.4283970889454483,0.0,1.925850010793003,3.3591712879593936,340.8000552304549,4,689.6001104609098,True,255,41.98005414009094
mixed_leaky,5,roving_ramp,mixed_leaky,0.15613356385934427,5.806366232776783,2.3503732239215434,0.8663633727942176,-0.3200328511083531,4.143632939270226,340.02711967044,5,690.05423934088,True,474,70.32565546035767
mixed_leaky,9,roving_ramp,level,0.0,2.4822349659713927,0.0,0.0,0.9841315439682078,2.4388352288448383,506.8404837488781,3,1019.6809674977562,True,72,15.225310802459717
mixed_leaky,9,roving_ramp,transient,1.0,0.0,6.067447391975477,0.0,0.7360541855578783,3.3423353016165116,482.1201983489018,3,970.2403966978036,True,80,13.98025918006897
mixed_leaky,9,roving_ramp,leaky,0.0,2.8151381853340918,0.0,1.6253206577337689,-3.9509147962840703,4.076846936857227,505.5577573796712,4,1019.1155147593424,True,620,107.71612024307251
mixed_leaky,9,roving_ramp,mixed,0.7324711738736673,0.9172102428188588,5.494127027536679,0.0,0.8264955924369595,3.2601941631330655,480.15137814530203,4,968.3027562906041,True,190,37.19784736633301
mixed_leaky,9,roving_ramp,mixed_leaky,0.724585292838085,0.95637274929026,5.504773145703654,0.4820823054341352,-0.1899418492880475,3.5245180554959394,479.99963414379454,5,969.9992682875891,True,426,55.88873362541199
mixed_leaky,6,roving_ramp,level,0.0,4.700701077754205,0.0,0.0,1.3541014324092129,2.3720517598272193,375.1577704237542,3,756.3155408475084,True,176,27.53343629837036
mixed_leaky,6,roving_ramp,transient,1.0,0.0,6.072939066132825,0.0,0.9016248055494186,3.091051214673534,381.30311344476195,3,768.6062268895239,True,76,15.693372011184692
mixed_leaky,6,roving_ramp,leaky,0.0,5.153211517691781,0.0,1.6297567191397464,-2.9942010957226737,3.6929238848864068,374.38183718160116,4,756.7636743632023,True,755,125.54884743690491
mixed_leaky,6,roving_ramp,mixed,0.3493514964355126,3.400317408863526,3.9943441251130447,0.0,1.1705631062087891,2.9467187253371097,368.61067189399387,4,745.2213437879877,True,180,39.32234048843384
mixed_leaky,6,roving_ramp,mixed_leaky,0.34926328917411137,3.400195943862729,3.992651673567609,0.005000000000000002,1.1626991618634688,2.946870573906039,368.61197718092444,5,747.2239543618489,True,462,71.26733875274658
mixed_leaky,10,roving_ramp,level,0.0,6.559897045618998,0.0,0.0,2.5318079067527384,1.521576441815763,599.5615658327316,3,1205.1231316654632,True,148,26.821237564086914
mixed_leaky,10,roving_ramp,transient,1.0,0.0,10.18491908486832,0.0,1.3998212725106125,2.5185790662924132,553.7977505205554,3,1113.5955010411108,True,116,17.97255778312683
mixed_leaky,10,roving_ramp,leaky,0.0,7.2604465990220595,0.0,4.100326316834777,-3.5032750799895624,2.135116331523368,598.0507122051426,4,1204.1014244102853,True,590,106.03693890571594
mixed_leaky,10,roving_ramp,mixed,0.5214182892904944,3.854581071275221,9.187919753690338,0.0,1.7987716816030903,2.8163962266982696,519.3189597393336,4,1046.6379194786673,True,280,48.21117925643921
mixed_leaky,10,roving_ramp,mixed_leaky,0.5213557316574563,3.8543627354759358,9.185096427434392,0.005000000000000002,1.7914173110852138,2.8158205066185205,519.323244846002,5,1048.646489692004,True,336,45.69527626037598
mixed_leaky,9,roving_ramp50,level,0.0,2.6603064196086335,0.0,0.0,0.9131303760788743,2.579700369411263,538.2720365586844,3,1082.5440731173687,True,140,20.042810440063477
mixed_leaky,9,roving_ramp50,transient,1.0,0.0,5.44203487388342,0.0,0.9136502450047973,2.6033414651675746,537.6010353618902,3,1081.2020707237805,True,112,26.16634225845337
mixed_leaky,9,roving_ramp50,leaky,0.0,3.176903512006302,0.0,1.7546290803142426,-4.484161694044554,4.16063457955232,536.8590942651182,4,1081.7181885302364,True,615,119.98845767974854
mixed_leaky,9,roving_ramp50,mixed,0.4891900611321902,1.8248588288758398,3.8234675230781856,0.0,0.9873967081295831,2.70989810924158,529.8865855770933,4,1067.7731711541867,True,215,38.96478462219238
mixed_leaky,9,roving_ramp50,mixed_leaky,0.46461755573816405,2.1059850929656236,3.9984956582733404,1.3147539977167104,-2.027209528301401,3.451351708462007,529.4268677360111,5,1068.8537354720222,True,798,89.27834248542786
mixed_leaky,15,roving_ramp50,level,0.0,0.010000000000000004,0.0,0.0,30.0,15.0,200.88188533883547,3,407.76377067767095,True,8,1.723961591720581
mixed_leaky,15,roving_ramp50,transient,1.0,0.0,7.046819713308727,0.0,1.875829161454352,3.1294898681471874,132.6187722913861,3,271.2375445827722,True,104,24.074332237243652
mixed_leaky,15,roving_ramp50,leaky,0.0,0.010000000000000004,0.0,4.999999999999999,30.0,15.0,200.88188533883547,4,409.76377067767095,True,10,2.087212085723877
mixed_leaky,15,roving_ramp50,mixed,0.5470476184378554,2.1953186408018204,5.80069452994587,0.0,2.370564302938203,2.9306877400438736,129.8500134058566,4,267.7000268117132,True,255,24.834697723388672
mixed_leaky,15,roving_ramp50,mixed_leaky,0.5469200855725972,2.1959674256425163,5.799423223053064,0.005998061908732944,2.3610463641032458,2.931449168174635,129.8504446657871,5,269.7008893315742,True,108,23.98963475227356
mixed_leaky,12,roving_ramp,level,0.0,5.738201093741061,0.0,0.0,1.6695032777076766,2.2477170932531876,356.89897697365444,3,719.7979539473089,True,72,20.584553003311157
mixed_leaky,12,roving_ramp,transient,1.0,0.0,8.39990209504535,0.0,1.2800201190746912,2.7496898112131873,355.47762563494337,3,716.9552512698867,True,80,13.983317613601685
mixed_leaky,12,roving_ramp,leaky,0.0,6.495135878214571,0.0,1.7770515482683205,-5.0,4.7487778688356395,354.04987529777713,4,716.0997505955543,True,445,94.26211357116699
mixed_leaky,12,roving_ramp,mixed,0.4222695858616622,4.17870308708335,6.682145554397192,0.0,1.5061982845792155,3.1654755768641367,329.27872190689396,4,666.5574438137879,True,275,44.91771912574768
mixed_leaky,12,roving_ramp,mixed_leaky,0.4052899060198816,4.738067034887474,7.064338889944469,0.8709913433163802,-1.2317817065872732,4.580853278643075,327.3860470106322,5,664.7720940212644,True,348,50.41520857810974
mixed_leaky,15,roving_ramp,level,0.0,0.010000000000000004,0.0,0.0,30.0,15.0,191.53589202127668,3,389.07178404255336,True,8,1.71451735496521
mixed_leaky,15,roving_ramp,transient,1.0,0.0,5.4104044872413795,0.0,2.061162269756404,2.2903430696969824,137.50942255164162,3,281.01884510328324,True,176,17.97399926185608
mixed_leaky,15,roving_ramp,leaky,0.0,0.010000000000000004,0.0,4.999999999999999,30.0,15.0,191.53589202127668,4,391.07178404255336,True,10,2.045731782913208
mixed_leaky,15,roving_ramp,mixed,0.5275351963014597,1.7701763643851955,4.324225796113165,0.0,2.301983681832989,2.310183628869553,135.90575049019816,4,279.8115009803963,True,205,20.332329034805298
mixed_leaky,15,roving_ramp,mixed_leaky,0.5326864658067504,1.8133789243751488,4.522324415240214,1.5346048995024544,-0.5132952221060413,2.8298354083105486,135.7239836182241,5,281.4479672364482,True,564,61.6644241809845
mixed_leaky,11,roving_ramp50,level,0.0,2.9169953822363075,0.0,0.0,1.3776007415415992,2.241909146122508,333.6423282286116,3,673.2846564572232,True,120,19.94487190246582
mixed_leaky,11,roving_ramp50,transient,1.0,0.0,3.8005119741152646,0.0,1.2186904797415772,2.2880283749905095,339.26737089765504,3,684.5347417953101,True,80,18.519307136535645
mixed_leaky,11,roving_ramp50,leaky,0.0,2.9181119925788055,0.0,0.005000000000000002,1.3717905455084158,2.2419923715969534,333.6425594617301,4,675.2851189234602,True,515,68.3051860332489
mixed_leaky,11,roving_ramp50,mixed,0.31509472179938697,2.3977664366121507,2.4133890524372528,0.0,1.333550471337264,2.4389076647140007,330.94905521187434,4,669.8981104237487,True,230,44.63629961013794
mixed_leaky,11,roving_ramp50,mixed_leaky,0.3152356382629709,2.3968432375990685,2.4140354150336436,0.005024559381353676,1.3269348574071769,2.438960418481303,330.94945804195527,5,671.8989160839105,True,312,91.08394360542297
mixed_leaky,11,roving_ramp,level,0.0,2.33980383087987,0.0,0.0,0.5503206943522276,4.112945318577147,346.0889852027838,3,698.1779704055676,True,80,17.70361304283142
mixed_leaky,11,roving_ramp,transient,1.0,0.0,6.646640253839009,0.0,1.7297497302320033,1.9423973191754602,341.9551277220621,3,689.9102554441242,True,104,20.468282222747803
mixed_leaky,11,roving_ramp,leaky,0.0,2.8458405104488254,0.0,0.7335700785651815,-4.273894850667725,8.3312921781443,344.11678746029435,4,696.2335749205887,True,735,144.34077191352844
mixed_leaky,11,roving_ramp,mixed,0.4844710863843702,2.390524116565097,4.9149353667713385,0.0,1.871657692318159,1.9474500109749948,336.2520423913322,4,680.5040847826644,True,320,61.56579113006592
mixed_leaky,11,roving_ramp,mixed_leaky,0.48757057278552846,2.4452657367112938,5.09025258311058,1.6378669871317677,-0.07155890849126197,2.041970090209255,336.1008420429177,5,682.2016840858354,True,600,77.66534614562988
mixed_leaky,10,roving_ramp50,level,0.0,4.94429666266027,0.0,0.0,2.0086705389402897,1.807931606164046,574.8393192484182,3,1155.6786384968364,True,152,23.639792442321777
mixed_leaky,10,roving_ramp50,transient,1.0,0.0,9.33938408865729,0.0,1.4748534210656832,2.252224079134915,556.9313901862691,3,1119.8627803725383,True,96,15.886994123458862
mixed_leaky,10,roving_ramp50,leaky,0.0,5.433503664185101,0.0,2.576005178572288,-5.0,3.5046725343592215,571.6335302801008,4,1151.2670605602016,True,510,98.45551419258118
mixed_leaky,10,roving_ramp50,mixed,0.5102733523764967,3.4177120892509234,7.791022778314375,0.0,1.7196227713276357,2.692091492138301,519.1544871083374,4,1046.3089742166749,True,215,38.58657455444336
mixed_leaky,10,roving_ramp50,mixed_leaky,0.4867962375681394,4.20336626945803,8.722971680940189,1.6638521570581153,-4.459406818334665,4.931799387081752,514.6053305596386,5,1039.2106611192771,True,606,171.90211868286133
mixed_leaky,12,roving_ramp50,level,0.0,3.3726393727922446,0.0,0.0,0.9287627548456312,3.1266303136914693,412.23736401645317,3,830.4747280329063,True,80,16.14990735054016
mixed_leaky,12,roving_ramp50,transient,1.0,0.0,9.417346333335196,0.0,0.9850796835178814,3.8082640174547877,380.7797615860904,3,767.5595231721808,True,108,19.975424766540527
mixed_leaky,12,roving_ramp50,leaky,0.0,4.100673960290528,0.0,0.9339118155278351,-5.0,7.761245958760686,406.4638726634127,4,820.9277453268254,True,715,118.26928353309631
mixed_leaky,12,roving_ramp50,mixed,0.6268286155317598,2.2899273861613287,8.415347185252395,0.0,1.0650014270249266,4.523077751523757,366.25573243866455,4,740.5114648773291,True,215,37.79372191429138
mixed_leaky,12,roving_ramp50,mixed_leaky,0.5891223464678392,2.6602477058962224,8.344972282280956,0.48845676601999466,-0.8672658557709432,5.944372859880374,363.94958929111976,5,737.8991785822395,True,372,95.61733746528625
mixed_leaky,13,roving_ramp50,level,0.0,1.5761675593771998,0.0,0.0,0.7398977844519891,3.1410720966997885,385.4209528183941,3,776.8419056367882,True,168,25.469887733459473
mixed_leaky,13,roving_ramp50,transient,1.0,0.0,3.529370875739856,0.0,0.8118103710372158,2.930364429204341,385.25817701220967,3,776.5163540244193,True,72,13.721131563186646
mixed_leaky,13,roving_ramp50,leaky,0.0,1.800834923662808,0.0,0.9431840633137968,-3.393240925934722,5.7355482761122065,384.24438977791004,4,776.4887795558201,True,545,101.44932341575623
mixed_leaky,13,roving_ramp50,mixed,0.4850132144263658,1.2278418151743113,2.5299372645220037,0.0,0.9159353337487932,2.979372488961379,379.62290206808024,4,767.2458041361605,True,160,31.410938024520874
mixed_leaky,13,roving_ramp50,mixed_leaky,0.4641982594448251,1.355848768470868,2.5699252119593474,0.9959387222299462,-2.620384492673937,4.823528166119833,378.9719934178238,5,767.9439868356476,True,738,96.58479952812195
mixed_leaky,16,roving_ramp50,level,0.0,11.924084574430465,0.0,0.0,1.7555072895128867,1.6026530094180291,851.565348511111,3,1709.130697022222,True,124,21.571540355682373
mixed_leaky,16,roving_ramp50,transient,1.0,0.0,12.221317912339742,0.0,1.565553406639913,1.7897647381301307,843.3181487720947,3,1692.6362975441893,True,120,19.327807903289795
mixed_leaky,16,roving_ramp50,leaky,0.0,11.940372225414379,0.0,0.005999941211263519,1.7536443321694215,1.6009629664778997,851.5655648701576,4,1711.1311297403151,True,40,27.4132399559021
mixed_leaky,16,roving_ramp50,mixed,0.35371883520275194,7.729948670361521,9.255995688445932,0.0,1.7274857494262053,1.8864795429290213,825.3334233591487,4,1658.6668467182974,True,230,49.250844955444336
mixed_leaky,16,roving_ramp50,mixed_leaky,0.3536121693096794,7.730388486657063,9.252203941238562,0.005999722777602583,1.7216460433003042,1.885972759468317,825.3336719289442,5,1660.6673438578885,True,84,52.521284103393555
mixed_leaky,21,roving_ramp,level,0.0,0.010000000000000004,0.0,0.0,30.0,15.0,144.57524915523592,3,295.15049831047185,True,8,1.6546311378479004
mixed_leaky,21,roving_ramp,transient,1.0,0.0,0.010000000000000004,0.0,30.0,15.0,144.57524915523592,3,295.15049831047185,True,8,1.6652624607086182
mixed_leaky,21,roving_ramp,leaky,0.0,0.010000000000000004,0.0,4.999999999999999,30.0,15.0,144.57524915523592,4,297.15049831047185,True,10,2.0389597415924072
mixed_leaky,21,roving_ramp,mixed,0.4775764455742727,0.010000000000000004,0.02,0.0,30.0,15.0,144.57524915523592,4,297.15049831047185,True,5,1.1688847541809082
mixed_leaky,21,roving_ramp,mixed_leaky,0.4775764455742727,0.010000000000000004,0.02,0.005999999999999998,30.0,15.0,144.57524915523592,5,299.15049831047185,True,6,1.959092140197754
mixed_leaky,16,roving_ramp,level,0.0,9.450737958764726,0.0,0.0,0.9203561202953747,2.259844371442153,1034.119373062507,3,2074.238746125014,True,124,17.83956003189087
mixed_leaky,16,roving_ramp,transient,1.0,0.0,9.964762221413412,0.0,1.045672912438967,2.0162499813869834,1047.7270304090166,3,2101.454060818033,True,124,24.191606998443604
mixed_leaky,16,roving_ramp,leaky,0.0,9.449281893610559,0.0,0.005000000000000002,0.9143288473065128,2.2598571112235963,1034.1225745580737,4,2076.2451491161473,True,325,67.50207161903381
mixed_leaky,16,roving_ramp,mixed,0.27265209519080924,7.391635919367561,6.0620157565889645,0.0,1.0471309643965474,2.3438651799541983,1020.7190300311389,4,2049.438060062278,True,215,41.492812156677246
mixed_leaky,16,roving_ramp,mixed_leaky,0.27271719928386545,7.388078502631952,6.06108757171601,0.005002907463777553,1.0406935270535433,2.3439074796599466,1020.7205736519899,5,2051.44114730398,True,246,69.83494114875793
mixed_leaky,13,roving_ramp,level,0.0,4.733144704543966,0.0,0.0,3.136595751943137,1.3417039606338257,320.68364012948206,3,647.3672802589641,True,112,26.60636568069458
mixed_leaky,13,roving_ramp,transient,1.0,0.0,5.459799833768398,0.0,1.9881944578658315,1.7805288813452074,312.1631907517335,3,630.326381503467,True,132,25.355550527572632
mixed_leaky,13,roving_ramp,leaky,0.0,4.654272679494789,0.0,0.48243104457482877,2.7524059063712443,1.3393362033764815,320.670968862935,4,649.34193772587,True,210,38.85417652130127
mixed_leaky,13,roving_ramp,mixed,0.4767434685494886,2.1300351864325338,4.245870245516033,0.0,2.3145101053626767,1.7198206216938707,307.7809793943114,4,623.5619587886227,True,385,68.46859622001648
mixed_leaky,13,roving_ramp,mixed_leaky,0.4965293762930651,1.9341724057187277,4.173263834225333,1.9114133561854116,-5.0,4.458782483720828,306.6685894584586,5,623.3371789169172,True,858,124.2083101272583
mixed_leaky,21,roving_ramp50,level,0.0,0.010000000000000004,0.0,0.0,30.0,15.0,144.49382909601036,3,294.9876581920207,True,8,1.6684298515319824
mixed_leaky,21,roving_ramp50,transient,1.0,0.0,0.010000000000000004,0.0,30.0,15.0,144.49382909601036,3,294.9876581920207,True,8,1.678971290588379
mixed_leaky,21,roving_ramp50,leaky,0.0,0.010000000000000004,0.0,4.999999999999999,30.0,15.0,144.49382909601036,4,296.9876581920207,True,10,2.0613863468170166
mixed_leaky,21,roving_ramp50,mixed,0.4775764455742727,0.010000000000000004,0.02,0.0,30.0,15.0,144.49382909601036,4,296.9876581920207,True,5,1.1322858333587646
mixed_leaky,21,roving_ramp50,mixed_leaky,0.4775764455742727,0.010000000000000004,0.02,0.005999999999999998,30.0,15.0,144.49382909601036,5,298.9876581920207,True,6,1.874119520187378
mixed_leaky,14,roving_ramp50,level,0.0,2.9739158517061703,0.0,0.0,1.445066804047265,2.280035079264641,299.31319621808836,3,604.6263924361767,True,72,14.633813381195068
mixed_leaky,14,roving_ramp50,transient,1.0,0.0,9.013366955861137,0.0,1.0805160943494847,3.7825496839734614,261.88110479905026,3,529.7622095981005,True,116,21.975927352905273
mixed_leaky,14,roving_ramp50,leaky,0.0,3.224973968940057,0.0,1.626956147447919,-4.083891351763407,4.381904502962216,298.3894164335742,4,604.7788328671484,True,550,66.4177827835083
mixed_leaky,14,roving_ramp50,mixed,0.8461358926218744,0.6998069765351818,8.419589356962783,0.0,1.1506237262822188,3.716957600379518,261.0813713307554,4,530.1627426615108,True,280,41.5888454914093
mixed_leaky,14,roving_ramp50,mixed_leaky,0.8332004816422903,0.7996912327931722,8.739506329859676,0.6542680239193733,-1.285091492433214,5.344542255994148,260.51890187547593,5,531.0378037509519,True,708,112.03304600715637
mixed_leaky,14,roving_ramp,level,0.0,3.9387022181302176,0.0,0.0,2.135541932339777,1.654535684072745,375.3233091048777,3,756.6466182097554,True,140,21.876389741897583
mixed_leaky,14,roving_ramp,transient,1.0,0.0,11.209175694582413,0.0,1.1174863431726645,4.420526558370843,298.2659816390187,3,602.5319632780374,True,136,18.1945641040802
mixed_leaky,14,roving_ramp,leaky,0.0,4.046579854890639,0.0,2.86872432708491,-5.0,3.180154496844329,374.30729595758714,4,756.6145919151743,True,660,100.17420363426208
mixed_leaky,14,roving_ramp,mixed,0.9619376434867897,0.20011326827972,11.064632119048115,0.0,1.1333673192299674,4.406011480142042,298.2113455526508,4,604.4226911053016,True,340,34.368446826934814
mixed_leaky,14,roving_ramp,mixed_leaky,0.9338132436317242,0.39105840079581405,12.070920711731162,0.5680068638974981,-1.2807073500443038,6.309001556549799,295.22928320939917,5,600.4585664187983,True,798,99.13798332214355
mixed_leaky,17,roving_ramp,level,0.0,4.056317266424777,0.0,0.0,1.8564976497074708,1.916112219093906,479.5117993630657,3,965.0235987261314,True,88,16.454334497451782
mixed_leaky,17,roving_ramp,transient,1.0,0.0,5.516972136685056,0.0,1.042076612720633,2.696291868856042,466.11082165610185,3,938.2216433122037,True,68,17.081016778945923
mixed_leaky,17,roving_ramp,leaky,0.0,4.618409379996163,0.0,2.837038973842748,-3.1696342430744546,2.6060278420257235,478.82859371828425,4,965.6571874365685,True,740,132.7412736415863
mixed_leaky,17,roving_ramp,mixed,0.4534649463561821,2.4571448489836962,4.460322943908974,0.0,1.3120259471015279,2.9096061068916246,447.2207995329621,4,902.4415990659242,True,280,50.24874424934387
mixed_leaky,17,roving_ramp,mixed_leaky,0.4484172422667294,2.5227281738390164,4.486957185081424,0.6179457050203213,0.2026893179447026,3.0834085149036707,446.9543542946765,5,903.908708589353,True,498,58.259005546569824
mixed_leaky,18,roving_ramp,level,0.0,4.002295316823382,0.0,0.0,1.1691925864735144,3.024258925729708,262.9587527021909,3,531.9175054043818,True,120,17.237978219985962
mixed_leaky,18,roving_ramp,transient,1.0,0.0,5.071856040234488,0.0,0.8083803576754087,3.6077513242064865,270.3116059351009,3,546.6232118702018,True,96,19.915942907333374
mixed_leaky,18,roving_ramp,leaky,0.0,4.0471486404267045,0.0,0.691476368057685,-5.0,10.191455234398537,261.15301631660225,4,530.3060326332045,True,585,124.00157833099365
mixed_leaky,18,roving_ramp,mixed,0.3394860640087906,3.2877415221531954,3.6969832163174305,0.0,1.1471464755422283,3.545374748464744,257.00966895368214,4,522.0193379073643,True,260,45.841519832611084
mixed_leaky,18,roving_ramp,mixed_leaky,0.31972820975595373,3.5707272384376187,3.671681632647123,0.6681631380099801,-3.767390535660417,8.914444967632306,256.0725405716372,5,522.1450811432744,True,732,77.64884901046753
mixed_leaky,17,roving_ramp50,level,0.0,3.8120283719571817,0.0,0.0,1.6078874899897626,2.0470087518966764,505.7654920369674,3,1017.5309840739347,False,204,32.297598361968994
mixed_leaky,17,roving_ramp50,transient,1.0,0.0,5.833008057764293,0.0,0.9197311084521897,2.7720416836431405,511.3965384335038,3,1028.7930768670076,True,72,13.758750438690186
mixed_leaky,17,roving_ramp50,leaky,0.0,4.028413155635619,0.0,1.5830616275289549,-5.0,5.028641621137884,500.3484053841981,4,1008.6968107683962,True,455,84.18393516540527
mixed_leaky,17,roving_ramp50,mixed,0.4295816759883266,2.46638104031962,4.0637061798405245,0.0,1.175781339498427,2.884302331736812,487.920070569495,4,983.84014113899,False,350,65.77429151535034
mixed_leaky,17,roving_ramp50,mixed_leaky,0.39776124029792126,3.1150650066695467,4.501224963328466,1.3282387053398825,-5.0,5.9396580342870395,482.2070561911424,5,974.4141123822848,True,780,122.45265412330627
mixed_leaky,19,roving_ramp,level,0.0,4.892830627253322,0.0,0.0,2.7472958977764117,1.6307363981128962,340.92501048679827,3,687.8500209735965,True,92,18.030029296875
mixed_leaky,19,roving_ramp,transient,1.0,0.0,6.309787592655604,0.0,1.2079968661104543,2.9539640565805643,316.9923232638871,3,639.9846465277742,True,100,15.625817775726318
mixed_leaky,19,roving_ramp,leaky,0.0,5.0873078762106125,0.0,3.2498335229526676,-2.4737152671209004,2.3009289284152667,340.49972188097945,4,688.9994437619589,True,640,136.90631127357483
mixed_leaky,19,roving_ramp,mixed,0.5370070360136578,2.0772181914308923,5.271055008673555,0.0,1.4833937648451574,3.12007099767463,306.03109827827495,4,620.0621965565499,True,180,35.015108585357666
mixed_leaky,19,roving_ramp,mixed_leaky,0.5343966168648348,2.1431668735563334,5.381624688694111,0.5726297475502449,0.30336516022694776,3.438090414416454,305.5926678888769,5,621.1853357777538,True,654,96.86653590202332
mixed_leaky,22,roving_ramp,level,0.0,4.05878679506608,0.0,0.0,1.7781695840166978,2.2640963697190744,410.83444814648686,3,827.6688962929737,True,92,15.363450527191162
mixed_leaky,22,roving_ramp,transient,1.0,0.0,4.22843343622061,0.0,0.9713514630085639,2.7451056246314294,434.0322162429176,3,874.0644324858353,True,60,11.249979972839355
mixed_leaky,22,roving_ramp,leaky,0.0,4.681307154175177,0.0,2.00628168560719,-4.717680359999603,4.246982822769905,408.7130200080521,4,825.4260400161043,True,520,111.36287355422974
mixed_leaky,22,roving_ramp,mixed,0.3078818637726606,3.0842769743438065,3.0016986877471448,0.0,1.3811013345301493,3.158734914318472,394.7551550506064,4,797.5103101012128,True,235,45.07263803482056
mixed_leaky,22,roving_ramp,mixed_leaky,0.29604479036990733,3.2806821617410256,3.0184667717135176,0.733052278970404,-0.23174326203103068,3.5994515153212827,394.244431307725,5,798.48886261545,True,414,65.93757939338684
mixed_leaky,20,roving_ramp50,level,0.0,3.300477821046241,0.0,0.0,0.990813077507252,2.4245410225389725,485.9041094422739,3,977.8082188845478,True,124,18.588489770889282
mixed_leaky,20,roving_ramp50,transient,1.0,0.0,9.516501158857258,0.0,1.0179934372741404,3.0840131434487996,455.7972075242743,3,917.5944150485486,True,104,16.205572843551636
mixed_leaky,20,roving_ramp50,leaky,0.0,3.4197306482542484,0.0,1.0671621957632136,-0.6503273444452752,2.5919012245439554,485.84084205830845,4,979.6816841166169,True,455,58.668946266174316
mixed_leaky,20,roving_ramp50,mixed,0.8118070229305827,0.9531676615069652,8.995566892987602,0.0,1.0664332192167763,3.0737984673151986,455.00812865699265,4,918.0162573139853,True,225,40.180952072143555
mixed_leaky,20,roving_ramp50,mixed_leaky,0.811930104636309,0.9523049536386542,8.994670350334133,0.005000000000000002,1.0580206196577993,3.0747173058419284,455.00951406842415,5,920.0190281368483,True,894,138.51454091072083
mixed_leaky,19,roving_ramp50,level,0.0,5.733714449050351,0.0,0.0,3.5050180218369857,1.4387718702313987,289.8800577070068,3,585.7601154140136,True,124,26.58755135536194
mixed_leaky,19,roving_ramp50,transient,1.0,0.0,5.919579396689183,0.0,1.3901676822781175,2.560483788397522,283.7725340988734,3,573.5450681977468,True,104,16.878212928771973
mixed_leaky,19,roving_ramp50,leaky,0.0,5.714486352625288,0.0,3.851779948108123,-5.0,2.796972868825958,288.9643915161418,4,585.9287830322836,True,725,132.8475215435028
mixed_leaky,19,roving_ramp50,mixed,0.425382743418788,2.865471457799789,4.640952642834724,0.0,2.021261806052748,2.4534935663830635,266.8542867705707,4,541.7085735411414,True,210,39.993876934051514
mixed_leaky,19,roving_ramp50,mixed_leaky,0.45918631202617605,3.132084653820459,5.818145751096323,1.2163550625951913,-5.0,6.940412831076057,260.359126976928,5,530.718253953856,True,708,95.06796193122864
mixed_leaky,22,roving_ramp50,level,0.0,4.963237768315914,0.0,0.0,2.149672633841964,2.045749519292092,509.9481206181518,3,1025.8962412363035,True,136,23.730014085769653
mixed_leaky,22,roving_ramp50,transient,1.0,0.0,5.719019132552177,0.0,0.9213145929296958,2.8725448622331022,532.0747336586895,3,1070.149467317379,True,72,15.41521954536438
mixed_leaky,22,roving_ramp50,leaky,0.0,5.55211321756423,0.0,2.2509281623520017,-5.0,4.084272072906687,506.8988771010404,4,1021.7977542020808,True,615,127.85576272010803
mixed_leaky,22,roving_ramp50,mixed,0.3774772129553364,3.5045302285456352,4.649166967867685,0.0,1.5004625739843251,3.4039669204131986,477.6488097984798,4,963.2976195969596,True,200,39.29802131652832
mixed_leaky,22,roving_ramp50,mixed_leaky,0.3681915729216279,3.611542956151321,4.604591009644667,0.4769404629810285,0.5239649951807788,3.5765394054159656,477.523940185451,5,965.047880370902,True,408,55.416956663131714
mixed_leaky,18,roving_ramp50,level,0.0,3.950377431121214,0.0,0.0,1.1371305972170422,3.1431873319952595,294.3755204293597,3,594.7510408587194,True,72,15.44353723526001
mixed_leaky,18,roving_ramp50,transient,1.0,0.0,5.489627064165138,0.0,0.8571733011074478,3.396505165481427,311.7710491450498,3,629.5420982900996,True,188,25.67054057121277
mixed_leaky,18,roving_ramp50,leaky,0.0,4.732684981451642,0.0,1.0266379789514934,-5.0,7.412899759293713,291.2843921933011,4,590.5687843866021,True,685,149.20224380493164
mixed_leaky,18,roving_ramp50,mixed,0.3150859427361241,3.1984921968013835,3.219200971418162,0.0,1.0166694453557361,3.962922470104353,289.5469510777474,4,587.0939021554948,True,230,38.1099054813385
mixed_leaky,18,roving_ramp50,mixed_leaky,0.2615155266650362,4.178810238202251,3.237565821612136,0.9835566087439951,-5.0,7.84266011963901,287.2980768334973,5,584.5961536669946,True,900,167.7352478504181
mixed_leaky,26,roving_ramp,level,0.0,0.010000000000000004,0.0,0.0,30.0,15.0,332.4820732967159,3,670.9641465934318,True,8,1.7363994121551514
mixed_leaky,26,roving_ramp,transient,1.0,0.0,5.520585352554736,0.0,1.4159116259004567,3.036095205420106,215.7945875192441,3,437.5891750384882,True,76,14.666825294494629
mixed_leaky,26,roving_ramp,leaky,0.0,0.010000000000000004,0.0,4.999999999999999,30.0,15.0,332.4820732967159,4,672.9641465934318,True,10,2.0776970386505127
mixed_leaky,26,roving_ramp,mixed,0.5879103810469002,1.5339157317481973,4.787742697713838,0.0,1.69767089699118,3.0430925241676094,211.40600765922622,4,430.81201531845244,True,265,26.062187671661377
mixed_leaky,26,roving_ramp,mixed_leaky,0.5710080502011557,1.717658965775084,5.001956097445903,0.8945117575114175,-0.4738554257727044,3.799911065082265,210.72282633635322,5,431.44565267270644,True,432,59.484086751937866
mixed_leaky,24,roving_ramp,level,0.0,6.259979452486525,0.0,0.0,2.5091864964950905,1.9668608807910006,233.98772129059068,3,473.97544258118137,True,72,21.07597804069519
mixed_leaky,24,roving_ramp,transient,1.0,0.0,8.290461025006644,0.0,1.6611419486055023,2.645768120480206,222.6328535837903,3,451.2657071675806,True,80,17.17922806739807
mixed_leaky,24,roving_ramp,leaky,0.0,7.17865147282218,0.0,2.7681244325505108,-3.6408202807298395,3.1125283280957183,232.88192981397202,4,473.76385962794404,True,520,111.83847975730896
mixed_leaky,24,roving_ramp,mixed,0.4179889751751847,3.7426635118299934,5.880635281619819,0.0,2.0097990000274915,2.7605417521533817,207.9319513766733,4,423.8639027533466,True,305,51.81416654586792
mixed_leaky,24,roving_ramp,mixed_leaky,0.4159064459225084,3.9424234937301366,6.14166831623857,0.9943284830271476,-0.0132900056166054,3.2601844206588306,207.271416581798,5,424.542833163596,True,426,58.40223145484924
mixed_leaky,24,roving_ramp50,level,0.0,4.246840537445394,0.0,0.0,2.1752100144196236,1.918316666135857,323.86018390159364,3,653.7203678031873,True,96,18.124189615249634
mixed_leaky,24,roving_ramp50,transient,1.0,0.0,8.204069304611997,0.0,1.109786667484954,3.583425098300429,294.91938747475626,3,595.8387749495125,True,64,14.554919004440308
mixed_leaky,24,roving_ramp50,leaky,0.0,4.547776535605185,0.0,2.430439449395006,-3.8335006649641703,3.302533015699701,322.98297044642675,4,653.9659408928535,True,600,137.9678201675415
mixed_leaky,24,roving_ramp50,mixed,0.6170276988559792,1.9691543162213332,6.941077509517333,0.0,1.4465320402616915,3.4414915191935345,285.6946807833527,4,579.3893615667054,True,170,33.9817271232605
mixed_leaky,24,roving_ramp50,mixed_leaky,0.6106985227682634,2.062924502824619,7.080012077334577,0.5897975555062309,-0.006598068663707441,3.97846668872294,285.31580648326263,5,580.6316129665253,True,384,47.753116607666016
mixed_leaky,26,roving_ramp50,level,0.0,0.010000000000000004,0.0,0.0,30.0,15.0,285.3761743782335,3,576.752348756467,True,8,1.6620233058929443
mixed_leaky,26,roving_ramp50,transient,1.0,0.0,5.415863953534966,0.0,1.1392755838978046,3.5368834531573983,200.51366468167475,3,407.0273293633495,True,116,22.98742437362671
mixed_leaky,26,roving_ramp50,leaky,0.0,0.010000000000000004,0.0,4.999999999999999,30.0,15.0,285.3761743782335,4,578.752348756467,True,10,2.0750856399536133
mixed_leaky,26,roving_ramp50,mixed,0.5356005439562931,1.8507654689464126,4.669931835122492,0.0,1.6781197694728196,3.265150423130469,194.60990655997352,4,397.21981311994705,True,195,18.439518690109253
mixed_leaky,26,roving_ramp50,mixed_leaky,0.4880722649708222,2.4662059651673225,5.144162277239652,0.9769176273254402,-3.359365658201245,6.792753467170715,193.0305962468488,5,396.0611924936976,True,576,62.48938822746277
mixed_leaky,20,roving_ramp,level,0.0,7.663448406525348,0.0,0.0,2.1255866214371415,1.5890343471411854,551.2371710890462,3,1108.4743421780925,True,128,34.15237545967102
mixed_leaky,20,roving_ramp,transient,1.0,0.0,10.341425645003863,0.0,1.3894848533807107,2.3667817181203477,531.2134449174343,3,1068.4268898348687,True,112,21.738149881362915
mixed_leaky,20,roving_ramp,leaky,0.0,7.661665921536479,0.0,2.8132458504851603,-5.0,3.1834514908611387,549.4397779441273,4,1106.8795558882546,True,655,142.5455002784729
mixed_leaky,20,roving_ramp,mixed,0.5097394002120619,3.800776897512758,8.6457651713037,0.0,1.6803551375385934,2.2544154686131357,521.167911715119,4,1050.335823430238,True,335,55.39394283294678
mixed_leaky,20,roving_ramp,mixed_leaky,0.5136308730898181,4.300189183479389,9.935335326160484,1.8539984024877567,-4.8346844099791335,4.522487449818221,516.9562095750954,5,1043.9124191501908,True,870,97.62266373634338
mixed_leaky,25,roving_ramp,level,0.0,7.864346629277207,0.0,0.0,1.242495183819825,3.6705947859854446,750.839035656939,3,1507.678071313878,True,104,16.661091327667236
mixed_leaky,25,roving_ramp,transient,1.0,0.0,5.390528804575704,0.0,0.9065991927585486,2.195199484786811,899.820537660896,3,1805.641075321792,True,120,22.064595222473145
mixed_leaky,25,roving_ramp,leaky,0.0,8.97590521231098,0.0,0.8314451810717027,-1.627649091467609,5.121016816427761,747.1350099131463,4,1502.2700198262926,True,335,63.95639181137085
mixed_leaky,25,roving_ramp,mixed,0.18515562664197888,8.078971526375888,4.016318698285734,0.0,1.3956243838330848,4.399175180903257,730.2312286965858,4,1468.4624573931717,True,225,39.190380573272705
mixed_leaky,25,roving_ramp,mixed_leaky,0.18401962362004895,8.071628331696552,3.9824967135793354,0.051744238457102715,1.2713512836235212,4.40879285594192,730.2234958383124,5,1470.4469916766247,True,420,44.36639428138733
mixed_leaky,23,roving_ramp50,level,0.0,5.255190809407896,0.0,0.0,2.867405932455228,1.5659551128735067,239.3034963518363,3,484.6069927036726,True,108,22.92727756500244
mixed_leaky,23,roving_ramp50,transient,1.0,0.0,10.349625992497408,0.0,1.6039764739388964,3.194424545476743,194.99958381383897,3,395.99916762767793,True,68,14.538974046707153
mixed_leaky,23,roving_ramp50,leaky,0.0,5.238804889245615,0.0,3.2898182813006174,-3.400387411544779,2.5520066780394863,238.65368573967768,4,485.30737147935537,True,505,71.71688961982727
mixed_leaky,23,roving_ramp50,mixed,0.7939109267949894,1.137426594217283,9.586278408663578,0.0,1.7132053165433134,3.2023424697128617,193.89260976931965,4,395.7852195386393,True,195,37.9624764919281
mixed_leaky,23,roving_ramp50,mixed_leaky,0.7766316501019161,1.3606286451787928,10.350060913231122,0.9035269233864833,-1.5247870836164925,5.059139725861325,192.89506438951494,5,395.7901287790299,True,672,166.77085876464844
mixed_leaky,25,roving_ramp50,level,0.0,8.171259095834134,0.0,0.0,1.3912845486291217,3.4356958564067206,922.6033933861341,3,1851.2067867722683,True,104,16.350720643997192
mixed_leaky,25,roving_ramp50,transient,1.0,0.0,5.162604548237465,0.0,0.8927160199335635,1.9484080741119263,1152.6411742326413,3,2311.2823484652827,True,100,16.138402700424194
mixed_leaky,25,roving_ramp50,leaky,0.0,9.022255518413965,0.0,0.9760258882806684,-1.2981547319635127,4.277282704503508,919.7507109602498,4,1847.5014219204995,True,315,67.64959383010864
mixed_leaky,25,roving_ramp50,mixed,0.09543200568363348,8.035583997652942,1.8547275616730654,0.0,1.467555143035648,3.5349466205664846,917.900634759113,4,1843.801269518226,True,290,46.05776834487915
mixed_leaky,25,roving_ramp50,mixed_leaky,0.08085718300601419,8.465485495049425,1.6292859993055964,0.6571616539562801,-0.06097170302525551,3.8959666753334976,916.9176378537782,5,1843.8352757075563,True,432,48.945531368255615
mixed_leaky,23,roving_ramp,level,0.0,4.52538798231777,0.0,0.0,2.438811725111979,1.6459523990370661,345.26523846935834,3,696.5304769387167,True,124,21.942402362823486
mixed_leaky,23,roving_ramp,transient,1.0,0.0,10.103747069913572,0.0,1.4978765525166908,3.3612678709704156,273.41255238461486,3,552.8251047692297,True,124,31.012254238128662
mixed_leaky,23,roving_ramp,leaky,0.0,4.747447288129596,0.0,3.1946761455766275,-3.2146838426558193,2.4719441477909614,344.69102871073665,4,697.3820574214733,True,605,83.79835677146912
mixed_leaky,23,roving_ramp,mixed,0.7718376150148001,1.2922014545891662,9.563612344474082,0.0,1.67828128427559,3.3473474769447753,270.56236531454704,4,549.1247306290941,True,255,44.95011019706726
mixed_leaky,23,roving_ramp,mixed_leaky,0.7716391576697623,1.293072693963844,9.559284985079538,0.005000000000000002,1.668928624401418,3.348161131220103,270.5633895356451,5,551.1267790712902,True,564,167.17237401008606
mixed_leaky,28,roving_ramp,level,0.0,4.606833366613427,0.0,0.0,0.6833726030519685,2.3446940599435258,885.2933317968274,3,1776.5866635936547,True,104,21.37508535385132
mixed_leaky,28,roving_ramp,transient,1.0,0.0,4.424390779432381,0.0,0.7121566162398507,2.293648044013876,885.4599098226676,3,1776.919819645335,True,132,18.68239426612854
mixed_leaky,28,roving_ramp,leaky,0.0,4.6762297366071115,0.0,0.7861448371368626,-0.3843115180872036,2.395400646662438,885.2567316361594,4,1778.5134632723189,True,435,77.1058919429779
mixed_leaky,28,roving_ramp,mixed,0.2963152356716916,3.3274037630318034,3.0654284515873615,0.0,0.7781853001979884,2.3292332730148613,881.7134198556007,4,1771.4268397112014,True,210,34.72793006896973
mixed_leaky,28,roving_ramp,mixed_leaky,0.29541325249007827,3.329074961497959,3.0537179695431464,0.28858854856121996,0.40837367800666496,2.3427267151731095,881.6999879382228,5,1773.3999758764455,True,204,34.669931173324585
mixed_leaky,28,roving_ramp50,level,0.0,4.5860051204278,0.0,0.0,0.7858686834467785,2.1644987212123605,860.2821813033684,3,1726.5643626067367,True,88,14.326809167861938
mixed_leaky,28,roving_ramp50,transient,1.0,0.0,6.982823799898757,0.0,0.9248771661819372,2.1169303632248804,851.087477026109,3,1708.174954052218,True,116,17.713504791259766
mixed_leaky,28,roving_ramp50,leaky,0.0,4.5877197760070585,0.0,0.005000000000000002,0.7798738756770207,2.1651110810373195,860.2833198239565,4,1728.566639647913,True,420,82.47498989105225
mixed_leaky,28,roving_ramp50,mixed,0.9937719210089363,0.020000277038273076,6.981977860307545,0.0,0.9251552588423023,2.1177856264416772,851.0637291786254,4,1710.1274583572508,True,25,3.650418996810913
mixed_leaky,28,roving_ramp50,mixed_leaky,0.5764054027978048,2.022654172707303,6.021561300361338,0.005000000000000002,0.945584017312211,2.146317108812916,849.8638194749187,5,1709.7276389498375,True,402,79.39146375656128
mixed_leaky,27,roving_ramp50,level,0.0,3.707817548459178,0.0,0.0,1.6825679136728033,2.2441949639812324,381.4739329520604,3,768.9478659041208,True,76,15.3618004322052
mixed_leaky,27,roving_ramp50,transient,1.0,0.0,5.450354729139486,0.0,0.9695891179144855,2.9892361912335987,387.4939267793636,3,780.9878535587272,True,108,20.140250205993652
mixed_leaky,27,roving_ramp50,leaky,0.0,4.242239247457909,0.0,2.057581267426202,-4.614475270151322,4.048547591913987,380.2326390128399,4,768.4652780256798,True,640,113.22712421417236
mixed_leaky,27,roving_ramp50,mixed,0.4187144121116504,2.5084918543449914,3.9532191969628965,0.0,1.31444893966497,3.1087088506383163,362.54380400500764,4,733.0876080100153,True,255,38.67641282081604
mixed_leaky,27,roving_ramp50,mixed_leaky,0.41222525923407755,2.569365145079226,3.942387924948669,0.5009662800140405,0.38267275588888167,3.2494619559154594,362.2961986081607,5,734.5923972163214,True,312,43.71414923667908
mixed_leaky,29,roving_ramp,level,0.0,6.255486767524605,0.0,0.0,2.268852749068493,1.8724663338251373,548.5822214222136,3,1103.1644428444272,True,144,27.164664030075073
mixed_leaky,29,roving_ramp,transient,1.0,0.0,7.717775229973808,0.0,1.4060333457588587,2.187043674347497,576.7560260747543,3,1159.5120521495087,True,68,12.641414642333984
mixed_leaky,29,roving_ramp,leaky,0.0,7.039922559963881,0.0,2.7931538200807435,-3.3477496791198993,2.841230244391679,546.5520247397344,4,1101.1040494794688,True,460,98.30791759490967
mixed_leaky,29,roving_ramp,mixed,0.36854500473708185,4.7661540995169025,6.085917379889843,0.0,1.7680302364309382,3.009992592809179,501.73997960538975,4,1011.4799592107795,True,250,50.610437870025635
mixed_leaky,29,roving_ramp,mixed_leaky,0.36819860628756923,4.765025576009384,6.075424708653295,0.05899597644933157,1.6705608346188385,3.0181619651650244,501.7358159641725,5,1013.471631928345,True,342,41.12719368934631
mixed_leaky,27,roving_ramp,level,0.0,6.423859285839556,0.0,0.0,3.0520975012903566,1.6096025794386408,334.0558815301196,3,674.1117630602392,True,104,19.60748291015625
mixed_leaky,27,roving_ramp,transient,1.0,0.0,5.72209895235775,0.0,1.1063612830388145,2.9472908324161495,341.03611661565054,3,688.0722332313011,True,116,17.394296884536743
mixed_leaky,27,roving_ramp,leaky,0.0,6.543343505405984,0.0,2.9801052406969477,-5.0,3.3717135034051204,332.52881274049474,4,673.0576254809895,True,570,121.52228546142578
mixed_leaky,27,roving_ramp,mixed,0.3717457777392366,3.520328129570807,4.557258051285293,0.0,1.6437936579275332,3.1826715935891494,313.4131157315506,4,634.8262314631012,True,200,35.10250973701477
mixed_leaky,27,roving_ramp,mixed_leaky,0.34559808130402153,4.283714810898021,4.949452435139633,1.120561463710003,-2.2065753753643746,4.929452282337173,311.44247871508287,5,632.8849574301657,True,522,121.5019097328186
mixed_leaky,29,roving_ramp50,level,0.0,6.384048316101378,0.0,0.0,2.0640505176120647,2.303402859350813,489.74923679499386,3,985.4984735899877,True,116,20.122671365737915
mixed_leaky,29,roving_ramp50,transient,1.0,0.0,8.116441144474129,0.0,1.1973415213328225,2.588162877826627,517.9501219355575,3,1041.900243871115,True,104,18.262479305267334
mixed_leaky,29,roving_ramp50,leaky,0.0,6.972901942651232,0.0,1.7350968235405342,-1.2145636810059968,2.917026617783051,488.9989411604863,4,985.9978823209726,True,470,143.71950769424438
mixed_leaky,29,roving_ramp50,mixed,0.36987082968089174,5.433812995191103,6.978065333404078,0.0,1.8907163284224926,3.643055014691588,436.98249668167307,4,881.9649933633461,True,425,54.50127601623535
mixed_leaky,29,roving_ramp50,mixed_leaky,0.3679434763220013,5.508527519246239,7.015692715703786,0.3484300822435332,1.1214137056127447,3.8414522646738236,436.64590149400317,5,883.2918029880063,True,516,100.37175107002258
