gen,pid,design,m50,m50_hat,true_v,true_delta,true_c,true_a,true_lam,n_step,n_ramp,n_null,n_return,hit,null_fa,return_press,late,stable_fa,extra,n_change,hit_rate,stable_fa_per_min,settled_min,median_rt_breaths,median_ramp_mag_at_detect,n_presses
level,4,roving,0.24882697277593485,0.15515882095430075,4.8544138624003565,1.220086116816136,0.9816240594995467,4.091025318329448,0.0,49,0,0,0,8,0,0,2,0,3,49,0.16326530612244897,0.0,3.3033333333333337,2.207034956504521,,13
level,4,brief,0.24882697277593485,0.15515882095430075,4.8544138624003565,1.220086116816136,0.9816240594995467,4.091025318329448,0.0,24,0,0,24,10,0,3,2,1,6,24,0.4166666666666667,0.2542372881355932,3.933333333333333,1.7561305271288217,,22
level,0,trials,0.22951893854871952,0.21022415886291948,4.15822435791635,1.3718209150978997,1.1675575862431198,2.7328310956298907,0.0,46,0,19,0,24,2,0,5,0,14,46,0.5217391304347826,0.0,0.26666666666666666,1.1695591926203226,,45
level,0,ramp,0.22951893854871952,0.21022415886291948,4.15822435791635,1.3718209150978997,1.1675575862431198,2.7328310956298907,0.0,0,43,13,0,34,1,0,5,0,57,43,0.7906976744186046,0.0,0.2,3.260018088394445,0.31525000000000003,97
level,1,brief,0.13204602311024397,0.10977296812406848,6.246555163560492,1.1885498868767803,0.881702049492834,3.13133323794007,0.0,24,0,0,24,18,0,5,16,0,9,24,0.75,0.0,4.466666666666667,1.6298881860536576,,48
level,3,brief,0.14754680671266532,0.16440644887853592,5.4268357256122215,1.1409515340681158,0.8743705526087461,3.146718947933881,0.0,23,0,0,23,17,0,7,10,3,23,23,0.7391304347826086,0.703125,4.266666666666667,1.3522355507088517,,60
level,0,brief,0.22951893854871952,0.21022415886291948,4.15822435791635,1.3718209150978997,1.1675575862431198,2.7328310956298907,0.0,23,0,0,23,14,0,7,7,0,14,23,0.6086956521739131,0.0,3.2666666666666666,2.0169910386242957,,42
level,0,roving_ramp,0.22951893854871952,0.21022415886291948,4.15822435791635,1.3718209150978997,1.1675575862431198,2.7328310956298907,0.0,42,9,4,0,24,0,0,12,0,21,51,0.47058823529411764,0.0,1.7883333333333336,2.051159079902735,0.3680000000000001,57
level,4,trials,0.24882697277593485,0.15515882095430075,4.8544138624003565,1.220086116816136,0.9816240594995467,4.091025318329448,0.0,50,0,15,0,14,1,0,0,1,1,50,0.28,3.75,0.26666666666666666,1.5074835568827067,,17
level,2,ramp,0.1632437466811033,0.1254811035591438,7.647322318852953,1.797269585537374,1.421612242589891,2.55770509137329,0.0,0,33,19,0,28,2,0,4,0,40,33,0.8484848484848485,0.0,0.2,4.541776287488121,0.251,74
level,3,roving,0.14754680671266532,0.16440644887853592,5.4268357256122215,1.1409515340681158,0.8743705526087461,3.146718947933881,0.0,50,0,0,0,29,0,0,17,1,24,50,0.58,0.5042016806722689,1.9833333333333334,1.9490066225165514,,71
level,3,trials,0.14754680671266532,0.16440644887853592,5.4268357256122215,1.1409515340681158,0.8743705526087461,3.146718947933881,0.0,52,0,14,0,40,2,0,6,0,28,52,0.7692307692307693,0.0,0.3333333333333333,1.0310368823938834,,76
level,2,roving_ramp,0.1632437466811033,0.1254811035591438,7.647322318852953,1.797269585537374,1.421612242589891,2.55770509137329,0.0,42,11,2,0,22,1,0,10,1,31,53,0.41509433962264153,0.6312467122567069,1.584166666666667,1.6588461504052634,0.21950000000000003,65
level,3,roving_ramp,0.14754680671266532,0.16440644887853592,5.4268357256122215,1.1409515340681158,0.8743705526087461,3.146718947933881,0.0,43,11,2,0,38,1,0,9,0,37,54,0.7037037037037037,0.0,1.1708333333333334,1.9528738538774952,0.24649999999999994,85
level,2,trials,0.1632437466811033,0.1254811035591438,7.647322318852953,1.797269585537374,1.421612242589891,2.55770509137329,0.0,45,0,21,0,25,5,0,2,0,12,45,0.5555555555555556,0.0,0.26666666666666666,1.1193058568329755,,44
level,1,ramp,0.13204602311024397,0.10977296812406848,6.246555163560492,1.1885498868767803,0.881702049492834,3.13133323794007,0.0,0,40,13,0,33,8,0,1,0,47,40,0.825,0.0,0.2,3.4147330479838076,0.13724999999999998,89
level,1,roving_ramp,0.13204602311024397,0.10977296812406848,6.246555163560492,1.1885498868767803,0.881702049492834,3.13133323794007,0.0,38,12,2,0,23,2,0,9,1,12,50,0.46,0.5964214711729622,1.6766666666666667,2.129950815428426,0.1372500000000001,47
level,3,ramp,0.14754680671266532,0.16440644887853592,5.4268357256122215,1.1409515340681158,0.8743705526087461,3.146718947933881,0.0,0,40,14,0,38,5,0,2,0,96,40,0.95,0.0,0.2,3.134204039466976,0.24649999999999994,141
level,0,roving,0.22951893854871952,0.21022415886291948,4.15822435791635,1.3718209150978997,1.1675575862431198,2.7328310956298907,0.0,55,0,0,0,23,0,0,8,1,17,55,0.41818181818181815,0.6075949367088608,1.6458333333333333,0.6109741060419145,,49
level,1,roving,0.13204602311024397,0.10977296812406848,6.246555163560492,1.1885498868767803,0.881702049492834,3.13133323794007,0.0,49,0,0,0,16,0,0,10,1,10,49,0.32653061224489793,0.4437869822485207,2.2533333333333334,1.937376274216211,,37
level,1,trials,0.13204602311024397,0.10977296812406848,6.246555163560492,1.1885498868767803,0.881702049492834,3.13133323794007,0.0,40,0,24,0,16,5,0,6,0,13,40,0.4,0.0,0.2,1.082737620107527,,40
level,2,brief,0.1632437466811033,0.1254811035591438,7.647322318852953,1.797269585537374,1.421612242589891,2.55770509137329,0.0,24,0,0,24,13,0,0,6,1,8,24,0.5416666666666666,0.25862068965517243,3.8666666666666667,1.590474165426333,,28
level,8,brief,0.31351311780654084,0.2613056330714327,4.371334846684505,1.5105228994737796,1.2957910018014513,3.5148614031272714,0.0,22,0,0,22,13,0,2,2,0,4,22,0.5909090909090909,0.0,4.866666666666666,1.6988569176192898,,21
level,6,roving,0.2539365798402377,0.3046337948023206,3.6124299329238085,1.2307322524354116,1.05327983528796,3.048934068574817,0.0,40,0,0,0,24,0,0,15,1,28,40,0.6,0.15659663317238678,6.385833333333334,0.8404398722675824,,68
level,5,trials,0.22209123198119354,0.2869714344682056,6.774074124415824,1.5842125281722765,1.2514515197557987,3.9117221286947403,0.0,47,0,18,0,29,0,0,0,0,39,47,0.6170212765957447,0.0,0.13333333333333333,0.7988524067580038,,68
level,2,roving,0.1632437466811033,0.1254811035591438,7.647322318852953,1.797269585537374,1.421612242589891,2.55770509137329,0.0,53,0,0,0,23,0,0,12,1,8,53,0.4339622641509434,0.27453671928620454,3.6425,1.378222709819016,,44
level,6,ramp,0.2539365798402377,0.3046337948023206,3.6124299329238085,1.2307322524354116,1.05327983528796,3.048934068574817,0.0,0,38,13,0,35,0,0,2,0,71,38,0.9210526315789473,0.0,0.2,2.5800000000001337,0.44999999999999996,108
level,5,ramp,0.22209123198119354,0.2869714344682056,6.774074124415824,1.5842125281722765,1.2514515197557987,3.9117221286947403,0.0,0,37,14,0,37,0,0,2,0,134,37,1.0,0.0,0.13333333333333333,2.8028661307235323,0.35875,173
level,7,ramp,0.11757470143588943,0.1239127568734593,3.2791335683460066,0.77854040252527,0.6174604124197234,3.1684335608769323,0.0,0,37,14,0,27,5,0,8,0,36,37,0.7297297297297297,0.0,0.2,2.4817625975121405,0.12400000000000011,76
level,5,brief,0.22209123198119354,0.2869714344682056,6.774074124415824,1.5842125281722765,1.2514515197557987,3.9117221286947403,0.0,22,0,0,22,17,0,9,3,0,36,22,0.7727272727272727,0.0,3.8,0.7770007770007771,,65
level,6,brief,0.2539365798402377,0.3046337948023206,3.6124299329238085,1.2307322524354116,1.05327983528796,3.048934068574817,0.0,22,0,0,22,13,0,1,6,0,17,22,0.5909090909090909,0.0,3.8666666666666667,1.4389729833301501,,37
level,4,ramp,0.24882697277593485,0.15515882095430075,4.8544138624003565,1.220086116816136,0.9816240594995467,4.091025318329448,0.0,0,45,8,0,28,0,0,0,0,20,45,0.6222222222222222,0.0,0.2,5.144846855653329,0.34912499999999996,48
level,4,roving_ramp,0.24882697277593485,0.15515882095430075,4.8544138624003565,1.220086116816136,0.9816240594995467,4.091025318329448,0.0,43,10,4,0,16,0,0,2,0,16,53,0.3018867924528302,0.0,2.069166666666667,2.7894795218065997,0.31025,34
level,6,roving_ramp,0.2539365798402377,0.3046337948023206,3.6124299329238085,1.2307322524354116,1.05327983528796,3.048934068574817,0.0,38,8,4,0,32,0,0,11,0,31,46,0.6956521739130435,0.0,1.1375,1.5371868874084513,0.3047500000000001,74
level,5,roving,0.22209123198119354,0.2869714344682056,6.774074124415824,1.5842125281722765,1.2514515197557987,3.9117221286947403,0.0,59,0,0,0,32,0,0,28,0,70,59,0.5423728813559322,0.0,2.21,0.6214189396277756,,130
level,8,roving,0.31351311780654084,0.2613056330714327,4.371334846684505,1.5105228994737796,1.2957910018014513,3.5148614031272714,0.0,52,0,0,0,24,0,0,3,0,16,52,0.46153846153846156,0.0,3.271666666666667,0.8040652380941484,,43
level,5,roving_ramp,0.22209123198119354,0.2869714344682056,6.774074124415824,1.5842125281722765,1.2514515197557987,3.9117221286947403,0.0,40,11,1,0,35,0,0,12,0,76,51,0.6862745098039216,0.0,2.2041666666666666,1.3661873027008207,0.394625,123
level,7,brief,0.11757470143588943,0.1239127568734593,3.2791335683460066,0.77854040252527,0.6174604124197234,3.1684335608769323,0.0,24,0,0,24,19,0,4,19,6,18,24,0.7916666666666666,1.6363636363636365,3.6666666666666665,2.344669718770448,,66
level,6,trials,0.2539365798402377,0.3046337948023206,3.6124299329238085,1.2307322524354116,1.05327983528796,3.048934068574817,0.0,53,0,8,0,39,0,0,1,0,42,53,0.7358490566037735,0.0,0.13333333333333333,0.9665717283765564,,82
level,9,trials,0.15142475790360885,0.25481817178457866,9.197987426013308,1.5159229742173186,1.0640927292174207,4.135802476740272,0.0,43,0,19,0,34,2,0,4,0,96,43,0.7906976744186046,0.0,0.26666666666666666,0.5336592456204732,,136
level,7,roving_ramp,0.11757470143588943,0.1239127568734593,3.2791335683460066,0.77854040252527,0.6174604124197234,3.1684335608769323,0.0,33,9,4,0,28,0,0,15,2,15,42,0.6666666666666666,0.8330440819160013,2.4008333333333334,1.798631460620902,0.18574999999999997,60
level,9,brief,0.15142475790360885,0.25481817178457866,9.197987426013308,1.5159229742173186,1.0640927292174207,4.135802476740272,0.0,22,0,0,22,20,0,18,26,0,119,22,0.9090909090909091,0.0,3.6,0.35118746841839926,,183
level,8,trials,0.31351311780654084,0.2613056330714327,4.371334846684505,1.5105228994737796,1.2957910018014513,3.5148614031272714,0.0,53,0,10,0,18,0,0,0,0,12,53,0.33962264150943394,0.0,0.13333333333333333,1.3324897441160881,,30
level,9,roving,0.15142475790360885,0.25481817178457866,9.197987426013308,1.5159229742173186,1.0640927292174207,4.135802476740272,0.0,46,0,0,0,32,0,0,31,2,92,46,0.6956521739130435,0.852575488454707,2.345833333333333,0.5489124792845387,,157
level,7,trials,0.11757470143588943,0.1239127568734593,3.2791335683460066,0.77854040252527,0.6174604124197234,3.1684335608769323,0.0,51,0,15,0,26,4,0,8,0,8,51,0.5098039215686274,0.0,0.2,2.0276972204262766,,46
level,10,roving,0.2763314848611414,0.2582358172200302,3.190655481595344,1.273458502931609,1.1167247979167132,2.7470706737881496,0.0,53,0,0,0,24,0,0,8,1,14,53,0.4528301886792453,0.47151277013752463,2.120833333333333,0.7656737917008836,,47
level,7,roving,0.11757470143588943,0.1239127568734593,3.2791335683460066,0.77854040252527,0.6174604124197234,3.1684335608769323,0.0,54,0,0,0,29,0,0,21,3,9,54,0.5370370370370371,0.7954043305346884,3.771666666666667,1.8838409912235432,,62
level,11,trials,0.4034504964640034,0.5322876883367493,3.1116240890328823,1.2980486988175373,1.145197231493377,3.716782042738891,0.0,52,0,12,0,31,0,0,0,0,18,52,0.5961538461538461,0.0,0.13333333333333333,1.4252974878801374,,49
level,9,roving_ramp,0.15142475790360885,0.25481817178457866,9.197987426013308,1.5159229742173186,1.0640927292174207,4.135802476740272,0.0,32,9,4,0,34,0,0,24,2,149,41,0.8292682926829268,0.429876410531972,4.652500000000001,0.5528854360397697,0.25475000000000003,209
level,11,roving_ramp,0.4034504964640034,0.5322876883367493,3.1116240890328823,1.2980486988175373,1.145197231493377,3.716782042738891,0.0,36,7,5,0,32,0,0,5,0,25,43,0.7441860465116279,0.0,2.265,1.2289782004423215,0.5322499999999999,62
level,8,roving_ramp,0.31351311780654084,0.2613056330714327,4.371334846684505,1.5105228994737796,1.2957910018014513,3.5148614031272714,0.0,38,10,4,0,24,0,0,3,0,29,48,0.5,0.0,1.971666666666667,1.8269952937109482,0.421,56
level,8,ramp,0.31351311780654084,0.2613056330714327,4.371334846684505,1.5105228994737796,1.2957910018014513,3.5148614031272714,0.0,0,35,16,0,29,0,0,0,0,30,35,0.8285714285714286,0.0,0.13333333333333333,4.679668362540036,0.44999999999999996,59
level,10,trials,0.2763314848611414,0.2582358172200302,3.190655481595344,1.273458502931609,1.1167247979167132,2.7470706737881496,0.0,51,0,12,0,29,3,0,5,0,22,51,0.5686274509803921,0.0,0.2,1.1324292650259782,,59
level,11,roving,0.4034504964640034,0.5322876883367493,3.1116240890328823,1.2980486988175373,1.145197231493377,3.716782042738891,0.0,49,0,0,0,31,0,0,13,0,21,49,0.6326530612244898,0.0,3.544166666666667,0.9897018137104331,,65
level,11,brief,0.4034504964640034,0.5322876883367493,3.1116240890328823,1.2980486988175373,1.145197231493377,3.716782042738891,0.0,20,0,0,20,18,0,4,3,0,41,20,0.9,0.0,3.1333333333333333,0.789285202693043,,66
level,9,ramp,0.15142475790360885,0.25481817178457866,9.197987426013308,1.5159229742173186,1.0640927292174207,4.135802476740272,0.0,0,44,8,0,43,1,0,3,0,174,44,0.9772727272727273,0.0,0.13333333333333333,2.42552533992582,0.25475000000000003,221
level,10,brief,0.2763314848611414,0.2582358172200302,3.190655481595344,1.273458502931609,1.1167247979167132,2.7470706737881496,0.0,22,0,0,22,14,0,3,6,0,9,22,0.6363636363636364,0.0,3.6666666666666665,1.0063580369560876,,32
level,11,ramp,0.4034504964640034,0.5322876883367493,3.1116240890328823,1.2980486988175373,1.145197231493377,3.716782042738891,0.0,0,30,19,0,25,0,0,0,0,33,30,0.8333333333333334,0.0,0.13333333333333333,3.0784722222222296,0.5322499999999999,58
level,10,roving_ramp,0.2763314848611414,0.2582358172200302,3.190655481595344,1.273458502931609,1.1167247979167132,2.7470706737881496,0.0,39,9,5,0,28,1,0,8,0,30,48,0.5833333333333334,0.0,1.9891666666666667,1.2459941326653954,0.44999999999999996,67
level,12,brief,0.13774564540635387,0.17379304265219112,8.982343328098741,1.4870821690291478,1.0458449506426546,3.671101271595942,0.0,24,0,0,24,18,0,3,10,1,32,24,0.75,0.22727272727272727,4.4,0.7744339027613608,,64
level,10,ramp,0.2763314848611414,0.2582358172200302,3.190655481595344,1.273458502931609,1.1167247979167132,2.7470706737881496,0.0,0,43,7,0,38,1,0,0,0,60,43,0.8837209302325582,0.0,0.13333333333333333,3.7536336012817326,0.3872500000000001,99
level,15,brief,0.23592965488696407,0.13721517288802298,5.294597036820061,1.5471080284633456,1.2870229722958988,3.094464039398668,0.0,23,0,0,23,8,0,4,2,0,4,23,0.34782608695652173,0.0,4.0,2.951227271362087,,18
level,13,trials,0.16811778031854274,0.17270449501775598,4.003927063495789,0.841820677465572,0.6451368528122976,3.764635833607136,0.0,53,0,13,0,27,0,0,7,0,16,53,0.5094339622641509,0.0,0.26666666666666666,1.4353146853146934,,50
level,13,ramp,0.16811778031854274,0.17270449501775598,4.003927063495789,0.841820677465572,0.6451368528122976,3.764635833607136,0.0,0,40,13,0,36,2,0,3,0,58,40,0.9,0.0,0.13333333333333333,3.5532639016343888,0.2589999999999999,99
level,12,roving_ramp,0.13774564540635387,0.17379304265219112,8.982343328098741,1.4870821690291478,1.0458449506426546,3.671101271595942,0.0,36,13,0,0,38,0,0,16,1,93,49,0.7755102040816326,0.44910179640718567,2.2266666666666666,1.3566560170394206,0.17375000000000007,148
level,13,roving_ramp,0.16811778031854274,0.17270449501775598,4.003927063495789,0.841820677465572,0.6451368528122976,3.764635833607136,0.0,41,11,3,0,31,2,0,15,0,25,52,0.5961538461538461,0.0,2.793333333333334,1.66720368239353,0.259,73
level,14,brief,0.08222693870657673,0.08313842469874784,6.042911465726455,1.4593777541395256,1.162533450966206,2.075132870704626,0.0,24,0,0,24,21,0,12,19,6,19,24,0.875,1.5517241379310345,3.8666666666666667,2.134798099762388,,77
level,12,roving,0.13774564540635387,0.17379304265219112,8.982343328098741,1.4870821690291478,1.0458449506426546,3.671101271595942,0.0,54,0,0,0,32,0,0,18,0,49,54,0.5925925925925926,0.0,2.0900000000000003,0.7595651148510021,,99
level,12,trials,0.13774564540635387,0.17379304265219112,8.982343328098741,1.4870821690291478,1.0458449506426546,3.671101271595942,0.0,47,0,16,0,32,1,0,1,0,39,47,0.6808510638297872,0.0,0.2,0.7402500149456428,,73
level,13,brief,0.16811778031854274,0.17270449501775598,4.003927063495789,0.841820677465572,0.6451368528122976,3.764635833607136,0.0,24,0,0,24,23,0,3,8,0,15,24,0.9583333333333334,0.0,3.533333333333333,0.9561453039714629,,49
level,15,trials,0.23592965488696407,0.13721517288802298,5.294597036820061,1.5471080284633456,1.2870229722958988,3.094464039398668,0.0,53,0,13,0,12,0,0,3,0,3,53,0.22641509433962265,0.0,0.3333333333333333,1.8978595081814318,,18
level,12,ramp,0.13774564540635387,0.17379304265219112,8.982343328098741,1.4870821690291478,1.0458449506426546,3.671101271595942,0.0,0,37,15,0,37,2,0,3,0,145,37,1.0,0.0,0.2,2.988102320047535,0.21725000000000005,187
level,13,roving,0.16811778031854274,0.17270449501775598,4.003927063495789,0.841820677465572,0.6451368528122976,3.764635833607136,0.0,51,0,0,0,30,0,0,16,3,15,51,0.5882352941176471,0.8264462809917354,3.6300000000000003,1.1278252347713684,,64
level,16,brief,0.1487752305486112,0.1104150996479539,2.863445797769992,0.8456037142784248,0.7049434419354442,2.859712561789813,0.0,24,0,0,24,17,0,6,20,4,10,24,0.7083333333333334,0.9375,4.266666666666667,2.9592891093201183,,57
level,15,ramp,0.23592965488696407,0.13721517288802298,5.294597036820061,1.5471080284633456,1.2870229722958988,3.094464039398668,0.0,0,42,12,0,27,1,0,0,0,18,42,0.6428571428571429,0.0,0.2,5.5500265627766945,0.34299999999999997,46
level,14,ramp,0.08222693870657673,0.08313842469874784,6.042911465726455,1.4593777541395256,1.162533450966206,2.075132870704626,0.0,0,44,9,0,39,4,0,14,0,51,44,0.8863636363636364,0.0,0.13333333333333333,3.661303517862,0.12474999999999992,108
level,14,roving_ramp,0.08222693870657673,0.08313842469874784,6.042911465726455,1.4593777541395256,1.162533450966206,2.075132870704626,0.0,40,12,2,0,29,1,0,22,2,23,52,0.5576923076923077,0.9630818619582665,2.0766666666666667,2.292123374968155,0.12475000000000003,77
level,14,roving,0.08222693870657673,0.08313842469874784,6.042911465726455,1.4593777541395256,1.162533450966206,2.075132870704626,0.0,55,0,0,0,25,0,0,30,1,13,55,0.45454545454545453,0.4844570044408558,2.064166666666667,1.2594230364287158,,69
level,16,roving_ramp,0.1487752305486112,0.1104150996479539,2.863445797769992,0.8456037142784248,0.7049434419354442,2.859712561789813,0.0,39,8,5,0,20,3,0,12,4,15,47,0.425531914893617,1.5146733985484377,2.6408333333333336,1.5974897792266463,0.276,54
level,16,ramp,0.1487752305486112,0.1104150996479539,2.863445797769992,0.8456037142784248,0.7049434419354442,2.859712561789813,0.0,0,37,17,0,32,9,0,7,0,25,37,0.8648648648648649,0.0,0.2,4.051769141531351,0.16549999999999998,73
level,15,roving_ramp,0.23592965488696407,0.13721517288802298,5.294597036820061,1.5471080284633456,1.2870229722958988,3.094464039398668,0.0,38,12,2,0,19,0,0,3,0,12,50,0.38,0.0,2.606666666666667,2.912696550105638,0.34299999999999997,34
level,14,trials,0.08222693870657673,0.08313842469874784,6.042911465726455,1.4593777541395256,1.162533450966206,2.075132870704626,0.0,45,0,20,0,24,17,0,15,0,6,45,0.5333333333333333,0.0,0.26666666666666666,2.274439833736973,,62
level,17,roving,0.22346164285095396,0.33795091918062753,6.389474590428011,1.6262653551114594,1.3123969254320542,3.4014526266001086,0.0,48,0,0,0,36,0,0,26,4,77,48,0.75,0.6894570525711002,5.801666666666667,0.6250908101175512,,143
level,16,trials,0.1487752305486112,0.1104150996479539,2.863445797769992,0.8456037142784248,0.7049434419354442,2.859712561789813,0.0,49,0,16,0,23,7,0,12,0,8,49,0.46938775510204084,0.0,0.2,1.9967284623773327,,50
level,18,trials,0.2308116842361435,0.19976296098947183,4.965170332907646,1.3503210480508656,1.106418330632578,3.3552754570018273,0.0,50,0,14,0,24,0,0,2,0,14,50,0.48,0.0,0.26666666666666666,1.3024830154832316,,40
level,18,roving,0.2308116842361435,0.19976296098947183,4.965170332907646,1.3503210480508656,1.106418330632578,3.3552754570018273,0.0,54,0,0,0,27,0,0,7,0,13,54,0.5,0.0,1.646666666666667,1.6111556339156898,,47
level,17,roving_ramp,0.22346164285095396,0.33795091918062753,6.389474590428011,1.6262653551114594,1.3123969254320542,3.4014526266001086,0.0,39,11,2,0,40,0,0,24,0,141,50,0.8,0.0,2.636666666666667,0.7435840789507209,0.4225,205
level,19,brief,0.20546137649557855,0.13901843921508183,4.7207264760404986,1.4213782810264892,1.1894833129800524,2.7213781737302014,0.0,23,0,0,23,13,0,2,8,1,8,23,0.5652173913043478,0.2173913043478261,4.6,1.4145218664992665,,32
level,16,roving,0.1487752305486112,0.1104150996479539,2.863445797769992,0.8456037142784248,0.7049434419354442,2.859712561789813,0.0,55,0,0,0,26,0,0,17,2,12,55,0.4727272727272727,0.5427408412483039,3.6850000000000005,2.114519385890881,,57
level,17,trials,0.22346164285095396,0.33795091918062753,6.389474590428011,1.6262653551114594,1.3123969254320542,3.4014526266001086,0.0,46,0,14,0,35,0,0,0,0,101,46,0.7608695652173914,0.0,0.26666666666666666,0.551931330472128,,136
level,15,roving,0.23592965488696407,0.13721517288802298,5.294597036820061,1.5471080284633456,1.2870229722958988,3.094464039398668,0.0,58,0,0,0,19,0,0,4,0,3,58,0.3275862068965517,0.0,1.49,1.9590419993058479,,26
level,18,ramp,0.2308116842361435,0.19976296098947183,4.965170332907646,1.3503210480508656,1.106418330632578,3.3552754570018273,0.0,0,38,16,0,34,0,0,0,1,58,38,0.8947368421052632,7.5,0.13333333333333333,3.6919870573497935,0.29974999999999996,93
level,17,ramp,0.22346164285095396,0.33795091918062753,6.389474590428011,1.6262653551114594,1.3123969254320542,3.4014526266001086,0.0,0,47,9,0,47,0,0,1,0,162,47,1.0,0.0,0.13333333333333333,2.535164099129255,0.33799999999999997,210
level,18,brief,0.2308116842361435,0.19976296098947183,4.965170332907646,1.3503210480508656,1.106418330632578,3.3552754570018273,0.0,24,0,0,24,13,0,6,11,0,17,24,0.5416666666666666,0.0,3.6,1.0596293311844927,,47
level,18,roving_ramp,0.2308116842361435,0.19976296098947183,4.965170332907646,1.3503210480508656,1.106418330632578,3.3552754570018273,0.0,37,11,2,0,29,0,0,9,0,31,48,0.6041666666666666,0.0,2.74,2.738095238095239,0.34950000000000003,69
level,17,brief,0.22346164285095396,0.33795091918062753,6.389474590428011,1.6262653551114594,1.3123969254320542,3.4014526266001086,0.0,23,0,0,23,23,0,15,5,0,79,23,1.0,0.0,3.6666666666666665,0.8578912901113682,,122
level,19,trials,0.20546137649557855,0.13901843921508183,4.7207264760404986,1.4213782810264892,1.1894833129800524,2.7213781737302014,0.0,44,0,21,0,16,1,0,1,0,4,44,0.36363636363636365,0.0,0.13333333333333333,1.968698747884061,,22
level,20,roving,0.27493081418560755,0.24403718418903034,3.4202985733990374,1.4647045512998036,1.296690150886396,2.460563891011004,0.0,51,0,0,0,26,0,0,16,1,25,51,0.5098039215686274,0.38747174685179203,2.5808333333333335,1.0297705705615932,,68
level,22,trials,0.18090069087695182,0.08976263088573062,4.239918742967367,1.2398821313273318,1.031605751323088,2.749426647847229,0.0,44,0,21,0,7,3,0,6,0,3,44,0.1590909090909091,0.0,0.2,1.5888228941684774,,19
level,20,roving_ramp,0.27493081418560755,0.24403718418903034,3.4202985733990374,1.4647045512998036,1.296690150886396,2.460563891011004,0.0,41,10,5,0,26,0,0,11,0,28,51,0.5098039215686274,0.0,1.1400000000000001,1.4401496446485234,0.366,65
level,20,trials,0.27493081418560755,0.24403718418903034,3.4202985733990374,1.4647045512998036,1.296690150886396,2.460563891011004,0.0,48,0,14,0,23,0,0,2,0,18,48,0.4791666666666667,0.0,0.2,1.5990396158463414,,43
level,19,ramp,0.20546137649557855,0.13901843921508183,4.7207264760404986,1.4213782810264892,1.1894833129800524,2.7213781737302014,0.0,0,46,7,0,30,2,0,7,0,28,46,0.6521739130434783,0.0,0.13333333333333333,4.683960648000092,0.278,67
level,21,roving,0.13866975975179485,0.07594575082338739,4.165138772647079,1.0386232785581657,0.8340202947813773,2.805932138098352,0.0,59,0,0,0,24,0,0,12,3,4,59,0.4067796610169492,1.595037660611431,1.8808333333333336,1.702443754354026,,43
level,20,brief,0.27493081418560755,0.24403718418903034,3.4202985733990374,1.4647045512998036,1.296690150886396,2.460563891011004,0.0,22,0,0,22,17,0,0,3,2,13,22,0.7727272727272727,0.5357142857142857,3.7333333333333334,1.7791005291005273,,35
level,20,ramp,0.27493081418560755,0.24403718418903034,3.4202985733990374,1.4647045512998036,1.296690150886396,2.460563891011004,0.0,0,41,14,0,35,1,0,1,0,31,41,0.8536585365853658,0.0,0.2,3.830909090909286,0.42700000000000005,68
level,19,roving_ramp,0.20546137649557855,0.13901843921508183,4.7207264760404986,1.4213782810264892,1.1894833129800524,2.7213781737302014,0.0,47,10,4,0,28,2,0,11,0,14,57,0.49122807017543857,0.0,0.44083333333333335,1.7251376170085309,0.17375000000000007,55
level,19,roving,0.20546137649557855,0.13901843921508183,4.7207264760404986,1.4213782810264892,1.1894833129800524,2.7213781737302014,0.0,57,0,0,0,17,0,0,6,1,8,57,0.2982456140350877,0.38143674507310865,2.621666666666667,1.060483870967687,,32
level,21,ramp,0.13866975975179485,0.07594575082338739,4.165138772647079,1.0386232785581657,0.8340202947813773,2.805932138098352,0.0,0,45,8,0,24,3,0,10,0,15,45,0.5333333333333333,0.0,0.2,4.206767027057806,0.1140000000000001,52
level,21,brief,0.13866975975179485,0.07594575082338739,4.165138772647079,1.0386232785581657,0.8340202947813773,2.805932138098352,0.0,23,0,0,23,13,0,2,12,1,5,23,0.5652173913043478,0.1948051948051948,5.133333333333334,2.8903345724907314,,33
level,22,roving,0.18090069087695182,0.08976263088573062,4.239918742967367,1.2398821313273318,1.031605751323088,2.749426647847229,0.0,58,0,0,0,14,0,0,9,0,3,58,0.2413793103448276,0.0,2.0991666666666666,1.402387310370594,,26
level,23,roving,0.17443880055521202,0.15628181303987063,5.413172756889193,1.3483191643065993,1.0824093451591168,2.825934815898523,0.0,58,0,0,0,28,0,0,21,1,24,58,0.4827586206896552,0.3596044351213665,2.7808333333333337,1.0790754513567116,,74
level,21,roving_ramp,0.13866975975179485,0.07594575082338739,4.165138772647079,1.0386232785581657,0.8340202947813773,2.805932138098352,0.0,43,9,4,0,25,4,0,15,1,9,52,0.4807692307692308,1.056338028169014,0.9466666666666668,2.039603960396047,0.09499999999999997,54
level,22,roving_ramp,0.18090069087695182,0.08976263088573062,4.239918742967367,1.2398821313273318,1.031605751323088,2.749426647847229,0.0,40,12,2,0,14,0,0,9,2,2,52,0.2692307692307692,0.8778346744696414,2.2783333333333338,2.7135679714800762,0.12337500000000001,27
level,21,trials,0.13866975975179485,0.07594575082338739,4.165138772647079,1.0386232785581657,0.8340202947813773,2.805932138098352,0.0,45,0,19,0,17,5,0,5,0,2,45,0.37777777777777777,0.0,0.26666666666666666,2.212999560825654,,29
level,22,brief,0.18090069087695182,0.08976263088573062,4.239918742967367,1.2398821313273318,1.031605751323088,2.749426647847229,0.0,23,0,0,23,9,0,1,8,2,4,23,0.391304347826087,0.37037037037037035,5.4,2.3170451938518006,,24
level,23,ramp,0.17443880055521202,0.15628181303987063,5.413172756889193,1.3483191643065993,1.0824093451591168,2.825934815898523,0.0,0,38,14,0,31,2,0,2,0,55,38,0.8157894736842105,0.0,0.2,4.303613158367791,0.27349999999999997,90
level,23,trials,0.17443880055521202,0.15628181303987063,5.413172756889193,1.3483191643065993,1.0824093451591168,2.825934815898523,0.0,46,0,19,0,20,5,0,6,0,16,46,0.43478260869565216,0.0,0.2,1.3102083658935277,,47
level,23,brief,0.17443880055521202,0.15628181303987063,5.413172756889193,1.3483191643065993,1.0824093451591168,2.825934815898523,0.0,22,0,0,22,18,0,2,11,4,22,22,0.8181818181818182,0.8,5.0,1.9443692307692264,,57
level,23,roving_ramp,0.17443880055521202,0.15628181303987063,5.413172756889193,1.3483191643065993,1.0824093451591168,2.825934815898523,0.0,44,10,4,0,29,0,0,12,1,23,54,0.5370370370370371,1.2084592145015103,0.8275000000000001,2.021021021021055,0.3125,65
level,25,roving_ramp,0.14953318524820533,0.18668143866848824,5.882416617382933,1.1458226432354273,0.8568622850263276,3.3563339600809194,0.0,37,10,3,0,34,2,0,16,0,37,47,0.723404255319149,0.0,2.779166666666667,1.0437020260349912,0.3267500000000001,89
level,24,ramp,0.0682058304256441,0.0730718932117329,8.493712007313846,1.254152839279382,0.8369185249151827,2.7051213912926992,0.0,0,36,18,0,31,17,0,12,0,48,36,0.8611111111111112,0.0,0.2,3.4292825768667665,0.10950000000000004,108
level,25,roving,0.14953318524820533,0.18668143866848824,5.882416617382933,1.1458226432354273,0.8568622850263276,3.3563339600809194,0.0,54,0,0,0,35,0,0,28,1,46,54,0.6481481481481481,0.6021073758153537,1.6608333333333334,0.7658921525646708,,110
level,24,roving,0.0682058304256441,0.0730718932117329,8.493712007313846,1.254152839279382,0.8369185249151827,2.7051213912926992,0.0,53,0,0,0,27,0,0,44,0,7,53,0.5094339622641509,0.0,2.1958333333333333,1.3919676214196808,,78
level,25,trials,0.14953318524820533,0.18668143866848824,5.882416617382933,1.1458226432354273,0.8568622850263276,3.3563339600809194,0.0,45,0,20,0,32,4,0,5,0,19,45,0.7111111111111111,0.0,0.13333333333333333,1.2029461673580863,,60
level,26,trials,0.2415484233961501,0.15560773039647294,2.4145880217214892,0.9209216450549087,0.802310491669031,3.1039002084032465,0.0,46,0,18,0,12,5,0,4,0,1,46,0.2608695652173913,0.0,0.13333333333333333,0.6022719918572277,,22
level,27,trials,0.20579135452918387,0.2055840570001524,3.0835398394729574,0.9636146449978581,0.8121427526580483,3.0926932456097487,0.0,45,0,20,0,18,4,0,2,0,7,45,0.4,0.0,0.26666666666666666,1.7180645150651275,,31
level,25,ramp,0.14953318524820533,0.18668143866848824,5.882416617382933,1.1458226432354273,0.8568622850263276,3.3563339600809194,0.0,0,35,17,0,34,5,0,2,0,99,35,0.9714285714285714,0.0,0.13333333333333333,2.498278166118436,0.28,140
level,24,trials,0.0682058304256441,0.0730718932117329,8.493712007313846,1.254152839279382,0.8369185249151827,2.7051213912926992,0.0,49,0,16,0,28,9,0,19,0,18,49,0.5714285714285714,0.0,0.2,1.6836579163111298,,74
level,25,brief,0.14953318524820533,0.18668143866848824,5.882416617382933,1.1458226432354273,0.8568622850263276,3.3563339600809194,0.0,25,0,0,25,21,0,9,18,1,40,25,0.84,0.39473684210526316,2.533333333333333,0.9872670234360587,,89
level,24,roving_ramp,0.0682058304256441,0.0730718932117329,8.493712007313846,1.254152839279382,0.8369185249151827,2.7051213912926992,0.0,29,10,5,0,27,6,0,18,5,21,39,0.6923076923076923,1.342882721575649,3.7233333333333336,1.9511201629327906,0.07299999999999995,77
level,22,ramp,0.18090069087695182,0.08976263088573062,4.239918742967367,1.2398821313273318,1.031605751323088,2.749426647847229,0.0,0,40,12,0,19,2,0,1,0,14,40,0.475,0.0,0.13333333333333333,3.71297989031083,0.15700000000000003,36
level,27,roving_ramp,0.20579135452918387,0.2055840570001524,3.0835398394729574,0.9636146449978581,0.8121427526580483,3.0926932456097487,0.0,36,9,5,0,29,1,0,18,3,26,45,0.6444444444444445,1.0192525481313701,2.943333333333334,1.9204085975739615,0.3085,77
level,26,brief,0.2415484233961501,0.15560773039647294,2.4145880217214892,0.9209216450549087,0.802310491669031,3.1039002084032465,0.0,23,0,0,23,16,0,2,7,2,5,23,0.6956521739130435,0.5084745762711864,3.933333333333333,2.220444199218317,,32
level,26,ramp,0.2415484233961501,0.15560773039647294,2.4145880217214892,0.9209216450549087,0.802310491669031,3.1039002084032465,0.0,0,39,14,0,26,6,0,1,1,26,39,0.6666666666666666,7.5,0.13333333333333333,4.227343265052758,0.31125,60
level,26,roving,0.2415484233961501,0.15560773039647294,2.4145880217214892,0.9209216450549087,0.802310491669031,3.1039002084032465,0.0,58,0,0,0,18,0,0,16,0,1,58,0.3103448275862069,0.0,1.1375,2.1640251744254755,,35
level,27,brief,0.20579135452918387,0.2055840570001524,3.0835398394729574,0.9636146449978581,0.8121427526580483,3.0926932456097487,0.0,24,0,0,24,18,0,8,11,6,11,24,0.75,1.6363636363636365,3.6666666666666665,1.6836971203209774,,54
level,28,ramp,0.0937411474536078,0.04966883560197636,4.440674794425285,0.9809277194238337,0.7627896542797615,2.704130633015847,0.0,0,41,12,0,28,11,0,10,0,10,41,0.6829268292682927,0.0,0.2,3.1816652738595397,0.062000000000000055,59
level,24,brief,0.0682058304256441,0.0730718932117329,8.493712007313846,1.254152839279382,0.8369185249151827,2.7051213912926992,0.0,24,0,0,24,17,0,10,19,3,20,24,0.7083333333333334,0.8653846153846153,3.466666666666667,0.96393740077115,,69
level,27,ramp,0.20579135452918387,0.2055840570001524,3.0835398394729574,0.9636146449978581,0.8121427526580483,3.0926932456097487,0.0,0,36,17,0,28,5,0,1,0,39,36,0.7777777777777778,0.0,0.13333333333333333,3.4286952228631793,0.3085,73
level,26,roving_ramp,0.2415484233961501,0.15560773039647294,2.4145880217214892,0.9209216450549087,0.802310491669031,3.1039002084032465,0.0,39,10,4,0,17,1,0,8,1,5,49,0.3469387755102041,0.48999591670069415,2.0408333333333335,2.957405345211603,0.1945,32
level,28,roving,0.0937411474536078,0.04966883560197636,4.440674794425285,0.9809277194238337,0.7627896542797615,2.704130633015847,0.0,58,0,0,0,23,0,0,15,2,6,58,0.39655172413793105,1.1816838995568684,1.6925000000000001,2.7358763882183075,,46
leaky,2,brief,0.5395741910286197,0.5389811546641039,3.5159860709144333,0.572230735999636,0.3995159045632924,3.3122437177769775,0.7644426159432517,21,0,0,21,13,0,0,0,0,5,21,0.6190476190476191,0.0,4.733333333333333,1.8112410656270537,,18
level,29,roving,0.035164511468278474,0.04,4.845588980616345,0.9457569082770331,0.7077283532380494,2.4716031103879605,0.0,61,0,0,0,27,0,0,35,5,10,61,0.4426229508196721,1.9267822736030826,2.595,0.8592233009708882,,77
leaky,2,trials,0.5395741910286197,0.5389811546641039,3.5159860709144333,0.572230735999636,0.3995159045632924,3.3122437177769775,0.7644426159432517,45,0,20,0,9,0,0,0,0,3,45,0.2,0.0,0.2,1.9716566866267342,,12
leaky,2,ramp,0.5395741910286197,0.5389811546641039,3.5159860709144333,0.572230735999636,0.3995159045632924,3.3122437177769775,0.7644426159432517,0,41,9,0,15,0,0,1,0,2,41,0.36585365853658536,0.0,0.13333333333333333,2.9005555555555604,0.6737500000000001,18
leaky,2,roving,0.5395741910286197,0.5389811546641039,3.5159860709144333,0.572230735999636,0.3995159045632924,3.3122437177769775,0.7644426159432517,55,0,0,0,13,0,0,4,0,9,55,0.23636363636363636,0.0,2.205,1.5484848484848779,,26
level,28,trials,0.0937411474536078,0.04966883560197636,4.440674794425285,0.9809277194238337,0.7627896542797615,2.704130633015847,0.0,52,0,13,0,12,3,0,11,1,3,52,0.23076923076923078,3.0,0.3333333333333333,2.1984292111371335,,30
level,27,roving,0.20579135452918387,0.2055840570001524,3.0835398394729574,0.9636146449978581,0.8121427526580483,3.0926932456097487,0.0,48,0,0,0,26,0,0,19,1,14,48,0.5416666666666666,0.33670033670033667,2.97,1.3850097053395531,,60
leaky,1,brief,0.37554381037765333,0.2486207138813827,2.944188209966396,0.8120688786175806,0.6674423186298258,2.8997375768641946,0.39337284500087544,24,0,0,24,12,0,1,5,1,8,24,0.5,0.32608695652173914,3.066666666666667,1.4931645609174646,,27
leaky,2,roving_ramp,0.5395741910286197,0.5389811546641039,3.5159860709144333,0.572230735999636,0.3995159045632924,3.3122437177769775,0.7644426159432517,38,8,4,0,17,0,0,1,0,10,46,0.3695652173913043,0.0,2.686666666666667,1.3338509316770386,0.5389999999999999,28
leaky,1,roving_ramp,0.37554381037765333,0.2486207138813827,2.944188209966396,0.8120688786175806,0.6674423186298258,2.8997375768641946,0.39337284500087544,40,11,3,0,16,0,0,1,0,2,51,0.3137254901960784,0.0,3.174166666666667,3.381301030901344,0.43500000000000005,19
leaky,0,roving,0.3346552429145073,0.33265367853400074,2.8222561743622663,0.5532851870357001,0.4146482614069291,3.308583008764028,0.3250811129046501,57,0,0,0,28,0,0,6,0,27,57,0.49122807017543857,0.0,1.2783333333333333,1.1729654409385888,,61
leaky,0,brief,0.3346552429145073,0.33265367853400074,2.8222561743622663,0.5532851870357001,0.4146482614069291,3.308583008764028,0.3250811129046501,19,0,0,19,14,0,3,5,0,25,19,0.7368421052631579,0.0,4.066666666666666,1.1011668493510318,,47
level,29,roving_ramp,0.035164511468278474,0.04,4.845588980616345,0.9457569082770331,0.7077283532380494,2.4716031103879605,0.0,39,7,7,0,26,5,0,27,6,7,46,0.5652173913043478,4.3557168784029034,1.3775000000000002,3.5032093733401743,0.06000000000000005,71
level,29,ramp,0.035164511468278474,0.04,4.845588980616345,0.9457569082770331,0.7077283532380494,2.4716031103879605,0.0,0,41,12,0,34,15,0,9,1,17,41,0.8292682926829268,5.0,0.2,3.547950634058017,0.040000000000000036,76
leaky,1,roving,0.37554381037765333,0.2486207138813827,2.944188209966396,0.8120688786175806,0.6674423186298258,2.8997375768641946,0.39337284500087544,57,0,0,0,16,0,0,4,1,9,57,0.2807017543859649,0.7874015748031495,1.27,1.644448248553961,,30
level,28,roving_ramp,0.0937411474536078,0.04966883560197636,4.440674794425285,0.9809277194238337,0.7627896542797615,2.704130633015847,0.0,31,11,3,0,23,2,0,18,4,7,42,0.5476190476190477,1.2735473600424514,3.1408333333333336,2.4897111199050075,0.09924999999999995,54
level,28,brief,0.0937411474536078,0.04966883560197636,4.440674794425285,0.9809277194238337,0.7627896542797615,2.704130633015847,0.0,23,0,0,23,14,0,2,13,4,5,23,0.6086956521739131,0.759493670886076,5.266666666666667,5.4867140226256605,,38
leaky,1,ramp,0.37554381037765333,0.2486207138813827,2.944188209966396,0.8120688786175806,0.6674423186298258,2.8997375768641946,0.39337284500087544,0,38,12,0,21,0,0,1,0,15,38,0.5526315789473685,0.0,0.2,4.707986432315755,0.44999999999999996,37
leaky,6,brief,0.46340290147586444,0.6,2.956153729929067,0.5099710242097382,0.36475668522578747,3.3453933856740212,0.5355717985034513,24,0,0,24,13,0,2,2,0,4,24,0.5416666666666666,0.0,4.6,2.1750000000000185,,21
level,29,brief,0.035164511468278474,0.04,4.845588980616345,0.9457569082770331,0.7077283532380494,2.4716031103879605,0.0,24,0,0,24,21,0,4,30,8,16,24,0.875,1.9354838709677418,4.133333333333334,3.2812500000000333,,79
leaky,0,ramp,0.3346552429145073,0.33265367853400074,2.8222561743622663,0.5532851870357001,0.4146482614069291,3.308583008764028,0.3250811129046501,0,35,17,0,29,2,0,3,0,36,35,0.8285714285714286,0.0,0.2,2.8053702468312127,0.41575000000000006,70
leaky,0,trials,0.3346552429145073,0.33265367853400074,2.8222561743622663,0.5532851870357001,0.4146482614069291,3.308583008764028,0.3250811129046501,41,0,20,0,27,1,0,1,0,20,41,0.6585365853658537,0.0,0.13333333333333333,1.2270459081836342,,49
level,29,trials,0.035164511468278474,0.04,4.845588980616345,0.9457569082770331,0.7077283532380494,2.4716031103879605,0.0,48,0,18,0,28,8,0,21,1,15,48,0.5833333333333334,3.75,0.26666666666666666,1.401826166304252,,73
leaky,0,roving_ramp,0.3346552429145073,0.33265367853400074,2.8222561743622663,0.5532851870357001,0.4146482614069291,3.308583008764028,0.3250811129046501,35,10,5,0,32,0,0,11,1,20,45,0.7111111111111111,0.4006677796327212,2.495833333333333,1.3730158730159214,0.44999999999999996,64
leaky,3,trials,0.12773857203435895,0.13059060093401706,4.686709325610913,0.7073266058840013,0.47710265310437494,2.706732413840417,0.28889599045495823,47,0,17,0,33,5,0,9,0,14,47,0.7021276595744681,0.0,0.2,1.5631034482758752,,61
leaky,6,trials,0.46340290147586444,0.6,2.956153729929067,0.5099710242097382,0.36475668522578747,3.3453933856740212,0.5355717985034513,49,0,13,0,25,0,0,0,0,14,49,0.5102040816326531,0.0,0.3333333333333333,0.831393014853483,,39
leaky,3,roving,0.12773857203435895,0.13059060093401706,4.686709325610913,0.7073266058840013,0.47710265310437494,2.706732413840417,0.28889599045495823,46,0,0,0,27,0,0,20,5,14,46,0.5869565217391305,1.099102399706906,4.549166666666666,1.1772538141470523,,66
leaky,1,trials,0.37554381037765333,0.2486207138813827,2.944188209966396,0.8120688786175806,0.6674423186298258,2.8997375768641946,0.39337284500087544,49,0,13,0,15,1,0,2,0,8,49,0.30612244897959184,0.0,0.2,1.1976439790576052,,26
leaky,6,ramp,0.46340290147586444,0.6,2.956153729929067,0.5099710242097382,0.36475668522578747,3.3453933856740212,0.5355717985034513,0,46,7,0,26,1,0,0,0,18,46,0.5652173913043478,0.0,0.13333333333333333,2.750315656565662,0.44999999999999996,45
leaky,5,brief,0.0937411474536078,0.13868050956922706,4.291415064561601,0.6116207737149438,0.40081475385310333,2.653377762165915,0.26314679319027173,23,0,0,23,21,0,13,25,5,35,23,0.9130434782608695,1.2096774193548385,4.133333333333334,0.5646912814148817,,99
leaky,4,roving_ramp,0.24942665039861583,0.2084094586438806,4.2796452634760564,0.5239077570077744,0.3136799018967403,3.481299371985503,0.37369891040828523,39,11,3,0,27,0,0,4,0,23,50,0.54,0.0,2.311666666666667,2.6799168014790866,0.44999999999999996,54
leaky,4,trials,0.24942665039861583,0.2084094586438806,4.2796452634760564,0.5239077570077744,0.3136799018967403,3.481299371985503,0.37369891040828523,47,0,17,0,14,1,0,1,0,8,47,0.2978723404255319,0.0,0.3333333333333333,0.9839434134080532,,24
leaky,4,roving,0.24942665039861583,0.2084094586438806,4.2796452634760564,0.5239077570077744,0.3136799018967403,3.481299371985503,0.37369891040828523,55,0,0,0,26,0,0,5,0,11,55,0.4727272727272727,0.0,1.7333333333333334,0.9643168019312325,,42
leaky,6,roving_ramp,0.46340290147586444,0.6,2.956153729929067,0.5099710242097382,0.36475668522578747,3.3453933856740212,0.5355717985034513,39,12,1,0,27,0,0,6,0,22,51,0.5294117647058824,0.0,1.675,2.288793103448268,0.44999999999999996,55
leaky,3,roving_ramp,0.12773857203435895,0.13059060093401706,4.686709325610913,0.7073266058840013,0.47710265310437494,2.706732413840417,0.28889599045495823,43,11,2,0,25,1,0,14,2,15,54,0.46296296296296297,0.9966777408637874,2.006666666666667,1.9689629068887216,0.21224999999999994,57
leaky,4,ramp,0.24942665039861583,0.2084094586438806,4.2796452634760564,0.5239077570077744,0.3136799018967403,3.481299371985503,0.37369891040828523,0,36,16,0,32,1,0,2,0,66,36,0.8888888888888888,0.0,0.13333333333333333,3.504411505205575,0.41674999999999995,101
leaky,6,roving,0.46340290147586444,0.6,2.956153729929067,0.5099710242097382,0.36475668522578747,3.3453933856740212,0.5355717985034513,51,0,0,0,33,0,0,8,0,13,51,0.6470588235294118,0.0,3.6983333333333333,1.233076611268858,,54
leaky,3,brief,0.12773857203435895,0.13059060093401706,4.686709325610913,0.7073266058840013,0.47710265310437494,2.706732413840417,0.28889599045495823,24,0,0,24,17,0,3,15,1,23,24,0.7083333333333334,0.34090909090909094,2.933333333333333,1.3612725604160416,,59
leaky,5,roving,0.0937411474536078,0.13868050956922706,4.291415064561601,0.6116207737149438,0.40081475385310333,2.653377762165915,0.26314679319027173,56,0,0,0,34,0,0,28,2,22,56,0.6071428571428571,0.8227631127871101,2.430833333333333,1.3500770172862064,,86
leaky,5,trials,0.0937411474536078,0.13868050956922706,4.291415064561601,0.6116207737149438,0.40081475385310333,2.653377762165915,0.26314679319027173,44,0,20,0,28,11,0,9,0,9,44,0.6363636363636364,0.0,0.26666666666666666,1.702641916831294,,57
leaky,3,ramp,0.12773857203435895,0.13059060093401706,4.686709325610913,0.7073266058840013,0.47710265310437494,2.706732413840417,0.28889599045495823,0,40,13,0,31,5,0,6,0,32,40,0.775,0.0,0.13333333333333333,3.9449358690845067,0.16325,74
leaky,7,brief,0.16154982559875916,0.15554816331198304,7.394954419983843,0.817009337067354,0.4537489940607117,3.098594174233833,0.4244858979229343,25,0,0,25,19,0,11,10,2,30,25,0.76,0.5,4.0,0.7594038325052778,,72
leaky,8,trials,0.13657175982191577,0.08917909860076223,4.931958690444493,0.808336867789396,0.5660655968882602,2.541614934847101,0.32841775090240544,49,0,15,0,18,6,0,11,0,5,49,0.3673469387755102,0.0,0.13333333333333333,1.6341361433588426,,40
leaky,4,brief,0.24942665039861583,0.2084094586438806,4.2796452634760564,0.5239077570077744,0.3136799018967403,3.481299371985503,0.37369891040828523,24,0,0,24,19,0,4,6,0,18,24,0.7916666666666666,0.0,2.933333333333333,1.361191559784877,,47
leaky,7,trials,0.16154982559875916,0.15554816331198304,7.394954419983843,0.817009337067354,0.4537489940607117,3.098594174233833,0.4244858979229343,56,0,10,0,36,1,0,2,0,33,56,0.6428571428571429,0.0,0.13333333333333333,1.273273936033093,,72
leaky,5,roving_ramp,0.0937411474536078,0.13868050956922706,4.291415064561601,0.6116207737149438,0.40081475385310333,2.653377762165915,0.26314679319027173,40,11,2,0,36,2,0,20,5,36,51,0.7058823529411765,1.9505851755526658,2.5633333333333335,1.2611284816477868,0.13874999999999993,99
leaky,5,ramp,0.0937411474536078,0.13868050956922706,4.291415064561601,0.6116207737149438,0.40081475385310333,2.653377762165915,0.26314679319027173,0,39,13,0,36,10,0,11,0,67,39,0.9230769230769231,0.0,0.13333333333333333,2.464890069169974,0.17324999999999996,124
leaky,8,roving,0.13657175982191577,0.08917909860076223,4.931958690444493,0.808336867789396,0.5660655968882602,2.541614934847101,0.32841775090240544,55,0,0,0,27,0,0,16,1,9,55,0.4909090909090909,0.39814200398141997,2.511666666666667,1.6192893401015223,,53
leaky,9,roving,0.15057664788094277,0.20587039145334102,6.816914635761534,0.7120853265922468,0.3772198753405343,3.5186285869436302,0.2889240974954848,52,0,0,0,38,0,0,26,0,58,52,0.7307692307692307,0.0,2.45,0.7808843030041266,,122
leaky,8,brief,0.13657175982191577,0.08917909860076223,4.931958690444493,0.808336867789396,0.5660655968882602,2.541614934847101,0.32841775090240544,23,0,0,23,12,0,2,11,4,9,23,0.5217391304347826,0.8,5.0,2.5084132125537484,,38
leaky,7,ramp,0.16154982559875916,0.15554816331198304,7.394954419983843,0.817009337067354,0.4537489940607117,3.098594174233833,0.4244858979229343,0,37,16,0,33,1,0,1,0,89,37,0.8918918918918919,0.0,0.13333333333333333,3.2463715529753583,0.23324999999999996,124
leaky,7,roving_ramp,0.16154982559875916,0.15554816331198304,7.394954419983843,0.817009337067354,0.4537489940607117,3.098594174233833,0.4244858979229343,39,8,4,0,35,2,0,15,1,61,47,0.7446808510638298,0.5004170141784821,1.9983333333333335,1.0181930311439928,0.1945,114
leaky,10,ramp,0.1893157047799034,0.12033337010093348,4.405032288530397,0.7356793132903229,0.5192921053093462,2.6512825170772247,0.40112045123557577,0,44,10,0,33,4,0,3,0,26,44,0.75,0.0,0.13333333333333333,4.607416127133631,0.24075000000000002,66
leaky,11,brief,0.2823077510278912,0.24332101200549394,3.0729100040235595,0.5150888335345094,0.3641391077223278,3.4019295817261717,0.2887451847662783,22,0,0,22,11,0,5,6,0,16,22,0.5,0.0,3.3333333333333335,1.230654484430371,,38
leaky,7,roving,0.16154982559875916,0.15554816331198304,7.394954419983843,0.817009337067354,0.4537489940607117,3.098594174233833,0.4244858979229343,56,0,0,0,29,0,0,7,1,20,56,0.5178571428571429,0.726832222895215,1.3758333333333335,0.9016786570743748,,57
leaky,9,ramp,0.15057664788094277,0.20587039145334102,6.816914635761534,0.7120853265922468,0.3772198753405343,3.5186285869436302,0.2889240974954848,0,41,13,0,40,3,0,1,0,117,41,0.975609756097561,0.0,0.2,2.7224387269645502,0.2057500000000001,161
leaky,9,trials,0.15057664788094277,0.20587039145334102,6.816914635761534,0.7120853265922468,0.3772198753405343,3.5186285869436302,0.2889240974954848,44,0,20,0,27,2,0,6,0,38,44,0.6136363636363636,0.0,0.3333333333333333,0.6394230769230419,,73
leaky,9,brief,0.15057664788094277,0.20587039145334102,6.816914635761534,0.7120853265922468,0.3772198753405343,3.5186285869436302,0.2889240974954848,22,0,0,22,21,0,6,14,0,56,22,0.9545454545454546,0.0,3.933333333333333,0.7867931155601622,,97
leaky,9,roving_ramp,0.15057664788094277,0.20587039145334102,6.816914635761534,0.7120853265922468,0.3772198753405343,3.5186285869436302,0.2889240974954848,43,11,2,0,39,0,0,20,0,85,54,0.7222222222222222,0.0,1.9341666666666668,1.2652946151677562,0.2057500000000001,144
leaky,8,ramp,0.13657175982191577,0.08917909860076223,4.931958690444493,0.808336867789396,0.5660655968882602,2.541614934847101,0.32841775090240544,0,41,11,0,28,5,0,5,0,22,41,0.6829268292682927,0.0,0.2,3.4952567938133976,0.17825000000000002,60
leaky,8,roving_ramp,0.13657175982191577,0.08917909860076223,4.931958690444493,0.808336867789396,0.5660655968882602,2.541614934847101,0.32841775090240544,31,10,4,0,23,1,0,10,2,17,41,0.5609756097560976,0.7177033492822965,2.786666666666667,2.7953125000000005,0.13375000000000004,53
leaky,11,ramp,0.2823077510278912,0.24332101200549394,3.0729100040235595,0.5150888335345094,0.3641391077223278,3.4019295817261717,0.2887451847662783,0,44,7,0,38,0,0,3,0,41,44,0.8636363636363636,0.0,0.2,4.220489486030846,0.42574999999999996,82
leaky,11,roving,0.2823077510278912,0.24332101200549394,3.0729100040235595,0.5150888335345094,0.3641391077223278,3.4019295817261717,0.2887451847662783,47,0,0,0,26,0,0,10,0,16,47,0.5531914893617021,0.0,4.1033333333333335,1.4633300396777502,,52
leaky,11,roving_ramp,0.2823077510278912,0.24332101200549394,3.0729100040235595,0.5150888335345094,0.3641391077223278,3.4019295817261717,0.2887451847662783,35,10,4,0,28,0,0,11,1,21,45,0.6222222222222222,0.37163208423660576,2.6908333333333334,2.1927615783725614,0.44999999999999996,61
leaky,10,roving_ramp,0.1893157047799034,0.12033337010093348,4.405032288530397,0.7356793132903229,0.5192921053093462,2.6512825170772247,0.40112045123557577,39,14,2,0,29,0,0,5,0,16,53,0.5471698113207547,0.0,1.909166666666667,2.9286468228837057,0.22562500000000002,50
leaky,10,brief,0.1893157047799034,0.12033337010093348,4.405032288530397,0.7356793132903229,0.5192921053093462,2.6512825170772247,0.40112045123557577,23,0,0,23,17,0,2,8,0,3,23,0.7391304347826086,0.0,4.4,2.537582681900184,,30
leaky,10,roving,0.1893157047799034,0.12033337010093348,4.405032288530397,0.7356793132903229,0.5192921053093462,2.6512825170772247,0.40112045123557577,54,0,0,0,18,0,0,9,0,7,54,0.3333333333333333,0.0,1.409166666666667,1.5020547623228748,,34
leaky,13,brief,0.13617055146881163,0.1550477752880836,6.042690025658765,0.7657951003492006,0.4689616749163478,3.163649073483959,0.24309382194702833,23,0,0,23,19,0,5,18,3,19,23,0.8260869565217391,0.7142857142857143,4.2,1.1818181818182132,,64
leaky,10,trials,0.1893157047799034,0.12033337010093348,4.405032288530397,0.7356793132903229,0.5192921053093462,2.6512825170772247,0.40112045123557577,49,0,15,0,18,4,0,6,0,4,49,0.3673469387755102,0.0,0.13333333333333333,1.4847826630652514,,32
leaky,14,brief,0.2775165302958569,0.4950250706169652,3.946469285286398,0.7045588929365089,0.5106975511594425,3.391071171620583,0.29837081377674296,23,0,0,23,21,0,14,12,0,67,23,0.9130434782608695,0.0,3.933333333333333,0.596786534047503,,114
leaky,16,brief,0.6873402879218031,0.6,2.709395571009943,0.7019914032905357,0.5688984985112929,2.6974068464561216,1.0437663782287447,25,0,0,25,4,0,2,1,0,0,25,0.16,0.0,3.2,2.4929707555679164,,7
leaky,11,trials,0.2823077510278912,0.24332101200549394,3.0729100040235595,0.5150888335345094,0.3641391077223278,3.4019295817261717,0.2887451847662783,48,0,14,0,26,0,0,0,0,8,48,0.5416666666666666,0.0,0.26666666666666666,1.4743956208333022,,34
leaky,16,roving,0.6873402879218031,0.6,2.709395571009943,0.7019914032905357,0.5688984985112929,2.6974068464561216,1.0437663782287447,51,0,0,0,9,0,0,2,0,0,51,0.17647058823529413,0.0,2.220833333333333,1.2062523827678868,,11
leaky,16,trials,0.6873402879218031,0.6,2.709395571009943,0.7019914032905357,0.5688984985112929,2.6974068464561216,1.0437663782287447,44,0,18,0,4,0,0,0,0,0,44,0.09090909090909091,0.0,0.26666666666666666,1.263144120135441,,4
leaky,16,ramp,0.6873402879218031,0.6,2.709395571009943,0.7019914032905357,0.5688984985112929,2.6974068464561216,1.0437663782287447,0,38,13,0,9,0,0,0,0,0,38,0.23684210526315788,0.0,0.2,4.159090909090971,0.44999999999999996,9
leaky,16,roving_ramp,0.6873402879218031,0.6,2.709395571009943,0.7019914032905357,0.5688984985112929,2.6974068464561216,1.0437663782287447,37,11,2,0,9,0,0,1,0,1,48,0.1875,0.0,3.2825,0.9583005507474123,0.8,11
leaky,12,trials,0.22161653995657113,0.2371198643348748,4.190280701196665,0.4560783249915137,0.250240301068421,3.198890728232333,0.4128406486203408,46,0,19,0,24,2,0,2,1,15,46,0.5217391304347826,3.75,0.26666666666666666,1.2492782741462307,,44
leaky,14,roving,0.2775165302958569,0.4950250706169652,3.946469285286398,0.7045588929365089,0.5106975511594425,3.391071171620583,0.29837081377674296,57,0,0,0,40,0,0,33,0,82,57,0.7017543859649122,0.0,1.4258333333333335,0.6618008782845198,,155
leaky,12,roving_ramp,0.22161653995657113,0.2371198643348748,4.190280701196665,0.4560783249915137,0.250240301068421,3.198890728232333,0.4128406486203408,40,12,2,0,36,1,0,9,0,50,52,0.6923076923076923,0.0,1.1591666666666667,1.2565574461445994,0.2370000000000001,96
leaky,13,roving_ramp,0.13617055146881163,0.1550477752880836,6.042690025658765,0.7657951003492006,0.4689616749163478,3.163649073483959,0.24309382194702833,35,12,2,0,34,0,0,13,1,50,47,0.723404255319149,0.3727865796831314,2.6825,1.6813710779922746,0.25187499999999996,98
leaky,13,roving,0.13617055146881163,0.1550477752880836,6.042690025658765,0.7657951003492006,0.4689616749163478,3.163649073483959,0.24309382194702833,53,0,0,0,33,0,0,16,1,20,53,0.6226415094339622,0.3974826101358065,2.5158333333333336,1.2335164835164873,,70
leaky,15,roving,0.10214477284812543,0.10542195947380398,3.1702668541579904,0.3888501490407742,0.2331179890491056,2.9134794382898437,0.2538679218104738,63,0,0,0,37,0,0,29,1,24,63,0.5873015873015873,1.095890410958904,0.9125,1.6594313665546172,,91
leaky,14,ramp,0.2775165302958569,0.4950250706169652,3.946469285286398,0.7045588929365089,0.5106975511594425,3.391071171620583,0.29837081377674296,0,34,16,0,34,4,0,1,0,96,34,1.0,0.0,0.2,1.816741410763236,0.44999999999999996,135
leaky,14,trials,0.2775165302958569,0.4950250706169652,3.946469285286398,0.7045588929365089,0.5106975511594425,3.391071171620583,0.29837081377674296,41,0,20,0,36,0,0,3,0,52,41,0.8780487804878049,0.0,0.2,0.9023768799298402,,91
leaky,13,trials,0.13617055146881163,0.1550477752880836,6.042690025658765,0.7657951003492006,0.4689616749163478,3.163649073483959,0.24309382194702833,50,0,15,0,25,4,0,7,0,24,50,0.5,0.0,0.26666666666666666,0.8320073439412641,,60
leaky,19,brief,0.5193270532383065,0.40936111705268535,2.703112855695649,0.612619618903791,0.4798353382472226,4.0352785395633965,0.34836235024091444,20,0,0,20,10,0,1,1,1,8,20,0.5,0.2631578947368421,3.8,2.270899700266521,,21
leaky,19,roving,0.5193270532383065,0.40936111705268535,2.703112855695649,0.612619618903791,0.4798353382472226,4.0352785395633965,0.34836235024091444,51,0,0,0,17,0,0,5,0,4,51,0.3333333333333333,0.0,1.7983333333333333,1.2896626768226618,,26
leaky,14,roving_ramp,0.2775165302958569,0.4950250706169652,3.946469285286398,0.7045588929365089,0.5106975511594425,3.391071171620583,0.29837081377674296,39,9,4,0,38,0,0,14,0,71,48,0.7916666666666666,0.0,0.8591666666666667,0.7795426802487644,0.44999999999999996,123
leaky,19,trials,0.5193270532383065,0.40936111705268535,2.703112855695649,0.612619618903791,0.4798353382472226,4.0352785395633965,0.34836235024091444,44,0,19,0,10,1,0,0,0,0,44,0.22727272727272727,0.0,0.13333333333333333,1.39459597361028,,11
leaky,19,ramp,0.5193270532383065,0.40936111705268535,2.703112855695649,0.612619618903791,0.4798353382472226,4.0352785395633965,0.34836235024091444,0,34,17,0,17,0,0,0,0,3,34,0.5,0.0,0.13333333333333333,3.931866271688627,0.44999999999999996,20
leaky,13,ramp,0.13617055146881163,0.1550477752880836,6.042690025658765,0.7657951003492006,0.4689616749163478,3.163649073483959,0.24309382194702833,0,36,18,0,30,2,0,7,0,64,36,0.8333333333333334,0.0,0.2,3.4078424051333487,0.23249999999999998,103
leaky,12,roving,0.22161653995657113,0.2371198643348748,4.190280701196665,0.4560783249915137,0.250240301068421,3.198890728232333,0.4128406486203408,51,0,0,0,33,0,0,14,1,33,51,0.6470588235294118,0.3078501795792714,3.2483333333333335,0.7780507780507774,,81
leaky,12,brief,0.22161653995657113,0.2371198643348748,4.190280701196665,0.4560783249915137,0.250240301068421,3.198890728232333,0.4128406486203408,23,0,0,23,19,0,9,11,2,23,23,0.8260869565217391,0.48387096774193544,4.133333333333334,1.5498034076016092,,64
leaky,17,brief,0.23155366257799517,0.32756097508740917,3.580175986029436,0.595999088729896,0.42013107347956835,3.4559348163476087,0.22079051706878824,21,0,0,21,20,0,9,13,3,51,21,0.9523809523809523,0.703125,4.266666666666667,0.8609063903052903,,96
leaky,17,roving,0.23155366257799517,0.32756097508740917,3.580175986029436,0.595999088729896,0.42013107347956835,3.4559348163476087,0.22079051706878824,46,0,0,0,33,0,0,17,0,54,46,0.717391304347826,0.0,3.944166666666667,1.1573747353563961,,104
leaky,19,roving_ramp,0.5193270532383065,0.40936111705268535,2.703112855695649,0.612619618903791,0.4798353382472226,4.0352785395633965,0.34836235024091444,36,11,3,0,17,1,0,1,0,11,47,0.3617021276595745,0.0,2.6033333333333335,0.7884022208513387,0.8,30
leaky,15,roving_ramp,0.10214477284812543,0.10542195947380398,3.1702668541579904,0.3888501490407742,0.2331179890491056,2.9134794382898437,0.2538679218104738,39,9,4,0,30,1,0,28,5,10,48,0.625,1.8621973929236495,2.6850000000000005,2.784318464761204,0.18449999999999994,74
leaky,17,roving_ramp,0.23155366257799517,0.32756097508740917,3.580175986029436,0.595999088729896,0.42013107347956835,3.4559348163476087,0.22079051706878824,35,8,5,0,32,1,0,16,2,45,43,0.7441860465116279,0.705674801528962,2.834166666666667,0.9104588791145163,0.44999999999999996,96
leaky,15,brief,0.10214477284812543,0.10542195947380398,3.1702668541579904,0.3888501490407742,0.2331179890491056,2.9134794382898437,0.2538679218104738,24,0,0,24,21,0,2,22,7,16,24,0.875,1.8103448275862069,3.8666666666666667,2.9352922788371956,,68
leaky,22,brief,0.4062658281679377,0.3590916687721355,4.945404066033545,0.5752204139438788,0.3322886694994399,4.197705271535871,0.558746228217211,19,0,0,19,8,0,0,0,0,6,19,0.42105263157894735,0.0,5.133333333333334,1.4711635197758253,,14
leaky,17,ramp,0.23155366257799517,0.32756097508740917,3.580175986029436,0.595999088729896,0.42013107347956835,3.4559348163476087,0.22079051706878824,0,37,14,0,36,3,0,1,0,66,37,0.972972972972973,0.0,0.2,3.197769516728639,0.3685,106
leaky,12,ramp,0.22161653995657113,0.2371198643348748,4.190280701196665,0.4560783249915137,0.250240301068421,3.198890728232333,0.4128406486203408,0,44,9,0,42,2,0,1,0,81,44,0.9545454545454546,0.0,0.2,3.139562489401387,0.2965,126
leaky,17,trials,0.23155366257799517,0.32756097508740917,3.580175986029436,0.595999088729896,0.42013107347956835,3.4559348163476087,0.22079051706878824,42,0,21,0,28,2,0,2,0,37,42,0.6666666666666666,0.0,0.3333333333333333,1.1723754893755118,,69
leaky,15,ramp,0.10214477284812543,0.10542195947380398,3.1702668541579904,0.3888501490407742,0.2331179890491056,2.9134794382898437,0.2538679218104738,0,45,9,0,38,3,0,5,0,41,45,0.8444444444444444,0.0,0.2,2.9005157437567926,0.10550000000000004,87
leaky,18,trials,0.05372926367323889,0.06968467974972294,4.64485188815726,0.6511294910993297,0.4229616898824099,2.623786828915045,0.1849711045107214,43,0,22,0,21,7,0,21,0,8,43,0.4883720930232558,0.0,0.2,1.0193621867881633,,57
leaky,20,roving,0.12907796722959083,0.1216756713384451,4.88616702669402,0.5643017608107554,0.3242799014050968,2.652328277713729,0.43191627891856554,54,0,0,0,23,0,0,9,3,9,54,0.42592592592592593,1.9148936170212767,1.5666666666666667,2.3550645373003825,,44
leaky,15,trials,0.10214477284812543,0.10542195947380398,3.1702668541579904,0.3888501490407742,0.2331179890491056,2.9134794382898437,0.2538679218104738,44,0,20,0,22,5,0,15,1,8,44,0.5,3.0,0.3333333333333333,1.340877548920193,,51
leaky,21,ramp,0.17993560878125736,0.29129793600373155,4.272534759246315,0.4830714616724262,0.2731928939347485,2.9584191765028605,0.4018362268177333,0,31,19,0,30,3,0,4,0,96,31,0.967741935483871,0.0,0.13333333333333333,2.56086570042889,0.29125,133
leaky,18,roving_ramp,0.05372926367323889,0.06968467974972294,4.64485188815726,0.6511294910993297,0.4229616898824099,2.623786828915045,0.1849711045107214,43,9,4,0,30,1,0,36,1,19,52,0.5769230769230769,0.9584664536741213,1.0433333333333334,2.1040285511741583,0.06974999999999998,87
leaky,21,roving,0.17993560878125736,0.29129793600373155,4.272534759246315,0.4830714616724262,0.2731928939347485,2.9584191765028605,0.4018362268177333,51,0,0,0,37,0,0,31,4,56,51,0.7254901960784313,1.8168054504163513,2.2016666666666667,0.6818914562063436,,128
leaky,21,trials,0.17993560878125736,0.29129793600373155,4.272534759246315,0.4830714616724262,0.2731928939347485,2.9584191765028605,0.4018362268177333,49,0,12,0,41,3,0,7,1,61,49,0.8367346938775511,5.0,0.2,0.7713822456425349,,113
leaky,22,trials,0.4062658281679377,0.3590916687721355,4.945404066033545,0.5752204139438788,0.3322886694994399,4.197705271535871,0.558746228217211,41,0,17,0,20,0,0,0,0,17,41,0.4878048780487805,0.0,0.26666666666666666,0.7932943436254645,,37
leaky,18,brief,0.05372926367323889,0.06968467974972294,4.64485188815726,0.6511294910993297,0.4229616898824099,2.623786828915045,0.1849711045107214,25,0,0,25,17,0,4,31,5,10,25,0.68,1.4150943396226416,3.533333333333333,4.612634088200223,,67
leaky,18,roving,0.05372926367323889,0.06968467974972294,4.64485188815726,0.6511294910993297,0.4229616898824099,2.623786828915045,0.1849711045107214,56,0,0,0,33,0,0,42,5,6,56,0.5892857142857143,3.241491085899513,1.5425000000000002,1.3674783095438015,,86
leaky,22,ramp,0.4062658281679377,0.3590916687721355,4.945404066033545,0.5752204139438788,0.3322886694994399,4.197705271535871,0.558746228217211,0,41,9,0,31,0,0,0,0,23,41,0.7560975609756098,0.0,0.13333333333333333,3.687727272727288,0.44999999999999996,54
leaky,18,ramp,0.05372926367323889,0.06968467974972294,4.64485188815726,0.6511294910993297,0.4229616898824099,2.623786828915045,0.1849711045107214,0,41,12,0,31,10,0,17,0,31,41,0.7560975609756098,0.0,0.13333333333333333,2.8140703517587773,0.08699999999999997,89
leaky,21,brief,0.17993560878125736,0.29129793600373155,4.272534759246315,0.4830714616724262,0.2731928939347485,2.9584191765028605,0.4018362268177333,21,0,0,21,20,0,6,15,2,66,21,0.9523809523809523,0.4347826086956522,4.6,0.5810783748838309,,109
leaky,20,roving_ramp,0.12907796722959083,0.1216756713384451,4.88616702669402,0.5643017608107554,0.3242799014050968,2.652328277713729,0.43191627891856554,36,9,4,0,22,1,0,13,1,12,45,0.4888888888888889,0.4516371847948815,2.2141666666666664,0.9667183462532812,0.21299999999999997,49
leaky,20,brief,0.12907796722959083,0.1216756713384451,4.88616702669402,0.5643017608107554,0.3242799014050968,2.652328277713729,0.43191627891856554,24,0,0,24,23,0,6,15,2,17,24,0.9583333333333334,0.5660377358490566,3.533333333333333,3.8310675284154314,,63
leaky,21,roving_ramp,0.17993560878125736,0.29129793600373155,4.272534759246315,0.4830714616724262,0.2731928939347485,2.9584191765028605,0.4018362268177333,40,7,6,0,38,0,0,29,1,72,47,0.8085106382978723,1.2931034482758619,0.7733333333333334,0.9097650445765302,0.43700000000000006,140
leaky,20,ramp,0.12907796722959083,0.1216756713384451,4.88616702669402,0.5643017608107554,0.3242799014050968,2.652328277713729,0.43191627891856554,0,43,11,0,37,5,0,2,0,44,43,0.8604651162790697,0.0,0.2,2.934883720930286,0.1825,88
leaky,22,roving_ramp,0.4062658281679377,0.3590916687721355,4.945404066033545,0.5752204139438788,0.3322886694994399,4.197705271535871,0.558746228217211,39,12,3,0,27,0,0,4,0,26,51,0.5294117647058824,0.0,1.4308333333333334,1.636896827512666,0.44999999999999996,57
leaky,20,trials,0.12907796722959083,0.1216756713384451,4.88616702669402,0.5643017608107554,0.3242799014050968,2.652328277713729,0.43191627891856554,51,0,14,0,18,4,0,15,1,13,51,0.35294117647058826,3.75,0.26666666666666666,1.1909024841437952,,51
leaky,22,roving,0.4062658281679377,0.3590916687721355,4.945404066033545,0.5752204139438788,0.3322886694994399,4.197705271535871,0.558746228217211,56,0,0,0,20,0,0,8,0,18,56,0.35714285714285715,0.0,2.4016666666666664,0.8763911615801232,,46
leaky,23,roving,0.33109408148034275,0.3139449303969843,2.8265044384385543,0.5783602683075105,0.439514656353187,3.2081091822835646,0.34383824763767334,48,0,0,0,23,0,0,20,0,18,48,0.4791666666666667,0.0,3.5025,0.9222128615557404,,61
leaky,23,trials,0.33109408148034275,0.3139449303969843,2.8265044384385543,0.5783602683075105,0.439514656353187,3.2081091822835646,0.34383824763767334,48,0,10,0,23,1,0,0,0,23,48,0.4791666666666667,0.0,0.26666666666666666,0.9804079010759806,,47
leaky,25,trials,0.3434509378314642,0.3156537334357146,2.4264751283337547,0.5802110139281125,0.46101593342381203,2.776689056402809,0.42147948371865673,44,0,18,0,26,3,0,3,1,9,44,0.5909090909090909,3.75,0.26666666666666666,1.1859572580476136,,42
leaky,23,brief,0.33109408148034275,0.3139449303969843,2.8265044384385543,0.5783602683075105,0.439514656353187,3.2081091822835646,0.34383824763767334,22,0,0,22,16,0,4,5,1,19,22,0.7272727272727273,0.3,3.3333333333333335,2.002551020408196,,45
leaky,24,roving,0.12160444902024493,0.11898131591595015,4.78912001122226,0.6027204540197011,0.3674658088693157,3.1944572683754755,0.17891791426126602,55,0,0,0,32,0,0,31,2,18,55,0.5818181818181818,2.4691358024691357,0.81,0.8328939720413575,,83
leaky,25,brief,0.3434509378314642,0.3156537334357146,2.4264751283337547,0.5802110139281125,0.46101593342381203,2.776689056402809,0.42147948371865673,21,0,0,21,15,0,4,7,0,18,21,0.7142857142857143,0.0,4.133333333333334,1.842475386779196,,44
leaky,23,ramp,0.33109408148034275,0.3139449303969843,2.8265044384385543,0.5783602683075105,0.439514656353187,3.2081091822835646,0.34383824763767334,0,35,17,0,24,0,0,1,0,15,35,0.6857142857142857,0.0,0.2,4.399845586659883,0.44999999999999996,40
leaky,23,roving_ramp,0.33109408148034275,0.3139449303969843,2.8265044384385543,0.5783602683075105,0.439514656353187,3.2081091822835646,0.34383824763767334,38,11,3,0,25,0,0,9,1,14,49,0.5102040816326531,0.39986671109630123,2.5008333333333335,2.4682539682540003,0.44999999999999996,49
leaky,26,roving,0.09469873338567923,0.13799353342595402,5.829419169628571,0.7237361537201918,0.437379174782464,2.842244591842233,0.21967053740387868,48,0,0,0,35,0,0,41,4,34,48,0.7291666666666666,1.3381655979927514,2.989166666666667,1.3619773619773636,,114
leaky,26,ramp,0.09469873338567923,0.13799353342595402,5.829419169628571,0.7237361537201918,0.437379174782464,2.842244591842233,0.21967053740387868,0,43,10,0,43,4,0,2,0,87,43,1.0,0.0,0.2,2.765447667087046,0.138,136
leaky,24,ramp,0.12160444902024493,0.11898131591595015,4.78912001122226,0.6027204540197011,0.3674658088693157,3.1944572683754755,0.17891791426126602,0,41,10,0,28,3,0,2,0,39,41,0.6829268292682927,0.0,0.2,3.8580797738251422,0.1785,72
leaky,26,brief,0.09469873338567923,0.13799353342595402,5.829419169628571,0.7237361537201918,0.437379174782464,2.842244591842233,0.21967053740387868,23,0,0,23,21,0,13,20,4,32,23,0.9130434782608695,0.9523809523809523,4.2,1.4602975068091115,,90
leaky,26,trials,0.09469873338567923,0.13799353342595402,5.829419169628571,0.7237361537201918,0.437379174782464,2.842244591842233,0.21967053740387868,46,0,18,0,29,6,0,14,0,34,46,0.6304347826086957,0.0,0.26666666666666666,1.0319693094629592,,83
leaky,24,trials,0.12160444902024493,0.11898131591595015,4.78912001122226,0.6027204540197011,0.3674658088693157,3.1944572683754755,0.17891791426126602,51,0,15,0,29,4,0,14,0,17,51,0.5686274509803921,0.0,0.26666666666666666,1.4220143571894832,,64
leaky,24,roving_ramp,0.12160444902024493,0.11898131591595015,4.78912001122226,0.6027204540197011,0.3674658088693157,3.1944572683754755,0.17891791426126602,41,9,5,0,27,1,0,13,0,15,50,0.54,0.0,1.8741666666666668,1.6787841445882243,0.14875000000000005,56
leaky,25,roving,0.3434509378314642,0.3156537334357146,2.4264751283337547,0.5802110139281125,0.46101593342381203,2.776689056402809,0.42147948371865673,47,0,0,0,27,0,0,10,1,10,47,0.574468085106383,0.19068806610519623,5.2441666666666675,1.3771635957565604,,48
leaky,27,brief,0.21364310489604516,0.21775651500814983,4.0121386910197,0.7016649240994164,0.5045777218914518,2.7239476305342407,0.38799348164148184,24,0,0,24,19,0,12,19,1,22,24,0.7916666666666666,0.28846153846153844,3.466666666666667,1.6631130063966157,,73
leaky,26,roving_ramp,0.09469873338567923,0.13799353342595402,5.829419169628571,0.7237361537201918,0.437379174782464,2.842244591842233,0.21967053740387868,44,12,3,0,44,2,0,23,1,52,56,0.7857142857142857,0.7978723404255319,1.2533333333333334,1.3641939023826022,0.138,122
leaky,27,roving_ramp,0.21364310489604516,0.21775651500814983,4.0121386910197,0.7016649240994164,0.5045777218914518,2.7239476305342407,0.38799348164148184,41,9,3,0,33,0,0,14,0,44,50,0.66,0.0,1.6166666666666667,1.4485436893204409,0.4355,91
leaky,24,brief,0.12160444902024493,0.11898131591595015,4.78912001122226,0.6027204540197011,0.3674658088693157,3.1944572683754755,0.17891791426126602,23,0,0,23,20,0,5,18,3,19,23,0.8695652173913043,0.7894736842105263,3.8,1.6714794659042826,,65
leaky,28,brief,0.16530875590882121,0.15431967461853757,7.118991431028574,0.7515077770192953,0.4018034891729291,2.99611481660619,0.5004075036813087,24,0,0,24,17,0,4,5,2,19,24,0.7083333333333334,0.46153846153846156,4.333333333333333,1.1708524938097138,,47
leaky,27,ramp,0.21364310489604516,0.21775651500814983,4.0121386910197,0.7016649240994164,0.5045777218914518,2.7239476305342407,0.38799348164148184,0,40,10,0,36,6,0,2,0,74,40,0.9,0.0,0.13333333333333333,3.89027611566629,0.3267500000000001,118
leaky,27,roving,0.21364310489604516,0.21775651500814983,4.0121386910197,0.7016649240994164,0.5045777218914518,2.7239476305342407,0.38799348164148184,53,0,0,0,34,0,0,17,2,38,53,0.6415094339622641,0.6611570247933884,3.025,0.9526097052820459,,91
leaky,28,roving_ramp,0.16530875590882121,0.15431967461853757,7.118991431028574,0.7515077770192953,0.4018034891729291,2.99611481660619,0.5004075036813087,45,6,7,0,35,0,0,15,1,41,51,0.6862745098039216,0.5188067444876784,1.9275,1.6624323688543945,0.23150000000000004,92
leaky,27,trials,0.21364310489604516,0.21775651500814983,4.0121386910197,0.7016649240994164,0.5045777218914518,2.7239476305342407,0.38799348164148184,45,0,19,0,22,2,0,3,0,12,45,0.4888888888888889,0.0,0.2,0.8939755864142345,,39
leaky,25,ramp,0.3434509378314642,0.3156537334357146,2.4264751283337547,0.5802110139281125,0.46101593342381203,2.776689056402809,0.42147948371865673,0,42,9,0,30,0,0,0,0,27,42,0.7142857142857143,0.0,0.2,4.008779317763179,0.42225,57
leaky,29,roving_ramp,0.05755231868581114,0.0466064444434704,4.236174449096356,0.6164475594285379,0.4083551093579561,2.7705557396951876,0.12588307244951627,33,11,3,0,26,4,0,24,4,21,44,0.5909090909090909,1.2435233160621761,3.216666666666667,1.0138613469288078,0.029124999999999956,79
leaky,28,roving,0.16530875590882121,0.15431967461853757,7.118991431028574,0.7515077770192953,0.4018034891729291,2.99611481660619,0.5004075036813087,57,0,0,0,24,0,0,15,1,22,57,0.42105263157894735,0.4569687738004569,2.1883333333333335,1.1303152467535924,,62
transient,1,ramp,0.24552158904479116,0.23730932575180674,15.905966970331106,3.624301715572662,2.5470690922132424,3.01987929487998,0.0,0,32,20,0,8,1,0,0,0,2,32,0.25,0.0,0.13333333333333333,2.8262828506301934,0.403,11
leaky,25,roving_ramp,0.3434509378314642,0.3156537334357146,2.4264751283337547,0.5802110139281125,0.46101593342381203,2.776689056402809,0.42147948371865673,42,11,4,0,23,2,0,8,0,7,53,0.4339622641509434,0.0,1.8566666666666667,1.9060715041252412,0.44999999999999996,40
leaky,28,ramp,0.16530875590882121,0.15431967461853757,7.118991431028574,0.7515077770192953,0.4018034891729291,2.99611481660619,0.5004075036813087,0,39,14,0,35,1,0,3,0,73,39,0.8974358974358975,0.0,0.13333333333333333,3.4782737215489363,0.23150000000000004,112
leaky,28,trials,0.16530875590882121,0.15431967461853757,7.118991431028574,0.7515077770192953,0.4018034891729291,2.99611481660619,0.5004075036813087,44,0,21,0,14,2,0,3,0,7,44,0.3181818181818182,0.0,0.13333333333333333,1.3207812761534719,,26
transient,0,roving,0.16726562391281738,0.20649027941998693,17.25410936162907,3.0231309408365714,1.8545952883970083,2.6006994589563743,0.0,54,0,0,0,40,0,0,10,1,34,54,0.7407407407407407,0.5434782608695652,1.84,0.31374688204356443,,85
transient,1,roving_ramp,0.24552158904479116,0.23730932575180674,15.905966970331106,3.624301715572662,2.5470690922132424,3.01987929487998,0.0,35,12,2,0,19,0,0,2,0,8,47,0.40425531914893614,0.0,3.8683333333333336,0.4279315309550399,0.356,29
leaky,29,brief,0.05755231868581114,0.0466064444434704,4.236174449096356,0.6164475594285379,0.4083551093579561,2.7705557396951876,0.12588307244951627,23,0,0,23,18,0,9,16,6,8,23,0.782608695652174,1.2857142857142856,4.666666666666667,4.303258603552175,,57
transient,2,ramp,0.21352885447740952,0.23986372924323207,20.73964715701245,4.304873587835018,2.900279666813429,2.747111241679408,0.0,0,45,7,0,20,0,0,1,0,7,45,0.4444444444444444,0.0,0.13333333333333333,3.0043721833981722,0.35975,28
transient,0,ramp,0.16726562391281738,0.20649027941998693,17.25410936162907,3.0231309408365714,1.8545952883970083,2.6006994589563743,0.0,0,39,13,0,21,12,0,3,0,16,39,0.5384615384615384,0.0,0.2,1.5845420638209518,0.2064999999999999,52
transient,3,ramp,0.2030576501092723,0.14917321132868047,20.567503753915847,3.855946415611768,2.463010917498869,3.437716821855674,0.0,0,42,12,0,13,2,0,2,0,2,42,0.30952380952380953,0.0,0.13333333333333333,4.882556445739254,0.373,19
transient,0,trials,0.16726562391281738,0.20649027941998693,17.25410936162907,3.0231309408365714,1.8545952883970083,2.6006994589563743,0.0,54,0,10,0,40,4,0,7,0,33,54,0.7407407407407407,0.0,0.3333333333333333,0.24392835439377347,,84
transient,0,roving_ramp,0.16726562391281738,0.20649027941998693,17.25410936162907,3.0231309408365714,1.8545952883970083,2.6006994589563743,0.0,42,11,2,0,36,2,0,7,0,24,53,0.6792452830188679,0.0,1.6816666666666669,0.3028327568985736,0.2064999999999999,69
leaky,29,roving,0.05755231868581114,0.0466064444434704,4.236174449096356,0.6164475594285379,0.4083551093579561,2.7705557396951876,0.12588307244951627,54,0,0,0,31,0,0,25,8,10,54,0.5740740740740741,3.3707865168539324,2.3733333333333335,2.0201624194903713,,74
leaky,29,trials,0.05755231868581114,0.0466064444434704,4.236174449096356,0.6164475594285379,0.4083551093579561,2.7705557396951876,0.12588307244951627,49,0,16,0,28,9,0,18,1,6,49,0.5714285714285714,7.5,0.13333333333333333,1.5267646839461961,,62
transient,4,ramp,0.23580348623830813,0.14656891231201766,15.116735861543097,3.3976868616352123,2.3739049652477773,2.7486121095373037,0.0,0,40,13,0,8,2,0,2,0,1,40,0.2,0.0,0.13333333333333333,3.2881797225387337,0.18312500000000004,13
transient,0,brief,0.16726562391281738,0.20649027941998693,17.25410936162907,3.0231309408365714,1.8545952883970083,2.6006994589563743,0.0,24,0,0,24,19,0,19,4,3,20,24,0.7916666666666666,0.7627118644067797,3.933333333333333,0.2920608802961894,,65
transient,2,brief,0.21352885447740952,0.23986372924323207,20.73964715701245,4.304873587835018,2.900279666813429,2.747111241679408,0.0,22,0,0,22,15,0,14,1,1,14,22,0.6818181818181818,0.27272727272727276,3.6666666666666665,0.1919458035378212,,45
transient,1,brief,0.24552158904479116,0.23730932575180674,15.905966970331106,3.624301715572662,2.5470690922132424,3.01987929487998,0.0,24,0,0,24,16,0,18,2,2,10,24,0.6666666666666666,0.625,3.2,0.3201048296518013,,48
transient,4,roving_ramp,0.23580348623830813,0.14656891231201766,15.116735861543097,3.3976868616352123,2.3739049652477773,2.7486121095373037,0.0,45,10,2,0,14,1,0,0,0,4,55,0.2545454545454545,0.0,0.9283333333333333,0.6450514700764054,0.25649999999999995,19
transient,5,ramp,0.2688948722579885,0.18529813217134358,15.159765337570493,3.6080960045615917,2.581399934177113,3.278665503131467,0.0,0,39,13,0,6,1,0,0,0,0,39,0.15384615384615385,0.0,0.13333333333333333,1.7462282888161729,0.18537500000000007,7
transient,2,trials,0.21352885447740952,0.23986372924323207,20.73964715701245,4.304873587835018,2.900279666813429,2.747111241679408,0.0,49,0,14,0,33,1,0,2,0,32,49,0.673469387755102,0.0,0.2,0.20260964117434277,,68
transient,2,roving,0.21352885447740952,0.23986372924323207,20.73964715701245,4.304873587835018,2.900279666813429,2.747111241679408,0.0,52,0,0,0,36,0,0,3,0,31,52,0.6923076923076923,0.0,2.486666666666667,0.25486286404816305,,70
transient,1,trials,0.24552158904479116,0.23730932575180674,15.905966970331106,3.624301715572662,2.5470690922132424,3.01987929487998,0.0,50,0,13,0,26,0,0,0,0,13,50,0.52,0.0,0.3333333333333333,0.3491068733967424,,39
transient,2,roving_ramp,0.21352885447740952,0.23986372924323207,20.73964715701245,4.304873587835018,2.900279666813429,2.747111241679408,0.0,40,12,1,0,31,0,0,5,0,25,52,0.5961538461538461,0.0,0.9916666666666667,0.20169423154497781,0.23975000000000002,61
transient,3,brief,0.2030576501092723,0.14917321132868047,20.567503753915847,3.855946415611768,2.463010917498869,3.437716821855674,0.0,24,0,0,24,12,0,9,7,2,8,24,0.5,0.5172413793103449,3.8666666666666667,0.5763518761208342,,38
transient,7,ramp,0.33483430303120754,0.28245238004192763,12.773853509597176,3.7526016498195234,2.887491609529665,3.597019456666205,0.0,0,44,9,0,3,0,0,0,0,0,44,0.06818181818181818,0.0,0.13333333333333333,2.873752711496701,0.42374999999999996,3
leaky,29,ramp,0.05755231868581114,0.0466064444434704,4.236174449096356,0.6164475594285379,0.4083551093579561,2.7705557396951876,0.12588307244951627,0,39,14,0,29,16,0,16,0,23,39,0.7435897435897436,0.0,0.2,3.2388568432092444,0.046499999999999986,84
transient,1,roving,0.24552158904479116,0.23730932575180674,15.905966970331106,3.624301715572662,2.5470690922132424,3.01987929487998,0.0,47,0,0,0,28,0,0,2,0,18,47,0.5957446808510638,0.0,2.576666666666667,0.2891839506123361,,48
transient,3,trials,0.2030576501092723,0.14917321132868047,20.567503753915847,3.855946415611768,2.463010917498869,3.437716821855674,0.0,53,0,11,0,23,1,0,1,0,9,53,0.4339622641509434,0.0,0.3333333333333333,0.5199143468950987,,34
transient,3,roving,0.2030576501092723,0.14917321132868047,20.567503753915847,3.855946415611768,2.463010917498869,3.437716821855674,0.0,55,0,0,0,24,0,0,5,0,10,55,0.43636363636363634,0.0,1.8933333333333335,0.34554024944231965,,39
transient,3,roving_ramp,0.2030576501092723,0.14917321132868047,20.567503753915847,3.855946415611768,2.463010917498869,3.437716821855674,0.0,44,14,0,0,20,0,0,2,0,10,58,0.3448275862068966,0.0,0.5525,0.30704578257088555,0.27975,32
transient,5,roving,0.2688948722579885,0.18529813217134358,15.159765337570493,3.6080960045615917,2.581399934177113,3.278665503131467,0.0,56,0,0,0,20,0,0,4,0,7,56,0.35714285714285715,0.0,2.51,0.4875378918468132,,31
transient,7,brief,0.33483430303120754,0.28245238004192763,12.773853509597176,3.7526016498195234,2.887491609529665,3.597019456666205,0.0,22,0,0,22,12,0,3,0,0,7,22,0.5454545454545454,0.0,3.6,0.22449975597854388,,22
transient,7,trials,0.33483430303120754,0.28245238004192763,12.773853509597176,3.7526016498195234,2.887491609529665,3.597019456666205,0.0,44,0,19,0,15,0,0,0,0,1,44,0.3409090909090909,0.0,0.13333333333333333,0.4727390389904587,,16
transient,6,ramp,0.17931106807184533,0.18096630019705612,27.509212966929137,4.590363528063285,2.7273003325849423,4.142538523025912,0.0,0,42,11,0,20,5,0,0,0,6,42,0.47619047619047616,0.0,0.2,3.95770536934332,0.2715000000000001,31
transient,4,brief,0.23580348623830813,0.14656891231201766,15.116735861543097,3.3976868616352123,2.3739049652477773,2.7486121095373037,0.0,24,0,0,24,8,0,8,3,1,1,24,0.3333333333333333,0.24193548387096772,4.133333333333334,0.3785180897030829,,21
transient,7,roving,0.33483430303120754,0.28245238004192763,12.773853509597176,3.7526016498195234,2.887491609529665,3.597019456666205,0.0,53,0,0,0,14,0,0,0,0,5,53,0.2641509433962264,0.0,3.3216666666666668,0.40930135457804884,,19
transient,4,trials,0.23580348623830813,0.14656891231201766,15.116735861543097,3.3976868616352123,2.3739049652477773,2.7486121095373037,0.0,51,0,14,0,17,0,0,0,0,3,51,0.3333333333333333,0.0,0.13333333333333333,0.4870900209351262,,20
transient,8,ramp,0.21576779857374323,0.22846945139154742,25.818426015429115,5.188783593474848,3.4402290516799683,3.6126682713737104,0.0,0,36,14,0,18,0,0,2,0,7,36,0.5,0.0,0.13333333333333333,3.327978723404301,0.424875,27
transient,5,roving_ramp,0.2688948722579885,0.18529813217134358,15.159765337570493,3.6080960045615917,2.581399934177113,3.278665503131467,0.0,38,10,3,0,16,1,0,1,0,5,48,0.3333333333333333,0.0,1.56,0.39042021144597683,,23
transient,6,brief,0.17931106807184533,0.18096630019705612,27.509212966929137,4.590363528063285,2.7273003325849423,4.142538523025912,0.0,24,0,0,24,18,0,20,13,0,14,24,0.75,0.0,4.533333333333333,0.21970606023949554,,65
transient,5,trials,0.2688948722579885,0.18529813217134358,15.159765337570493,3.6080960045615917,2.581399934177113,3.278665503131467,0.0,54,0,11,0,16,0,0,1,0,7,54,0.2962962962962963,0.0,0.2,0.38078709967013236,,24
transient,7,roving_ramp,0.33483430303120754,0.28245238004192763,12.773853509597176,3.7526016498195234,2.887491609529665,3.597019456666205,0.0,37,10,2,0,16,0,0,0,0,6,47,0.3404255319148936,0.0,2.5733333333333333,0.3224080728915035,0.14125,22
transient,8,trials,0.21576779857374323,0.22846945139154742,25.818426015429115,5.188783593474848,3.4402290516799683,3.6126682713737104,0.0,49,0,16,0,32,0,0,0,0,26,49,0.6530612244897959,0.0,0.13333333333333333,0.23254582647720073,,58
transient,6,trials,0.17931106807184533,0.18096630019705612,27.509212966929137,4.590363528063285,2.7273003325849423,4.142538523025912,0.0,48,0,18,0,27,3,0,7,0,12,48,0.5625,0.0,0.3333333333333333,0.2915662650602696,,49
transient,6,roving_ramp,0.17931106807184533,0.18096630019705612,27.509212966929137,4.590363528063285,2.7273003325849423,4.142538523025912,0.0,34,9,5,0,24,0,0,8,2,14,43,0.5581395348837209,0.6312467122567069,3.168333333333334,0.40196340139436015,0.18100000000000005,48
transient,4,roving,0.23580348623830813,0.14656891231201766,15.116735861543097,3.3976868616352123,2.3739049652477773,2.7486121095373037,0.0,50,0,0,0,12,0,0,3,1,1,50,0.24,0.3427592116538132,2.9175,0.4596790967704486,,17
transient,10,ramp,0.18496140819606754,0.2722652892820843,19.163872194584307,3.6120182341022495,2.314143772499054,2.7075013026460306,0.0,0,35,18,0,21,5,0,3,0,13,35,0.6,0.0,0.2,2.2320371935756937,0.2722500000000001,42
transient,5,brief,0.2688948722579885,0.18529813217134358,15.159765337570493,3.6080960045615917,2.581399934177113,3.278665503131467,0.0,23,0,0,23,9,0,9,0,1,3,23,0.391304347826087,0.23076923076923078,4.333333333333333,0.320216049382688,,22
transient,6,roving,0.17931106807184533,0.18096630019705612,27.509212966929137,4.590363528063285,2.7273003325849423,4.142538523025912,0.0,60,0,0,0,37,0,0,3,1,27,60,0.6166666666666667,0.54619936276741,1.8308333333333335,0.27479892761397046,,68
transient,8,roving,0.21576779857374323,0.22846945139154742,25.818426015429115,5.188783593474848,3.4402290516799683,3.6126682713737104,0.0,51,0,0,0,32,0,0,2,0,34,51,0.6274509803921569,0.0,2.2358333333333333,0.22961066212238906,,68
transient,9,brief,0.1538743430157784,0.21293780792844644,24.315443684850383,3.9630491358291806,2.3162841678371495,3.0664286867618507,0.0,23,0,0,23,20,0,22,11,5,26,23,0.8695652173913043,1.3392857142857142,3.7333333333333334,0.17868509006183067,,84
transient,9,trials,0.1538743430157784,0.21293780792844644,24.315443684850383,3.9630491358291806,2.3162841678371495,3.0664286867618507,0.0,49,0,16,0,34,0,0,12,0,38,49,0.6938775510204082,0.0,0.26666666666666666,0.1834082797281673,,84
transient,12,ramp,0.2410966185963658,0.1481469727492274,15.775920169634654,3.701297311205522,2.6328721156834067,2.712388266430169,0.0,0,43,9,0,8,0,0,0,0,0,43,0.18604651162790697,0.0,0.2,4.987125436681599,0.29624999999999996,8
transient,8,brief,0.21576779857374323,0.22846945139154742,25.818426015429115,5.188783593474848,3.4402290516799683,3.6126682713737104,0.0,23,0,0,23,16,0,15,2,1,13,23,0.6956521739130435,0.18518518518518517,5.4,0.1944481464878579,,47
transient,9,roving,0.1538743430157784,0.21293780792844644,24.315443684850383,3.9630491358291806,2.3162841678371495,3.0664286867618507,0.0,43,0,0,0,25,0,0,13,1,31,43,0.5813953488372093,0.23125843129697438,4.324166666666667,0.18447837150128527,,70
transient,8,roving_ramp,0.21576779857374323,0.22846945139154742,25.818426015429115,5.188783593474848,3.4402290516799683,3.6126682713737104,0.0,32,11,3,0,27,0,0,1,1,22,43,0.627906976744186,0.2491177081170853,4.014166666666667,0.3531729572791556,0.3427500000000001,51
transient,9,ramp,0.1538743430157784,0.21293780792844644,24.315443684850383,3.9630491358291806,2.3162841678371495,3.0664286867618507,0.0,0,39,13,0,21,8,0,1,0,14,39,0.5384615384615384,0.0,0.13333333333333333,2.796840558412967,0.21300000000000008,44
transient,10,trials,0.18496140819606754,0.2722652892820843,19.163872194584307,3.6120182341022495,2.314143772499054,2.7075013026460306,0.0,49,0,12,0,41,1,0,2,0,54,49,0.8367346938775511,0.0,0.26666666666666666,0.21417431987525623,,98
transient,10,roving,0.18496140819606754,0.2722652892820843,19.163872194584307,3.6120182341022495,2.314143772499054,2.7075013026460306,0.0,55,0,0,0,38,0,0,8,2,34,55,0.6909090909090909,1.2042147516307073,1.6608333333333334,0.189069371731805,,82
transient,13,ramp,0.21972789613947905,0.14697643798699034,15.065913980972695,2.826302515222352,1.8059625339245828,3.489647275659623,0.0,0,41,10,0,11,1,0,0,0,3,41,0.2682926829268293,0.0,0.2,2.2663814456204565,0.14700000000000002,15
transient,9,roving_ramp,0.1538743430157784,0.21293780792844644,24.315443684850383,3.9630491358291806,2.3162841678371495,3.0664286867618507,0.0,39,9,6,0,36,1,0,11,0,32,48,0.75,0.0,1.7525000000000002,0.23332553079772883,0.21299999999999997,80
transient,12,roving_ramp,0.2410966185963658,0.1481469727492274,15.775920169634654,3.701297311205522,2.6328721156834067,2.712388266430169,0.0,45,10,3,0,12,0,0,2,1,2,55,0.21818181818181817,0.6018054162487463,1.6616666666666666,0.8141798973485932,0.22224999999999995,17
transient,10,roving_ramp,0.18496140819606754,0.2722652892820843,19.163872194584307,3.6120182341022495,2.314143772499054,2.7075013026460306,0.0,39,12,3,0,30,1,0,3,2,23,51,0.5882352941176471,1.034037052994399,1.9341666666666668,0.30671232799397846,0.34024999999999994,59
transient,10,brief,0.18496140819606754,0.2722652892820843,19.163872194584307,3.6120182341022495,2.314143772499054,2.7075013026460306,0.0,23,0,0,23,19,0,26,9,1,29,23,0.8260869565217391,0.27272727272727276,3.6666666666666665,0.16651583710408555,,84
transient,11,roving_ramp,0.14415320258895162,0.10242027585679406,28.51590765607698,4.442016887678929,2.5107752304361743,3.0854281025918286,0.0,40,10,3,0,17,3,0,9,3,15,50,0.34,1.8917498686284813,1.5858333333333334,0.5804467465199115,0.05125000000000002,47
transient,12,brief,0.2410966185963658,0.1481469727492274,15.775920169634654,3.701297311205522,2.6328721156834067,2.712388266430169,0.0,23,0,0,23,11,0,8,2,0,5,23,0.4782608695652174,0.0,3.4,0.6169772256728816,,26
transient,11,roving,0.14415320258895162,0.10242027585679406,28.51590765607698,4.442016887678929,2.5107752304361743,3.0854281025918286,0.0,55,0,0,0,24,0,0,24,2,14,55,0.43636363636363634,1.0389610389610389,1.925,0.35991687303057596,,64
transient,11,trials,0.14415320258895162,0.10242027585679406,28.51590765607698,4.442016887678929,2.5107752304361743,3.0854281025918286,0.0,52,0,13,0,21,3,0,15,0,15,52,0.40384615384615385,0.0,0.26666666666666666,0.6102143424186399,,54
transient,12,trials,0.2410966185963658,0.1481469727492274,15.775920169634654,3.701297311205522,2.6328721156834067,2.712388266430169,0.0,51,0,14,0,16,1,0,0,0,1,51,0.3137254901960784,0.0,0.3333333333333333,0.4761999688729631,,18
transient,11,ramp,0.14415320258895162,0.10242027585679406,28.51590765607698,4.442016887678929,2.5107752304361743,3.0854281025918286,0.0,0,40,11,0,18,4,0,4,0,12,40,0.45,0.0,0.2,3.537150541201484,0.15375000000000005,38
transient,11,brief,0.14415320258895162,0.10242027585679406,28.51590765607698,4.442016887678929,2.5107752304361743,3.0854281025918286,0.0,24,0,0,24,13,0,2,16,10,18,24,0.5416666666666666,2.380952380952381,4.2,0.38528896672509155,,59
transient,13,brief,0.21972789613947905,0.14697643798699034,15.065913980972695,2.826302515222352,1.8059625339245828,3.489647275659623,0.0,23,0,0,23,9,0,8,4,2,2,23,0.391304347826087,0.46875,4.266666666666667,0.44051335414502096,,25
transient,13,trials,0.21972789613947905,0.14697643798699034,15.065913980972695,2.826302515222352,1.8059625339245828,3.489647275659623,0.0,45,0,19,0,16,1,0,6,0,4,45,0.35555555555555557,0.0,0.13333333333333333,0.4789943981201847,,27
transient,14,ramp,0.20343817150142796,0.14345530908268742,18.18165905754447,3.4873585689276574,2.256004554417374,3.0251042747563863,0.0,0,38,15,0,17,1,0,3,0,10,38,0.4473684210526316,0.0,0.13333333333333333,2.6954444090475373,0.21524999999999994,31
transient,14,roving,0.20343817150142796,0.14345530908268742,18.18165905754447,3.4873585689276574,2.256004554417374,3.0251042747563863,0.0,50,0,0,0,23,0,0,4,1,9,50,0.46,0.5233318796336677,1.9108333333333334,0.35263632266788075,,37
transient,13,roving,0.21972789613947905,0.14697643798699034,15.065913980972695,2.826302515222352,1.8059625339245828,3.489647275659623,0.0,50,0,0,0,18,0,0,8,1,5,50,0.36,0.2952755905511811,3.386666666666667,0.32666955424098465,,32
transient,15,ramp,0.17707114431121557,0.20791020494950144,18.627144470769363,3.126019310686461,1.86449476826978,3.611350635646626,0.0,0,39,16,0,24,4,0,6,0,8,39,0.6153846153846154,0.0,0.13333333333333333,3.5295462268079736,0.285875,42
transient,12,roving,0.2410966185963658,0.1481469727492274,15.775920169634654,3.701297311205522,2.6328721156834067,2.712388266430169,0.0,53,0,0,0,16,0,0,2,1,5,53,0.3018867924528302,0.6528835690968444,1.5316666666666667,0.3626855450664833,,24
transient,14,brief,0.20343817150142796,0.14345530908268742,18.18165905754447,3.4873585689276574,2.256004554417374,3.0251042747563863,0.0,23,0,0,23,15,0,9,2,1,4,23,0.6521739130434783,0.24590163934426232,4.066666666666666,0.3909915545824388,,31
transient,15,roving,0.17707114431121557,0.20791020494950144,18.627144470769363,3.126019310686461,1.86449476826978,3.611350635646626,0.0,54,0,0,0,35,0,0,10,1,27,54,0.6481481481481481,0.3597122302158273,2.7800000000000002,0.23732184289040414,,73
transient,14,trials,0.20343817150142796,0.14345530908268742,18.18165905754447,3.4873585689276574,2.256004554417374,3.0251042747563863,0.0,56,0,9,0,23,0,0,3,1,11,56,0.4107142857142857,7.5,0.13333333333333333,0.41239187286260326,,38
transient,13,roving_ramp,0.21972789613947905,0.14697643798699034,15.065913980972695,2.826302515222352,1.8059625339245828,3.489647275659623,0.0,32,13,0,0,19,0,0,2,1,7,45,0.4222222222222222,0.45112781954887216,2.216666666666667,0.571622670807441,0.18375000000000008,29
transient,16,ramp,0.18367966683266773,0.13726716369032185,21.724967666634853,3.5472648684708417,2.075940053350817,3.814553976600714,0.0,0,43,9,0,11,3,0,2,0,4,43,0.2558139534883721,0.0,0.13333333333333333,4.5107016564302835,0.20599999999999996,20
transient,15,trials,0.17707114431121557,0.20791020494950144,18.627144470769363,3.126019310686461,1.86449476826978,3.611350635646626,0.0,46,0,18,0,29,4,0,3,0,23,46,0.6304347826086957,0.0,0.2,0.323204419889487,,59
transient,16,roving_ramp,0.18367966683266773,0.13726716369032185,21.724967666634853,3.5472648684708417,2.075940053350817,3.814553976600714,0.0,36,12,3,0,21,2,0,5,0,7,48,0.4375,0.0,1.9458333333333333,0.8040268456376767,0.12012499999999998,35
transient,14,roving_ramp,0.20343817150142796,0.14345530908268742,18.18165905754447,3.4873585689276574,2.256004554417374,3.0251042747563863,0.0,44,15,0,0,23,0,0,3,0,6,59,0.3898305084745763,0.0,0.6916666666666667,0.6045767716535417,0.286875,32
transient,15,brief,0.17707114431121557,0.20791020494950144,18.627144470769363,3.126019310686461,1.86449476826978,3.611350635646626,0.0,24,0,0,24,20,0,27,8,0,11,24,0.8333333333333334,0.0,3.0,0.34050179211471165,,66
transient,15,roving_ramp,0.17707114431121557,0.20791020494950144,18.627144470769363,3.126019310686461,1.86449476826978,3.611350635646626,0.0,34,11,3,0,29,0,0,5,1,19,45,0.6444444444444445,0.33435497353023125,2.9908333333333337,0.29792919171677185,0.31174999999999997,54
transient,17,ramp,0.1543689948799689,0.12971382396284944,26.40695753965794,4.368768336425807,2.5803554597709795,2.996593501405286,0.0,0,41,13,0,21,3,0,1,0,8,41,0.5121951219512195,0.0,0.2,3.6980752657282574,0.1945,33
transient,17,trials,0.1543689948799689,0.12971382396284944,26.40695753965794,4.368768336425807,2.5803554597709795,2.996593501405286,0.0,49,0,16,0,29,3,0,7,0,16,49,0.5918367346938775,0.0,0.2,0.5401146131805212,,55
transient,20,ramp,0.26746035243618904,0.3306672160734564,16.572744268119706,3.944583511154029,2.822193352950416,3.4616006916328246,0.0,0,38,9,0,11,0,0,0,0,2,38,0.2894736842105263,0.0,0.2,2.8161764705882377,0.496,13
transient,16,trials,0.18367966683266773,0.13726716369032185,21.724967666634853,3.5472648684708417,2.075940053350817,3.814553976600714,0.0,52,0,12,0,21,4,0,1,0,6,52,0.40384615384615385,0.0,0.26666666666666666,0.34388401061876306,,32
transient,19,ramp,0.19284188358687535,0.25931453853496417,15.942201724532776,3.16711471127441,2.087428086885172,2.551791207836663,0.0,0,39,12,0,19,4,0,2,0,5,39,0.48717948717948717,0.0,0.2,3.5876513797895644,0.32425000000000004,30
transient,17,brief,0.1543689948799689,0.12971382396284944,26.40695753965794,4.368768336425807,2.5803554597709795,2.996593501405286,0.0,23,0,0,23,16,0,16,7,9,14,23,0.6956521739130435,2.1774193548387095,4.133333333333334,0.40749349978503535,,62
transient,17,roving,0.1543689948799689,0.12971382396284944,26.40695753965794,4.368768336425807,2.5803554597709795,2.996593501405286,0.0,50,0,0,0,22,0,0,17,0,18,50,0.44,0.0,1.7616666666666667,0.4366430233006507,,57
transient,16,roving,0.18367966683266773,0.13726716369032185,21.724967666634853,3.5472648684708417,2.075940053350817,3.814553976600714,0.0,51,0,0,0,26,0,0,2,4,11,51,0.5098039215686274,0.8775137111517367,4.558333333333334,0.4312822278637115,,43
transient,16,brief,0.18367966683266773,0.13726716369032185,21.724967666634853,3.5472648684708417,2.075940053350817,3.814553976600714,0.0,24,0,0,24,13,0,13,6,0,7,24,0.5416666666666666,0.0,3.066666666666667,0.5292479108635211,,39
transient,19,trials,0.19284188358687535,0.25931453853496417,15.942201724532776,3.16711471127441,2.087428086885172,2.551791207836663,0.0,50,0,14,0,37,2,0,7,0,36,50,0.74,0.0,0.2,0.2036503362151763,,82
transient,19,brief,0.19284188358687535,0.25931453853496417,15.942201724532776,3.16711471127441,2.087428086885172,2.551791207836663,0.0,23,0,0,23,22,0,30,4,0,25,23,0.9565217391304348,0.0,3.8,0.250736980583682,,81
transient,19,roving,0.19284188358687535,0.25931453853496417,15.942201724532776,3.16711471127441,2.087428086885172,2.551791207836663,0.0,49,0,0,0,35,0,0,11,1,30,49,0.7142857142857143,0.3825310806503028,2.614166666666667,0.17395473724588398,,77
transient,18,roving,0.1618525630947671,0.09978783675879856,20.73742124995858,3.649532833183776,2.2450896618587928,2.4950919039612267,0.0,61,0,0,0,21,0,0,17,0,11,61,0.3442622950819672,0.0,1.2591666666666665,0.39254198690578396,,49
transient,18,brief,0.1618525630947671,0.09978783675879856,20.73742124995858,3.649532833183776,2.2450896618587928,2.4950919039612267,0.0,24,0,0,24,14,0,5,12,2,2,24,0.5833333333333334,0.5,4.0,1.8831734960767574,,35
transient,21,ramp,0.20338376767567054,0.28078716472449033,17.833623353911246,3.381348775681548,2.1735655013058865,3.3774434174269214,0.0,0,37,17,0,22,1,0,1,0,5,37,0.5945945945945946,0.0,0.13333333333333333,2.3217802247016235,0.28075,29
transient,20,roving_ramp,0.26746035243618904,0.3306672160734564,16.572744268119706,3.944583511154029,2.822193352950416,3.4616006916328246,0.0,38,11,3,0,33,0,0,2,0,17,49,0.673469387755102,0.0,2.4975,0.33509036144579224,0.4132499999999999,52
transient,18,trials,0.1618525630947671,0.09978783675879856,20.73742124995858,3.649532833183776,2.2450896618587928,2.4950919039612267,0.0,45,0,20,0,18,5,0,7,0,7,45,0.4,0.0,0.26666666666666666,0.8228560828266156,,37
transient,20,roving,0.26746035243618904,0.3306672160734564,16.572744268119706,3.944583511154029,2.822193352950416,3.4616006916328246,0.0,54,0,0,0,37,0,0,0,0,32,54,0.6851851851851852,0.0,4.5125,0.2204606640742088,,69
transient,23,ramp,0.2651101067094684,0.2766928492092678,22.890653504939614,5.769068905343387,4.218797942783713,3.1881754272447194,0.0,0,40,14,0,9,0,0,0,0,4,40,0.225,0.0,0.2,1.339785689595636,0.27675000000000005,13
transient,17,roving_ramp,0.1543689948799689,0.12971382396284944,26.40695753965794,4.368768336425807,2.5803554597709795,2.996593501405286,0.0,44,10,4,0,28,0,0,11,1,18,54,0.5185185185185185,0.8823529411764706,1.1333333333333333,0.37456072351422576,0.1944999999999999,58
transient,18,roving_ramp,0.1618525630947671,0.09978783675879856,20.73742124995858,3.649532833183776,2.2450896618587928,2.4950919039612267,0.0,43,9,5,0,12,4,0,8,0,9,52,0.23076923076923078,0.0,0.7966666666666667,0.5978047680837658,0.14975000000000005,33
transient,18,ramp,0.1618525630947671,0.09978783675879856,20.73742124995858,3.649532833183776,2.2450896618587928,2.4950919039612267,0.0,0,42,11,0,15,1,0,2,0,5,42,0.35714285714285715,0.0,0.13333333333333333,3.551530293566545,0.17474999999999996,23
transient,20,trials,0.26746035243618904,0.3306672160734564,16.572744268119706,3.944583511154029,2.822193352950416,3.4616006916328246,0.0,49,0,14,0,31,0,0,0,0,27,49,0.6326530612244898,0.0,0.3333333333333333,0.2631219011797255,,58
transient,23,roving_ramp,0.2651101067094684,0.2766928492092678,22.890653504939614,5.769068905343387,4.218797942783713,3.1881754272447194,0.0,43,11,2,0,24,0,0,0,0,14,54,0.4444444444444444,0.0,0.8566666666666668,0.2192521304108353,0.27675000000000005,38
transient,19,roving_ramp,0.19284188358687535,0.25931453853496417,15.942201724532776,3.16711471127441,2.087428086885172,2.551791207836663,0.0,40,13,1,0,38,1,0,1,0,36,53,0.7169811320754716,0.0,1.0925,0.22556235991826265,0.29174999999999995,76
transient,21,roving,0.20338376767567054,0.28078716472449033,17.833623353911246,3.381348775681548,2.1735655013058865,3.3774434174269214,0.0,52,0,0,0,37,0,0,12,1,27,52,0.7115384615384616,0.41109969167523125,2.4325,0.26261340124145965,,77
transient,22,ramp,0.18946766755492403,0.1921059139697107,24.757599444213636,4.6197189399387835,2.9430089450596233,3.0815881414541617,0.0,0,44,10,0,24,4,0,1,0,9,44,0.5454545454545454,0.0,0.13333333333333333,2.8576461501820534,0.28825,38
transient,20,brief,0.26746035243618904,0.3306672160734564,16.572744268119706,3.944583511154029,2.822193352950416,3.4616006916328246,0.0,21,0,0,21,17,0,23,1,1,19,21,0.8095238095238095,0.29411764705882354,3.4,0.25549502160438237,,61
transient,22,brief,0.18946766755492403,0.1921059139697107,24.757599444213636,4.6197189399387835,2.9430089450596233,3.0815881414541617,0.0,23,0,0,23,14,0,20,2,1,16,23,0.6086956521739131,0.23076923076923078,4.333333333333333,0.24355244874351534,,53
transient,23,brief,0.2651101067094684,0.2766928492092678,22.890653504939614,5.769068905343387,4.218797942783713,3.1881754272447194,0.0,21,0,0,21,15,0,13,0,0,20,21,0.7142857142857143,0.0,3.3333333333333335,0.1654923807963282,,48
transient,21,brief,0.20338376767567054,0.28078716472449033,17.833623353911246,3.381348775681548,2.1735655013058865,3.3774434174269214,0.0,22,0,0,22,18,0,19,3,1,19,22,0.8181818181818182,0.2830188679245283,3.533333333333333,0.24547496219234366,,60
transient,26,ramp,0.3369905121074382,0.29469833841533083,13.527565392064423,3.9528293830132597,3.036674157610053,3.9836779008763066,0.0,0,41,13,0,1,0,0,0,0,0,41,0.024390243902439025,0.0,0.2,1.6253101736973141,0.29474999999999996,1
transient,22,trials,0.18946766755492403,0.1921059139697107,24.757599444213636,4.6197189399387835,2.9430089450596233,3.0815881414541617,0.0,42,0,22,0,26,0,0,2,0,18,42,0.6190476190476191,0.0,0.3333333333333333,0.1969308801097247,,46
transient,21,roving_ramp,0.20338376767567054,0.28078716472449033,17.833623353911246,3.381348775681548,2.1735655013058865,3.3774434174269214,0.0,41,9,6,0,35,0,0,4,0,29,50,0.7,0.0,0.7325,0.21325142606410868,0.351,68
transient,21,trials,0.20338376767567054,0.28078716472449033,17.833623353911246,3.381348775681548,2.1735655013058865,3.3774434174269214,0.0,50,0,14,0,37,0,0,2,0,32,50,0.74,0.0,0.26666666666666666,0.24242957746478042,,71
transient,26,roving_ramp,0.3369905121074382,0.29469833841533083,13.527565392064423,3.9528293830132597,3.036674157610053,3.9836779008763066,0.0,38,11,1,0,17,0,0,0,0,6,49,0.3469387755102041,0.0,2.8541666666666665,0.5343970703636202,0.29474999999999996,23
transient,22,roving_ramp,0.18946766755492403,0.1921059139697107,24.757599444213636,4.6197189399387835,2.9430089450596233,3.0815881414541617,0.0,42,8,6,0,28,0,0,4,0,20,50,0.56,0.0,1.4316666666666669,0.23303139866795242,0.24025000000000007,52
transient,26,roving,0.3369905121074382,0.29469833841533083,13.527565392064423,3.9528293830132597,3.036674157610053,3.9836779008763066,0.0,51,0,0,0,26,0,0,0,0,15,51,0.5098039215686274,0.0,1.6516666666666668,0.34207810621477885,,41
transient,23,trials,0.2651101067094684,0.2766928492092678,22.890653504939614,5.769068905343387,4.218797942783713,3.1881754272447194,0.0,45,0,18,0,30,0,0,0,1,29,45,0.6666666666666666,5.0,0.2,0.18552032541252078,,60
transient,22,roving,0.18946766755492403,0.1921059139697107,24.757599444213636,4.6197189399387835,2.9430089450596233,3.0815881414541617,0.0,52,0,0,0,30,0,0,3,0,16,52,0.5769230769230769,0.0,2.4233333333333333,0.3030528990407667,,49
transient,28,ramp,0.3223560890166803,0.3791305656889956,14.553274442145563,3.96264368125314,2.977022245283585,4.283018857453293,0.0,0,40,10,0,2,0,0,0,0,0,40,0.05,0.0,0.2,2.917237213048744,0.37925,2
transient,25,brief,0.1711575490277285,0.15185451415896234,20.203787102339966,3.3976458511439374,2.0293430863610786,3.3640076182305165,0.0,24,0,0,24,16,0,17,12,2,13,24,0.6666666666666666,0.6521739130434783,3.066666666666667,0.4811811986720532,,60
transient,25,ramp,0.1711575490277285,0.15185451415896234,20.203787102339966,3.3976458511439374,2.0293430863610786,3.3640076182305165,0.0,0,43,9,0,15,5,0,0,0,7,43,0.3488372093023256,0.0,0.13333333333333333,2.7536143351659583,0.2277499999999999,27
transient,24,roving,0.12500099500057527,0.11966411718103541,30.60931183046907,4.32592908285498,2.2529114949354994,3.580577704669272,0.0,56,0,0,0,25,0,0,13,2,18,56,0.44642857142857145,1.2048192771084336,1.6600000000000001,0.30488540410131704,,58
transient,24,trials,0.12500099500057527,0.11966411718103541,30.60931183046907,4.32592908285498,2.2529114949354994,3.580577704669272,0.0,42,0,23,0,24,8,0,4,3,10,42,0.5714285714285714,9.0,0.3333333333333333,0.5699011798616462,,49
transient,26,trials,0.3369905121074382,0.29469833841533083,13.527565392064423,3.9528293830132597,3.036674157610053,3.9836779008763066,0.0,53,0,8,0,17,0,0,0,0,11,53,0.32075471698113206,0.0,0.2,0.259872611464978,,28
transient,23,roving,0.2651101067094684,0.2766928492092678,22.890653504939614,5.769068905343387,4.218797942783713,3.1881754272447194,0.0,50,0,0,0,31,0,0,1,0,33,50,0.62,0.0,2.0225,0.12666165036370933,,65
transient,25,roving,0.1711575490277285,0.15185451415896234,20.203787102339966,3.3976458511439374,2.0293430863610786,3.3640076182305165,0.0,56,0,0,0,26,0,0,14,0,6,56,0.4642857142857143,0.0,2.495833333333333,0.45946616157017406,,46
transient,28,roving,0.3223560890166803,0.3791305656889956,14.553274442145563,3.96264368125314,2.977022245283585,4.283018857453293,0.0,53,0,0,0,28,0,0,1,0,18,53,0.5283018867924528,0.0,1.7550000000000001,0.23516053939028578,,47
transient,25,trials,0.1711575490277285,0.15185451415896234,20.203787102339966,3.3976458511439374,2.0293430863610786,3.3640076182305165,0.0,49,0,16,0,22,1,0,6,0,8,49,0.4489795918367347,0.0,0.26666666666666666,0.48336221084417286,,37
transient,24,brief,0.12500099500057527,0.11966411718103541,30.60931183046907,4.32592908285498,2.2529114949354994,3.580577704669272,0.0,24,0,0,24,18,0,20,14,4,21,24,0.75,0.9230769230769231,4.333333333333333,0.4744744744744782,,77
transient,24,ramp,0.12500099500057527,0.11966411718103541,30.60931183046907,4.32592908285498,2.2529114949354994,3.580577704669272,0.0,0,40,14,0,13,11,0,4,0,6,40,0.325,0.0,0.13333333333333333,3.319951583619127,0.14949999999999997,34
transient,28,roving_ramp,0.3223560890166803,0.3791305656889956,14.553274442145563,3.96264368125314,2.977022245283585,4.283018857453293,0.0,38,11,3,0,28,0,0,0,0,12,49,0.5714285714285714,0.0,2.4675000000000002,0.34648411751655006,0.37925,40
transient,24,roving_ramp,0.12500099500057527,0.11966411718103541,30.60931183046907,4.32592908285498,2.2529114949354994,3.580577704669272,0.0,42,9,4,0,21,0,0,11,0,13,51,0.4117647058823529,0.0,0.6808333333333334,0.4158686730506729,0.10475000000000001,45
transient,28,brief,0.3223560890166803,0.3791305656889956,14.553274442145563,3.96264368125314,2.977022245283585,4.283018857453293,0.0,21,0,0,21,13,0,12,0,0,11,21,0.6190476190476191,0.0,4.2,0.2221133431324722,,36
transient,26,brief,0.3369905121074382,0.29469833841533083,13.527565392064423,3.9528293830132597,3.036674157610053,3.9836779008763066,0.0,23,0,0,23,12,0,13,0,0,4,23,0.5217391304347826,0.0,3.933333333333333,0.3291973540644334,,29
transient,27,roving_ramp,0.12557064114197974,0.09721694874313808,25.24059063635051,4.03884616694627,2.3294255629016565,2.278300054355608,0.0,46,11,2,0,30,1,0,10,2,19,57,0.5263157894736842,1.5968063872255487,1.2525000000000002,0.5598212201060637,0.21875,62
transient,27,ramp,0.12557064114197974,0.09721694874313808,25.24059063635051,4.03884616694627,2.3294255629016565,2.278300054355608,0.0,0,37,16,0,21,7,0,5,0,15,37,0.5675675675675675,0.0,0.2,2.0829151210997403,0.09725000000000006,48
transient,27,brief,0.12557064114197974,0.09721694874313808,25.24059063635051,4.03884616694627,2.3294255629016565,2.278300054355608,0.0,24,0,0,24,14,0,13,19,7,13,24,0.5833333333333334,2.058823529411765,3.4,0.9214242895252902,,66
transient,27,trials,0.12557064114197974,0.09721694874313808,25.24059063635051,4.03884616694627,2.3294255629016565,2.278300054355608,0.0,48,0,17,0,22,9,0,10,0,11,48,0.4583333333333333,0.0,0.13333333333333333,0.4289704779170398,,52
transient,27,roving,0.12557064114197974,0.09721694874313808,25.24059063635051,4.03884616694627,2.3294255629016565,2.278300054355608,0.0,55,0,0,0,29,0,0,18,1,16,55,0.5272727272727272,0.4013377926421405,2.4916666666666667,0.5459825750242037,,64
transient,29,roving,0.16176600882427086,0.15770428747172105,26.088610853959175,4.497939745593074,2.731086918447511,2.6817749182600865,0.0,49,0,0,0,22,0,0,13,1,17,49,0.4489795918367347,0.30022516887665746,3.3308333333333335,0.22819730729914978,,53
transient,29,brief,0.16176600882427086,0.15770428747172105,26.088610853959175,4.497939745593074,2.731086918447511,2.6817749182600865,0.0,24,0,0,24,15,0,21,8,1,19,24,0.625,0.23809523809523808,4.2,0.19887206886318573,,64
transient,25,roving_ramp,0.1711575490277285,0.15185451415896234,20.203787102339966,3.3976458511439374,2.0293430863610786,3.3640076182305165,0.0,44,8,4,0,28,1,0,3,0,16,52,0.5384615384615384,0.0,0.9400000000000001,0.5364805128121684,0.20887500000000003,48
transient,29,trials,0.16176600882427086,0.15770428747172105,26.088610853959175,4.497939745593074,2.731086918447511,2.6817749182600865,0.0,48,0,17,0,25,10,0,9,0,21,48,0.5208333333333334,0.0,0.3333333333333333,0.282731376975172,,65
transient,28,trials,0.3223560890166803,0.3791305656889956,14.553274442145563,3.96264368125314,2.977022245283585,4.283018857453293,0.0,44,0,15,0,32,0,0,0,0,21,44,0.7272727272727273,0.0,0.3333333333333333,0.3474246130726304,,53
transient,29,roving_ramp,0.16176600882427086,0.15770428747172105,26.088610853959175,4.497939745593074,2.731086918447511,2.6817749182600865,0.0,42,12,2,0,30,0,0,9,2,19,54,0.5555555555555556,1.1304757418747056,1.7691666666666668,0.4652620567421033,0.197125,60
transient,29,ramp,0.16176600882427086,0.15770428747172105,26.088610853959175,4.497939745593074,2.731086918447511,2.6817749182600865,0.0,0,46,6,0,27,2,0,0,0,17,46,0.5869565217391305,0.0,0.2,2.636069551152438,0.19725000000000004,46
