gen,pid,design,fit,secs,v,delta,a,lam,nll,k,aic,converged,nfev
level,4,roving,level,2.017427921295166,0.3,30.0,15.0,0.0,125.82517676657552,3,257.650353533151,True,8
level,4,roving,leaky,30.48526644706726,4.4869163736204145,0.9445978404096421,7.327859907822705,0.005000000000000002,101.53683059203622,4,211.07366118407245,True,270
level,4,roving,transient,2.0194945335388184,0.3,30.0,15.0,0.0,125.82517676657552,3,257.650353533151,True,8
level,4,brief,level,12.74643087387085,4.0538544427048455,1.0541868824248593,4.307582455078916,0.0,171.45548235826493,3,348.91096471652986,True,104
level,4,brief,leaky,87.66809344291687,4.0524953456156325,1.0430714824323633,4.306518105765065,0.005000000000000002,171.4628025722375,4,350.925605144475,True,140
level,4,brief,transient,2.0584332942962646,0.3,30.0,15.0,0.0,210.49305637236694,3,426.9861127447339,True,8
level,0,trials,level,17.236761808395386,3.9303814605620135,1.3331313065357084,2.8599367659768267,0.0,300.7374867557002,3,607.4749735114004,True,108
level,0,trials,leaky,87.37835001945496,3.9301525279340668,1.3252479221763522,2.860842447164448,0.005000000000000002,300.7392236438793,4,609.4784472877586,True,440
level,0,trials,transient,1.7718052864074707,0.3,30.0,15.0,0.0,426.0320102224554,3,858.0640204449109,True,8
level,0,ramp,level,14.045485019683838,4.55259189787695,1.40193013398695,2.9053687819194054,0.0,573.5798553645701,3,1153.1597107291402,True,72
level,0,ramp,leaky,54.45376133918762,4.54385135931454,1.0315702120563837,2.9335715651317664,0.2289663701043767,573.5656667659254,4,1155.1313335318507,True,305
level,0,ramp,transient,39.84445142745972,3.0278438090236395,1.044607203240766,2.100551734123622,0.0,666.8952802910148,3,1339.7905605820297,True,228
level,1,brief,level,27.427387714385986,6.602099250452494,1.161978654819047,3.4328104555681294,0.0,338.2870630562823,3,682.5741261125646,True,160
level,1,brief,leaky,47.13641810417175,6.684174234225842,0.22703371018902171,3.583166784150864,0.4554083780753756,338.20343280163104,4,684.4068656032621,True,220
level,1,brief,transient,36.82846403121948,3.9096416057525163,1.0166347636169162,2.859665664755815,0.0,363.0187070591402,3,732.0374141182804,True,124
level,3,brief,level,22.541326761245728,5.415389203156927,1.1693652800699144,3.100377345976278,0.0,409.13919081093314,3,824.2783816218663,True,112
level,3,brief,leaky,73.53031945228577,5.7694021735991186,-1.2227674860808955,4.062288011139876,0.8809543541129872,408.9527529678953,4,825.9055059357906,True,490
level,3,brief,transient,14.290221452713013,2.479667407394404,0.8161535970726729,2.8425325347564034,0.0,445.5240303794779,3,897.0480607589558,True,112
level,0,brief,level,18.710228443145752,3.212521029927355,1.072350952863194,3.2278287660129537,0.0,306.3842208964298,3,618.7684417928596,True,96
level,0,brief,leaky,98.59602522850037,3.48636479770635,-1.6544894520511535,4.674062012810274,0.8356009216920437,305.99101513263395,4,619.9820302652679,True,425
level,0,brief,transient,1.993222713470459,0.3,30.0,15.0,0.0,398.20187226331404,3,802.4037445266281,True,8
level,0,roving_ramp,level,18.446892738342285,4.515457148476974,1.7585414671288995,2.334574603882176,0.0,375.84961924267645,3,757.6992384853529,True,92
level,0,roving_ramp,leaky,100.46919059753418,4.646371105237685,0.08276168885622541,2.496508615199847,1.140087405519524,375.7427639035895,4,759.485527807179,True,425
level,0,roving_ramp,transient,2.028252601623535,0.3,30.0,15.0,0.0,538.996713899496,3,1083.993427798992,True,8
level,4,trials,level,12.031253337860107,4.934531265174162,1.200661746433427,4.377482779411775,0.0,127.21564552163898,3,260.43129104327795,True,112
level,4,trials,leaky,70.93836212158203,5.272048151445198,-3.7675602072645735,15.0,0.37983640987372785,125.41904570813121,4,258.8380914162624,True,370
level,4,trials,transient,1.82621169090271,0.3,30.0,15.0,0.0,163.02722578977603,3,332.05445157955205,True,8
level,2,ramp,level,30.215219736099243,8.452959870804735,2.005245199704437,2.56060217921968,0.0,414.54018963148076,3,835.0803792629615,True,128
level,2,ramp,leaky,56.14494967460632,8.720662883201403,0.35164503271179376,2.7806085084956487,1.0061280169944993,414.48728234266514,4,836.9745646853303,True,350
level,2,ramp,transient,37.380075454711914,5.700772926461143,1.9114527508164643,1.5907712469187032,0.0,522.1515633020327,3,1050.3031266040655,True,204
level,3,roving,level,25.15106511116028,6.216583467963427,1.2795227105426457,3.3879611419860667,0.0,443.3864852951649,3,892.7729705903298,True,88
level,3,roving,leaky,81.85773539543152,6.216805101140815,1.2705722008759548,3.389040526852861,0.005000000000000002,443.3906908021547,4,894.7813816043094,True,360
level,3,roving,transient,17.137325763702393,2.1441342312922838,1.0055553688710197,2.2873823146313708,0.0,519.1654184063003,3,1044.3308368126006,True,136
level,3,trials,level,25.317840099334717,4.991796945281971,0.7361519291092544,4.3341678760592135,0.0,460.7823227820717,3,927.5646455641433,True,100
level,3,trials,leaky,85.66645359992981,5.295681917310818,-0.6808629223115217,5.162041497995278,0.4352746478048623,459.61701847862656,4,927.2340369572531,True,465
level,3,trials,transient,14.99584150314331,3.4668476891768125,0.7363348914366458,2.952006900674716,0.0,520.7825835486243,3,1047.5651670972486,True,136
level,2,roving_ramp,level,23.199045658111572,6.5317127595863305,1.4431606228988052,2.892229261911059,0.0,413.18907688748664,3,832.3781537749733,True,128
level,2,roving_ramp,leaky,77.28615522384644,7.00307762649692,-0.6447693637088524,3.3600619063943635,1.007017518076546,412.22882237115124,4,832.4576447423025,True,285
level,2,roving_ramp,transient,26.240763187408447,2.1813246686211603,1.7635309240376167,1.5736220547925655,0.0,483.86733962839713,3,973.7346792567943,True,196
level,3,roving_ramp,level,21.01209044456482,5.3461186694837854,1.0191258275134314,3.7155050148030786,0.0,513.9931216080951,3,1033.9862432161901,True,96
level,3,roving_ramp,leaky,92.38248062133789,5.4902110714786385,0.004806657338945873,3.986906970657255,0.43578313355508785,513.5457045571671,4,1035.0914091143343,True,210
level,3,roving_ramp,transient,13.97436261177063,2.808781300900706,0.9810523477399868,2.2884622365979777,0.0,599.2274016567773,3,1204.4548033135545,True,112
level,2,trials,level,22.740811347961426,7.473399233342144,1.8562553982236352,2.5013466057495917,0.0,285.9345492800096,3,577.8690985600192,True,140
level,2,trials,leaky,91.60310697555542,8.161233040707383,-2.00695546596533,3.716746248205221,1.4825415882128414,285.1308996703255,4,578.261799340651,True,430
level,2,trials,transient,13.75260043144226,4.572926538527063,1.252650587773564,2.514124983940252,0.0,322.82068740216255,3,651.6413748043251,True,116
level,1,ramp,level,14.671977519989014,6.495469632607566,1.222927811684099,3.0885698674230517,0.0,530.4926375751086,3,1066.9852751502171,True,72
level,1,ramp,leaky,85.28218531608582,6.496718238895752,1.2151495616894972,3.0888980978281815,0.005000000000000002,530.4958706427716,4,1068.9917412855432,True,400
level,1,ramp,transient,41.91346335411072,3.363018897252628,1.0473064650827137,2.1310540878898867,0.0,618.1345858873383,3,1242.2691717746766,False,228
level,1,roving_ramp,level,25.218261241912842,5.928728313965543,1.667695899574565,2.2242536481001602,0.0,337.44015621300986,3,680.8803124260197,True,116
level,1,roving_ramp,leaky,81.12127876281738,5.928122718540758,1.661331339780133,2.224895060317362,0.005000000000000002,337.44045163045973,4,682.8809032609195,True,545
level,1,roving_ramp,transient,38.31737780570984,4.599449552491332,2.0265020267644136,1.6261481307026615,0.0,360.7902307532207,3,727.5804615064415,True,196
level,3,ramp,level,17.421613693237305,5.08450536406883,0.9619592369528467,3.2982646009476286,0.0,768.7872521528242,3,1543.5745043056484,True,112
level,3,ramp,leaky,98.01835131645203,5.08350719994399,0.9530050900051641,3.298894207525693,0.005000000000000002,768.7881437506318,4,1545.5762875012636,True,460
level,3,ramp,transient,30.493723392486572,3.3045137527495014,0.9224428272662265,1.990215538715979,0.0,913.8080093980059,3,1833.6160187960118,True,148
level,0,roving,level,21.269561767578125,4.990795620224436,1.7393049885608793,2.4942864531603886,0.0,325.374917469949,3,656.749834939898,True,100
level,0,roving,leaky,133.78464818000793,4.991391809177142,1.7328675542599659,2.494387522680842,0.005000000000000002,325.37514155886566,4,658.7502831177313,True,510
level,0,roving,transient,1.9335637092590332,0.3,30.0,15.0,0.0,463.8850030353763,3,933.7700060707526,True,8
level,1,roving,level,27.43098521232605,7.61825479681044,1.8158504710038104,2.5974784187634845,0.0,256.5731986649568,3,519.1463973299136,True,120
level,1,roving,leaky,109.76221537590027,8.713159035668708,-3.3512614194731793,4.627856232788833,1.5021716057025685,255.79572618269103,4,519.5914523653821,True,505
level,1,roving,transient,35.8033230304718,9.82502321901208,5.015511299052186,1.0112089018587607,0.0,294.4988668563719,3,594.9977337127438,True,284
level,1,trials,level,29.525229454040527,7.087948751674875,1.4866187407444307,2.7736469056911597,0.0,275.0873824056173,3,556.1747648112346,True,148
level,1,trials,leaky,141.21574902534485,8.230875529463534,-3.90677416421783,4.680987879217537,1.5618689558727248,274.55530999846457,4,557.1106199969291,True,740
level,1,trials,transient,8.684659957885742,3.958647373373622,1.2667181908547493,2.379931707266413,0.0,304.3985634707989,3,614.7971269415978,True,72
level,2,brief,level,25.683701753616333,8.584131450091682,1.982454775782094,2.890488093769476,0.0,192.3503373633237,3,390.7006747266474,True,140
level,2,brief,leaky,161.08562898635864,10.148161481277594,-2.026346184947534,4.306303809532578,1.3721204857255738,190.69852783069342,4,389.39705566138684,True,365
level,2,brief,transient,2.4841206073760986,0.3,30.0,15.0,0.0,266.8404442539181,3,539.6808885078362,True,8
level,8,brief,level,2.4207329750061035,1.7696214643348787,10.797062772807092,5.12976520398831,0.0,201.00772391554966,3,408.0154478310993,True,12
level,8,brief,leaky,37.8124623298645,4.110290725781544,-2.394772203016526,9.750891853383601,0.46962806548661673,156.1402284872627,4,320.2804569745254,True,345
level,8,brief,transient,2.0184860229492188,0.3,30.0,15.0,0.0,201.00772391554966,3,408.0154478310993,True,8
level,6,roving,level,22.284353971481323,3.839965336104592,1.398494021444014,2.87463136169573,0.0,435.4681481373707,3,876.9362962747414,True,104
level,6,roving,leaky,54.70029664039612,3.915036492103069,0.24821956630659225,3.085420308183597,0.6315795376955632,435.39668851740606,4,878.7933770348121,True,250
level,6,roving,transient,1.9592509269714355,0.3,30.0,15.0,0.0,642.4235829326964,3,1290.8471658653928,True,8
level,5,trials,level,19.342314958572388,6.791287202204515,1.5392322502798617,4.4944326429956325,0.0,353.11126440846976,3,712.2225288169395,True,100
level,5,trials,leaky,61.43668866157532,7.41351265920628,-0.45794235968620833,5.79392015149036,0.5345867653814453,351.98500875312186,4,711.9700175062437,True,250
level,5,trials,transient,17.949368476867676,3.001510805548318,0.8972767593578376,2.7161290836900336,0.0,463.05841686292723,3,932.1168337258545,True,160
level,2,roving,level,18.78825092315674,5.88547959700948,1.3281117648474168,2.9765778595728793,0.0,310.28331461681563,3,626.5666292336313,True,72
level,2,roving,leaky,185.4878478050232,6.867041342415254,-4.503899347520604,6.231358609891904,1.194061727164275,308.1850281024487,4,624.3700562048974,True,465
level,2,roving,transient,10.451258897781372,2.528516988579219,0.8570191735609568,2.938841205369488,0.0,342.4596591489131,3,690.9193182978262,True,80
level,6,ramp,level,14.825006246566772,3.8574976181878218,1.149797859514325,3.6445183580267138,0.0,621.5599843080936,3,1249.1199686161872,True,72
level,6,ramp,leaky,51.28432655334473,3.885175669777116,0.637934412185154,3.7213280655650434,0.24976213614368759,621.4668267034567,4,1250.9336534069134,True,240
level,6,ramp,transient,23.50287890434265,3.044553471887864,0.6208057103087046,2.7738672051403874,0.0,721.1867320720756,3,1448.3734641441513,True,112
level,5,ramp,level,18.768906593322754,6.176166574030591,1.4471027447013187,3.6428087205810162,0.0,846.5080643053308,3,1699.0161286106616,True,120
level,5,ramp,leaky,56.46684503555298,6.614333318768797,-0.3336649079799924,4.171074405413893,0.7068093371744745,845.272442392197,4,1698.544884784394,True,280
level,5,ramp,transient,23.750284910202026,3.597620325819857,0.836898464935922,2.0294101980858454,0.0,1072.7042959424964,3,2151.408591884993,True,96
level,7,ramp,level,14.673545837402344,3.6711438940693664,1.1267985676444308,2.5755584634739206,0.0,507.5327152507371,3,1021.0654305014742,True,68
level,7,ramp,leaky,33.301917552948,3.6705278979574754,1.1184426174933024,2.5758981602935873,0.005999706252997392,507.5327970998191,4,1023.0655941996382,True,60
level,7,ramp,transient,28.777079582214355,5.191340202078456,1.131954920274278,2.386870279282716,0.0,528.2179644218766,3,1062.4359288437531,True,116
level,5,brief,level,22.69291353225708,7.175952738679932,1.6576299475001428,4.16039378712732,0.0,375.97037076682886,3,757.9407415336577,True,124
level,5,brief,leaky,93.81287717819214,7.170245846951588,1.6457265862865167,4.159605145972735,0.005000000000000002,375.9813182207235,4,759.962636441447,True,425
level,5,brief,transient,1.920701026916504,0.3,30.0,15.0,0.0,614.1618436562738,3,1234.3236873125477,True,8
level,6,brief,level,21.831952571868896,3.782495589777762,1.3027814305640661,3.539204260113889,0.0,258.91235859120326,3,523.8247171824065,True,116
level,6,brief,leaky,81.86715769767761,3.783342194813844,1.294296494504794,3.5376466581154533,0.005000000000000002,258.9179672181001,4,525.8359344362002,True,280
level,6,brief,transient,1.9692790508270264,0.3,30.0,15.0,0.0,351.2566467063326,3,708.5132934126652,True,8
level,4,ramp,level,20.988459825515747,5.365804579154672,1.479634053405559,4.070919253984907,0.0,288.94251476925047,3,583.8850295385009,True,120
level,4,ramp,leaky,93.01101684570312,5.363378094737625,1.4680909522174563,4.072897781512963,0.005000000000000002,288.9499590301284,4,585.8999180602568,True,375
level,4,ramp,transient,9.950880527496338,2.797056950348179,0.8858743257982761,2.7798984672881035,0.0,363.905046929243,3,733.810093858486,True,84
level,4,roving_ramp,level,25.73376441001892,5.116828566507054,1.3312623000728143,3.8782917353541433,0.0,225.77676285718596,3,457.5535257143719,True,104
level,4,roving_ramp,leaky,91.101487159729,5.116001359287767,1.321059332442473,3.8781515958768686,0.005000000000000002,225.78109426623095,4,459.5621885324619,True,310
level,4,roving_ramp,transient,14.809762477874756,2.743700417045595,1.096561364768456,2.7151459823502204,0.0,271.47163954611665,3,548.9432790922333,True,116
level,6,roving_ramp,level,15.362107515335083,3.7201882855968798,1.313649391315721,2.9622148747889376,0.0,473.17392912284726,3,952.3478582456945,True,84
level,6,roving_ramp,leaky,98.35064268112183,3.7182976677348876,1.3050813259522196,2.9627223448576276,0.005000000000000002,473.1757725311745,4,954.351545062349,True,430
level,6,roving_ramp,transient,1.8557441234588623,0.3,30.0,15.0,0.0,698.6131309043334,3,1403.2262618086668,True,8
level,5,roving,level,19.121433973312378,7.057435686819969,1.6487046009580493,4.015618953489389,0.0,645.3229315617214,3,1296.6458631234427,True,96
level,5,roving,leaky,95.72036910057068,7.060343411143601,1.6383022704109815,4.019137468440493,0.005000000000000002,645.3256025599459,4,1298.6512051198918,True,415
level,5,roving,transient,18.475876092910767,2.2910634460984602,1.0878337350457203,1.875919975733795,0.0,856.8766537278269,3,1719.7533074556538,True,148
level,8,roving,level,24.731632471084595,4.928789552876228,1.7498455089293996,3.4422993448842254,0.0,269.2040563223402,3,544.4081126446804,True,128
level,8,roving,leaky,45.73790264129639,4.991383668024682,0.9276936338456164,3.619628199837623,0.39471132080051385,268.99733898569764,4,545.9946779713953,True,125
level,8,roving,transient,2.0140676498413086,0.3,30.0,15.0,0.0,407.6562867651378,3,821.3125735302756,True,8
level,5,roving_ramp,level,23.123507022857666,6.576577674109448,1.4308401351838838,4.254447910468192,0.0,625.6965233216131,3,1257.3930466432262,True,120
level,5,roving_ramp,leaky,83.50672268867493,6.578032838160456,1.4202053328473219,4.255251267025065,0.005000000000000002,625.7058996775381,4,1259.4117993550763,True,355
level,5,roving_ramp,transient,20.214482069015503,2.021058082584585,0.9774973745261312,1.9597438068651925,0.0,821.5470128447065,3,1649.094025689413,True,164
level,7,brief,level,23.25895047187805,3.9812787906609444,1.151767338506157,2.475677973406457,0.0,474.08236069601526,3,954.1647213920305,True,124
level,7,brief,leaky,98.04469394683838,3.9809294506573347,1.1453071332211524,2.475530595514069,0.005000000000000002,474.084529198669,4,956.169058397338,True,320
level,7,brief,transient,20.26215434074402,5.521355826427889,10.65043544324194,0.5,0.0,493.6664885118517,3,993.3329770237034,True,164
level,6,trials,level,17.37453317642212,3.0223993038780166,0.8764922982117599,3.6245096896240847,0.0,513.2924160178276,3,1032.5848320356552,True,84
level,6,trials,leaky,133.6227331161499,3.4965534986214104,-2.1935097989952177,5.096467557731906,0.8739853636735587,511.35510710737384,4,1030.7102142147478,True,625
level,6,trials,transient,1.7355425357818604,0.3,30.0,15.0,0.0,773.5002490774493,3,1553.0004981548987,True,8
level,9,trials,level,28.467910766601562,9.128956005878212,1.4654790058781118,4.343254998889303,0.0,640.0589477870489,3,1286.1178955740977,True,100
level,9,trials,leaky,37.603904724121094,9.574115464614609,0.25353994447910605,4.852748146114143,0.4229260340418834,638.7629954536472,4,1285.5259909072945,True,165
level,9,trials,transient,7.868857383728027,3.4942029225838978,0.9125860347841135,2.1315402755508805,0.0,854.6458748146198,3,1715.2917496292396,True,68
level,7,roving_ramp,level,19.239793300628662,3.905358966323741,0.7600092264710598,3.8975278742230413,0.0,413.3487108901043,3,832.6974217802086,True,108
level,7,roving_ramp,leaky,111.174325466156,4.264880059870144,-1.2500608394479833,4.665415412417344,0.6730932463891234,413.004336008398,4,834.008672016796,True,465
level,7,roving_ramp,transient,16.79828453063965,1.8976750978007135,0.5546796925551633,3.364094241678011,0.0,445.1391679091984,3,896.2783358183968,True,144
level,9,brief,level,29.49105715751648,9.002227139451362,1.470006059437038,4.116111514232108,0.0,903.8663882907085,3,1813.732776581417,True,116
level,9,brief,leaky,53.28165006637573,9.02666502492334,1.054598268065224,4.190647069610649,0.1790677444216435,903.5421561389538,4,1815.0843122779077,True,220
level,9,brief,transient,9.015000820159912,3.0657920557414258,0.8336752868174753,2.0676884148306436,0.0,1123.9789310657495,3,2253.957862131499,True,72
level,8,trials,level,27.68518376350403,4.258425359301986,1.4491769284518847,3.7081957542604407,0.0,195.90323818437744,3,397.8064763687549,True,92
level,8,trials,leaky,89.0026330947876,4.459603558908707,0.36341820606195374,3.9600817360323393,0.48327312068236095,195.6692353459492,4,399.3384706918984,True,435
level,8,trials,transient,1.7826991081237793,0.3,30.0,15.0,0.0,285.17433263471315,3,576.3486652694263,True,8
level,9,roving,level,22.559937238693237,8.335749593933258,1.3450882153337667,4.085214873371022,0.0,757.2350706636095,3,1520.470141327219,True,112
level,9,roving,leaky,55.37234044075012,8.371423319522226,0.9456437716851511,4.147971294732396,0.17671383430702106,756.9925226865896,4,1521.9850453731792,True,235
level,9,roving,transient,12.107193946838379,2.544851890422398,1.1371229104787541,1.7151273036341854,0.0,1006.3469329344434,3,2018.6938658688869,True,100
level,7,trials,level,25.61392569541931,3.300964346274741,1.013950727696179,2.759823240525866,0.0,339.3251085150095,3,684.650217030019,True,132
level,7,trials,leaky,117.80485463142395,3.572329795999235,-0.9998222410744632,3.0095814944002637,1.1144012929441311,339.1102272623944,4,686.2204545247888,False,640
level,7,trials,transient,19.385719537734985,1.2378165842964841,0.7872369857826976,2.6939071155106564,0.0,353.7322832746856,3,713.4645665493712,True,168
level,10,roving,level,31.395551443099976,4.3267637272835575,1.7452409031304876,2.68168410602194,0.0,314.81150060558605,3,635.6230012111721,True,120
level,10,roving,leaky,48.62076473236084,4.295147289497103,1.0035231726403984,2.788739768340425,0.4501758724471854,314.77404723317477,4,637.5480944663495,True,180
level,10,roving,transient,1.9664316177368164,0.3,30.0,15.0,0.0,445.17876580649875,3,896.3575316129975,True,8
level,7,roving,level,20.42289423942566,3.7527499577357,1.079541270925564,2.6986232935213845,0.0,443.80706978193945,3,893.6141395638789,True,100
level,7,roving,leaky,117.9982521533966,4.10928192929973,-1.5974700548396041,3.334006827340073,1.2354524200846306,443.29961865353107,4,894.5992373070621,True,485
level,7,roving,transient,42.6248095035553,0.7435323928880476,0.7944044288788207,2.4979960110351898,0.0,467.46166372975676,3,940.9233274595135,True,336
level,11,trials,level,9.5025475025177,3.0989404349182013,1.254047809332386,3.9365780563282176,0.0,316.75522642194886,3,639.5104528438977,True,80
level,11,trials,leaky,66.65569353103638,3.0987882520100074,1.2413070770431751,3.9387678921478826,0.005999049114388183,316.7554703383351,4,641.5109406766702,True,110
level,11,trials,transient,1.803868055343628,0.3,30.0,15.0,0.0,463.61649184728003,3,933.2329836945601,True,8
level,9,roving_ramp,level,21.441110134124756,9.213863879681584,1.4603316163279796,4.345289636963928,0.0,907.8059169386953,3,1821.6118338773906,True,124
level,9,roving_ramp,leaky,81.28815698623657,9.21506909556486,1.4498948676463674,4.345508590624353,0.005000000000000002,907.8132070460971,4,1823.6264140921942,True,360
level,9,roving_ramp,transient,11.389334440231323,3.1422821428716223,1.1124252206902656,1.6339933141852174,0.0,1263.3874765534974,3,2532.774953106995,True,96
level,11,roving_ramp,level,16.94210648536682,3.7613839507444236,1.6929220302747656,3.5868791623715706,0.0,377.82051567734976,3,761.6410313546995,True,144
level,11,roving_ramp,leaky,42.97880220413208,3.7609754899929335,1.4764402650968838,3.615058379554332,0.10940106320410602,377.80381878935884,4,763.6076375787177,True,315
level,11,roving_ramp,transient,1.9108784198760986,0.3,30.0,15.0,0.0,585.9096881128982,3,1177.8193762257963,True,8
level,8,roving_ramp,level,18.229649543762207,5.134118416075433,1.65536655305864,4.189658067939344,0.0,308.0778680519546,3,622.1557361039092,True,100
level,8,roving_ramp,leaky,116.27323603630066,5.1341586610337995,1.6446085245942972,4.190488527396485,0.005000000000000002,308.0780459595751,4,624.1560919191502,True,550
level,8,roving_ramp,transient,1.922717571258545,0.3,30.0,15.0,0.0,529.5209651754498,3,1065.0419303508995,True,8
level,8,ramp,level,23.56806993484497,4.2486739965531966,1.5709356803501924,3.351718738407652,0.0,357.31506538945445,3,720.6301307789089,True,128
level,8,ramp,leaky,109.83446931838989,4.613390253582992,-0.1160615965542994,3.8173151824363285,0.7475239878501954,356.69975582932796,4,721.3995116586559,True,530
level,8,ramp,transient,13.249695777893066,2.0408672397711674,0.8947873364034036,2.488353163237706,0.0,438.7060146056636,3,883.4120292113272,True,116
level,10,trials,level,31.758581399917603,3.340113536987298,1.3422646221160914,2.6579328831940456,0.0,394.4118133482674,3,794.8236266965348,True,124
level,10,trials,leaky,81.49030303955078,3.340992351613351,1.336138175949215,2.656663703026956,0.005000000000000002,394.4136574208296,4,796.8273148416592,True,345
level,10,trials,transient,1.8046293258666992,0.3,30.0,15.0,0.0,557.5418610829998,3,1121.0837221659997,True,8
level,11,roving,level,17.026345014572144,3.0436321150384154,1.178188051393297,3.930550141350741,0.0,405.77355503028963,3,817.5471100605793,True,84
level,11,roving,leaky,78.0064115524292,3.548500701772429,-2.1828475236430807,6.33164524818561,0.7416340429178292,403.00289217904725,4,814.0057843580945,True,315
level,11,roving,transient,1.9379663467407227,0.3,30.0,15.0,0.0,614.2173459690458,3,1234.4346919380916,True,8
level,11,brief,level,24.393879652023315,3.2561436183715076,1.1499408071854134,4.62543018253271,0.0,426.4267858279893,3,858.8535716559786,True,156
level,11,brief,leaky,87.71221780776978,3.260822264015319,0.8573331416016605,4.699925948606341,0.11259660170138328,426.3911684494825,4,860.782336898965,True,335
level,11,brief,transient,1.9295268058776855,0.3,30.0,15.0,0.0,623.6498428911357,3,1253.2996857822714,True,8
level,9,ramp,level,20.75412392616272,8.49626303731038,1.4819215816236053,3.8889319920948986,0.0,1002.2517141189303,3,2010.5034282378606,True,108
level,9,ramp,leaky,87.78115224838257,8.502716290066205,1.471048400537411,3.8913040832336643,0.00599904993140448,1002.2520233312173,4,2012.5040466624346,True,115
level,9,ramp,transient,32.325902462005615,3.707021855085862,0.9620651790581332,1.719120420788293,0.0,1318.2127007199983,3,2642.4254014399967,True,156
level,10,brief,level,20.05612874031067,4.38570718482601,1.891557564915024,2.3271071268290138,0.0,238.66632730888344,3,483.3326546177669,True,80
level,10,brief,leaky,121.10459184646606,4.3849725327581455,1.885106675776748,2.3272908086516226,0.005000000000000002,238.66657495630545,4,485.3331499126109,True,505
level,10,brief,transient,1.9621095657348633,0.3,30.0,15.0,0.0,304.2925870312079,3,614.5851740624158,True,8
level,11,ramp,level,20.229480504989624,4.017517846625437,1.8086345268342365,3.2990090303403536,0.0,367.50619662186426,3,741.0123932437285,True,108
level,11,ramp,leaky,91.56484699249268,4.022469024826694,1.8025258260917587,3.2982260153749645,0.005000000000000002,367.5081398818509,4,743.0162797637018,True,415
level,11,ramp,transient,20.139928102493286,2.662474945092221,0.9303842248961831,2.6573982928727995,0.0,424.55195187830293,3,855.1039037566059,True,180
level,10,roving_ramp,level,22.74992322921753,3.275275654743328,1.1047844906064548,3.24924724755451,0.0,426.94341142038326,3,859.8868228407665,True,140
level,10,roving_ramp,leaky,117.9838342666626,3.2754355077413777,1.0961224809700063,3.2501305442661645,0.005000000000000002,426.94435488668955,4,861.8887097733791,True,475
level,10,roving_ramp,transient,1.9174721240997314,0.3,30.0,15.0,0.0,632.8792480174536,3,1271.7584960349072,True,8
level,12,brief,level,26.168800830841064,9.231201629465415,1.6353848535397804,3.6709802009535926,0.0,375.45170446065595,3,756.9034089213119,True,124
level,12,brief,leaky,68.23765635490417,9.299400841837503,0.8626301011108217,3.8331328647091336,0.35078680725771283,375.351485361231,4,758.702970722462,True,270
level,12,brief,transient,19.83962845802307,4.846907186303939,1.8807271824230063,1.7151582026317262,0.0,460.6697041220875,3,927.339408244175,True,144
level,10,ramp,level,20.39437198638916,4.187915126311007,1.726371836829731,2.4849155883828047,0.0,602.9950299308445,3,1211.990059861689,True,120
level,10,ramp,leaky,111.72031784057617,4.189118417713265,1.7205650902359295,2.484334485120386,0.005000000000000002,602.9958787088535,4,1213.991757417707,True,520
level,10,ramp,transient,40.39418315887451,1.9336090706723914,1.0310075488085861,1.9652930577088032,0.0,685.742629603178,3,1377.485259206356,True,180
level,15,brief,level,9.767112970352173,4.957012022179026,0.9558355022913824,5.55499348739982,0.0,136.36789595990092,3,278.73579191980184,True,80
level,15,brief,leaky,59.99650812149048,5.00138646984764,0.2225943580273255,6.107465333508456,0.1993841031007811,136.24781589100152,4,280.49563178200304,True,280
level,15,brief,transient,1.9922332763671875,0.3,30.0,15.0,0.0,172.7778192992458,3,351.5556385984916,True,8
level,13,trials,level,16.191636085510254,4.727951288015061,0.9477524272045214,4.117827969027853,0.0,333.11047158188853,3,672.2209431637771,True,84
level,13,trials,leaky,91.96081328392029,4.727032278521172,0.9371719440006446,4.117431841136288,0.005000000000000002,333.1146142496458,4,674.2292284992916,True,485
level,13,trials,transient,1.8042166233062744,0.3,30.0,15.0,0.0,472.9909030155804,3,951.9818060311608,True,8
level,13,ramp,level,23.416242122650146,4.084417335775831,0.9411855609215237,3.6133360027021304,0.0,585.0234826501128,3,1176.0469653002256,True,120
level,13,ramp,leaky,59.3887996673584,4.18563827885314,0.013019165029229137,3.8155199563322277,0.42291516815009683,584.9335616483278,4,1177.8671232966556,True,265
level,13,ramp,transient,36.01897168159485,4.779999193284917,0.8079384370682074,2.730787649657001,0.0,660.154289609865,3,1326.30857921973,True,136
level,12,roving_ramp,level,18.624101161956787,9.035236150697457,1.5677130109646322,3.5123624177570583,0.0,751.8087405796701,3,1509.6174811593403,True,100
level,12,roving_ramp,leaky,83.33809161186218,9.039341981622844,1.559306201869751,3.5140476794371502,0.005000000000000002,751.8167075005538,4,1511.6334150011076,True,335
level,12,roving_ramp,transient,39.54537558555603,3.3350184340166082,1.1156035699176088,1.8271115418252564,0.0,960.409512341282,3,1926.819024682564,True,236
level,13,roving_ramp,level,20.257004261016846,3.751260535301414,0.7084291284858288,4.190455323147626,0.0,482.6411411831781,3,971.2822823663562,True,104
level,13,roving_ramp,leaky,84.48573565483093,3.7498762682229416,0.6976519330847321,4.189585350538104,0.005000000000000002,482.64553293097146,4,973.2910658619429,True,350
level,13,roving_ramp,transient,14.012071132659912,2.125206508395548,0.7129726259891476,2.792856929742838,0.0,527.4161620073254,3,1060.8323240146508,True,112
level,14,brief,level,28.84366774559021,4.0601691739505865,1.380512477046985,1.9570216112963148,0.0,550.8477240596702,3,1107.6954481193404,True,144
level,14,brief,leaky,43.09525394439697,4.017416333872341,0.8512261846403207,1.9832831670662203,0.46696254057323766,550.8248978430177,4,1109.6497956860353,True,155
level,14,brief,transient,39.7323112487793,2.4368911080551974,1.2606015575982192,1.9152822946702817,0.0,559.1396362146398,3,1124.2792724292797,True,220
level,12,roving,level,29.275078296661377,8.680529943787661,1.4905958421630219,3.6892102731376695,0.0,553.2995156182413,3,1112.5990312364827,True,140
level,12,roving,leaky,92.24701380729675,8.71836779740679,0.879616470678692,3.824504691359791,0.27993880386849035,553.1186786563428,4,1114.2373573126856,True,460
level,12,roving,transient,33.58634400367737,3.4455119453061673,1.0253829569814439,2.242794612877025,0.0,674.8896231237127,3,1355.7792462474254,True,180
level,12,trials,level,26.296541452407837,9.71191365222893,1.5869447913121815,3.8299803000592836,0.0,379.5827460665937,3,765.1654921331874,True,140
level,12,trials,leaky,100.30992698669434,10.300284381837617,0.035323989950576125,4.438605857468149,0.5785078743154454,378.5913397015497,4,765.1826794030994,True,205
level,12,trials,transient,26.315832138061523,4.611996957257947,1.2737422478965925,2.1558697694150166,0.0,500.669878636965,3,1007.33975727393,True,168
level,13,brief,level,18.146699905395508,3.849698562366854,0.7086060457753582,4.433103434661286,0.0,352.3790729857607,3,710.7581459715213,True,84
level,13,brief,leaky,108.60591506958008,4.32356110781729,-1.9707808797224151,7.233267382084566,0.5077910338457149,351.3907533947102,4,710.7815067894204,True,485
level,13,brief,transient,20.79626727104187,3.4099352961534475,0.7932856288158449,3.432658900416215,0.0,363.71848582412133,3,733.4369716482427,True,168
level,15,trials,level,8.90924334526062,4.476542724851003,1.342474056203935,3.506863492134431,0.0,137.91028149924475,3,281.8205629984895,True,76
level,15,trials,leaky,82.61998677253723,4.476556756030947,1.3336314805286316,3.50606558922412,0.005000000000000002,137.91362107207675,4,283.8272421441535,True,350
level,15,trials,transient,1.833343267440796,0.3,30.0,15.0,0.0,172.505224607652,3,351.010449215304,True,8
level,12,ramp,level,21.28196620941162,8.548190664227658,1.5383715888377032,3.317630245050237,0.0,873.5236048013496,3,1753.0472096026992,True,136
level,12,ramp,leaky,96.78584694862366,8.54800830897459,1.5297460116033377,3.3180725334520966,0.005000000000000002,873.5243267605962,4,1755.0486535211924,True,530
level,12,ramp,transient,38.05791521072388,4.325430511793759,1.1721695768504399,1.639850540358426,0.0,1144.561976518981,3,2295.123953037962,True,200
level,13,roving,level,16.647724151611328,4.277495142268361,0.9139373163378331,3.629236301413877,0.0,426.94988319023406,3,859.8997663804681,True,72
level,13,roving,leaky,127.30225610733032,5.017892590440391,-4.01476429974205,7.157159309633554,0.8859381946055032,424.15274244593724,4,856.3054848918745,True,435
level,13,roving,transient,10.667715311050415,3.971144588315575,0.789209376669081,3.304286309270106,0.0,452.64988906956273,3,911.2997781391255,True,84
level,16,brief,level,18.90276265144348,2.0817287377109976,0.7087384961062261,3.1468952009297344,0.0,430.1938259260006,3,866.3876518520012,True,96
level,16,brief,leaky,80.83943438529968,2.082831683137957,0.6988146090989515,3.147686361952354,0.005999488998693301,430.1939947886543,4,868.3879895773086,True,195
level,16,brief,transient,2.0168893337249756,0.3,30.0,15.0,0.0,539.1543037991958,3,1084.3086075983915,True,8
level,15,ramp,level,23.432911157608032,6.173864491451409,1.9188093514126636,2.907798956948104,0.0,275.59610119702893,3,557.1922023940579,True,84
level,15,ramp,leaky,79.53026127815247,6.17401585709555,1.9116470403020198,2.906983155598185,0.005000000000000002,275.5973566065567,4,559.1947132131133,True,145
level,15,ramp,transient,19.675742864608765,3.650089881165002,1.6109912957144998,1.9055139848899483,0.0,350.7667909034558,3,707.5335818069116,True,164
level,14,ramp,level,19.165410041809082,5.596556946253953,1.3596958293901138,2.1547787467983066,0.0,676.7213833971816,3,1359.4427667943633,True,100
level,14,ramp,leaky,113.18634867668152,5.595478387293165,1.353803808947558,2.1548276939586883,0.005000000000000002,676.7221482036394,4,1361.444296407279,True,515
level,14,ramp,transient,20.05964756011963,4.402702505983054,1.255707331071968,1.8355820595340462,0.0,724.2786821106848,3,1454.5573642213697,True,80
level,14,roving_ramp,level,18.93280529975891,6.761242815415512,1.5158782279400227,2.263820739472452,0.0,509.4888158641703,3,1024.9776317283406,True,100
level,14,roving_ramp,leaky,115.56571316719055,6.758956031194254,1.5094078684214203,2.2639382792445697,0.005000000000000002,509.4898055978236,4,1026.979611195647,True,490
level,14,roving_ramp,transient,13.196887731552124,2.940043531708688,1.5197519789536402,1.7177360307050809,0.0,556.557833578379,3,1119.115667156758,True,100
level,14,roving,level,17.412618160247803,5.198810100328786,1.2968461307457566,2.2820740124213788,0.0,491.5963295579556,3,989.1926591159112,True,80
level,14,roving,leaky,102.69458198547363,5.197913179480223,1.2906311623149473,2.282221489111596,0.005000000000000002,491.5974188536802,4,991.1948377073604,True,385
level,14,roving,transient,42.14353823661804,2.289920743277746,1.0368875066078151,2.237859077232427,0.0,508.6717457740307,3,1023.3434915480614,True,128
level,16,roving_ramp,level,17.206446647644043,2.998831452382184,0.7044731911658098,3.5854460711917064,0.0,393.0798781854484,3,792.1597563708968,True,72
level,16,roving_ramp,leaky,54.45130515098572,3.009386805272084,0.2621325732441762,3.6139682019547315,0.22539994272694708,393.065185737467,4,794.130371474934,True,275
level,16,roving_ramp,transient,11.296563386917114,1.367530281899778,0.7491407967403914,2.7662032155851484,0.0,411.51836738445724,3,829.0367347689145,True,88
level,16,ramp,level,20.79176163673401,2.7647950331623985,0.784841077316692,2.926925356459307,0.0,505.68014306909373,3,1017.3602861381875,True,112
level,16,ramp,leaky,38.96695113182068,2.781180673652342,0.27217658474404727,2.924485820594198,0.3281364193295802,505.6461363565506,4,1019.2922727131012,True,140
level,16,ramp,transient,31.16925811767578,2.408720189927777,0.7408060870801764,2.657070273192308,0.0,524.7631845525807,3,1055.5263691051614,True,160
level,15,roving_ramp,level,25.464759588241577,6.012263433736429,1.436598138363181,4.449713226490061,0.0,215.26927788456155,3,436.5385557691231,True,128
level,15,roving_ramp,leaky,112.51907396316528,6.01304056514639,1.4258847112036042,4.447928090532784,0.005000000000000002,215.2716705956688,4,438.5433411913376,True,420
level,15,roving_ramp,transient,2.0047874450683594,0.3,30.0,15.0,0.0,323.07124394431816,3,652.1424878886363,True,8
level,14,trials,level,22.549410343170166,4.816354706212693,1.4443174074057934,1.9929878954319185,0.0,443.9751378025231,3,893.9502756050462,True,128
level,14,trials,leaky,114.96147322654724,4.815064874574827,1.4389415346873162,1.992895667626684,0.005000000000000002,443.9756048821754,4,895.9512097643508,True,435
level,14,trials,transient,50.54057550430298,3.142539708609046,1.4654301053244168,1.8093964101892164,0.0,455.6998842184675,3,917.399768436935,True,328
level,17,roving,level,19.037653923034668,5.7231291337093415,1.4492734451587532,3.345146662016091,0.0,751.1865912906783,3,1508.3731825813566,True,116
level,17,roving,leaky,66.12162756919861,5.724508005433701,1.4411966808347065,3.3449635672923654,0.005000000000000002,751.1927703271011,4,1510.3855406542023,True,260
level,17,roving,transient,1.8766756057739258,0.3,30.0,15.0,0.0,1346.658551979544,3,2699.317103959088,True,8
level,16,trials,level,20.268256902694702,3.6081787342262315,0.8621129474280651,3.0530081141302556,0.0,367.04265767205965,3,740.0853153441193,True,76
level,16,trials,leaky,86.93082332611084,3.6083181935562343,0.8542700114595448,3.0531442568500506,0.005000000000000002,367.0438277715498,4,742.0876555430996,True,390
level,16,trials,transient,20.917245626449585,1.6058934404577683,0.7560994343411829,2.768527614617862,0.0,378.8005921280504,3,763.6011842561009,True,180
level,18,trials,level,19.340440273284912,5.267403341716313,1.6184028812204343,3.300267873530895,0.0,243.5151739875276,3,493.0303479750552,True,112
level,18,trials,leaky,63.860790967941284,5.395343211320207,0.5270445985522768,3.5930396313100057,0.5142225989456074,243.38255242355396,4,494.7651048471079,True,280
level,18,trials,transient,1.8031401634216309,0.3,30.0,15.0,0.0,379.0675338633005,3,764.135067726601,True,8
level,18,roving,level,20.27644920349121,4.676820429951965,0.9778261763214603,4.759274716558004,0.0,312.2018549179731,3,630.4037098359462,True,108
level,18,roving,leaky,73.1743414402008,4.887389298652279,-0.05664441283268997,5.442302770309277,0.31431732772992343,311.4031799519887,4,630.8063599039774,True,150
level,18,roving,transient,2.013021230697632,0.3,30.0,15.0,0.0,445.1283470390054,3,896.2566940780108,True,8
level,17,roving_ramp,level,22.94472098350525,6.630371912438861,1.672952151950457,3.5090783319079817,0.0,953.9662085016337,3,1913.9324170032673,True,148
level,17,roving_ramp,leaky,70.65407228469849,6.627830160226077,1.663190262586686,3.508853767150619,0.005000000000000002,953.9738671114198,4,1915.9477342228397,True,300
level,17,roving_ramp,transient,10.097191572189331,2.3737544998967937,0.9359843127034695,1.7421597573312493,0.0,1242.601474716641,3,2491.202949433282,True,80
level,19,brief,level,21.39628267288208,4.91174146768301,1.2446853058564107,3.327852799325791,0.0,241.78227516380306,3,489.5645503276061,True,104
level,19,brief,leaky,43.29185938835144,4.9211341930479,0.7088871888824568,3.466860539127948,0.2661162486167199,241.7535854796907,4,491.5071709593814,True,230
level,19,brief,transient,2.0105154514312744,0.3,30.0,15.0,0.0,304.3450058820214,3,614.6900117640428,True,8
level,16,roving,level,18.15605854988098,2.384714748137195,1.0042043941870367,2.4904787869799594,0.0,428.39496038387887,3,862.7899207677577,True,72
level,16,roving,leaky,122.00973725318909,2.384341851405404,0.9972537329121476,2.4911519781783595,0.005000000000000002,428.3960668316646,4,864.7921336633292,True,475
level,16,roving,transient,18.416892051696777,0.9889683350114052,0.9019540590386461,2.3931319521795325,0.0,434.16579880935234,3,874.3315976187047,True,140
level,17,trials,level,22.756534576416016,7.380547283949141,1.763463871557247,3.8526169734835123,0.0,657.0301816124371,3,1320.0603632248742,True,136
level,17,trials,leaky,78.52878594398499,7.3795126801330095,1.7532796238118624,3.852712455029694,0.005000000000000002,657.0521961627027,4,1322.1043923254053,True,330
level,17,trials,transient,9.515875577926636,3.0688033027207275,0.9186320001498178,2.1295865231330606,0.0,841.613823200504,3,1689.227646401008,True,88
level,15,roving,level,24.18367886543274,5.29958111725263,1.646797470414431,2.955110136661127,0.0,192.54480401500254,3,391.0896080300051,True,132
level,15,roving,leaky,172.05587577819824,6.0479595942861,-0.5637389428099607,3.043312663339399,1.300399577164262,192.35541744380583,4,392.71083488761167,True,640
level,15,roving,transient,2.026595115661621,0.3,30.0,15.0,0.0,247.87419619108374,3,501.7483923821675,True,8
level,18,ramp,level,14.514356136322021,4.471214589323962,1.1877669719415078,3.3276930318571005,0.0,527.4104706650544,3,1060.8209413301088,True,84
level,18,ramp,leaky,68.12618565559387,4.868842354028356,-0.8618261880971065,3.827460493627315,0.8730460963076576,526.7604582948564,4,1061.520916589713,True,330
level,18,ramp,transient,24.889552354812622,4.241290346163221,1.0341797188064925,2.2880534615969834,0.0,629.5437329238223,3,1265.0874658476446,True,124
level,17,ramp,level,20.616424083709717,6.407380040304053,1.6007603338061247,3.3321725167943894,0.0,1012.8206566590716,3,2031.6413133181431,True,132
level,17,ramp,leaky,80.45772767066956,6.406452966349892,1.5917127600328447,3.332602198639004,0.005000000000000002,1012.8334967261126,4,2033.6669934522251,True,325
level,17,ramp,transient,23.520693063735962,2.5396368580301436,0.7468740984095764,1.874663971057212,0.0,1268.7807264143544,3,2543.5614528287088,True,128
level,18,brief,level,31.04267454147339,4.9048791092588955,1.6651251538780136,2.626913289978102,0.0,322.0331144122265,3,650.066228824453,True,124
level,18,brief,leaky,94.21781587600708,4.904174437857131,1.6581242857309186,2.626778704217379,0.005000000000000002,322.0354352731802,4,652.0708705463604,True,385
level,18,brief,transient,2.04481840133667,0.3,30.0,15.0,0.0,445.1882662023375,3,896.376532404675,True,8
level,18,roving_ramp,level,22.5686514377594,5.217886114860228,1.305385380762698,3.8798482510573606,0.0,411.58594876431386,3,829.1718975286277,True,108
level,18,roving_ramp,leaky,77.53503394126892,5.219367295482069,1.2959094382770433,3.8794276396163654,0.005000000000000002,411.60188547922394,4,831.2037709584479,True,310
level,18,roving_ramp,transient,15.397068738937378,2.3354250823494587,0.9001566428570459,2.513817295287316,0.0,501.84142237085194,3,1009.6828447417039,True,124
level,17,brief,level,33.59838056564331,6.638478778766147,1.5657192710743186,3.892605973486406,0.0,661.3935869842304,3,1328.7871739684608,True,120
level,17,brief,leaky,111.20407676696777,6.6298794107922845,1.4695516884641069,3.8977273367814544,0.045797600191663644,661.3925325359562,4,1330.7850650719124,True,540
level,17,brief,transient,13.938801050186157,2.0782743045460492,0.8924566295931922,2.1453487149012007,0.0,816.2498843629257,3,1638.4997687258515,True,112
level,19,trials,level,22.37264633178711,4.523481395782498,1.1924207818610786,3.7321673625181226,0.0,165.36400254524267,3,336.72800509048534,True,120
level,19,trials,leaky,84.05888366699219,4.5217550589672,1.1819033302858593,3.734023756316187,0.005000000000000002,165.36572838296146,4,338.7314567659229,True,395
level,19,trials,transient,1.8994336128234863,0.3,30.0,15.0,0.0,210.07170548245065,3,426.1434109649013,True,8
level,20,roving,level,16.029449701309204,2.904175914978766,1.1361720610669237,2.8379569974535306,0.0,463.960300939222,3,933.920601878444,True,72
level,20,roving,leaky,80.27313923835754,2.9045389307369294,1.1290841200473138,2.8374969022834238,0.005000000000000002,463.9639161432532,4,935.9278322865064,True,290
level,20,roving,transient,1.9504826068878174,0.3,30.0,15.0,0.0,642.3209953246835,3,1290.641990649367,True,8
level,22,trials,level,9.540261030197144,3.1549395323534934,1.4867006766612054,2.3849540918418706,0.0,160.92052698968178,3,327.84105397936355,True,80
level,22,trials,leaky,37.12186408042908,3.154690813296974,1.4787937974789747,2.3854504725677,0.006000022405471786,160.9205180137972,4,329.8410360275944,True,130
level,22,trials,transient,2.2239232063293457,0.3,30.0,15.0,0.0,181.8898862031036,3,369.7797724062072,True,8
level,20,roving_ramp,level,21.069554328918457,4.641921023824808,2.3636757312691596,1.733524614978367,0.0,432.2624836486382,3,870.5249672972764,True,96
level,20,roving_ramp,leaky,68.25236868858337,4.961408536518851,-1.5663349973887184,2.0942798974258454,2.9263397494140864,431.8243804757926,4,871.6487609515852,True,425
level,20,roving_ramp,transient,1.9177665710449219,0.3,30.0,15.0,0.0,614.0379218261722,3,1234.0758436523445,True,8
level,20,trials,level,16.277490854263306,3.170015711479161,1.2373157201593592,2.972538015541808,0.0,300.3138421903513,3,606.6276843807026,True,84
level,20,trials,leaky,81.0117084980011,3.1690342367560222,1.2289089320278253,2.9733482111391893,0.005000000000000002,300.3149706930537,4,608.6299413861074,True,360
level,20,trials,transient,1.7690415382385254,0.3,30.0,15.0,0.0,407.20251785783967,3,820.4050357156793,True,8
level,19,ramp,level,23.321592569351196,4.798639226119367,1.6024322543170417,2.4472386067575678,0.0,432.36453000201806,3,870.7290600040361,True,112
level,19,ramp,leaky,79.51112675666809,4.7981173721433175,1.5959618134305407,2.4472318094747307,0.005000000000000002,432.36503429531905,4,872.7300685906381,True,565
level,19,ramp,transient,30.38955545425415,3.6982828212240006,1.2659294760055322,2.082208027238579,0.0,484.5327452041997,3,975.0654904083995,True,152
level,21,roving,level,22.306693077087402,3.8006902497511073,0.9487723759474573,2.9938609992171688,0.0,331.3922883390327,3,668.7845766780654,True,108
level,21,roving,leaky,31.4401433467865,3.798699800722004,0.9389501063975745,2.9945531271231545,0.0059995855839909025,331.39236825725993,4,670.7847365145199,True,60
level,21,roving,transient,34.37909507751465,0.3,0.6495500102122647,2.997104729779252,0.0,340.34817240980254,3,686.6963448196051,True,260
level,20,brief,level,19.394619464874268,4.069449473947593,1.7288037139340102,2.427029779168091,0.0,260.12353086569976,3,526.2470617313995,True,100
level,20,brief,leaky,104.3809859752655,4.070487342337773,1.7227696978548008,2.4268544992683485,0.005000000000000002,260.124366114255,4,528.24873222851,True,435
level,20,brief,transient,1.9479784965515137,0.3,30.0,15.0,0.0,332.4158205361237,3,670.8316410722474,True,8
level,20,ramp,level,22.468493700027466,4.822709364248006,2.0306381867757715,2.3518355101100292,0.0,416.0884673452749,3,838.1769346905498,True,68
level,20,ramp,leaky,39.3576500415802,4.793870966739158,1.4033231027940873,2.4048749996556613,0.4517429890713969,416.063847834094,4,840.127695668188,True,175
level,20,ramp,transient,43.49715733528137,3.4641400769949255,1.4705346315355197,1.8373850203888795,0.0,491.5813753256879,3,989.1627506513757,True,156
level,19,roving_ramp,level,18.62121343612671,4.2625511633028115,1.5815562411794788,2.2988729741777916,0.0,385.1104046168442,3,776.2208092336884,True,68
level,19,roving_ramp,leaky,102.08105897903442,4.261391916947001,1.5745984115658083,2.299796411688903,0.005000000000000002,385.1106974352063,4,778.2213948704126,True,585
level,19,roving_ramp,transient,21.981652975082397,1.4260016962848383,0.9201565859752319,2.453646165072874,0.0,418.83980900453963,3,843.6796180090793,True,172
level,19,roving,level,16.185988903045654,4.261350394273796,1.1220505060628823,3.5763013696091783,0.0,237.35071822357114,3,480.70143644714227,True,64
level,19,roving,leaky,106.98497295379639,4.492800882205844,-1.2407168777527007,5.07906709374513,0.6700095953495515,237.04090740564013,4,482.08181481128025,True,405
level,19,roving,transient,30.030707359313965,3.1873497120245196,0.8994875564209758,3.3387042866978245,0.0,253.27623424772713,3,512.5524684954543,False,248
level,21,ramp,level,24.253860235214233,6.2819952320799795,1.7854387987001439,2.1091899458032497,0.0,362.8514849875385,3,731.702969975077,True,92
level,21,ramp,leaky,34.79056906700134,6.291796533131016,1.7833545824328842,2.105414999296388,0.005999905008463387,362.8518189196081,4,733.7036378392162,True,45
level,21,ramp,transient,40.58236074447632,3.734759594054451,1.2960991530812231,2.132339819943037,0.0,389.83764076734235,3,785.6752815346847,True,244
level,21,brief,level,25.969681978225708,6.270759816178126,0.5600993341902597,6.987370628590717,0.0,253.46432507293974,3,512.9286501458795,True,140
level,21,brief,leaky,97.06811213493347,6.24181828677337,0.541535203974286,6.9638276132760035,0.005000000000000002,253.4810448717226,4,514.9620897434452,True,395
level,21,brief,transient,28.681176900863647,1.1561055951558883,0.3482594185330054,4.9637153087527555,0.0,268.6827096768976,3,543.3654193537952,True,240
level,22,roving,level,22.97816824913025,3.3401113247530714,0.8384991815980686,3.902239438291891,0.0,209.94105316158337,3,425.88210632316674,True,120
level,22,roving,leaky,107.33092713356018,3.3218201641762026,0.657202789883959,3.962551034073468,0.07967373888979444,209.94067571840282,4,427.88135143680563,True,445
level,22,roving,transient,2.05597186088562,0.3,30.0,15.0,0.0,247.87652962168946,3,501.7530592433789,True,8
level,23,roving,level,23.592751502990723,5.612502489693147,1.2937589423575897,3.144589108811962,0.0,471.6304184241873,3,949.2608368483747,True,140
level,23,roving,leaky,76.72990608215332,5.599782390051741,0.8205631162195893,3.2237609294003717,0.25708490450611465,471.59146096146844,4,951.1829219229369,True,275
level,23,roving,transient,11.986040115356445,8.595775423219392,10.769353089591668,0.5,0.0,541.8697383222091,3,1089.7394766444181,True,92
level,21,roving_ramp,level,23.457027673721313,4.687531941816025,1.3104459315395363,2.3627053909569087,0.0,395.4171342716886,3,796.8342685433772,True,96
level,21,roving_ramp,leaky,103.22800517082214,4.687250135336472,1.3040899580880854,2.3628646570799514,0.005000000000000002,395.41762324904033,4,798.8352464980807,True,660
level,21,roving_ramp,transient,14.118602752685547,2.4374708691748563,0.5328974083689748,3.7547422971669735,0.0,408.53487423103695,3,823.0697484620739,True,116
level,22,roving_ramp,level,23.40590476989746,2.897967326793691,0.8654735765499856,3.4959278183131612,0.0,218.65278924004207,3,443.30557848008414,True,132
level,22,roving_ramp,leaky,103.99915504455566,2.947773343340719,-2.7838442433853965,6.708236573914346,0.7005937900881762,218.37553470146418,4,444.75106940292835,True,575
level,22,roving_ramp,transient,2.434884786605835,0.3,30.0,15.0,0.0,257.3198603283061,3,520.6397206566122,True,8
level,21,trials,level,23.06714940071106,2.736811337148807,0.22355419177794025,6.962850279546793,0.0,226.61144478421383,3,459.22288956842766,True,132
level,21,trials,leaky,135.2535171508789,2.867510905798881,-1.6035802788675408,9.278423850775239,0.28197762654640524,226.2388955492472,4,460.4777910984944,True,645
level,21,trials,transient,15.269901990890503,2.446829366411464,11.716902287159844,0.5,0.0,238.56866103674116,3,483.1373220734823,True,132
level,22,brief,level,26.84241819381714,5.869839857201845,1.541265257792987,2.6670445986151026,0.0,193.51118876717774,3,393.0223775343555,True,108
level,22,brief,leaky,111.90165281295776,5.870127041143562,1.5345005710942843,2.6667565799150643,0.005000000000000002,193.51198861483965,4,395.0239772296793,True,455
level,22,brief,transient,27.677513599395752,2.7046368870492543,1.6945673285121043,2.0349978942036997,0.0,203.25531863503963,3,412.51063727007926,True,212
level,23,ramp,level,16.06112313270569,5.633189097687962,1.5051514496305347,2.7447456564696386,0.0,525.5851239081004,3,1057.1702478162008,True,68
level,23,ramp,leaky,83.51238584518433,5.6302630857451925,1.4968333348671394,2.7456197338903077,0.005000000000000002,525.5880790976883,4,1059.1761581953765,True,380
level,23,ramp,transient,21.97110652923584,3.7713746443146845,1.3270404232892794,1.8624397947354125,0.0,625.6511785884032,3,1257.3023571768065,True,88
level,23,trials,level,17.239426374435425,6.478034403919388,1.7400004564897176,2.5423631128114965,0.0,308.27566473961934,3,622.5513294792387,True,72
level,23,trials,leaky,102.33321189880371,6.47762692484597,1.7331661794103448,2.5427758646237995,0.005000000000000002,308.2760865303239,4,624.5521730606478,True,455
level,23,trials,transient,22.875316858291626,3.146531717577724,1.1916193272955757,2.3100650338208126,0.0,352.0576821200884,3,710.1153642401767,False,204
level,23,brief,level,25.743343114852905,6.0649828627460485,1.595815446026073,2.5008053651287825,0.0,391.0537243541855,3,788.107448708371,True,96
level,23,brief,leaky,114.29773712158203,6.067008250584902,1.5895729914146985,2.5008048444923925,0.005000000000000002,391.05489155819834,4,790.1097831163967,True,445
level,23,brief,transient,22.359666109085083,2.370307469731375,1.5464835021223398,1.8041303528523718,0.0,431.2737058819094,3,868.5474117638188,True,176
level,23,roving_ramp,level,22.616942405700684,5.190113302511867,1.1419230449040725,3.226000718717721,0.0,428.374657954598,3,862.749315909196,True,136
level,23,roving_ramp,leaky,84.14400863647461,5.18945385045144,1.1341131786011118,3.224102118874498,0.005000000000000002,428.37767065821924,4,864.7553413164385,True,290
level,23,roving_ramp,transient,27.856659650802612,0.7122541202571795,1.0156125262902147,2.1135559579119465,0.0,485.57325473391273,3,977.1465094678255,True,220
level,25,roving_ramp,level,20.322547674179077,5.2399202081825935,1.1930787379758232,3.0739119969750757,0.0,533.8209456941795,3,1073.641891388359,True,68
level,25,roving_ramp,leaky,60.886048555374146,5.313616859439919,0.2564468171141125,3.179340212957546,0.5190660749028225,533.7189432481441,4,1075.4378864962882,True,265
level,25,roving_ramp,transient,19.889724731445312,3.169352309936018,1.0631365142598457,2.2004300082571597,0.0,617.1635386542331,3,1240.3270773084662,True,164
level,24,ramp,level,17.057549715042114,9.395962907262795,1.3738918260724102,2.6532034629527805,0.0,632.2588547174516,3,1270.5177094349033,True,92
level,24,ramp,leaky,81.65572047233582,9.700457960129823,-0.12607746453700458,2.8764536318338245,0.8788648757731563,631.9067801922112,4,1271.8135603844223,True,345
level,24,ramp,transient,31.08399724960327,4.393694200514145,1.2305676672743269,1.8921374588361286,0.0,725.7708496555354,3,1457.5416993110707,True,160
level,25,roving,level,20.302361726760864,5.772024845933318,1.143669283859063,3.006798440704232,0.0,671.1848017669481,3,1348.3696035338962,True,104
level,25,roving,leaky,80.41755747795105,5.947364323494267,-0.20606188181340063,3.270096270735223,0.6907287624191251,670.8857889618781,4,1349.7715779237562,True,365
level,25,roving,transient,24.94761347770691,3.4066406548639265,1.0353140056481749,2.1474108710411346,0.0,741.6986075144367,3,1489.3972150288735,True,124
level,24,roving,level,18.162686347961426,8.010210631722142,1.2158172326790555,2.6589728586151913,0.0,520.6880110220702,3,1047.3760220441404,True,64
level,24,roving,leaky,90.75348734855652,8.128294488138984,-0.16652315614845292,2.9134074705446373,0.7832521897767684,520.5086845211874,4,1049.0173690423749,True,320
level,24,roving,transient,31.50033473968506,2.7251361604016955,0.7664021869900317,2.656143067262768,0.0,560.2940470835243,3,1126.5880941670487,True,132
level,25,trials,level,23.764756202697754,4.282414721529277,0.7160406653390868,4.249090741651054,0.0,394.8379850353619,3,795.6759700707238,True,128
level,25,trials,leaky,89.49761056900024,4.286421444921793,0.45949187123119145,4.4334168759411465,0.09586581788660668,394.8053132976836,4,797.6106265953672,True,405
level,25,trials,transient,15.925706624984741,7.362318173184159,10.796571157243537,0.5,0.0,447.00294212921096,3,900.0058842584219,True,140
level,26,trials,level,28.406085729599,9.767370863698511,5.708018944569895,1.0459180875361223,0.0,180.9956837024506,3,367.9913674049012,True,240
level,26,trials,leaky,64.15548610687256,9.799936652067847,5.436063849125758,1.0222009261704785,0.614793281505298,180.99509590610802,4,369.99019181221604,True,290
level,26,trials,transient,1.8215751647949219,0.3,30.0,15.0,0.0,210.07262218730145,3,426.1452443746029,True,8
level,27,trials,level,14.221240282058716,3.0026973157988963,0.6999194983951186,4.806275199489242,0.0,226.85922847101563,3,459.71845694203125,True,72
level,27,trials,leaky,52.327280044555664,3.0574074575019217,0.020775954198219926,5.295832124773617,0.21275082327660008,226.80429305783912,4,461.60858611567824,True,230
level,27,trials,transient,1.7858524322509766,0.3,30.0,15.0,0.0,294.4991584036278,3,594.9983168072556,True,8
level,25,ramp,level,21.97489905357361,5.910404650101821,1.2369214050512831,3.2123906492358563,0.0,730.9519453972438,3,1467.9038907944876,True,112
level,25,ramp,leaky,88.36167335510254,5.909748947081006,1.2286888847247257,3.212028781065164,0.005000000000000002,730.961629427119,4,1469.923258854238,True,355
level,25,ramp,transient,38.51485896110535,4.151762545569405,1.0263051029780454,1.9457298390571542,0.0,901.189694144824,3,1808.379388289648,False,260
level,24,trials,level,20.54672122001648,6.967085537867631,0.9934248051545974,3.022244743324334,0.0,485.07697878757534,3,976.1539575751507,True,120
level,24,trials,leaky,110.48022699356079,6.9667253644288065,0.9854986504047853,3.0223750490518566,0.005000000000000002,485.0781735809787,4,978.1563471619575,True,475
level,24,trials,transient,40.55173707008362,2.853074470169302,0.8270849719672583,2.4945392495787377,0.0,526.8022019991516,3,1059.6044039983033,True,116
level,25,brief,level,23.461738109588623,6.535290020585397,1.4388212098102773,2.965883726341499,0.0,541.6391228931631,3,1089.2782457863261,True,128
level,25,brief,leaky,118.29284811019897,6.535868645138469,1.4306509419061573,2.967356453788143,0.005000000000000002,541.6404516512818,4,1091.2809033025635,True,500
level,25,brief,transient,23.70060420036316,2.697369502408873,1.2422478955229823,1.9250170717162403,0.0,624.7277919171771,3,1255.4555838343542,True,184
level,24,roving_ramp,level,24.422215700149536,8.807962191741536,1.3094516522243074,2.7597832976205927,0.0,498.6715567612439,3,1003.3431135224878,True,144
level,24,roving_ramp,leaky,130.57889890670776,10.159561387101553,-5.0,5.756164408016478,1.3915034105253947,496.10337921499365,4,1000.2067584299873,True,580
level,24,roving_ramp,transient,34.93771409988403,2.965943627306685,1.0220204550915577,2.2386664562443546,0.0,554.8396670722071,3,1115.6793341444143,True,132
level,22,ramp,level,30.76062250137329,3.862480681556618,1.2549247603685731,2.8249128007055524,0.0,265.72810097778995,3,537.4562019555799,True,188
level,22,ramp,leaky,209.1194553375244,4.556946680549091,-3.1663765798258368,3.9366065472489304,1.627350015353562,265.2252130841121,4,538.4504261682242,True,615
level,22,ramp,transient,35.70531892776489,2.7030253566555893,1.0505062691252345,2.6246051870649256,0.0,283.16022961015415,3,572.3204592203083,True,304
level,27,roving_ramp,level,17.442941427230835,3.176951993862436,0.9799991496006781,3.03922878230551,0.0,516.126237495256,3,1038.252474990512,True,92
level,27,roving_ramp,leaky,86.306720495224,3.176576435750183,0.9718950845038055,3.0395665437147223,0.005000000000000002,516.1292014323127,4,1040.2584028646254,True,395
level,27,roving_ramp,transient,1.9714181423187256,0.3,30.0,15.0,0.0,726.846368992868,3,1459.692737985736,True,8
level,26,brief,level,29.549474716186523,1.8999754004518505,0.6852729094795822,3.7797149269292754,0.0,257.56405531456346,3,521.1281106291269,True,176
level,26,brief,leaky,133.77635645866394,1.8992545293334366,0.6753974774762418,3.7797781417190413,0.005000000000000002,257.5648945735574,4,523.1297891471148,True,575
level,26,brief,transient,2.0256574153900146,0.3,30.0,15.0,0.0,304.2710027985424,3,614.5420055970848,True,8
level,26,ramp,level,21.210838317871094,3.10523073357117,1.238462069488127,2.620989709816504,0.0,414.24648386009784,3,834.4929677201957,True,124
level,26,ramp,leaky,85.13131308555603,3.1057379172339643,1.2315373853032745,2.6213366755068863,0.005000000000000002,414.2479506608808,4,836.4959013217616,True,385
level,26,ramp,transient,50.330554723739624,2.8793147757562214,1.0076295978661585,2.384440844400656,0.0,443.2262803728854,3,892.4525607457708,True,284
level,26,roving,level,28.86050510406494,1.1840363235034488,0.5611313766764581,3.874284561907326,0.0,281.5889090440487,3,569.1778180880974,True,144
level,26,roving,leaky,134.17316961288452,1.1834051805759356,0.5512214531876608,3.873787136464157,0.005000000000000002,281.5899523442652,4,571.1799046885304,True,545
level,26,roving,transient,2.00781512260437,0.3,30.0,15.0,0.0,332.4243208903414,3,670.8486417806828,True,8
level,27,brief,level,29.055297136306763,3.3261438424724457,1.135551645101279,2.8943316184923122,0.0,384.97650515967615,3,775.9530103193523,True,120
level,27,brief,leaky,109.24970960617065,3.3263022272749905,1.1276071970705324,2.8953617273794228,0.005000000000000002,384.978470552903,4,777.956941105806,True,405
level,27,brief,transient,1.9889802932739258,0.3,30.0,15.0,0.0,510.8637299883127,3,1027.7274599766254,True,8
level,28,ramp,level,28.01280951499939,6.543971188226988,1.2580081764532025,2.532935414477293,0.0,416.01348206132246,3,838.0269641226449,True,148
level,28,ramp,leaky,54.50679349899292,6.534315481232457,0.14727609231308758,2.726780869106578,0.6743369229114449,415.957328229857,4,839.914656459714,True,325
level,28,ramp,transient,41.71089506149292,2.7714127430553934,1.1996574931566688,2.1025971454667287,0.0,437.9023932260709,3,881.8047864521418,True,120
level,24,brief,level,22.314536094665527,5.784442411241519,1.0776201856664467,2.6195500522092505,0.0,490.7038778391499,3,987.4077556782998,True,68
level,24,brief,leaky,222.4022467136383,6.696159563070774,-4.060685190203031,4.221113643423014,1.6554598264693943,489.46669629794684,4,986.9333925958937,True,855
level,24,brief,transient,29.91391348838806,2.9970669222893767,0.8331861422351626,2.709023736737477,0.0,504.4167338184809,3,1014.8334676369618,True,128
level,27,ramp,level,20.444634675979614,3.2712560997582845,1.1412589652698992,2.916378397966813,0.0,469.11004498675186,3,944.2200899735037,True,96
level,27,ramp,leaky,98.77973175048828,3.5396475645155214,-1.0240983174304057,3.3916642293144745,1.0241977950309815,468.88744846791116,4,945.7748969358223,True,420
level,27,ramp,transient,35.76752591133118,2.795900877205446,0.8485902569945805,2.552030087846394,0.0,523.6475658517477,3,1053.2951317034954,True,200
level,26,roving_ramp,level,16.65164279937744,3.784055708491596,1.1287673699984744,3.340540190545195,0.0,233.47841467983733,3,472.95682935967466,True,84
level,26,roving_ramp,leaky,174.8249294757843,4.390049741248496,-5.0,10.762520466990074,0.6668644270894113,230.67384054434146,4,469.3476810886829,True,465
level,26,roving_ramp,transient,1.952662706375122,0.3,30.0,15.0,0.0,304.20158323934345,3,614.4031664786869,True,8
level,28,roving,level,16.526637315750122,4.309263137906633,0.9966975710447018,2.8353447581132434,0.0,350.58474584609553,3,707.1694916921911,True,60
level,28,roving,leaky,111.02502059936523,4.310958300454095,0.9893658364751905,2.8355010589243235,0.005000000000000002,350.58594291159136,4,709.1718858231827,True,455
level,28,roving,transient,14.75779104232788,1.1143906646212622,1.1185143049139532,2.195421873176447,0.0,360.13619383024593,3,726.2723876604919,True,112
leaky,2,brief,level,2.005573034286499,0.3,30.0,15.0,0.0,172.8871571883788,3,351.7743143767576,True,8
leaky,2,brief,leaky,2.7838666439056396,0.3,30.0,15.0,4.999999999999999,172.8871571883788,4,353.7743143767576,True,10
leaky,2,brief,transient,1.9964087009429932,0.3,30.0,15.0,0.0,172.8871571883788,3,351.7743143767576,True,8
level,29,roving,level,16.10928773880005,4.9890499571788025,0.7408366387009253,3.1026303189714044,0.0,541.7759446960548,3,1089.5518893921096,True,68
level,29,roving,leaky,50.97796440124512,4.988098514299685,0.7304044557704753,3.1047399748105526,0.005999510640046415,541.7758831573975,4,1091.551766314795,True,60
level,29,roving,transient,46.672688484191895,2.5285932850506656,0.5750592784184603,3.1670243489699197,0.0,554.2761310961367,3,1114.5522621922735,True,228
leaky,2,trials,level,1.871133804321289,0.3,30.0,15.0,0.0,116.16667042753035,3,238.3333408550607,True,8
leaky,2,trials,leaky,2.629699945449829,0.3,30.0,15.0,4.999999999999999,116.16667042753035,4,240.3333408550607,True,10
leaky,2,trials,transient,1.8586633205413818,0.3,30.0,15.0,0.0,116.16667042753035,3,238.3333408550607,True,8
leaky,2,ramp,level,1.898111343383789,0.3,30.0,15.0,0.0,172.60572879538094,3,351.2114575907619,True,8
leaky,2,ramp,leaky,2.6568689346313477,0.3,30.0,15.0,4.999999999999999,172.60572879538094,4,353.2114575907619,True,10
leaky,2,ramp,transient,1.8409457206726074,0.3,30.0,15.0,0.0,172.60572879538094,3,351.2114575907619,True,8
leaky,2,roving,level,2.1150705814361572,0.3,30.0,15.0,0.0,247.98145066005213,3,501.96290132010427,True,8
leaky,2,roving,leaky,3.013331890106201,0.3,30.0,15.0,4.999999999999999,247.98145066005213,4,503.96290132010427,True,10
leaky,2,roving,transient,2.033344268798828,0.3,30.0,15.0,0.0,247.98145066005213,3,501.96290132010427,True,8
level,28,trials,level,26.00851535797119,5.559132507152504,0.9570233399933828,3.6338462818754356,0.0,227.98119485422518,3,461.96238970845036,True,168
level,28,trials,leaky,93.87066102027893,5.558707309214977,0.9472315694439043,3.634983678235419,0.005000000000000002,227.98400348094324,4,463.9680069618865,True,420
level,28,trials,transient,26.405505895614624,3.264028800996572,0.8763888192482348,3.161453340245126,0.0,239.61917973442368,3,485.23835946884736,True,112
level,27,roving,level,21.182773113250732,3.3579601041689955,1.0469276416137525,3.1820072667268406,0.0,411.90799898301077,3,829.8159979660215,True,112
level,27,roving,leaky,158.4993336200714,3.6748142246984314,-1.0307846109014454,3.8157467322371654,0.8616232653303384,411.1366870277394,4,830.2733740554788,True,600
level,27,roving,transient,1.9439282417297363,0.3,30.0,15.0,0.0,567.2011174534397,3,1140.4022349068794,True,8
leaky,1,brief,level,2.0256617069244385,0.3,30.0,15.0,0.0,257.4070306271283,3,520.8140612542566,True,8
leaky,1,brief,leaky,49.414681911468506,2.781807384344603,0.9460072384828988,4.560865882213149,0.005000000000000002,209.1036624746184,4,426.2073249492368,True,430
leaky,1,brief,transient,2.022050142288208,0.3,30.0,15.0,0.0,257.4070306271283,3,520.8140612542566,True,8
leaky,2,roving_ramp,level,2.014828681945801,0.3,30.0,15.0,0.0,266.72993964950575,3,539.4598792990115,True,8
leaky,2,roving_ramp,leaky,3.3018531799316406,0.3,30.0,15.0,4.999999999999999,266.72993964950575,4,541.4598792990115,True,10
leaky,2,roving_ramp,transient,1.9747505187988281,0.3,30.0,15.0,0.0,266.72993964950575,3,539.4598792990115,True,8
leaky,1,roving_ramp,level,2.0965864658355713,0.3,30.0,15.0,0.0,182.1691478391476,3,370.3382956782952,True,8
leaky,1,roving_ramp,leaky,28.236972332000732,3.4211410511398226,-1.0039474037550251,9.819964636858533,0.28073491390512517,138.87569328893602,4,285.75138657787204,True,250
leaky,1,roving_ramp,transient,2.0812387466430664,0.3,30.0,15.0,0.0,182.1691478391476,3,370.3382956782952,True,8
leaky,0,roving,level,29.588380813598633,3.174884755243941,1.344394255392592,3.121599163418871,0.0,388.38848131157073,3,782.7769626231415,True,184
leaky,0,roving,leaky,67.10766434669495,3.171857366788521,0.9616541742794271,3.1710663288513636,0.21551819922382237,388.36237479630194,4,784.7247495926039,True,255
leaky,0,roving,transient,2.0380594730377197,0.3,30.0,15.0,0.0,576.6410313512029,3,1159.2820627024057,True,8
leaky,0,brief,level,24.591570377349854,3.1650329977072413,1.2800866988902833,3.163377788936702,0.0,333.02069935507785,3,672.0413987101557,True,148
leaky,0,brief,leaky,97.23529100418091,3.1625969077935556,1.2705355399218976,3.164853573694639,0.005000000000000002,333.022403667202,4,674.044807334404,True,435
leaky,0,brief,transient,1.8832354545593262,0.3,30.0,15.0,0.0,445.14459771617055,3,896.2891954323411,True,8
level,29,roving_ramp,level,16.9265775680542,3.022342934546888,0.6384123576736046,3.0617676121537865,0.0,513.3440290237868,3,1032.6880580475736,True,88
level,29,roving_ramp,leaky,87.07181644439697,3.263397263861711,-1.7870445739890162,3.7088003708493282,1.0030819877801875,513.1704787812893,4,1034.3409575625785,True,550
level,29,roving_ramp,transient,29.38042187690735,0.3,0.4268960228407699,3.1254906462369423,0.0,521.0217896840686,3,1048.0435793681372,True,256
level,29,ramp,level,21.30824112892151,4.965976927923314,0.9521360703677209,2.5836963935132364,0.0,526.647830622696,3,1059.295661245392,True,128
level,29,ramp,leaky,85.51734733581543,5.144370321909371,-0.631233332378637,2.7899538442770973,0.9501996059401834,526.510237244086,4,1061.020474488172,True,380
level,29,ramp,transient,31.94993829727173,1.7982261522412184,0.6262077959831054,2.7227928948654347,0.0,545.1750621205887,3,1096.3501242411774,True,132
leaky,1,roving,level,14.999328851699829,3.6508642642143916,1.5179969377477265,3.2093988981564125,0.0,206.33802253800474,3,418.6760450760095,True,116
leaky,1,roving,leaky,67.1384208202362,3.8758819611242172,-0.1554190712652689,3.7135435504703853,0.7377169008104943,205.93712060062688,4,419.87424120125377,True,280
leaky,1,roving,transient,2.08817458152771,0.3,30.0,15.0,0.0,285.5043463854876,3,577.0086927709752,True,8
level,28,roving_ramp,level,52.05568242073059,9.035713000203321,3.424858382917171,1.1597302942059988,0.0,405.1589853718507,3,816.3179707437014,True,228
level,28,roving_ramp,leaky,97.20744395256042,9.16948792316359,2.47356947455123,1.0920479616884853,1.8814967122904949,405.1077056631849,4,818.2154113263698,True,270
level,28,roving_ramp,transient,35.57985472679138,1.845276194146904,1.415689191490759,1.856213792521939,0.0,413.0917463826197,3,832.1834927652394,True,124
level,28,brief,level,25.154410123825073,6.366089681326648,1.5200533393547804,2.2683127493340405,0.0,297.1009091314622,3,600.2018182629243,True,104
level,28,brief,leaky,119.90972924232483,6.363620581141054,1.5133281115372073,2.2690180003304223,0.005000000000000002,297.1010433193084,4,602.2020866386168,True,785
level,28,brief,transient,63.330321073532104,5.467150997129156,2.068947532504072,1.7522015797521286,0.0,297.8593048391765,3,601.718609678353,True,164
leaky,1,ramp,level,29.956388235092163,2.962396104805525,1.3474086579659312,3.3888317357146045,0.0,258.22784767544033,3,522.4556953508807,True,268
leaky,1,ramp,leaky,47.146214723587036,3.3637881875232893,-1.010720315773455,4.150478466794092,0.906303313043403,257.77360442176325,4,523.5472088435265,True,370
leaky,1,ramp,transient,2.288661003112793,0.3,30.0,15.0,0.0,351.00680296268274,3,708.0136059253655,True,8
leaky,6,brief,level,2.101116418838501,0.3,30.0,15.0,0.0,201.01572424885902,3,408.03144849771803,True,8
leaky,6,brief,leaky,2.9633376598358154,0.3,30.0,15.0,4.999999999999999,201.01572424885902,4,410.03144849771803,True,10
leaky,6,brief,transient,2.1006505489349365,0.3,30.0,15.0,0.0,201.01572424885902,3,408.03144849771803,True,8
level,29,brief,level,22.85525107383728,5.646364838453198,1.2238475439006813,2.1691667393722502,0.0,562.0275747727075,3,1130.055149545415,True,84
level,29,brief,leaky,145.38662767410278,5.595554012109826,-2.5799596634931183,3.584645663989036,1.4140754637147248,561.178899065275,4,1130.35779813055,True,470
level,29,brief,transient,39.9029860496521,0.9584257140307457,0.35045323291940483,3.507499007828719,0.0,574.2827055054776,3,1154.5654110109551,True,172
leaky,0,ramp,level,17.742697954177856,2.5894730016065344,1.2136200160336974,2.7708323284112195,0.0,465.5389257211662,3,937.0778514423324,True,88
leaky,0,ramp,leaky,103.07242822647095,3.0597177624939245,-2.4185341779970173,3.658374712982666,1.4870893792079192,464.4024794903685,4,936.804958980737,True,440
leaky,0,ramp,transient,14.285516738891602,1.8485814518895665,0.7506641937344828,2.6425363407419673,0.0,507.4948978242925,3,1020.989795648585,True,120
leaky,0,trials,level,18.821573734283447,2.7682880743559544,0.9729449500666655,4.034699417974079,0.0,319.46092002715756,3,644.9218400543151,True,80
leaky,0,trials,leaky,123.28645062446594,2.7677378565147457,0.9621589774406775,4.03570216003722,0.005000000000000002,319.4617861466259,4,646.9235722932518,True,610
leaky,0,trials,transient,1.8541228771209717,0.3,30.0,15.0,0.0,463.60565806250116,3,933.2113161250023,True,8
level,29,trials,level,16.951494216918945,4.839396549335038,1.275790925501679,2.098193574926363,0.0,511.7220735134435,3,1029.444147026887,True,80
level,29,trials,leaky,146.61455988883972,5.400165710867592,-2.1480866390785445,2.4382212106530368,2.2209950205596356,511.36795990168366,4,1030.7359198033673,True,615
level,29,trials,transient,35.75985622406006,1.5955377614891175,1.075519085642191,2.0093062069201,0.0,529.52168270486,3,1065.04336540972,True,136
leaky,0,roving_ramp,level,16.52878212928772,2.720900683410824,0.9087048893620464,4.035852544312098,0.0,416.4698772430048,3,838.9397544860096,True,80
leaky,0,roving_ramp,leaky,123.0424816608429,3.0170363225052403,-1.1585007549465212,5.4726531644369,0.5645516831755637,415.12325571902306,4,838.2465114380461,True,355
leaky,0,roving_ramp,transient,1.93843674659729,0.3,30.0,15.0,0.0,604.7193463180674,3,1215.4386926361349,True,8
leaky,3,trials,level,16.192688465118408,3.7652994029751072,0.6295624896697364,3.956592899318509,0.0,417.2682778312772,3,840.5365556625544,True,76
leaky,3,trials,leaky,67.84783792495728,3.805420603880339,-0.069917032761825,4.102906517405789,0.29976766204197786,417.06970861224687,4,842.1394172244937,True,430
leaky,3,trials,transient,9.6493239402771,2.5449261977998057,0.4898116136618694,3.61907872015094,0.0,440.5200603195852,3,887.0401206391704,True,84
leaky,6,trials,level,2.106269359588623,0.3,30.0,15.0,0.0,369.56661742388513,3,745.1332348477703,True,8
leaky,6,trials,leaky,27.654993534088135,2.6641049118561098,-0.3449006329027883,4.557716391835126,0.5371891979308666,261.695867467031,4,531.391734934062,True,270
leaky,6,trials,transient,1.753803014755249,0.3,30.0,15.0,0.0,369.56661742388513,3,745.1332348477703,True,8
leaky,3,roving,level,17.782593488693237,4.624813792821473,0.8499386974906075,3.4696791842813424,0.0,460.6577803996776,3,927.3155607993552,True,88
leaky,3,roving,leaky,71.09240365028381,4.760950294373294,-0.32628528543163826,3.72844334928508,0.5335770784988638,460.54197084916,4,929.08394169832,True,400
leaky,3,roving,transient,26.214157819747925,2.292332607842851,0.7694262008302039,2.7971597756345146,0.0,487.5463534984136,3,981.0927069968272,True,88
leaky,1,trials,level,9.448430061340332,4.1217627258265255,2.0493551566179353,2.4266069816250355,0.0,188.62080978100548,3,383.24161956201095,True,80
leaky,1,trials,leaky,145.39488077163696,4.67710142240128,-5.0,4.881524541433639,1.860864630416587,188.0009870158747,4,384.0019740317494,True,680
leaky,1,trials,transient,1.8125131130218506,0.3,30.0,15.0,0.0,247.64218652390886,3,501.2843730478177,True,8
leaky,6,ramp,level,1.868638515472412,0.3,30.0,15.0,0.0,426.062094809317,3,858.124189618634,True,8
leaky,6,ramp,leaky,32.45080375671387,4.327116010470301,-0.203774863597146,5.587777364742212,0.5605512655889071,304.40946390692034,4,616.8189278138407,True,310
leaky,6,ramp,transient,1.8702335357666016,0.3,30.0,15.0,0.0,426.062094809317,3,858.124189618634,True,8
leaky,5,brief,level,25.975419282913208,4.672363305279375,1.150195283841991,2.3597007999525528,0.0,657.2299717117857,3,1320.4599434235713,True,128
leaky,5,brief,leaky,35.43387222290039,4.629912952092374,0.613781242212365,2.4165132862862975,0.38313212374913813,657.2238173649124,4,1322.4476347298248,True,95
leaky,5,brief,transient,36.2794144153595,3.139234476164542,0.9819981520525789,2.211577904754796,0.0,682.2668047784719,3,1370.5336095569437,True,168
leaky,4,roving_ramp,level,15.873408794403076,5.099100693234793,1.458077790601942,3.7361928820289747,0.0,336.68192775657684,3,679.3638555131537,True,64
leaky,4,roving_ramp,leaky,94.67240524291992,5.099956952562064,1.4488763058255245,3.7355043529257346,0.005000000000000002,336.685539511296,4,681.371079022592,True,410
leaky,4,roving_ramp,transient,2.00691819190979,0.3,30.0,15.0,0.0,510.81572798818473,3,1027.6314559763696,True,8
leaky,4,trials,level,25.046558618545532,3.9337176289630995,1.1932181438622458,3.811507828447511,0.0,169.36089415490608,3,344.72178830981215,True,116
leaky,4,trials,leaky,98.49434161186218,3.9333306605507894,1.1828257875117152,3.8134609379611244,0.005000000000000002,169.36190094639616,4,346.7238018927923,True,455
leaky,4,trials,transient,1.8251307010650635,0.3,30.0,15.0,0.0,228.8379452114574,3,463.6758904229148,True,8
leaky,4,roving,level,21.338101387023926,4.373603722525833,1.3315628654169192,3.3778655704735105,0.0,278.6753266155335,3,563.350653231067,True,116
leaky,4,roving,leaky,111.89389514923096,5.156226326646857,-4.999921182740366,8.21058873978158,0.9524065496939563,276.5326009948802,4,561.0652019897605,True,510
leaky,4,roving,transient,1.971271276473999,0.3,30.0,15.0,0.0,398.0740336033057,3,802.1480672066114,True,8
leaky,6,roving_ramp,level,13.649972915649414,2.651041082621977,1.4075996926820167,3.1412926569718977,0.0,370.0051247881556,3,746.0102495763113,True,112
leaky,6,roving_ramp,leaky,47.740665674209595,2.6511750961533127,1.3992411391991708,3.1402986112168443,0.005411025692252453,370.00692680828905,4,748.0138536165781,True,340
leaky,6,roving_ramp,transient,1.966782808303833,0.3,30.0,15.0,0.0,520.249308288579,3,1046.498616577158,True,8
leaky,3,roving_ramp,level,21.473191261291504,5.152857986777144,1.0120528148295604,3.6124178378434473,0.0,383.90112220125627,3,773.8022444025125,True,108
leaky,3,roving_ramp,leaky,102.98211455345154,5.152405393601908,1.0025713228643858,3.6127072813630168,0.005000000000000002,383.9037387246937,4,775.8074774493874,True,370
leaky,3,roving_ramp,transient,25.555002212524414,1.9272272881008707,1.0394144106016872,2.271281370648558,0.0,431.53709495895663,3,869.0741899179133,False,208
leaky,4,ramp,level,21.36565637588501,5.31415191987369,1.6361918159213367,3.3309345595346214,0.0,566.1011942487522,3,1138.2023884975044,True,96
leaky,4,ramp,leaky,85.24201011657715,5.317267660449288,1.6278110913078838,3.332556806092931,0.005252674750186297,566.1021406360783,4,1140.2042812721565,True,380
leaky,4,ramp,transient,34.37962079048157,3.727692767625855,0.9704210601925181,2.270005968505658,0.0,681.0499728189353,3,1368.0999456378706,True,128
leaky,6,roving,level,25.004810571670532,2.3408614906605463,1.1578759658979745,3.677824283763967,0.0,363.62846625877546,3,733.2569325175509,True,208
leaky,6,roving,leaky,64.48627042770386,2.340531116365342,1.1480041020798892,3.6786706285518656,0.005000000000000002,363.6293927938591,4,735.2587855877182,True,500
leaky,6,roving,transient,1.9380989074707031,0.3,30.0,15.0,0.0,510.80489420343724,3,1027.6097884068745,True,8
leaky,3,brief,level,39.13333821296692,4.807114321805629,1.3241698612800294,2.4335336431892256,0.0,417.10370158019856,3,840.2074031603971,True,200
leaky,3,brief,leaky,117.17651653289795,5.037925096466518,-0.9257639558620614,2.8289440405771047,1.2655653810445273,416.86303124850605,4,841.7260624970121,True,550
leaky,3,brief,transient,12.056906938552856,3.1138946362011657,1.4168137762073478,1.9695897747104398,0.0,438.78678218766316,3,883.5735643753263,True,92
leaky,5,roving,level,20.18962001800537,4.889125312475161,1.164522646680585,2.635545169071656,0.0,570.630562827875,3,1147.26112565575,True,96
leaky,5,roving,leaky,114.44278860092163,4.888232846298965,1.1573112398472085,2.635911603621008,0.005000000000000002,570.6310895244915,4,1149.262179048983,True,455
leaky,5,roving,transient,10.969475984573364,2.0594748513428844,0.8569819185063137,2.3496315893921915,0.0,613.0517609107425,3,1232.103521821485,True,84
leaky,5,trials,level,15.33574891090393,4.088769533408756,1.0199773917295263,2.725965322576875,0.0,400.40458359479106,3,806.8091671895821,True,68
leaky,5,trials,leaky,116.16730260848999,4.703493635964311,-4.239796771754117,4.733275812892941,1.4747251030024062,399.16075982602945,4,806.3215196520589,True,600
leaky,5,trials,transient,11.889472246170044,2.3863212284595545,0.7296863319108676,2.881609056040867,0.0,418.8190661624145,3,843.638132324829,True,104
leaky,3,ramp,level,21.577864408493042,4.427041446368351,0.8659668429826812,3.54386228446874,0.0,471.60082140365483,3,949.2016428073097,True,96
leaky,3,ramp,leaky,122.08142137527466,5.378452276231287,-5.0,6.984304350780252,1.0762779722627627,468.2909783370032,4,944.5819566740064,True,535
leaky,3,ramp,transient,52.35824704170227,3.682787739954992,0.7710509046597253,2.8605037392848587,0.0,517.7821869807892,3,1041.5643739615784,True,316
leaky,7,brief,level,26.0653076171875,8.371104477467467,1.6625036177020938,3.2167998385406618,0.0,437.2954425833964,3,880.5908851667928,True,140
leaky,7,brief,leaky,62.581414222717285,8.60320873217801,0.4220170254328403,3.5352589189360026,0.5899962056405667,437.10031177149483,4,882.2006235429897,True,245
leaky,7,brief,transient,25.10049295425415,11.146739933912109,6.348820207141223,0.8440438140263207,0.0,525.1197163877653,3,1056.2394327755305,True,188
leaky,8,trials,level,24.787675857543945,4.97332609204369,1.5991631206384025,2.1239705310265866,0.0,299.30096399566105,3,604.6019279913221,True,124
leaky,8,trials,leaky,38.72064661979675,4.972450359567107,1.5920208675658587,2.1243028261516335,0.005999076198426917,299.3012548868541,4,606.6025097737082,True,100
leaky,8,trials,transient,18.08347725868225,2.601366523860961,1.6069271425130036,1.8269364791872005,0.0,312.55451787691857,3,631.1090357538371,True,156
leaky,4,brief,level,21.57457399368286,4.53827614351336,1.2597505371681106,3.5373600686252007,0.0,319.67819393683544,3,645.3563878736709,True,112
leaky,4,brief,leaky,182.86222910881042,5.17927390531721,-3.5826921604667104,7.452437574441698,0.8297107444847821,317.27082004302605,4,642.5416400860521,True,470
leaky,4,brief,transient,1.9860880374908447,0.3,30.0,15.0,0.0,445.1670153168799,3,896.3340306337598,True,8
leaky,7,trials,level,21.331141233444214,7.563169200606883,1.4994009331739377,3.0433164145961498,0.0,426.4096923775896,3,858.8193847551792,True,128
leaky,7,trials,leaky,84.21707510948181,7.5440441842213275,1.2474406441671873,3.0770455247506585,0.14531164410428543,426.4057198792791,4,860.8114397585582,True,340
leaky,7,trials,transient,8.679702520370483,3.4664263273008316,1.2189854390385249,2.073784613454377,0.0,508.02973759698057,3,1022.0594751939611,True,72
leaky,5,roving_ramp,level,15.864243745803833,4.19111709892777,0.8698516385885421,2.8866475444652617,0.0,643.1370012326142,3,1292.2740024652285,True,64
leaky,5,roving_ramp,leaky,114.68114566802979,4.6326502374428555,-1.963808274172282,3.6817250405771076,1.1570121188929692,642.3342598255524,4,1292.6685196511048,True,450
leaky,5,roving_ramp,transient,37.78498148918152,2.5388513490807947,0.7594464484645104,2.4375922688025558,0.0,683.6993498528589,3,1373.3986997057177,True,188
leaky,5,ramp,level,15.113722562789917,4.339161478877532,1.2701809961405344,2.1076000441166136,0.0,770.2509409679506,3,1546.501881935901,True,68
leaky,5,ramp,leaky,152.41301560401917,4.726670647341271,-1.854710652119336,2.490592640174099,1.968310022710465,770.0449961511458,4,1548.0899923022916,True,695
leaky,5,ramp,transient,22.463789701461792,3.3845750412828854,1.135495700816744,1.8230258571274507,0.0,821.6911954434622,3,1649.3823908869244,True,84
leaky,8,roving,level,22.51097798347473,4.1386618314303565,0.7157682390945846,3.802018320029633,0.0,385.7185060381902,3,777.4370120763804,True,116
leaky,8,roving,leaky,86.44560432434082,4.132001553627476,0.5806332514441078,3.8265677959821476,0.06453599089842744,385.71674706852616,4,779.4334941370523,True,305
leaky,8,roving,transient,11.768840551376343,2.090830705642275,0.5691458956941997,3.4560744175490807,0.0,403.6119518579251,3,813.2239037158502,True,92
leaky,9,roving,level,22.481290817260742,7.004251836286042,1.2529359302685523,3.7017498457761304,0.0,675.1335749239548,3,1356.2671498479096,True,108
leaky,9,roving,leaky,58.00268268585205,7.259017183988746,0.06251786203900962,4.0203788249741255,0.5046082009857311,674.1232715503163,4,1356.2465431006326,True,245
leaky,9,roving,transient,16.603650093078613,2.252781372953563,1.0716511920820144,1.89997690209501,0.0,821.417715285014,3,1648.835430570028,True,132
leaky,8,brief,level,20.664230346679688,6.597721545703945,1.6430968643454917,2.3034906252850043,0.0,291.18535644313306,3,588.3707128862661,True,84
leaky,8,brief,leaky,101.67364811897278,6.596931974099105,1.6366205265679714,2.3040509920987233,0.005000000000000002,291.1865034796931,4,590.3730069593862,True,385
leaky,8,brief,transient,19.584530353546143,3.9070468668763927,2.3533119682814854,1.4939926711447546,0.0,303.3776450100563,3,612.7552900201126,True,148
leaky,7,ramp,level,18.003547430038452,7.176762654004127,1.6375458972979202,2.9007272975140257,0.0,644.2803832664509,3,1294.5607665329019,True,68
leaky,7,ramp,leaky,107.2622811794281,7.891693744346753,-1.2660664840753908,3.6699301621346834,1.2211060653666366,643.311654914066,4,1294.623309828132,False,600
leaky,7,ramp,transient,30.591168880462646,4.482986350855209,1.228786051626423,1.8322977141442405,0.0,816.2405115234084,3,1638.4810230468167,True,128
leaky,7,roving_ramp,level,26.7603816986084,6.374848577917429,1.3831677581663124,2.837166751837267,0.0,651.3029620940746,3,1308.6059241881492,True,116
leaky,7,roving_ramp,leaky,84.94545459747314,6.700161207603914,-0.48825903342870625,3.2590762689258073,0.929231340508423,650.803807274711,4,1309.607614549422,True,390
leaky,7,roving_ramp,transient,36.98422050476074,3.4633603552698937,1.167046752458149,1.9253292819091388,0.0,765.1724334609208,3,1536.3448669218417,True,184
leaky,10,ramp,level,18.55222249031067,4.765126308278965,1.6938502268346562,2.208727246797709,0.0,430.3368670957746,3,866.6737341915492,True,108
leaky,10,ramp,leaky,36.477264404296875,4.764354607775592,1.6866302044018382,2.2088170067334656,0.005999437192011352,430.3372116785147,4,868.6744233570294,True,70
leaky,10,ramp,transient,13.31884765625,2.418054785868042,1.286554427344644,1.9169834339064085,0.0,484.8644102673733,3,975.7288205347465,True,108
leaky,11,brief,level,23.807600498199463,2.97514222393647,0.9862496122109485,3.668529501082956,0.0,283.1192715025451,3,572.2385430050902,True,92
leaky,11,brief,leaky,35.10011267662048,3.0294547750452065,0.26723710076091817,3.7299719856866735,0.34995788695058067,283.1066042392863,4,574.2132084785726,True,105
leaky,11,brief,transient,1.9965384006500244,0.3,30.0,15.0,0.0,360.65055868717104,3,727.3011173743421,True,8
leaky,7,roving,level,27.404777765274048,8.548159337333733,1.853503546093931,3.0783407998803844,0.0,348.19404573037286,3,702.3880914607457,True,160
leaky,7,roving,leaky,139.23354363441467,9.068590943983676,-0.296710470945546,3.7700275770578067,0.8986343782274473,347.5732119665558,4,703.1464239331116,True,650
leaky,7,roving,transient,10.646688461303711,4.022314032815191,1.175896437438713,2.4396843629549365,0.0,414.78092969575306,3,835.5618593915061,True,80
leaky,9,ramp,level,31.212846040725708,6.611629056233475,1.2867360358827482,3.3899720625425083,0.0,806.1154500602995,3,1618.230900120599,True,196
leaky,9,ramp,leaky,55.345426082611084,6.79754214862973,0.155603851494856,3.6067388823182505,0.5433681123946176,805.9562222226621,4,1619.9124444453241,True,245
leaky,9,ramp,transient,29.40705633163452,3.8563717108854125,1.00801256142311,1.867162336282387,0.0,1012.698575367291,3,2031.397150734582,True,168
leaky,9,trials,level,19.37770652770996,7.7000523230162585,1.5212799024435357,3.4582130522758336,0.0,393.0348158469018,3,792.0696316938036,True,132
leaky,9,trials,leaky,97.172532081604,7.702230057300917,1.5130016322209292,3.4585133964101424,0.005000000000000002,393.03787534904626,4,794.0757506980925,True,370
leaky,9,trials,transient,9.216839790344238,13.373041426666088,11.091025511886247,0.5,0.0,510.402304231385,3,1026.80460846277,True,80
leaky,9,brief,level,19.655168056488037,6.70621985384348,1.2550119945699907,3.5561279138772828,0.0,573.945598611465,3,1153.89119722293,True,128
leaky,9,brief,leaky,94.3369688987732,6.708408517169201,1.2459394882159345,3.5575590730386857,0.005000000000000002,573.9522383175934,4,1155.9044766351867,True,425
leaky,9,brief,transient,26.366435050964355,2.6409789851008583,1.0853435573392272,2.050444134217645,0.0,670.9363934537192,3,1347.8727869074385,True,220
leaky,9,roving_ramp,level,25.485024452209473,7.192961208663498,1.3425472809613475,3.487380021741955,0.0,744.4119278209535,3,1494.823855641907,True,124
leaky,9,roving_ramp,leaky,50.42148160934448,7.541176099048251,-0.15179485137742274,3.880730795736513,0.6433203420970578,743.5765895355682,4,1495.1531790711365,True,190
leaky,9,roving_ramp,transient,46.227086544036865,2.599348638617572,1.195056212828196,1.707977257364366,0.0,942.4838945534767,3,1890.9677891069534,True,180
leaky,8,ramp,level,30.55998182296753,4.3594249964335985,1.2713868236604269,2.5500603210865878,0.0,413.3600187653615,3,832.720037530723,True,136
leaky,8,ramp,leaky,101.26534008979797,4.595311415994639,-1.0305699295419022,2.998447055705789,1.2141887560175226,413.1086147970123,4,834.2172295940246,True,450
leaky,8,ramp,transient,33.221386432647705,3.0825184633418536,1.1009331125816697,2.244966696098728,0.0,442.3457624320886,3,890.6915248641772,True,160
leaky,8,roving_ramp,level,17.627809047698975,6.831494896517627,1.844007025290793,2.0006574567292703,0.0,370.8091946244707,3,747.6183892489414,True,92
leaky,8,roving_ramp,leaky,99.5178816318512,6.832095551556783,1.838994153972276,2.000407953433931,0.005000000000000002,370.80987805290766,4,749.6197561058153,True,430
leaky,8,roving_ramp,transient,43.801520586013794,4.164911922382926,2.0855661359742736,1.5296298099602357,0.0,402.32687359468116,3,810.6537471893623,True,136
leaky,11,ramp,level,21.579965591430664,3.2954547242403804,1.0745620787743506,3.6055012558497,0.0,516.4317379741753,3,1038.8634759483507,True,136
leaky,11,ramp,leaky,46.32918453216553,3.360179017585515,0.27522095304599364,3.782911999616812,0.3713610999232696,516.3525380742644,4,1040.7050761485289,True,240
leaky,11,ramp,transient,26.75326180458069,1.9888422816746971,0.7122797565796081,2.605544374779726,0.0,580.4449819897102,3,1166.8899639794204,True,152
leaky,11,roving,level,21.444664001464844,3.0666475668981206,0.8768193229303604,4.018653499680997,0.0,355.43235045668877,3,716.8647009133775,True,120
leaky,11,roving,leaky,101.12800621986389,3.4541698476958635,-2.5025329897034307,6.7121240742188295,0.6814749132214447,354.50753224609815,4,717.0150644921963,True,420
leaky,11,roving,transient,2.037496566772461,0.3,30.0,15.0,0.0,492.00040288056675,3,990.0008057611335,True,8
leaky,11,roving_ramp,level,14.73324990272522,3.42829808561953,1.070422910501212,3.6117448938731354,0.0,396.21812137833587,3,798.4362427566717,True,64
leaky,11,roving_ramp,leaky,81.5666356086731,3.4277493551093814,1.0611152051596462,3.6112063263737073,0.005000000000000002,396.22388516436274,4,800.4477703287255,True,370
leaky,11,roving_ramp,transient,1.9473552703857422,0.3,30.0,15.0,0.0,576.5186095835371,3,1159.0372191670742,True,8
leaky,10,roving_ramp,level,20.662169456481934,4.524214047774608,1.1107101749583714,3.21541324185569,0.0,339.95162691656867,3,685.9032538331373,True,100
leaky,10,roving_ramp,leaky,84.31870603561401,4.772205218481542,-0.6223732103771613,3.6842490078255135,0.7640904938064397,339.3545211441174,4,686.7090422882349,True,330
leaky,10,roving_ramp,transient,35.49380707740784,4.038882546066752,1.441795481027972,2.107368161903874,0.0,376.76642047817654,3,759.5328409563531,True,132
leaky,10,brief,level,31.701873302459717,3.314541680570718,0.34956306620328925,8.228149750949578,0.0,232.95853322369155,3,471.9170664473831,True,176
leaky,10,brief,leaky,122.28317070007324,3.793467609641215,-1.6742803150501069,15.0,0.1792491798933707,229.76430375362327,4,467.52860750724653,True,275
leaky,10,brief,transient,27.130948305130005,2.9666927002859897,1.1740092155857835,2.684937477430308,0.0,243.54277930385092,3,493.08555860770184,True,212
leaky,10,roving,level,32.972370624542236,5.488784204307301,1.886177930210372,2.2036215879911856,0.0,257.1392512371873,3,520.2785024743746,True,148
leaky,10,roving,leaky,100.80214214324951,5.488163641657886,1.880657617582573,2.2031231033875,0.005000000000000002,257.1397815699169,4,522.2795631398338,True,425
leaky,10,roving,transient,41.15537452697754,18.23294516979317,8.743929787372354,0.8610557552636745,0.0,272.447249425728,3,550.894498851456,True,320
leaky,13,brief,level,19.313995361328125,6.1310966357653705,1.4425138859504052,2.5942978695620336,0.0,436.8686948691651,3,879.7373897383302,True,72
leaky,13,brief,leaky,54.421061515808105,6.099970584636755,1.0496938501051036,2.6258251487845756,0.26584355470831994,436.8618383660662,4,881.7236767321324,True,330
leaky,13,brief,transient,14.68983268737793,2.9000479394931644,1.069851219844723,2.3677994877453616,0.0,470.8648291476673,3,947.7296582953346,True,116
leaky,10,trials,level,22.39366388320923,4.6381238654636405,1.6729406488011265,2.250498320207979,0.0,243.204230953368,3,492.408461906736,True,64
leaky,10,trials,leaky,138.42465567588806,4.954861421524736,-2.606034819402785,3.3090957850798217,1.8295647594386353,242.95966179212897,4,493.91932358425794,True,590
leaky,10,trials,transient,16.500986576080322,3.186086694030456,1.7671939801631047,1.8594499770469117,0.0,254.88074835275313,3,515.7614967055063,True,140
leaky,14,brief,level,16.694518327713013,4.555760568183857,1.5295287984698456,3.0875697967677076,0.0,670.7583913173258,3,1347.5167826346517,True,72
leaky,14,brief,leaky,59.92369294166565,4.660899380543006,0.3920492012460188,3.3350906161048637,0.577874478681063,670.4580128960362,4,1348.9160257920723,True,245
leaky,14,brief,transient,1.929582118988037,0.3,30.0,15.0,0.0,1074.3803605871299,3,2154.7607211742597,True,8
leaky,16,brief,level,2.1170647144317627,0.3,30.0,15.0,0.0,69.5581255657742,3,145.1162511315484,True,8
leaky,16,brief,leaky,2.8686044216156006,0.3,30.0,15.0,4.999999999999999,69.5581255657742,4,147.1162511315484,True,10
leaky,16,brief,transient,2.0745105743408203,0.3,30.0,15.0,0.0,69.5581255657742,3,145.1162511315484,True,8
leaky,11,trials,level,24.87452268600464,3.8498226606226895,1.319987373020331,3.2279781259432827,0.0,235.1021840004107,3,476.2043680008214,True,116
leaky,11,trials,leaky,125.84329152107239,4.067439721832246,-0.7555762915839542,4.178116129460149,0.750906163755657,234.62956888016896,4,477.2591377603379,True,600
leaky,11,trials,transient,1.809183120727539,0.3,30.0,15.0,0.0,322.7074787871953,3,651.4149575743907,True,8
leaky,16,roving,level,1.9824800491333008,0.3,30.0,15.0,0.0,107.09968873557811,3,220.19937747115623,True,8
leaky,16,roving,leaky,2.814821720123291,0.3,30.0,15.0,4.999999999999999,107.09968873557811,4,222.19937747115623,True,10
leaky,16,roving,transient,1.9993586540222168,0.3,30.0,15.0,0.0,107.09968873557811,3,220.19937747115623,True,8
leaky,16,trials,level,1.8420593738555908,0.3,30.0,15.0,0.0,41.045292493966755,3,88.09058498793351,True,8
leaky,16,trials,leaky,2.575845718383789,0.3,30.0,15.0,4.999999999999999,41.045292493966755,4,90.09058498793351,True,10
leaky,16,trials,transient,1.8267600536346436,0.3,30.0,15.0,0.0,41.045292493966755,3,88.09058498793351,True,8
leaky,16,ramp,level,1.934309720993042,0.3,30.0,15.0,0.0,88.11468989153815,3,182.2293797830763,True,8
leaky,16,ramp,leaky,2.625483989715576,0.3,30.0,15.0,4.999999999999999,88.11468989153815,4,184.2293797830763,True,10
leaky,16,ramp,transient,1.938225269317627,0.3,30.0,15.0,0.0,88.11468989153815,3,182.2293797830763,True,8
leaky,16,roving_ramp,level,1.997582197189331,0.3,30.0,15.0,0.0,107.033852658994,3,220.067705317988,True,8
leaky,16,roving_ramp,leaky,2.822706699371338,0.3,30.0,15.0,4.999999999999999,107.033852658994,4,222.067705317988,True,10
leaky,16,roving_ramp,transient,2.039090156555176,0.3,30.0,15.0,0.0,107.033852658994,3,220.067705317988,True,8
leaky,12,trials,level,19.45281958580017,3.95607096505373,1.3629347330856014,2.902945890890811,0.0,297.02640995085943,3,600.0528199017189,True,104
leaky,12,trials,leaky,95.49112057685852,4.267644847278535,-1.435412926104041,3.960689441280645,1.041251974230057,296.45390745987737,4,600.9078149197547,True,435
leaky,12,trials,transient,1.8234004974365234,0.3,30.0,15.0,0.0,416.6654327138557,3,839.3308654277114,True,8
leaky,14,roving,level,18.83071994781494,4.442832408548649,1.3635162167547663,3.61940507632397,0.0,825.089703064348,3,1656.179406128696,True,116
leaky,14,roving,leaky,76.31593871116638,4.445847804607839,1.0500405777684154,3.6614985965834763,0.15584295383807675,825.0579748597045,4,1658.115949719409,True,270
leaky,14,roving,transient,1.8770356178283691,0.3,30.0,15.0,0.0,1459.3060757741569,3,2924.6121515483137,True,8
leaky,12,roving_ramp,level,15.75319790840149,4.1678437163384086,1.2565054043102826,2.986509253165013,0.0,581.0193649765458,3,1168.0387299530917,True,64
leaky,12,roving_ramp,leaky,88.61189579963684,4.554351031772294,-1.255022612926893,3.8615780459366253,0.9874891296060444,579.9964894017589,4,1167.9929788035179,True,380
leaky,12,roving_ramp,transient,10.709695816040039,3.2122538572050536,0.9888166116100787,2.333548701986729,0.0,651.3457792003717,3,1308.6915584007434,True,84
leaky,13,roving_ramp,level,19.08511519432068,6.096661212823699,1.1389227149149002,3.421934504603237,0.0,560.3278433266171,3,1126.6556866532342,True,68
leaky,13,roving_ramp,leaky,82.04412174224854,6.60677449669408,-1.1828096930944612,4.202010543762845,0.8582107437513735,559.49838345873,4,1126.99676691746,True,305
leaky,13,roving_ramp,transient,9.213073015213013,3.506052083550966,1.0998111729609659,2.11584219512846,0.0,665.8993200059598,3,1337.7986400119196,True,72
leaky,13,roving,level,17.78049349784851,5.862431908529805,1.3794753067791985,2.7477764127692668,0.0,457.872612094435,3,921.74522418887,True,64
leaky,13,roving,leaky,86.9754011631012,5.861681104596047,1.3720804349301334,2.7480109769654155,0.005000000000000002,457.87528045216163,4,923.7505609043233,True,345
leaky,13,roving,transient,17.42731213569641,2.9281067988814673,1.1872754431189232,2.134278294421977,0.0,508.5441197977655,3,1023.088239595531,True,136
leaky,15,roving,level,16.353062868118286,3.138245237594121,0.8662178462249926,2.578718740479705,0.0,630.1702728136474,3,1266.340545627295,True,64
leaky,15,roving,leaky,36.148335695266724,3.133842626483639,0.36918217971669287,2.607950204641783,0.34431000647974325,630.1597709121459,4,1268.3195418242917,True,95
leaky,15,roving,transient,14.133460521697998,1.2687163149115808,0.6724646495704142,2.48594916990703,0.0,643.9484627836911,3,1293.8969255673821,True,108
leaky,14,ramp,level,13.271801948547363,3.229315961238208,1.0523990677437751,3.2290991630547348,0.0,784.0641672753688,3,1574.1283345507377,True,64
leaky,14,ramp,leaky,80.76949381828308,3.2310823342010546,1.0448934468286737,3.2287656628802552,0.005000000000000002,784.0695821101783,4,1576.1391642203566,True,355
leaky,14,ramp,transient,8.83223032951355,1.8732082603590288,0.5504132698092123,2.5063306223405264,0.0,884.0006952314444,3,1774.0013904628888,True,76
leaky,14,trials,level,13.832483291625977,3.5069031924275818,1.0757355748023023,3.577637674998642,0.0,526.0552999964675,3,1058.110599992935,True,76
leaky,14,trials,leaky,92.43283128738403,3.508694782717348,1.0671566156085628,3.57761853614921,0.005000000000000002,526.0595145423316,4,1060.1190290846632,True,375
leaky,14,trials,transient,1.7495932579040527,0.3,30.0,15.0,0.0,857.9877044982744,3,1721.9754089965488,True,8
leaky,13,trials,level,17.986767768859863,7.216281230832868,1.5945575021653755,2.787291957261524,0.0,364.77509110035277,3,735.5501822007055,True,104
leaky,13,trials,leaky,106.0779173374176,7.2169083009528,1.587375959186622,2.78712747347582,0.005000000000000002,364.77595594831257,4,737.5519118966251,True,465
leaky,13,trials,transient,15.626539945602417,4.134815336644772,1.5642771010717957,1.8837475390310119,0.0,429.86289362492005,3,865.7257872498401,True,132
leaky,19,brief,level,1.933424711227417,0.3,30.0,15.0,0.0,200.94880479388286,3,407.8976095877657,True,8
leaky,19,brief,leaky,2.6579668521881104,0.3,30.0,15.0,4.999999999999999,200.94880479388286,4,409.8976095877657,True,10
leaky,19,brief,transient,1.9149222373962402,0.3,30.0,15.0,0.0,200.94880479388286,3,407.8976095877657,True,8
leaky,19,roving,level,1.9713306427001953,0.3,30.0,15.0,0.0,247.89553041339738,3,501.79106082679476,True,8
leaky,19,roving,leaky,2.7525970935821533,0.3,30.0,15.0,4.999999999999999,247.89553041339738,4,503.79106082679476,True,10
leaky,19,roving,transient,1.982205867767334,0.3,30.0,15.0,0.0,247.89553041339738,3,501.79106082679476,True,8
leaky,14,roving_ramp,level,20.42349672317505,4.5528582926566585,1.4677538015968414,3.3758160057010715,0.0,666.0712356255127,3,1338.1424712510254,True,124
leaky,14,roving_ramp,leaky,78.78798818588257,4.95322428963425,-1.2016429338461425,4.389465032045366,0.9169074807682888,665.4945033240355,4,1338.989006648071,True,345
leaky,14,roving_ramp,transient,1.7900869846343994,0.3,30.0,15.0,0.0,1158.6707244626864,3,2323.341448925373,True,8
leaky,19,trials,level,1.7883305549621582,0.3,30.0,15.0,0.0,106.74234051252981,3,219.48468102505961,True,8
leaky,19,trials,leaky,2.5579395294189453,0.3,30.0,15.0,4.999999999999999,106.74234051252981,4,221.48468102505961,True,10
leaky,19,trials,transient,1.8053381443023682,0.3,30.0,15.0,0.0,106.74234051252981,3,219.48468102505961,True,8
leaky,19,ramp,level,1.8278346061706543,0.3,30.0,15.0,0.0,191.35396777435966,3,388.7079355487193,True,8
leaky,19,ramp,leaky,2.600492238998413,0.3,30.0,15.0,4.999999999999999,191.35396777435966,4,390.7079355487193,True,10
leaky,19,ramp,transient,1.9085774421691895,0.3,30.0,15.0,0.0,191.35396777435966,3,388.7079355487193,True,8
leaky,13,ramp,level,29.48848605155945,6.6722360644390895,1.5176186358227703,2.8793870356812956,0.0,558.781621626534,3,1123.563243253068,True,112
leaky,13,ramp,leaky,91.09027695655823,6.670790703931963,1.509815146942451,2.8795355476200997,0.005000000000000002,558.782682024481,4,1125.565364048962,True,415
leaky,13,ramp,transient,26.67434000968933,6.228345131665242,1.6436162866034454,1.695304789993911,0.0,684.7774649024327,3,1375.5549298048654,True,144
leaky,12,roving,level,22.967272520065308,4.384150440334271,1.3294414766783116,3.0149259661534744,0.0,497.8709842924611,3,1001.7419685849222,True,88
leaky,12,roving,leaky,140.7095296382904,4.648550509808785,-0.5167047426755981,3.514406932464687,0.8460554972700451,497.1793292774995,4,1002.358658554999,True,565
leaky,12,roving,transient,19.469239711761475,2.7309459376704623,0.9685578379937144,2.425927602364217,0.0,561.5907678379127,3,1129.1815356758254,True,160
leaky,12,brief,level,24.474982023239136,4.11557854736358,1.208655266251855,3.1693277212257565,0.0,427.3136803970681,3,860.6273607941362,True,156
leaky,12,brief,leaky,166.06159234046936,5.018600710351145,-5.0,7.426264570097007,1.0431246039737276,422.5961854839622,4,853.1923709679244,True,620
leaky,12,brief,transient,1.9635725021362305,0.3,30.0,15.0,0.0,604.8166837070594,3,1215.6333674141188,True,8
leaky,17,brief,level,25.154791116714478,3.8134633631125587,1.090984272324164,3.231142316098001,0.0,609.8625691080539,3,1225.7251382161078,True,160
leaky,17,brief,leaky,49.186028480529785,3.8314727730130573,0.5834380771415495,3.2836646145525505,0.28006163642039494,609.8282000023383,4,1227.6564000046767,True,305
leaky,17,brief,transient,1.9017224311828613,0.3,30.0,15.0,0.0,905.2682773620292,3,1816.5365547240583,True,8
leaky,17,roving,level,18.245635271072388,3.386039367328805,1.0825162068828404,3.1797622339421756,0.0,623.5655968772431,3,1253.1311937544863,True,104
leaky,17,roving,leaky,61.9285523891449,3.4861702414717057,0.010852920626486722,3.350345246709857,0.5554130722554085,623.2511225967557,4,1254.5022451935115,True,270
leaky,17,roving,transient,1.8557624816894531,0.3,30.0,15.0,0.0,980.3819883094502,3,1966.7639766189004,True,8
leaky,19,roving_ramp,level,1.934424877166748,0.3,30.0,15.0,0.0,285.44326050689176,3,576.8865210137835,True,8
leaky,19,roving_ramp,leaky,41.91835403442383,4.593897513789394,-5.0,10.44300027815522,0.8194078781634972,196.70662811218807,4,401.41325622437614,True,390
leaky,19,roving_ramp,transient,1.946948528289795,0.3,30.0,15.0,0.0,285.44326050689176,3,576.8865210137835,True,8
leaky,15,roving_ramp,level,23.375266313552856,2.466728434904367,1.0579951060230393,2.2231324647167097,0.0,535.6943599112138,3,1077.3887198224277,True,116
leaky,15,roving_ramp,leaky,36.2240469455719,2.451601839219125,0.5409730699382731,2.2528886910844697,0.408198014590418,535.674234716293,4,1079.348469432586,True,160
leaky,15,roving_ramp,transient,52.34126162528992,0.9889998393984187,0.8125842553505933,2.3576139252985624,0.0,541.447179846842,3,1088.894359693684,True,272
leaky,17,roving_ramp,level,18.936524391174316,3.844966207754403,1.1284483928860267,3.1816316349026437,0.0,580.1790689663833,3,1166.3581379327666,True,116
leaky,17,roving_ramp,leaky,55.93071007728577,3.9859478519213782,-0.16430186719220544,3.4351819829991053,0.6380725553544697,579.8540689552519,4,1167.7081379105039,True,235
leaky,17,roving_ramp,transient,16.20814871788025,2.5650085265730653,0.9232595989864959,2.3287043294566367,0.0,649.289529914471,3,1304.579059828942,True,136
leaky,15,brief,level,18.20810580253601,3.2734931220133827,0.807757742038467,2.9874508981918813,0.0,491.93207467317495,3,989.8641493463499,True,80
leaky,15,brief,leaky,106.43154549598694,3.274049217037037,0.8004171247015397,2.9864170628566047,0.005000000000000002,491.9343399653614,4,991.8686799307228,True,450
leaky,15,brief,transient,13.88168716430664,0.7552957236086983,0.7866978823937832,2.4431021781204008,0.0,506.12841776015114,3,1018.2568355203023,True,108
leaky,22,brief,level,2.0355401039123535,0.3,30.0,15.0,0.0,135.29809203927022,3,276.59618407854043,True,8
leaky,22,brief,leaky,2.7776119709014893,0.3,30.0,15.0,4.999999999999999,135.29809203927022,4,278.59618407854043,True,10
leaky,22,brief,transient,1.9664275646209717,0.3,30.0,15.0,0.0,135.29809203927022,3,276.59618407854043,True,8
leaky,17,ramp,level,19.87796664237976,3.3416785643251634,0.8359307640780325,4.26505261905878,0.0,624.9136228616227,3,1255.8272457232454,True,128
leaky,17,ramp,leaky,64.69313073158264,3.341410214366359,0.8227203901149007,4.265587102766778,0.005998202211411105,624.9161384955673,4,1257.8322769911347,True,70
leaky,17,ramp,transient,27.586166620254517,2.3010086919592854,0.4539718178665182,3.0911773148550075,0.0,714.447344124279,3,1434.894688248558,True,116
leaky,12,ramp,level,16.639709949493408,4.127557286570939,1.0746812634979164,3.320113135815911,0.0,711.1770998898529,3,1428.3541997797058,True,56
leaky,12,ramp,leaky,185.11876940727234,4.995779822770297,-3.62492533378879,5.167182420651845,1.2632944061215938,708.1550644630986,4,1424.3101289261972,True,485
leaky,12,ramp,transient,22.330727577209473,3.47881374928894,0.7300501995644149,2.4604605122234453,0.0,820.397264564782,3,1646.794529129564,True,92
leaky,17,trials,level,25.193325996398926,5.116395289432334,1.5283116676468378,3.35128007736886,0.0,403.13680233169447,3,812.2736046633889,True,144
leaky,17,trials,leaky,103.27123665809631,6.040309263670138,-3.273036798499311,5.634258632767222,1.167106665407213,401.34321909149304,4,810.6864381829861,True,460
leaky,17,trials,transient,1.7806525230407715,0.3,30.0,15.0,0.0,651.4332289021488,3,1308.8664578042976,True,8
leaky,15,ramp,level,20.35177445411682,3.573317179475592,0.7882026312954244,3.048091728223514,0.0,573.7669268447532,3,1153.5338536895065,True,60
leaky,15,ramp,leaky,106.17835545539856,4.237183086160789,-3.2221516855818786,4.245772932809139,1.3510584214875074,572.2195438922149,4,1152.4390877844298,True,510
leaky,15,ramp,transient,28.642672300338745,3.3865728410244444,0.7693040304778657,2.622059962275602,0.0,602.4138920404087,3,1210.8277840808173,True,92
leaky,18,trials,level,16.57408905029297,4.323069122448371,0.8685419534961821,2.917638850217506,0.0,406.31016016190455,3,818.6203203238091,True,88
leaky,18,trials,leaky,99.42758822441101,4.732644736328324,-1.9123269840773,3.7427317425136195,1.1137640556694899,405.8857126448311,4,819.7714252896621,True,485
leaky,18,trials,transient,15.72693133354187,1.8100674278852065,0.6172581402813788,2.989703263097213,0.0,423.51505368488205,3,853.0301073697641,True,136
leaky,20,roving,level,33.02847862243652,4.645519326187878,1.604105706837998,2.2062203967824243,0.0,327.9740498810584,3,661.9480997621168,True,180
leaky,20,roving,leaky,46.017653942108154,4.569554412978246,0.8745190154277875,2.28803607416913,0.5318668954068039,327.9048586401759,4,663.8097172803518,True,185
leaky,20,roving,transient,30.812346696853638,2.031884294289417,1.0777418454130037,2.4219622183998157,0.0,344.1027197640376,3,694.2054395280752,True,244
leaky,15,trials,level,34.72455453872681,5.079065920289218,1.3836778544740567,2.2121775575971507,0.0,366.76756538155786,3,739.5351307631157,True,96
leaky,15,trials,leaky,129.2224371433258,5.5467948670612,-4.383164070307018,3.967653385352013,1.9094516212111565,365.9010303926807,4,739.8020607853614,True,650
leaky,15,trials,transient,26.765411853790283,3.04098877330162,0.9811282495365306,2.4883059522629005,0.0,379.37507699521996,3,764.7501539904399,True,172
leaky,21,ramp,level,21.31382703781128,4.341580071448712,1.0762258595014538,3.1267784733776867,0.0,739.305741803742,3,1484.611483607484,True,108
leaky,21,ramp,leaky,35.5183310508728,4.39804423583805,0.3284498242525036,3.1955702582314762,0.4213255421885343,739.2778392605102,4,1486.5556785210204,True,200
leaky,21,ramp,transient,24.891051530838013,2.070211309520621,0.8033576828687465,2.05549795351814,0.0,871.9648122179191,3,1749.9296244358382,True,124
leaky,18,roving_ramp,level,18.90553855895996,5.5578293947011,1.1360882189867112,2.3166011493616603,0.0,594.1903313023457,3,1194.3806626046915,True,72
leaky,18,roving_ramp,leaky,78.94215869903564,5.558591065051934,1.1307715082989893,2.3153504066113246,0.005000000000000002,594.1913141221805,4,1196.382628244361,True,480
leaky,18,roving_ramp,transient,42.08247447013855,4.172466563242844,1.2210435467225642,2.024550697110673,0.0,611.3001889065429,3,1228.6003778130857,True,224
leaky,21,roving,level,13.869881868362427,3.8800860147914555,1.0605664359250138,3.033338215974129,0.0,753.0141095995324,3,1512.0282191990648,True,80
leaky,21,roving,leaky,82.71993255615234,4.183003681373739,-1.0838475186851626,3.6822931448147496,0.9094235705070793,751.9194924886829,4,1511.8389849773657,True,405
leaky,21,roving,transient,17.442763805389404,2.614117130288885,0.8004827095507363,2.355432370174118,0.0,831.7409330528604,3,1669.4818661057209,True,144
leaky,21,trials,level,18.45616602897644,4.17673254795947,1.2173907446781196,2.707741944873854,0.0,664.353360130734,3,1334.706720261468,True,84
leaky,21,trials,leaky,77.07939910888672,4.177817502845307,1.210806407176887,2.707312675430628,0.005000000000000002,664.3558840682625,4,1336.711768136525,True,325
leaky,21,trials,transient,13.44193434715271,2.132741548982684,0.924474294526056,2.077260609165974,0.0,749.8177914801945,3,1505.635582960389,True,120
leaky,22,trials,level,17.83250665664673,5.281656398393144,2.4712530792393532,3.0389479810016575,0.0,234.77647891413733,3,475.55295782827466,True,168
leaky,22,trials,leaky,64.85481357574463,6.256115201290883,-3.1180238380193193,5.741072543332445,1.3187951371603315,233.69656686674634,4,475.3931337334927,False,545
leaky,22,trials,transient,1.7797443866729736,0.3,30.0,15.0,0.0,350.9565508688117,3,707.9131017376234,True,8
leaky,18,brief,level,20.203256368637085,4.921822425768094,0.97976176331388,2.7462660768673994,0.0,482.7736130834586,3,971.5472261669172,True,116
leaky,18,brief,leaky,98.09301972389221,4.920417677114865,0.9725050912215987,2.7461994056658168,0.005000000000000002,482.77536311170564,4,973.5507262234113,True,395
leaky,18,brief,transient,61.37187314033508,2.092400000625968,0.899259739499424,2.4490806436744816,0.0,497.0967238048322,3,1000.1934476096644,True,328
leaky,18,roving,level,16.429238080978394,2.892985465937308,0.8533451966148221,2.461592644206444,0.0,607.6712484453429,3,1221.3424968906859,True,68
leaky,18,roving,leaky,152.8836214542389,3.459870946310733,-4.101985470056707,3.6435211874363502,1.8926950322639746,606.6188043828483,4,1221.2376087656967,True,675
leaky,18,roving,transient,13.322092533111572,0.3,0.5668811584404199,2.6036590513390023,0.0,616.3478555788736,3,1238.6957111577472,True,104
leaky,22,ramp,level,16.101470470428467,5.011106975167686,2.1507663429522683,3.767603520912149,0.0,335.90887222344537,3,677.8177444468907,True,148
leaky,22,ramp,leaky,51.948111057281494,5.495267071811379,-0.18737417030649905,5.0767626354533535,0.7136117447912728,335.22835736503777,4,678.4567147300755,True,390
leaky,22,ramp,transient,14.527715682983398,2.136821506258643,0.5924885700400948,3.459083832440082,0.0,401.8201045348444,3,809.6402090696888,True,128
leaky,18,ramp,level,21.609454870224,5.9500133274209315,1.724273568574119,1.6964980628472566,0.0,600.5657696123511,3,1207.1315392247022,True,120
leaky,18,ramp,leaky,111.5154390335083,6.486571239063831,-3.3967807635949505,2.3520873038624606,3.1449277830479363,599.907988631185,4,1207.81597726237,True,790
leaky,18,ramp,transient,41.71838927268982,3.5130319287506224,1.519269078526416,1.629635733575345,0.0,623.2213234843439,3,1252.4426469686878,True,212
leaky,21,brief,level,13.54789924621582,4.284342590882441,1.2709352252831636,2.767836123641787,0.0,662.1806551372492,3,1330.3613102744985,True,48
leaky,21,brief,leaky,110.84416508674622,4.899875209457796,-2.8703193722034457,4.100920697357834,1.4285299501020854,661.0698416380391,4,1330.1396832760781,True,495
leaky,21,brief,transient,16.922287464141846,2.2674600963093403,1.0870742628466694,1.9652220411481418,0.0,742.7443474909338,3,1491.4886949818676,True,136
leaky,20,roving_ramp,level,22.85098624229431,4.7504918600119685,1.4933560762213096,2.2398426913617313,0.0,356.44653963919865,3,718.8930792783973,True,84
leaky,20,roving_ramp,leaky,81.77939820289612,5.088396156953483,-1.506358549012319,2.733395128273838,1.6987463791118753,356.1897043146193,4,720.3794086292386,True,475
leaky,20,roving_ramp,transient,43.7240149974823,3.08870499585826,1.4028202405484405,2.021665199067256,0.0,374.961956790795,3,755.92391358159,True,164
leaky,20,brief,level,16.388399600982666,4.264992408438242,1.0688755590125032,2.681277012041958,0.0,454.13027984179587,3,914.2605596835917,True,60
leaky,20,brief,leaky,117.39769840240479,4.409385237591882,-0.4162093923208736,2.884178474769073,0.8680752915191094,453.99257444603387,4,915.9851488920677,True,510
leaky,20,brief,transient,30.07031512260437,0.40775960843427606,0.761714693332423,2.500228062926551,0.0,474.7246226607918,3,955.4492453215836,True,236
leaky,21,roving_ramp,level,22.29735803604126,4.313804500093047,1.0706552577867814,3.269630696676214,0.0,781.8401875773949,3,1569.6803751547898,True,124
leaky,21,roving_ramp,leaky,70.94273972511292,4.426154586907459,0.004601878321991581,3.479266275732132,0.5251961365252564,781.6190465844878,4,1571.2380931689756,True,265
leaky,21,roving_ramp,transient,22.39499020576477,1.934692878374363,0.7417594773875171,2.200940350054907,0.0,912.943604980254,3,1831.887209960508,False,188
leaky,20,ramp,level,15.66603970527649,4.98592433509878,1.3403495831077412,2.620024710946011,0.0,539.0696440501567,3,1084.1392881003135,True,80
leaky,20,ramp,leaky,112.55726838111877,5.479619612127291,-1.5679425096460478,3.265577963261228,1.3731199451808507,538.4630867710969,4,1084.9261735421937,True,510
leaky,20,ramp,transient,33.908716678619385,4.607100486289684,1.3541575055415023,1.9182022126354143,0.0,601.9954708483338,3,1209.9909416966675,True,104
leaky,22,roving_ramp,level,23.87967872619629,5.725301175221861,2.421345979576343,4.008584135612648,0.0,309.8839528929304,3,625.7679057858608,True,88
leaky,22,roving_ramp,leaky,69.75969362258911,5.972377678808356,1.2264688343070016,4.40373754424678,0.4767824959653738,309.4256019762576,4,626.8512039525152,True,220
leaky,22,roving_ramp,transient,1.967961072921753,0.3,30.0,15.0,0.0,539.0050475800998,3,1084.0100951601996,True,8
leaky,20,trials,level,17.219330549240112,7.58895444614352,1.5489057947625118,2.5980971127179946,0.0,342.04316214317,3,690.08632428634,True,80
leaky,20,trials,leaky,137.39367651939392,7.795332396999002,0.18496921174943834,2.7189353698174923,0.8728242346502587,341.9276123761077,4,691.8552247522153,True,595
leaky,20,trials,transient,14.099381685256958,3.09906117159184,1.3927684241764031,1.997346565728596,0.0,383.3976061338247,3,772.7952122676494,True,120
leaky,22,roving,level,28.61428713798523,5.281444734476493,2.1118095455234527,3.8981795591671804,0.0,269.9691324245019,3,545.9382648490038,True,140
leaky,22,roving,leaky,98.48158049583435,5.282342757045636,2.1015092863469436,3.899293832256002,0.005000000000000002,269.971047081532,4,547.942094163064,True,430
leaky,22,roving,transient,2.005565643310547,0.3,30.0,15.0,0.0,435.7712699263005,3,877.542539852601,True,8
leaky,23,roving,level,34.21587085723877,2.936137144278047,1.2212165353326132,3.0567572174376187,0.0,414.2016817772192,3,834.4033635544384,True,192
leaky,23,roving,leaky,75.43425941467285,3.0176503526531024,0.09554860251449016,3.2389002663221285,0.5990290381660801,414.1264506318437,4,836.2529012636874,True,325
leaky,23,roving,transient,1.9606101512908936,0.3,30.0,15.0,0.0,576.6781995665957,3,1159.3563991331914,True,8
leaky,23,trials,level,16.21019744873047,3.335300133250354,1.4449162464205407,3.1097543879480396,0.0,317.79608286627104,3,641.5921657325421,True,76
leaky,23,trials,leaky,79.28318643569946,3.3349644972508345,1.4367761306149585,3.1096253085023555,0.005000000000000002,317.7981461076435,4,643.596292215287,True,400
leaky,23,trials,transient,1.7563791275024414,0.3,30.0,15.0,0.0,444.83283472585515,3,895.6656694517103,True,8
leaky,25,trials,level,16.278428554534912,1.4705911347757066,0.6644699889056553,3.8125159816422793,0.0,309.8370034784205,3,625.674006956841,True,152
leaky,25,trials,leaky,40.866414308547974,1.637010352857907,-1.8558016940268744,5.640378336871231,0.6321597646422399,308.98655187642555,4,625.9731037528511,True,345
leaky,25,trials,transient,1.8244373798370361,0.3,30.0,15.0,0.0,397.8399405159585,3,801.679881031917,True,8
leaky,23,brief,level,24.117188930511475,2.5357379433999787,0.8875459598071688,4.313736661929026,0.0,321.421999068712,3,648.843998137424,True,116
leaky,23,brief,leaky,110.64998054504395,2.53549923743898,0.8762698272539565,4.313665302580403,0.005000000000000002,321.4238373821752,4,650.8476747643504,True,410
leaky,23,brief,transient,2.0204689502716064,0.3,30.0,15.0,0.0,426.47252857762277,3,858.9450571552455,True,8
leaky,24,roving,level,30.9864284992218,5.022097889284884,0.9209161093198878,3.1519228893549074,0.0,554.0101550701869,3,1114.0203101403738,True,196
leaky,24,roving,leaky,61.01424288749695,5.019956984539554,0.9104410386185667,3.1530259145933646,0.0059993827452681425,554.0103519999478,4,1116.0207039998957,True,70
leaky,24,roving,transient,18.72462749481201,2.255438815221664,0.762765770512974,2.551068114138952,0.0,591.8043723785606,3,1189.6087447571213,True,152
leaky,25,brief,level,24.95615005493164,2.447922191536796,1.0746522328934727,3.3291284821522766,0.0,322.8345912498801,3,651.6691824997602,True,140
leaky,25,brief,leaky,70.5143051147461,2.5301551515374086,-0.016907060296684286,3.523467736986692,0.5363194097697929,322.77653054243126,4,653.5530610848625,True,320
leaky,25,brief,transient,1.9628088474273682,0.3,30.0,15.0,0.0,417.0074469646379,3,840.0148939292758,True,8
leaky,23,ramp,level,21.83904218673706,2.811951141622299,1.142553973377671,3.6511058196392647,0.0,275.28934706674096,3,556.5786941334819,True,128
leaky,23,ramp,leaky,120.65924644470215,2.812489075022745,1.1334348648069725,3.650786894173726,0.005000000000000002,275.29128536539065,4,558.5825707307813,True,585
leaky,23,ramp,transient,16.91929531097412,1.4039369361754852,0.6188454645682318,3.3533518914874394,0.0,313.1139846265387,3,632.2279692530774,True,148
leaky,23,roving_ramp,level,24.344493627548218,2.907764777821309,1.2578524178793322,3.270690755110421,0.0,336.51349397109925,3,679.0269879421985,True,104
leaky,23,roving_ramp,leaky,129.1444594860077,3.3116122159153947,-2.9116136182640493,5.402029877631222,1.0531589389595473,335.7161999852357,4,679.4323999704714,True,535
leaky,23,roving_ramp,transient,1.9766039848327637,0.3,30.0,15.0,0.0,463.8745859347011,3,933.7491718694022,True,8
leaky,26,roving,level,15.28567886352539,5.292180828625624,0.7385447615108848,3.519285377974194,0.0,709.074091618111,3,1424.148183236222,True,68
leaky,26,roving,leaky,87.44885587692261,5.291715130742319,0.7293356132051394,3.5197864824231786,0.005000000000000002,709.0755816201998,4,1426.1511632403997,True,420
leaky,26,roving,transient,15.785326480865479,1.7772268736781942,0.5861444336773487,2.576634461326585,0.0,775.9042760230114,3,1557.808552046023,True,128
leaky,26,ramp,level,14.843828439712524,5.805424302309886,0.8705656898676052,3.5305673043740495,0.0,760.3659997737416,3,1526.7319995474832,True,68
leaky,26,ramp,leaky,73.34075284004211,5.804454485804678,0.8613994167146477,3.5304103889555547,0.005000000000000002,760.3754116078175,4,1528.750823215635,True,345
leaky,26,ramp,transient,28.30660891532898,2.91981962673002,0.7455462402578485,2.22157609675339,0.0,881.4277294456576,3,1768.8554588913153,True,152
leaky,24,ramp,level,25.07464098930359,5.881200034562282,1.2572925256505714,3.0454224742697145,0.0,441.5471054643928,3,889.0942109287856,True,128
leaky,24,ramp,leaky,88.76046562194824,5.879996131169523,1.2490853491596343,3.0457626801385946,0.005000000000000002,441.5507127830898,4,891.1014255661796,True,390
leaky,24,ramp,transient,33.546019077301025,4.165697074605734,1.157182191796133,2.2034290851112504,0.0,510.14605728515835,3,1026.2921145703167,True,104
leaky,26,brief,level,14.38809585571289,6.650970047243024,1.1222180713869865,3.1383899793829877,0.0,570.7514977375519,3,1147.5029954751037,True,72
leaky,26,brief,leaky,84.41352152824402,6.649791544107299,1.1138253069558783,3.138919507613841,0.005000000000000002,570.755876977192,4,1149.511753954384,True,315
leaky,26,brief,transient,32.312808990478516,3.1027386122810277,0.8772832418105819,2.475103632068034,0.0,628.2244807883017,3,1262.4489615766033,True,196
leaky,26,trials,level,21.239612340927124,6.171741785389,1.4372688419821835,2.3219686848190104,0.0,522.7392294688902,3,1051.4784589377805,True,120
leaky,26,trials,leaky,95.76093101501465,6.169676595942014,1.4308592694844773,2.3219772673252286,0.005000000000000002,522.7414768479533,4,1053.4829536959066,True,395
leaky,26,trials,transient,8.95853567123413,3.2902946649606655,1.1658205758619893,2.0292257633486406,0.0,575.246376223147,3,1156.492752446294,True,76
leaky,24,trials,level,20.571186542510986,4.2124803132229705,0.7441418201615768,3.534161012986611,0.0,439.41450089998864,3,884.8290017999773,True,76
leaky,24,trials,leaky,133.09962701797485,4.4601102092141165,-0.8897794797338499,4.069568528459404,0.6442637096104316,439.1088984159929,4,886.2177968319858,True,615
leaky,24,trials,transient,10.782438278198242,1.611703154825526,0.6881625198215442,2.714677415664162,0.0,470.0276658289178,3,946.0553316578356,True,92
leaky,24,roving_ramp,level,21.57265853881836,5.208840659011619,0.7265167501483223,4.5905466665832355,0.0,385.6324009329462,3,777.2648018658924,True,84
leaky,24,roving_ramp,leaky,111.44898080825806,5.208893308870282,0.7146333178229426,4.591017339652111,0.005000000000000002,385.63566957406204,4,779.2713391481241,True,460
leaky,24,roving_ramp,transient,29.33968949317932,2.354752704186899,0.7275596934387776,2.9844031427281963,0.0,419.58530045558734,3,845.1706009111747,True,164
leaky,25,roving,level,25.08429741859436,3.3052433156109715,1.8181697637843368,2.2155616996998764,0.0,333.44166260958167,3,672.8833252191633,True,128
leaky,25,roving,leaky,138.54003381729126,3.7678385868918047,-4.094863939267832,3.8184541673111396,2.0846460748649784,332.377532391522,4,672.755064783044,False,680
leaky,25,roving,transient,1.9377272129058838,0.3,30.0,15.0,0.0,454.47584041909505,3,914.9516808381901,True,8
leaky,27,brief,level,25.220762968063354,4.183254325542766,1.3236312499539418,2.7342213932980917,0.0,478.7424613143159,3,963.4849226286318,True,124
leaky,27,brief,leaky,116.61604738235474,4.184483718490471,1.316958360097592,2.733850300560294,0.005000000000000002,478.7436543083223,4,965.4873086166446,True,435
leaky,27,brief,transient,1.958679437637329,0.3,30.0,15.0,0.0,689.2732211738758,3,1384.5464423477515,True,8
leaky,26,roving_ramp,level,22.45581817626953,5.978262149063957,1.0285104096395687,2.9774179367259133,0.0,736.7725535999004,3,1479.545107199801,True,104
leaky,26,roving_ramp,leaky,79.11316275596619,6.200286843570597,-0.45978497972102667,3.2946851432063804,0.7464942114208628,736.090445258037,4,1480.180890516074,True,290
leaky,26,roving_ramp,transient,52.77911639213562,2.9595356530999415,1.0147541382939744,1.9960635917983194,0.0,818.4248937050484,3,1642.8497874100967,True,160
leaky,27,roving_ramp,level,19.723188161849976,5.095826114322565,1.5267258793459197,3.0124241310945847,0.0,548.9439271171651,3,1103.8878542343302,True,112
leaky,27,roving_ramp,leaky,85.74639678001404,5.097734112389962,1.519257629549398,3.0134132706258363,0.005000000000000002,548.9463636562167,4,1105.8927273124334,True,355
leaky,27,roving_ramp,transient,17.765140056610107,2.4891522607794254,1.0331016981396455,2.137454394607142,0.0,637.7408941079234,3,1281.4817882158468,True,144
leaky,24,brief,level,28.281564712524414,4.5938238535837606,0.7217789132747828,3.924372035557561,0.0,450.1519782253293,3,906.3039564506586,True,132
leaky,24,brief,leaky,141.63847994804382,4.86486438384934,-1.0295073252861622,4.899179358448423,0.5466010910414215,449.76382625275295,4,907.5276525055059,True,345
leaky,24,brief,transient,39.48931407928467,2.4917705243626664,0.5455945677961695,3.4779371682767515,0.0,477.6936018820665,3,961.387203764133,True,160
leaky,28,brief,level,39.180317640304565,7.355658654669831,1.714173759914215,3.0125523925405546,0.0,301.97836947432296,3,609.9567389486459,True,140
leaky,28,brief,leaky,57.592819690704346,7.384364234377523,0.8411197322161205,3.1702928127817396,0.4707959877161502,301.9041759532017,4,611.8083519064033,True,180
leaky,28,brief,transient,29.411288022994995,2.8547884654430056,1.119518435869117,2.5067951143857257,0.0,356.89782392156997,3,719.7956478431399,False,236
leaky,27,ramp,level,18.724445104599,3.352670454332678,1.0333979968330487,2.8566333609456644,0.0,711.1398310390131,3,1428.2796620780261,True,108
leaky,27,ramp,leaky,94.02871775627136,3.3531091675518425,1.0259973716395527,2.8569789746187992,0.005000000000000002,711.1410974883777,4,1430.2821949767554,True,475
leaky,27,ramp,transient,34.79464316368103,2.5966955815140556,0.9011722075141166,2.090861769907094,0.0,788.0447579219095,3,1582.089515843819,True,224
leaky,27,roving,level,22.6209979057312,3.97549259511718,1.3665794228312804,2.4726312604428426,0.0,582.0936534823825,3,1170.187306964765,True,92
leaky,27,roving,leaky,112.24714231491089,4.374605734210009,-2.0684273116631506,3.3632352741913762,1.5008467178775626,581.3116777162032,4,1170.6233554324065,True,440
leaky,27,roving,transient,34.56188225746155,2.1746732740524797,1.152215096129061,1.9659537280344297,0.0,639.6097838449074,3,1285.2195676898148,True,276
leaky,28,roving_ramp,level,20.175641298294067,6.772835784287556,1.3262957569185412,3.4935577552645634,0.0,538.3749654411253,3,1082.7499308822505,True,124
leaky,28,roving_ramp,leaky,56.25432634353638,6.82235059844416,0.6120017859540209,3.6314540565101456,0.3445554693143191,538.2604023472047,4,1084.5208046944094,True,200
leaky,28,roving_ramp,transient,13.029935359954834,2.526718583267577,1.2054840757264964,1.9039344792391661,0.0,646.922465179529,3,1299.844930359058,True,96
leaky,27,trials,level,14.428218841552734,4.6379994730645056,1.2814633256564236,3.159744322049017,0.0,258.0511106848682,3,522.1022213697364,True,84
leaky,27,trials,leaky,140.86090683937073,5.575173778598942,-5.0,7.778975114918035,0.9975005520248403,254.48241270311118,4,516.9648254062224,True,395
leaky,27,trials,transient,16.383792400360107,3.435518146976363,1.26219065151782,2.4279741471598975,0.0,291.1690168781696,3,588.3380337563392,True,140
leaky,25,ramp,level,26.533771991729736,2.424270004317466,0.9221068080241092,3.7416786778115627,0.0,390.5662297068734,3,787.1324594137468,True,156
leaky,25,ramp,leaky,183.93071675300598,3.0131980657773783,-3.0434880344041804,5.572305767458087,1.0076016632566598,389.1212629704869,4,786.2425259409738,True,490
leaky,25,ramp,transient,20.15125608444214,1.512086071158017,0.5846634631611801,3.1505407912369563,0.0,424.4203362806687,3,854.8406725613374,True,172
leaky,29,roving_ramp,level,25.86503791809082,4.508257790554947,1.0349441541418085,2.3485746047298073,0.0,558.2269589227191,3,1122.4539178454381,True,148
leaky,29,roving_ramp,leaky,26.270503044128418,4.515288036765008,1.0306188451724452,2.3444744108531754,0.005999809406754425,558.2270656695448,4,1124.4541313390896,True,25
leaky,29,roving_ramp,transient,38.174514293670654,3.3974747661529276,0.9166109806671608,2.4352030153641833,0.0,564.2763317075417,3,1134.5526634150833,True,116
leaky,28,roving,level,25.243328094482422,6.147978474828281,1.7763181680927518,2.2880532629073036,0.0,406.51219285201324,3,819.0243857040265,True,148
leaky,28,roving,leaky,101.1443407535553,6.309960218121578,0.03971847506936545,2.45905930333821,1.1909377495964595,406.44456565602445,4,820.8891313120489,True,390
leaky,28,roving,transient,22.320658922195435,3.1725044147264323,1.82866217137493,1.6287411114882413,0.0,461.23644507761725,3,928.4728901552345,True,168
transient,1,ramp,level,1.8461976051330566,0.3,30.0,15.0,0.0,106.84092795375224,3,219.68185590750448,True,8
transient,1,ramp,leaky,2.631786823272705,0.3,30.0,15.0,4.999999999999999,106.84092795375224,4,221.68185590750448,True,10
transient,1,ramp,transient,32.38086485862732,18.294543796422673,4.261256181908475,2.7846731827214657,0.0,62.550286380343586,3,131.10057276068716,False,196
leaky,25,roving_ramp,level,27.327654361724854,2.6262371346183473,1.3594091773881456,2.7489750175159853,0.0,293.1497763528891,3,592.2995527057782,True,140
leaky,25,roving_ramp,leaky,204.04155898094177,3.0136625461712043,-4.017707207983489,5.810656257165325,1.1781980938438563,291.73048534887,4,591.46097069774,True,785
leaky,25,roving_ramp,transient,2.2753663063049316,0.3,30.0,15.0,0.0,379.3202110583378,3,764.6404221166756,True,8
leaky,28,ramp,level,15.555422306060791,7.306559573407701,1.8065282052024112,2.5651852606897667,0.0,605.0198929362627,3,1216.0397858725255,True,80
leaky,28,ramp,leaky,88.38944959640503,7.306480167276853,1.8001561919300164,2.5650173167532975,0.005000000000000002,605.0230091497646,4,1218.0460182995291,True,350
leaky,28,ramp,transient,22.055497646331787,4.983606194182079,1.8066745150385803,1.4831064127317133,0.0,745.2909138713679,3,1496.5818277427359,True,92
leaky,28,trials,level,17.11258816719055,8.204252177834856,1.8458970459040767,3.0889975067267508,0.0,173.34123135968503,3,352.68246271937005,True,72
leaky,28,trials,leaky,138.5742917060852,8.858373750915437,-0.5349480258185251,3.878316984989203,0.9609683821364553,172.90821594794934,4,353.8164318958987,True,390
leaky,28,trials,transient,11.066741466522217,4.444242215835875,1.3742020877367902,2.5980096161458026,0.0,204.40549536432502,3,414.81099072865004,True,88
transient,0,roving,level,30.860859632492065,8.203063785304968,4.546067439471636,1.0441517422122084,0.0,554.2232804240751,3,1114.4465608481503,True,152
transient,0,roving,leaky,60.313199043273926,7.628842225539471,1.4026445907815663,1.0342560133677552,4.999999999999999,552.2921073822508,4,1112.5842147645017,True,190
transient,0,roving,transient,28.414841651916504,15.18315956191748,3.1451904893885727,2.1842358247836433,0.0,390.515700613513,3,787.031401227026,True,116
transient,1,roving_ramp,level,2.1790835857391357,0.3,30.0,15.0,0.0,276.0668492552181,3,558.1336985104361,True,8
transient,1,roving_ramp,leaky,47.18466091156006,7.92746461545002,2.9908741302973865,1.1309027356913117,3.738097559961941,207.8409114830439,4,423.6818229660878,True,350
transient,1,roving_ramp,transient,24.699015855789185,15.096017371981043,3.7020894034231278,2.974438479213708,0.0,125.22942328138133,3,256.4588465627627,True,108
leaky,29,brief,level,21.910073280334473,3.3350132671945105,0.6004720898661796,3.452680309154199,0.0,428.84992492407696,3,863.6998498481539,True,88
leaky,29,brief,leaky,123.40440225601196,3.334439545033523,0.5918509088137175,3.4513441232084214,0.005000000000000002,428.8510927322861,4,865.7021854645722,True,565
leaky,29,brief,transient,12.996028900146484,1.8747111601453736,0.49567181142474576,3.609319638808726,0.0,431.89550731739547,3,869.7910146347909,True,100
transient,2,ramp,level,1.8475315570831299,0.3,30.0,15.0,0.0,266.46959546832505,3,538.9391909366501,True,8
transient,2,ramp,leaky,28.788846015930176,4.37862486975477,3.5897872076654056,1.2864494374829263,0.392858769585805,220.61682968187458,4,449.23365936374915,True,225
transient,2,ramp,transient,28.191908359527588,16.79189839658421,4.030237287740059,2.3633760363678213,0.0,157.34013442099933,3,320.68026884199867,True,116
transient,0,ramp,level,33.13087344169617,3.2995792266506196,3.0718214497281413,1.2567947037032376,0.0,383.3713503462067,3,772.7427006924135,True,156
transient,0,ramp,leaky,54.22560930252075,3.245833304930667,2.755755218204146,1.2534562685188673,0.42430001155957414,383.3624836270357,4,774.7249672540714,True,175
transient,0,ramp,transient,40.44902491569519,14.93594998176881,3.1634822846931243,2.0795240657285476,0.0,288.44458116663026,3,582.8891623332605,True,124
transient,3,ramp,level,2.009300708770752,0.3,30.0,15.0,0.0,181.96622271712607,3,369.93244543425214,True,8
transient,3,ramp,leaky,14.445037841796875,3.1383177245762455,1.3017348337259154,2.4550740246757914,0.3984116035758613,152.33113133297653,4,312.66226266595305,True,115
transient,3,ramp,transient,27.295881748199463,18.938988775960702,3.5325157369329276,4.016045185996191,0.0,102.66975256930426,3,211.33950513860853,True,160
transient,0,trials,level,21.337958097457886,8.736983011790308,3.8097248429305917,1.2346801963727403,0.0,504.5558050418119,3,1015.1116100836238,True,96
transient,0,trials,leaky,89.1192786693573,8.662724593542512,-2.008215371758405,1.663055816588132,4.999999999999999,502.70403374705677,4,1013.4080674941135,True,445
transient,0,trials,transient,28.18705105781555,14.925455023121241,2.8127625817590656,2.630428619458048,0.0,357.5317269448295,3,721.063453889659,True,132
transient,0,roving_ramp,level,31.99084734916687,6.993980064140837,4.649384409874293,1.0429148747060264,0.0,473.9834856159705,3,953.966971231941,True,104
transient,0,roving_ramp,leaky,87.02607679367065,6.597940334946907,1.917901790126037,0.979188804796469,4.999999999999999,473.47705572533306,4,954.9541114506661,True,390
transient,0,roving_ramp,transient,17.89759373664856,15.193189680708617,2.7293031546018303,2.6174289479543154,0.0,338.484489646254,3,682.968979292508,True,72
leaky,29,roving,level,18.77224826812744,4.38687051687681,0.6030175134182296,3.4649289363172606,0.0,528.8436253417293,3,1063.6872506834586,True,80
leaky,29,roving,leaky,127.69523096084595,4.388787144236533,0.5940077847360062,3.465707490603022,0.005000000000000002,528.8444031712139,4,1065.6888063424278,True,490
leaky,29,roving,transient,36.47693991661072,2.3702654014602826,0.5933283909236485,3.0893806269246196,0.0,536.996994467805,3,1079.99398893561,True,172
leaky,29,trials,level,19.52987790107727,2.776010753993075,0.39891310321691353,3.954154465714977,0.0,447.07410220249227,3,900.1482044049845,True,68
leaky,29,trials,leaky,128.23526668548584,3.218396485209762,-2.5445792961148688,4.991611823581703,0.8650163143953179,446.6424432649733,4,901.2848865299466,True,610
leaky,29,trials,transient,36.06028509140015,1.1782845239399211,0.25207363877099787,4.108551277087013,0.0,453.12755918829026,3,912.2551183765805,True,164
transient,4,ramp,level,2.069335460662842,0.3,30.0,15.0,0.0,125.65825314468825,3,257.3165062893765,True,8
transient,4,ramp,leaky,2.689241409301758,0.3,30.0,15.0,4.999999999999999,125.65825314468825,4,259.3165062893765,True,10
transient,4,ramp,transient,29.49705195426941,14.12988969470539,2.9860401382339847,2.9350978626526008,0.0,84.04888477053639,3,174.09776954107278,True,116
transient,0,brief,level,33.49738788604736,8.4793836906432,3.775811812210145,1.2286743290948083,0.0,442.3725962517703,3,890.7451925035406,True,140
transient,0,brief,leaky,107.41655588150024,8.400857820104582,-0.5540129883366891,1.3732940693762017,4.999999999999999,441.09460601837753,4,890.1892120367551,True,415
transient,0,brief,transient,33.21893835067749,17.028988081870157,3.299518412482938,2.3079222064561016,0.0,297.35560205854557,3,600.7112041170911,True,204
transient,2,brief,level,14.463441610336304,11.289414994257813,5.433881179622246,1.172894942018765,0.0,285.76380408982743,3,577.5276081796549,True,104
transient,2,brief,leaky,91.60122179985046,11.017851678021007,1.6848995319957432,1.2190849537425947,4.999999999999999,283.44935149396946,4,574.8987029879389,True,325
transient,2,brief,transient,15.460102796554565,17.69391037222598,4.443261417364229,2.1831851258267965,0.0,170.26912923780264,3,346.5382584756053,True,56
transient,1,brief,level,39.722635984420776,12.49116506098244,5.820222223873676,1.1352234496312517,0.0,318.429327928926,3,642.858655857852,True,200
transient,1,brief,leaky,97.33066916465759,12.488884909817303,5.816458534511547,1.135119193125759,0.005000000000000002,318.4295950852278,4,644.8591901704556,True,280
transient,1,brief,transient,26.960253953933716,13.600378305486965,3.146378825395874,2.8551881409297533,0.0,207.24585733978788,3,420.49171467957575,True,104
transient,4,roving_ramp,level,1.999483346939087,0.3,30.0,15.0,0.0,182.18948201976534,3,370.3789640395307,True,8
transient,4,roving_ramp,leaky,21.938426733016968,5.382602811779141,3.0504044555715217,1.4744209399588997,0.4526948412395601,157.06534207443175,4,322.1306841488635,True,165
transient,4,roving_ramp,transient,21.547102689743042,16.297645844031326,3.640588003260176,2.8193606683153383,0.0,109.85576224999255,3,225.7115244999851,True,104
transient,5,ramp,level,1.8957171440124512,0.3,30.0,15.0,0.0,69.23427873865207,3,144.46855747730413,True,8
transient,5,ramp,leaky,2.6660573482513428,0.3,30.0,15.0,4.999999999999999,69.23427873865207,4,146.46855747730413,True,10
transient,5,ramp,transient,18.996700286865234,27.878546733687113,5.949386184318252,6.4852083500014155,0.0,43.550155885647975,3,93.10031177129595,True,180
transient,2,trials,level,26.348784685134888,10.469274250818035,5.152678589577562,1.0765680886070899,0.0,422.7449306004286,3,851.4898612008571,True,116
transient,2,trials,leaky,67.60289001464844,9.897609511182237,1.9691706169532934,1.0580431140000188,4.999999999999999,420.7328856476261,4,849.4657712952522,True,275
transient,2,trials,transient,24.48174238204956,19.817835669587716,4.371330875124031,2.3727790615632065,0.0,254.71300541357328,3,515.4260108271466,True,160
transient,2,roving,level,32.475426197052,8.198367158221943,4.193679615731335,1.1921157178782449,0.0,447.0839442214755,3,900.167888442951,True,116
transient,2,roving,leaky,77.19242477416992,8.190471900136648,0.3017857868179691,1.2745352869882645,4.999999999999999,444.82491714343587,4,897.6498342868717,True,275
transient,2,roving,transient,21.752563953399658,18.42509560022278,4.257155321097302,2.1610387938812705,0.0,291.3858012769752,3,588.7716025539504,True,108
transient,1,trials,level,23.703598737716675,8.066285390374286,3.9194656545857276,1.3782211090867476,0.0,257.91530057444606,3,521.8306011488921,True,104
transient,1,trials,leaky,111.05644750595093,8.664839710023532,-3.073634673838878,2.0028614134984863,4.999999999999999,255.84048362785413,4,519.6809672557083,True,525
transient,1,trials,transient,33.450111389160156,13.2749815076215,3.2011407817552255,2.7306067237056495,0.0,171.90128694100727,3,349.80257388201454,False,220
transient,2,roving_ramp,level,31.211400508880615,7.718045937817161,4.994363491148378,1.0464352439337354,0.0,416.64949408669406,3,839.2989881733881,True,128
transient,2,roving_ramp,leaky,71.08016443252563,7.719005029983655,2.6224161031754183,0.9500386496273149,4.98978282012662,414.8999980208644,4,837.7999960417288,True,285
transient,2,roving_ramp,transient,27.331977128982544,19.343244842029268,4.123026579987201,2.5368787876676566,0.0,233.97831902685283,3,473.95663805370566,True,136
transient,3,brief,level,30.25025749206543,10.823653480247561,4.335822789906833,1.2118063516464856,0.0,276.4012194786694,3,558.8024389573388,True,108
transient,3,brief,leaky,77.54258918762207,10.425462852586707,3.0053117166652314,1.1834334078396653,1.9342656575224386,276.37458047071664,4,560.7491609414333,True,390
transient,3,brief,transient,21.345612049102783,18.29176509732511,3.688920652831055,2.920580337208093,0.0,181.8982968373729,3,369.7965936747458,True,116
transient,7,ramp,level,1.8553967475891113,0.3,30.0,15.0,0.0,31.71930000976323,3,69.43860001952646,True,8
transient,7,ramp,leaky,2.6411924362182617,0.3,30.0,15.0,4.999999999999999,31.71930000976323,4,71.43860001952646,True,10
transient,7,ramp,transient,1.8794777393341064,0.3,30.0,15.0,0.0,31.71930000976323,3,69.43860001952646,True,8
leaky,29,ramp,level,15.73827338218689,4.963331951434293,0.9279023492410943,2.6247195907870546,0.0,569.8465230015901,3,1145.6930460031801,True,68
leaky,29,ramp,leaky,187.16860222816467,5.696844875884214,-3.508170374681209,3.928783741839903,1.5744538639836017,568.1817138426454,4,1144.3634276852908,True,560
leaky,29,ramp,transient,31.585180282592773,2.1106458038146205,0.5621756887154102,2.875097372663258,0.0,590.5336374816393,3,1187.0672749632786,True,172
transient,1,roving,level,30.739898681640625,9.432147224667547,4.52515592143657,1.2763398473568364,0.0,317.5696329773205,3,641.139265954641,True,112
transient,1,roving,leaky,158.4820327758789,9.450609564621379,-0.4131465360081407,1.5164275454012806,4.999999999999999,315.67092277021084,4,639.3418455404217,True,475
transient,1,roving,transient,19.93586564064026,16.67552465059598,3.76198917036529,2.900957905805379,0.0,195.43886086356002,3,396.87772172712005,True,112
transient,3,trials,level,21.4152774810791,6.654344023292142,2.965550639952759,1.5165897777764794,0.0,249.13680548437543,3,504.27361096875086,True,80
transient,3,trials,leaky,112.60344767570496,7.400868049827986,-2.3729341486043873,1.8429475897812464,4.544439935368691,248.3222350815863,4,504.6444701631726,True,485
transient,3,trials,transient,31.79954171180725,18.100130596105842,3.8857586320720126,2.5823324758099453,0.0,168.34883908648584,3,342.6976781729717,True,104
transient,3,roving,level,47.959057569503784,12.157820881454064,5.131939132998663,1.1623322768326263,0.0,274.1591728318056,3,554.3183456636112,False,236
transient,3,roving,leaky,96.75176811218262,12.161605660288135,5.130711747377279,1.16204324093234,0.005000000000000002,274.1596230276307,4,556.3192460552614,True,325
transient,3,roving,transient,35.172693490982056,17.103970637303263,3.5775968984173283,2.7878192017607515,0.0,183.31554719600555,3,372.6310943920111,True,124
transient,3,roving_ramp,level,15.960378170013428,9.47578350476202,4.657621286739528,1.2608573432374226,0.0,230.0943802646358,3,466.1887605292716,True,112
transient,3,roving_ramp,leaky,108.81744599342346,9.565435688220706,0.8497386240636667,1.299470186043778,4.999999999999999,229.47057901629591,4,466.94115803259183,True,400
transient,3,roving_ramp,transient,23.031996250152588,20.333633289835646,4.288698939880309,3.00988108969667,0.0,147.9061260719193,3,301.8122521438386,True,72
transient,5,roving,level,12.84426474571228,9.322591351447906,4.2351292561140355,1.45652111962947,0.0,221.425008798036,3,448.850017596072,True,92
transient,5,roving,leaky,87.85784769058228,9.323867513462357,4.232055709765075,1.4562579812409873,0.005000000000000002,221.42511071575032,4,450.85022143150064,True,475
transient,5,roving,transient,28.694692373275757,14.167631104524437,3.273654022224807,3.1756062875194684,0.0,154.70190660145295,3,315.4038132029059,True,108
transient,7,brief,level,1.950758934020996,0.3,30.0,15.0,0.0,210.39263552138326,3,426.7852710427665,True,8
transient,7,brief,leaky,81.23031044006348,9.780513738193461,-4.40257867703092,3.064257478353657,3.783016308901918,150.60681340333863,4,309.21362680667727,True,675
transient,7,brief,transient,14.044938564300537,12.971346898387539,4.041467658559139,2.915875125468197,0.0,101.3312600263609,3,208.6625200527218,True,116
transient,7,trials,level,1.8306329250335693,0.3,30.0,15.0,0.0,153.77406967387546,3,313.5481393477509,True,8
transient,7,trials,leaky,80.83154225349426,12.416003491571821,-4.258900643602712,3.546326203454387,3.5645555339428974,103.23808889137214,4,214.4761777827443,True,720
transient,7,trials,transient,2.231424331665039,0.3,30.0,15.0,0.0,153.77406967387546,3,313.5481393477509,True,8
transient,6,ramp,level,1.8667199611663818,0.3,30.0,15.0,0.0,294.6305805462837,3,595.2611610925674,True,8
transient,6,ramp,leaky,81.02758717536926,3.076696363006932,-2.3542585892256382,2.149050967441953,3.2799744341753683,241.8217301089913,4,491.6434602179826,True,700
transient,6,ramp,transient,26.71116018295288,17.32496613290552,3.1568576146548546,3.1509548585668714,0.0,169.46199531947758,3,344.92399063895516,True,136
transient,4,brief,level,21.798824310302734,11.773088756592612,4.685009651675238,1.33678494010153,0.0,157.24026570772102,3,320.48053141544204,True,156
transient,4,brief,leaky,138.19020557403564,11.623058842752348,2.3363655660918328,1.2962599134642336,3.2561072357358465,157.17494739148685,4,322.3498947829737,True,470
transient,4,brief,transient,23.418619632720947,13.002244988746702,3.3347378848145004,2.259496647529984,0.0,116.29262769441584,3,238.58525538883168,True,116
transient,7,roving,level,2.069941520690918,0.3,30.0,15.0,0.0,182.20614938085004,3,370.4122987617001,True,8
transient,7,roving,leaky,84.70917344093323,9.870898392274079,-1.9487731157033792,2.158387180180151,4.839697910556456,121.13686894249967,4,250.27373788499935,False,665
transient,7,roving,transient,22.84994339942932,14.54876516092224,4.876336027299816,3.18416155298787,0.0,78.52998374384497,3,163.05996748768993,False,188
transient,4,trials,level,10.613348484039307,6.358747171334516,2.9027782008093523,1.7015783102847413,0.0,148.97972276418503,3,303.95944552837005,True,84
transient,4,trials,leaky,140.22140526771545,7.436056189887681,-1.9674335466439805,2.0150035183192534,3.921260007690107,147.86333766793112,4,303.72667533586224,True,495
transient,4,trials,transient,26.677178621292114,14.928759927915872,3.3751236722194924,2.7664804879979914,0.0,105.04126357467257,3,216.08252714934514,True,180
transient,8,ramp,level,1.8901410102844238,0.3,30.0,15.0,0.0,257.14585307792123,3,520.2917061558425,True,8
transient,8,ramp,leaky,27.32936406135559,20.07106427597267,13.26362610068119,0.8727573401024928,0.05073198567590696,194.904682655321,4,397.809365310642,True,225
transient,8,ramp,transient,30.04153299331665,21.60893905966571,4.732149183845758,2.877804116380999,0.0,125.71134766578352,3,257.42269533156707,True,136
transient,5,roving_ramp,level,10.920698881149292,5.766968980675898,3.26150834281481,1.6355698544446748,0.0,168.9695404937945,3,343.939080987589,True,84
transient,5,roving_ramp,leaky,127.14294958114624,6.611968423282362,-2.042996385656165,1.9913034959653337,4.242621318415369,168.10307927831101,4,344.20615855662203,True,455
transient,5,roving_ramp,transient,13.402266025543213,10.309442651485107,2.9834385593902253,2.4031395830074715,0.0,122.05590604685034,3,250.11181209370068,True,108
transient,6,brief,level,34.10005187988281,10.138406086720535,4.412961584512707,1.1740380591545045,0.0,420.5364967936139,3,847.0729935872278,True,164
transient,6,brief,leaky,89.3855664730072,9.580475607994627,-0.034895760870822766,1.3396887694902946,4.999999999999999,419.26764685667723,4,846.5352937133545,True,305
transient,6,brief,transient,31.09257459640503,18.480011947101033,3.555008733533729,2.700277429333696,0.0,270.7297930509627,3,547.4595861019254,True,140
transient,5,trials,level,18.957724809646606,7.854763338414352,3.8201395414687984,1.4733989590718661,0.0,165.8571784379555,3,337.714356875911,True,156
transient,5,trials,leaky,127.83807635307312,8.572857698043626,-3.3734980556695056,2.157099160473759,4.779600027411307,164.6678921083849,4,337.3357842167698,True,510
transient,5,trials,transient,21.74240756034851,19.16369316443619,4.768530676223144,3.0486644767238684,0.0,100.79586818510583,3,207.59173637021166,True,132
transient,7,roving_ramp,level,1.9725003242492676,0.3,30.0,15.0,0.0,210.34455018443214,3,426.6891003688643,True,8
transient,7,roving_ramp,leaky,95.86411952972412,5.177121661823478,-1.9250244745996419,2.021590493879758,3.9972967815285694,170.0071948332475,4,348.014389666495,True,795
transient,7,roving_ramp,transient,24.897379398345947,19.420900914181132,6.200693286568604,4.538077051711938,0.0,88.20911716048214,3,182.41823432096427,True,224
transient,8,trials,level,25.921319007873535,9.47220645298926,4.599085987776865,1.2322812210149585,0.0,335.71271352956103,3,677.4254270591221,True,124
transient,8,trials,leaky,55.96944546699524,9.571185201068264,0.7195422676741282,1.3370627669982722,4.729495071375474,332.1110591658358,4,672.2221183316716,True,165
transient,8,trials,transient,17.828038930892944,21.91633463353761,4.5423679235787455,3.1397731846878147,0.0,183.7632310309779,3,373.5264620619558,True,88
transient,6,trials,level,24.95552659034729,7.663170795446013,3.1866524160099936,1.448805014491251,0.0,316.46868215624465,3,638.9373643124893,True,128
transient,6,trials,leaky,107.76814365386963,8.460182197392339,-3.0994628142407885,1.9858343819161246,4.665815223079608,314.0575793991357,4,636.1151587982714,True,375
transient,6,trials,transient,21.721055507659912,17.828916840134287,3.41135247262981,2.8218983121859806,0.0,218.60445827644023,3,443.20891655288045,True,56
transient,6,roving_ramp,level,23.43665862083435,6.192406483285336,3.6733737276779217,1.2313121204641462,0.0,341.1199734110594,3,688.2399468221188,True,88
transient,6,roving_ramp,leaky,103.57266354560852,6.284062987092766,-0.12863463845931333,1.2837281459973346,4.999999999999999,339.8825656052614,4,687.7651312105228,True,420
transient,6,roving_ramp,transient,28.03672218322754,21.436473866766796,3.782475575476164,3.282007930696959,0.0,208.29853114192795,3,422.5970622838559,True,136
transient,4,roving,level,15.49880051612854,7.76884094339513,3.3397851271896504,1.6769339264109229,0.0,133.32565927251275,3,272.6513185450255,True,116
transient,4,roving,leaky,176.79969549179077,8.128754231134787,-2.4827030910497507,2.3862838384823846,3.5002698913592782,133.07028410328408,4,274.14056820656816,False,665
transient,4,roving,transient,23.709065914154053,12.735415110215973,2.9136924848931183,2.8254843744299087,0.0,103.40804937664738,3,212.81609875329477,True,96
transient,10,ramp,level,1.8480291366577148,0.3,30.0,15.0,0.0,397.9767795510023,3,801.9535591020046,True,8
transient,10,ramp,leaky,17.536330938339233,2.637941389696979,2.160754003512725,1.5279076043889643,0.41751348323117954,316.11544989015846,4,640.2308997803169,True,140
transient,10,ramp,transient,20.455339670181274,15.214683543428315,3.156894155539182,2.540192303090887,0.0,234.664234374572,3,475.328468749144,True,112
transient,5,brief,level,20.95087504386902,8.37912924158084,3.7349391262677005,1.5580215491125864,0.0,156.68831673179736,3,319.3766334635947,True,160
transient,5,brief,leaky,169.26556754112244,9.271655166401711,-4.95220530995914,2.710811822706214,4.316251227365358,155.39064653238185,4,318.7812930647637,True,555
transient,5,brief,transient,24.826103925704956,14.950948709588983,3.5605926497468965,3.1588080528414815,0.0,97.74329616154078,3,201.48659232308157,True,76
transient,6,roving,level,37.344218254089355,9.437205297515836,4.550488306313402,1.123323567176961,0.0,450.9174633983433,3,907.8349267966865,True,132
transient,6,roving,leaky,123.10891342163086,8.829721955495003,0.9806418328971062,1.1513479013284542,4.999999999999999,450.28722838058127,4,908.5744567611625,True,370
transient,6,roving,transient,25.833130359649658,22.538932073690113,4.204530415122249,2.9145302444701606,0.0,268.02207839998414,3,542.0441567999683,True,104
transient,8,roving,level,44.25083637237549,10.48125908366136,5.209970504148778,1.095798551548584,0.0,436.5395172814449,3,879.0790345628898,False,252
transient,8,roving,leaky,92.11776852607727,9.986687987819005,3.04451056949057,1.0616301376548092,3.4349452473099666,436.1663900750449,4,880.3327801500898,True,360
transient,8,roving,transient,25.106205940246582,20.912288048965138,4.326440671569992,2.9571023348026353,0.0,244.09592977487407,3,494.19185954974813,True,132
transient,9,brief,level,24.53054451942444,8.133458443925221,4.000876913755922,1.120487376389452,0.0,548.5138838995849,3,1103.0277677991699,True,76
transient,9,brief,leaky,66.86922001838684,7.8562018762539685,0.4005621539734412,1.1719954327090278,4.999999999999999,546.2186900978461,4,1100.4373801956922,True,250
transient,9,brief,transient,23.280232906341553,20.361970751501275,3.68089460665013,2.438904973097093,0.0,336.53123044102693,3,679.0624608820539,True,128
transient,9,trials,level,27.327927589416504,11.233839388455362,4.531102653533153,1.0993770023882021,0.0,508.2249610331245,3,1022.449922066249,True,136
transient,9,trials,leaky,49.89139485359192,10.773914264411742,3.5432865977236228,1.0845177374015995,1.4478576477189415,508.1943730950303,4,1024.3887461900606,True,260
transient,9,trials,transient,22.830026149749756,20.514153506191633,3.6111298445141577,2.7048603302160394,0.0,336.16900028372083,3,678.3380005674417,True,140
transient,12,ramp,level,1.8677825927734375,0.3,30.0,15.0,0.0,78.67794279252175,3,163.3558855850435,True,8
transient,12,ramp,leaky,2.6179537773132324,0.3,30.0,15.0,4.999999999999999,78.67794279252175,4,165.3558855850435,True,10
transient,12,ramp,transient,27.249669551849365,15.564729887288735,3.2084368546053406,3.251770623491568,0.0,54.252575564225644,3,114.50515112845129,True,132
transient,8,brief,level,29.595596075057983,8.122858510239338,4.6617937782939185,1.1275685766979986,0.0,314.0278469136981,3,634.0556938273962,True,128
transient,8,brief,leaky,119.7102119922638,7.977445865799504,1.2689775022388252,1.1374944554444861,4.999999999999999,310.38918022517345,4,628.7783604503469,True,465
transient,8,brief,transient,28.073665142059326,23.543716986385476,5.235551081274979,3.0129503054916356,0.0,146.91574390430188,3,299.83148780860375,True,180
transient,9,roving,level,26.229655742645264,10.763170893016367,5.714224409423789,0.985853092967335,0.0,455.2280082737931,3,916.4560165475862,True,124
transient,9,roving,leaky,56.29228711128235,9.512533134397938,2.5672044068806,0.9568391125527139,4.999999999999999,453.59281783949774,4,915.1856356789955,True,220
transient,9,roving,transient,29.686171770095825,22.154046281942936,4.22602170659663,2.3978684783405546,0.0,269.1874294669777,3,544.3748589339554,True,136
transient,8,roving_ramp,level,30.5538649559021,6.120813951068174,4.105769630666924,1.1881773732944008,0.0,355.91216975605914,3,717.8243395121183,True,160
transient,8,roving_ramp,leaky,96.68154001235962,5.999576515949907,0.5551412507372545,1.2049169366003978,4.999999999999999,354.5021302373171,4,717.0042604746342,True,290
transient,8,roving_ramp,transient,18.1825168132782,19.899772485517417,4.408264632167583,2.8221302034288813,0.0,209.979620008406,3,425.959240016812,True,92
transient,9,ramp,level,30.86998152732849,3.4432793013504313,2.7115750334299547,1.4593507617180923,0.0,326.7674957150811,3,659.5349914301622,True,156
transient,9,ramp,leaky,53.932793855667114,3.415812148086283,2.4025603098672033,1.453342775608371,0.3840145745837105,326.76057177333587,4,661.5211435466717,True,165
transient,9,ramp,transient,34.4681236743927,17.914954745402078,3.4198778031865893,2.4295737214451916,0.0,234.7341539444147,3,475.4683078888294,True,196
transient,10,trials,level,21.901755332946777,11.036060547495437,5.621196052229924,1.0015731809792678,0.0,569.473446432157,3,1144.946892864314,True,120
transient,10,trials,leaky,63.09107160568237,9.55034181189834,2.03914181234162,1.0222907755427144,4.999999999999999,568.0215404801069,4,1144.0430809602137,True,285
transient,10,trials,transient,21.203047037124634,17.54855271719732,3.4673656117750573,2.534447199302203,0.0,355.2406455830874,3,716.4812911661749,True,112
transient,10,roving,level,28.959749460220337,7.686181189822076,5.089623063248229,0.9807365083787334,0.0,544.2892206404715,3,1094.578441280943,True,112
transient,10,roving,leaky,59.81693363189697,7.333242192111457,2.574320233285407,0.9111133864737697,4.999999999999999,542.6717089127739,4,1093.3434178255477,True,225
transient,10,roving,transient,24.8007390499115,18.062921919994146,3.941552589263958,2.328891323619509,0.0,319.6885122179638,3,645.3770244359276,True,92
transient,13,ramp,level,1.846754550933838,0.3,30.0,15.0,0.0,144.40499206112196,3,294.8099841222439,True,8
transient,13,ramp,leaky,3.091463088989258,0.3,30.0,15.0,4.999999999999999,144.40499206112196,4,296.8099841222439,True,10
transient,13,ramp,transient,27.744697093963623,13.694324655741957,2.750987714706994,3.6567158425762036,0.0,92.2763079313636,3,190.5526158627272,True,88
transient,9,roving_ramp,level,28.157570600509644,8.028353544947528,4.799349387957129,1.013591013219775,0.0,521.9921521899249,3,1049.9843043798498,True,140
transient,9,roving_ramp,leaky,72.18432903289795,7.518934667026228,1.9064911830515836,0.9774318017649595,4.999999999999999,519.502630190713,4,1047.005260381426,True,335
transient,9,roving_ramp,transient,34.6670343875885,19.11718477427382,3.6002653006337875,2.418013435155706,0.0,333.27417816126723,3,672.5483563225345,True,204
transient,12,roving_ramp,level,2.039271593093872,0.3,30.0,15.0,0.0,163.35032258567364,3,332.7006451713473,True,8
transient,12,roving_ramp,leaky,51.74849605560303,5.908914265153956,-2.157316630796753,1.9437931405257804,4.344789491436534,136.56924818121038,4,281.13849636242077,True,395
transient,12,roving_ramp,transient,38.96636652946472,14.668156018473473,3.6173311358996436,2.5383406360087104,0.0,96.27054648270736,3,198.54109296541472,True,136
transient,10,roving_ramp,level,39.64436602592468,9.611702629270232,6.200090272220997,0.9972493008629904,0.0,384.396002647736,3,774.792005295472,True,180
transient,10,roving_ramp,leaky,86.91582798957825,9.174699886101827,3.63925415788632,0.9177861810393209,4.999999999999999,382.42826612646326,4,772.8565322529265,True,375
transient,10,roving_ramp,transient,20.87757110595703,18.817074178100498,3.8961693790499132,2.466373061790148,0.0,219.58029962263817,3,445.16059924527633,True,96
transient,10,brief,level,35.72385001182556,12.503601833385606,6.464177366712172,0.9483352660130387,0.0,536.4908390905199,3,1078.9816781810398,True,128
transient,10,brief,leaky,97.99814772605896,12.508626298408453,6.4640757789245145,0.9480376650425432,0.005999997768860063,536.4908069777557,4,1080.9816139555114,True,190
transient,10,brief,transient,35.28854203224182,19.658451919545698,3.9114633972537094,2.5574755719852322,0.0,304.9872216802734,3,615.9744433605468,True,128
transient,11,roving_ramp,level,28.261771202087402,7.434801660427944,2.8788061696680414,1.4228261535390994,0.0,347.3513484196666,3,700.7026968393332,True,100
transient,11,roving_ramp,leaky,82.20209765434265,7.585057067121301,-0.673338944828754,1.5224660394755694,3.8921310356536707,347.14280510983866,4,702.2856102196773,True,480
transient,11,roving_ramp,transient,26.157806873321533,19.83467172419469,3.420575653685001,2.5142465260972604,0.0,247.87408762255762,3,501.74817524511525,True,80
transient,12,brief,level,19.366661548614502,12.60732711108347,4.734674765287988,1.3265356143417653,0.0,182.49605751354585,3,370.9921150270917,True,148
transient,12,brief,leaky,93.69374489784241,12.813587950415153,-0.27315109653048,1.5666918885150436,4.958777053024005,181.36155799813073,4,370.72311599626147,True,365
transient,12,brief,transient,24.410691022872925,15.24892081643796,3.734729712450317,2.452255500028725,0.0,127.58538088215973,3,261.1707617643194,True,108
transient,11,roving,level,32.38166522979736,9.237383322925707,3.276109025935969,1.262331206672605,0.0,448.46040568515826,3,902.9208113703165,True,132
transient,11,roving,leaky,103.22385311126709,9.429971206874441,-0.9057121013743286,1.3729653983298566,4.999999999999999,447.49956478543163,4,902.9991295708633,True,410
transient,11,roving,transient,25.189096927642822,21.77214328587308,3.8898500616580756,2.126287562598015,0.0,309.34025620708974,3,624.6805124141795,True,128
transient,11,trials,level,36.379602909088135,11.203322037206297,4.2103602434276395,1.1410191410951271,0.0,373.84643390847793,3,753.6928678169559,True,172
transient,11,trials,leaky,98.35649967193604,11.198773441816371,4.206231177779082,1.1409445845071726,0.005000000000000002,373.84694124737206,4,755.6938824947441,True,410
transient,11,trials,transient,24.573356866836548,18.865615601369665,3.6415864039204466,1.9907272590676017,0.0,283.94503326602114,3,573.8900665320423,True,136
transient,12,trials,level,16.296177625656128,6.578832649740794,2.696961951786187,1.9312598146193611,0.0,131.48420383075953,3,268.96840766151905,True,140
transient,12,trials,leaky,99.38118839263916,7.42579714974919,-2.318143380690865,2.657256576879129,2.8103019302387513,130.50718076315724,4,269.0143615263145,True,395
transient,12,trials,transient,27.35506534576416,15.315743943861612,3.4052310244151025,3.3936720689600612,0.0,91.77767684537915,3,189.5553536907583,True,144
transient,11,ramp,level,30.784222841262817,6.726680411974981,3.0430470169493558,1.4408062795934324,0.0,276.099926347549,3,558.199852695098,True,140
transient,11,ramp,leaky,117.0319151878357,6.968408887097869,-1.0940979295803632,1.6100159214093688,4.169153540342046,275.820079630593,4,559.640159261186,True,560
transient,11,ramp,transient,22.85834789276123,24.53849185494606,4.408816003368477,2.558235659366862,0.0,186.3387854170091,3,378.6775708340182,True,108
transient,11,brief,level,38.86404871940613,8.62654515873784,2.6733898309812756,1.4883137062883296,0.0,421.3115743157903,3,848.6231486315806,True,224
transient,11,brief,leaky,124.59849047660828,8.621204169449857,2.6675543136768214,1.4887817411340423,0.005000000000000002,421.31197083086283,4,850.6239416617257,True,425
transient,11,brief,transient,17.43575930595398,21.77954329986691,3.650497583418235,2.6034104968049605,0.0,297.00379599225147,3,600.0075919845029,True,64
transient,13,brief,level,17.00079917907715,7.819428220681896,2.852936348821807,1.7942642679493874,0.0,187.35564789155163,3,380.71129578310325,True,128
transient,13,brief,leaky,111.41907525062561,7.896374509534193,-0.20377095950091603,2.0805425192960283,2.308836679233196,187.29278022210363,4,382.58556044420726,True,595
transient,13,brief,transient,19.434746980667114,16.028991819784913,3.159513730510237,3.8585798506387747,0.0,123.93406921812334,3,253.86813843624668,True,96
transient,13,trials,level,17.58230209350586,5.3932335493279915,2.004381356135347,2.1560272514055665,0.0,203.25976794930972,3,412.51953589861944,True,88
transient,13,trials,leaky,102.64100933074951,5.392892280098659,1.9983119199521258,2.156266517871326,0.005000000000000002,203.26014972257443,4,414.52029944514885,True,485
transient,13,trials,transient,21.39589214324951,11.792172480398483,2.266125146760427,3.5229509571695603,0.0,151.10499690391504,3,308.2099938078301,True,132
transient,14,ramp,level,28.908119440078735,2.917783378140167,2.1153004447098502,1.766536390033671,0.0,243.01061091786303,3,492.02122183572607,True,120
transient,14,ramp,leaky,74.70735955238342,2.9179188158784677,2.110056386663565,1.766215249569047,0.005999677039270039,243.0106829034053,4,494.0213658068106,True,210
transient,14,ramp,transient,15.638855695724487,15.838060578626903,3.053956118079156,2.998899752090703,0.0,170.4466067524243,3,346.8932135048486,True,68
transient,14,roving,level,42.41504144668579,9.956317823252819,4.433576601671697,1.2335983824982766,0.0,273.90166469401635,3,553.8033293880327,True,156
transient,14,roving,leaky,62.09055161476135,9.812312664118636,3.8969590991843983,1.2138838812622175,0.7907904545291955,273.8958137943123,4,555.7916275886246,True,335
transient,14,roving,transient,28.121458530426025,16.151411066920417,3.5940023142407576,2.4067249122905934,0.0,192.3543604899147,3,390.7087209798294,True,112
transient,13,roving,level,47.68593430519104,18.74620230806367,9.049207988556024,0.925621427458961,0.0,243.68193862784597,3,493.36387725569193,True,208
transient,13,roving,leaky,92.9715371131897,18.74956397934675,9.04917380261131,0.925283379864847,0.005999997903901763,243.68204195258585,4,495.3640839051717,True,25
transient,13,roving,transient,20.541696786880493,12.797311432103253,2.850342629558321,2.6716007598553486,0.0,169.9951769413047,3,345.9903538826094,True,56
transient,15,ramp,level,19.55017614364624,2.6868792233618803,2.0708806345721666,1.7726668157020935,0.0,313.78383371502485,3,633.5676674300497,True,156
transient,15,ramp,leaky,32.67351579666138,2.6702874036465203,1.6754712532932514,1.7731763584000708,0.40350802131681085,313.7636527446316,4,635.5273054892632,True,170
transient,15,ramp,transient,22.350602865219116,13.917861021728545,2.3704986031653883,3.2838744393502344,0.0,233.97480604371395,3,473.9496120874279,True,68
transient,12,roving,level,20.659088373184204,12.92076892842592,4.942127423130608,1.391264825386721,0.0,170.59718014990645,3,347.1943602998129,True,156
transient,12,roving,leaky,140.69107127189636,13.195889164868262,-5.0,2.7085779675704766,4.687173907299463,170.25115394217764,4,348.5023078843553,True,870
transient,12,roving,transient,34.94916105270386,13.034706026075936,3.2500295250831264,2.3764822224223665,0.0,129.56420207079952,3,265.12840414159905,False,188
transient,14,brief,level,24.214280605316162,8.77607405193802,3.0868490522363277,1.697298058855409,0.0,226.71652184455692,3,459.43304368911384,True,120
transient,14,brief,leaky,95.44675970077515,8.779955511779796,3.083592566120183,1.6968467432321244,0.005000000000000002,226.7170939071253,4,461.4341878142506,True,305
transient,14,brief,transient,42.585750102996826,14.974994172676686,3.2602093116750255,2.65263026107189,0.0,167.36438643759809,3,340.72877287519617,True,188
transient,15,roving,level,33.28118109703064,7.548614889754418,4.383935758758867,1.0973683911421315,0.0,485.24370989882345,3,976.4874197976469,True,124
transient,15,roving,leaky,68.35181736946106,6.977252394159496,0.9097115833291491,1.1180824698389946,4.999999999999999,484.7636365049973,4,977.5272730099946,True,350
transient,15,roving,transient,33.68856859207153,18.189740153776036,3.2565381912126847,3.2922138560427054,0.0,294.9584454587083,3,595.9168909174166,True,108
transient,14,trials,level,30.678199529647827,10.053439044427105,4.069579128122168,1.380426188265019,0.0,255.56264781395498,3,517.12529562791,True,156
transient,14,trials,leaky,109.67179560661316,10.318045083952326,-5.0,2.5557476638110064,4.5955110306635545,255.0454440362214,4,518.0908880724428,True,750
transient,14,trials,transient,20.983018398284912,16.48430274381479,3.191945034021467,3.1924860479085195,0.0,177.60437404962843,3,361.20874809925687,True,120
transient,13,roving_ramp,level,32.238353967666626,3.334390771786371,1.8115182425127514,2.0834086926357593,0.0,229.66608733727722,3,465.33217467455444,True,104
transient,13,roving_ramp,leaky,135.45469880104065,3.73411478878566,-1.7002139211364071,2.4391666775304497,2.3017932804652363,229.32924802910426,4,466.6584960582085,True,495
transient,13,roving_ramp,transient,20.584057331085205,12.92303127846487,2.46020288085512,3.7552421859634726,0.0,161.1996965951004,3,328.3993931902008,True,104
transient,16,ramp,level,1.8509855270385742,0.3,30.0,15.0,0.0,191.3331335729602,3,388.6662671459204,True,8
transient,16,ramp,leaky,57.236849308013916,4.22491641512381,0.009379380225710384,1.8818012819942573,2.3831530823471923,158.87785702763753,4,325.75571405527506,True,490
transient,16,ramp,transient,36.184431314468384,16.07158805704449,3.219340584267609,2.7927545535680722,0.0,119.19172620076378,3,244.38345240152756,True,200
transient,15,trials,level,28.712336540222168,7.277063837636563,3.7002671801881406,1.2368439760735956,0.0,381.7383015667325,3,769.476603133465,True,80
transient,15,trials,leaky,74.06742095947266,7.239571914353986,-1.2548171024583223,1.4964203520924757,4.999999999999999,379.68312283079143,4,767.3662456615829,True,315
transient,15,trials,transient,32.955732345581055,15.221009590252368,3.090408250959254,2.7862217945020826,0.0,252.07795637890464,3,510.1559127578093,True,196
transient,16,roving_ramp,level,25.30772566795349,3.828190273226962,2.043115115468801,1.8081120575549405,0.0,270.2091953520927,3,546.4183907041854,True,120
transient,16,roving_ramp,leaky,50.81531643867493,3.8284063521773954,2.037532707043784,1.8079084607825657,0.005999522959824938,270.209350771457,4,548.418701542914,True,100
transient,16,roving_ramp,transient,29.30901312828064,15.841774494586328,2.936113288426552,2.95044771152369,0.0,194.59774591050652,3,395.19549182101304,True,124
transient,14,roving_ramp,level,26.60219407081604,5.013757866807868,2.777459268754102,1.5603807568477481,0.0,242.34883426153422,3,490.69766852306844,True,132
transient,14,roving_ramp,leaky,136.7604260444641,5.481546995904671,-2.3641784237772048,1.93352906222725,4.104873272504047,241.72251237615654,4,491.4450247523131,True,520
transient,14,roving_ramp,transient,23.700063943862915,15.460989951653575,3.2065832917346175,2.676030733444966,0.0,168.33205332358366,3,342.66410664716733,True,120
transient,15,brief,level,33.922736167907715,7.281312443506112,3.312408341795883,1.3592623586390558,0.0,449.40640780525746,3,904.8128156105149,True,136
transient,15,brief,leaky,130.96786546707153,7.642568255966919,-1.8712420793796387,1.6727693364476066,4.760553496222486,448.4443920515879,4,904.8887841031758,True,475
transient,15,brief,transient,24.65319061279297,15.82239298487635,2.9778153618603715,3.137741687376028,0.0,291.0564185629559,3,588.1128371259118,True,100
transient,15,roving_ramp,level,29.37229633331299,7.6925498444807,4.548709046504028,1.0818127565914781,0.0,377.3776666907171,3,760.7553333814342,True,96
transient,15,roving_ramp,leaky,88.0967698097229,7.153713881502363,1.438237144807624,1.0513107953928251,4.999999999999999,376.94241499005335,4,761.8848299801067,True,245
transient,15,roving_ramp,transient,26.628437280654907,17.373190400829486,3.2093218404025374,3.2220216979901424,0.0,236.02256601741914,3,478.0451320348383,True,132
transient,17,ramp,level,19.921455144882202,3.549249731835035,2.101646103783997,1.831367747673297,0.0,251.52236718592863,3,509.04473437185726,True,84
transient,17,ramp,leaky,56.13139367103577,3.5301995609906056,1.6914482306667336,1.831005908549582,0.40778566450869813,251.50719133638955,4,511.0143826727791,True,115
transient,17,ramp,transient,23.868027925491333,16.362300900045753,2.8350131713082587,2.88390042596334,0.0,193.9095520780179,3,393.8191041560358,True,80
transient,17,trials,level,33.427478551864624,10.964238077549245,4.497411545117959,1.1152956138482093,0.0,371.74086256902325,3,749.4817251380465,True,164
transient,17,trials,leaky,50.58244013786316,10.310938715415984,2.5187021587557146,1.0825600570913931,3.0755011134915824,371.6049720750212,4,751.2099441500424,True,215
transient,17,trials,transient,21.25529456138611,20.69054055817856,3.7558297137000927,2.44075879108167,0.0,265.4904601171102,3,536.9809202342204,True,128
transient,20,ramp,level,1.9432144165039062,0.3,30.0,15.0,0.0,125.62408505430065,3,257.2481701086013,True,8
transient,20,ramp,leaky,2.6102585792541504,0.3,30.0,15.0,4.999999999999999,125.62408505430065,4,259.2481701086013,True,10
transient,20,ramp,transient,9.058252573013306,9.580521443855298,2.211776362766536,4.040449437358486,0.0,84.23855780982286,3,174.47711561964573,True,80
transient,16,trials,level,19.61320972442627,6.373334084699746,2.622386190700207,1.696134877533782,0.0,230.34314184193735,3,466.6862836838747,True,104
transient,16,trials,leaky,119.77233481407166,6.840596439633241,-2.100257843004116,2.22319620589425,3.176962070969182,229.61471923047765,4,467.2294384609553,True,445
transient,16,trials,transient,24.837533473968506,19.245458902140054,3.623501783490204,3.117196181791916,0.0,167.63752984661622,3,341.27505969323244,True,120
transient,19,ramp,level,1.8702754974365234,0.3,30.0,15.0,0.0,285.28567060718086,3,576.5713412143617,True,8
transient,19,ramp,leaky,55.511863708496094,13.386860841736588,10.447275848890017,0.8964429800247481,0.005000000000000002,232.10216692931348,4,472.20433385862697,True,470
transient,19,ramp,transient,18.09609365463257,15.201517513355283,3.4617475708344454,2.2387830899927814,0.0,177.9569771107119,3,361.9139542214238,True,76
transient,17,brief,level,27.12972855567932,9.23681500559223,3.103378499028552,1.3905678255095288,0.0,433.3418178815633,3,872.6836357631266,True,112
transient,17,brief,leaky,103.34051489830017,9.238434637166645,3.1008860310908015,1.3900723239515824,0.005000000000000002,433.34199702486166,4,874.6839940497233,True,580
transient,17,brief,transient,28.911845684051514,21.966506767756115,3.9663594014589005,2.6159743587998237,0.0,298.6282116684634,3,603.2564233369268,True,128
transient,17,roving,level,28.876895904541016,8.52546985927714,3.6198507126607815,1.2101459271081954,0.0,405.4263469215313,3,816.8526938430626,True,140
transient,17,roving,leaky,108.70954823493958,8.382878284662574,-0.11368963569688269,1.2532910475225352,4.999999999999999,405.0914330087376,4,818.1828660174752,True,450
transient,17,roving,transient,21.125028371810913,21.12161300918307,3.9078008309980206,2.3882090331301193,0.0,272.60579349497647,3,551.2115869899529,True,108
transient,16,roving,level,49.48128032684326,18.29498394874206,6.866572403199535,0.9978724378775377,0.0,308.96924618735903,3,623.9384923747181,True,208
transient,16,roving,leaky,116.99873781204224,18.304884952113635,6.866716695269773,0.9975952078160588,0.005000000000000002,308.9696575768627,4,625.9393151537254,True,410
transient,16,roving,transient,24.10464835166931,17.449470559475778,2.9851773841388405,3.287789307417613,0.0,213.78718749534093,3,433.57437499068186,True,124
transient,16,brief,level,35.554457664489746,12.284360050822793,3.7756910929718677,1.4568627812912243,0.0,273.98381998115485,3,553.9676399623097,True,148
transient,16,brief,leaky,142.54241824150085,12.287764770871028,3.7742913876916337,1.4556973333295846,0.00524433584564782,273.9839779713225,4,555.967955942645,True,480
transient,16,brief,transient,23.689478158950806,17.82418238592104,3.327099108721301,3.2234500980717655,0.0,197.8362284484658,3,401.6724568969316,True,96
transient,19,trials,level,25.68348455429077,9.0725744756394,4.970635430264155,1.0596892441424854,0.0,493.81680340710915,3,993.6336068142183,True,124
transient,19,trials,leaky,67.96913146972656,8.468868183335678,1.6951650628693176,1.057691105676597,4.999999999999999,491.22656132411623,4,990.4531226482325,True,285
transient,19,trials,transient,16.06538462638855,14.678853158970329,3.4219321530282025,2.0912179091274714,0.0,326.881103476871,3,659.762206953742,True,84
transient,19,brief,level,28.48007869720459,10.62489201233202,5.441690875131997,1.0285605395518864,0.0,522.6335845269074,3,1051.2671690538148,True,112
transient,19,brief,leaky,73.48492503166199,10.063518099265234,2.5970957340611474,0.9791193627966802,4.999999999999999,521.0269542908254,4,1050.0539085816508,True,225
transient,19,brief,transient,18.050095081329346,15.73007332367439,3.3547029977824003,2.3448878367216386,0.0,308.4166409585177,3,622.8332819170354,True,92
transient,19,roving,level,22.872902393341064,6.672866912204254,4.184730528554678,1.092177862500412,0.0,497.7394297157339,3,1001.4788594314678,True,108
transient,19,roving,leaky,67.01858043670654,6.590695366910642,0.9347645512250933,1.1016016488351705,4.999999999999999,493.36760076054503,4,994.7352015210901,True,280
transient,19,roving,transient,27.24755334854126,16.81202846288271,3.820638254803422,2.2811698887951444,0.0,301.4144515204198,3,608.8289030408396,True,128
transient,18,roving,level,25.428622484207153,7.371112673972722,2.862066048486996,1.4155061510766764,0.0,359.09991977179885,3,724.1998395435977,True,92
transient,18,roving,leaky,87.8370532989502,7.367984883693646,2.856398048692057,1.4160656784532035,0.005000000000000002,359.1003613072998,4,726.2007226145996,True,445
transient,18,roving,transient,39.87271070480347,17.13088658035252,3.2783065919062166,2.1860123048966615,0.0,266.34110897001284,3,538.6822179400257,True,188
transient,18,brief,level,28.92851185798645,9.351720753875675,2.5459735116860376,1.7833936657436311,0.0,258.9745644993577,3,523.9491289987154,True,152
transient,18,brief,leaky,101.00761008262634,9.621601149034248,0.18863139923699176,1.8725149123841456,2.1605600060839922,258.8888887403992,4,525.7777774807984,True,415
transient,18,brief,transient,26.348874807357788,15.876241798983623,3.4120109495423114,1.9473200326263471,0.0,212.91894133420422,3,431.83788266840844,True,124
transient,21,ramp,level,1.83506178855896,0.3,30.0,15.0,0.0,275.81975562617305,3,557.6395112523461,True,8
transient,21,ramp,leaky,18.675378561019897,3.3812577739069885,2.8830896916363535,1.4160414267131864,0.35849452939565457,225.83699773879107,4,459.67399547758214,True,150
transient,21,ramp,transient,20.922829627990723,14.301966349286351,3.146279900576871,2.38220583516561,0.0,172.87644709857815,3,351.7528941971563,True,88
transient,20,roving_ramp,level,2.3833985328674316,0.3,30.0,15.0,0.0,492.0886565578465,3,990.177313115693,True,8
transient,20,roving_ramp,leaky,51.72057580947876,8.030486130210305,5.182841121843416,0.9390764002533948,2.3736333939044294,352.0646585709175,4,712.129317141835,True,400
transient,20,roving_ramp,transient,21.733434200286865,13.792431807619543,3.3650882787874377,3.275525533547833,0.0,202.52374020477356,3,411.0474804095471,True,108
transient,18,trials,level,23.0407075881958,8.32528282827056,2.944324524865621,1.5136769382616904,0.0,265.2846053773537,3,536.5692107547075,True,108
transient,18,trials,leaky,120.89036631584167,9.046436783017645,-2.0345078849536886,1.7980312771097908,4.377305171398108,264.828864510008,4,537.657729020016,True,490
transient,18,trials,transient,26.496870517730713,15.90879137971879,3.247941712755419,2.226403890511084,0.0,210.200877535112,3,426.401755070224,True,108
transient,20,roving,level,32.935423374176025,9.153845688925616,6.246860455838466,1.0034023411584545,0.0,447.42494131560557,3,900.8498826312111,True,156
transient,20,roving,leaky,53.296369552612305,9.046523771531799,5.900115721914605,0.98804813716342,0.6005095096804842,447.41691993312196,4,902.8338398662439,True,215
transient,20,roving,transient,19.608248233795166,13.819054790856354,3.55345586939563,2.847442851081911,0.0,242.7647923157426,3,491.5295846314852,True,100
transient,23,ramp,level,1.8751351833343506,0.3,30.0,15.0,0.0,125.61616805772009,3,257.23233611544015,True,8
transient,23,ramp,leaky,2.671656370162964,0.3,30.0,15.0,4.999999999999999,125.61616805772009,4,259.23233611544015,True,10
transient,23,ramp,transient,15.992068529129028,21.50999402806287,6.0464829192305745,2.556305737575187,0.0,60.05021995327856,3,126.10043990655711,True,132
transient,17,roving_ramp,level,27.28543472290039,6.109484895541301,2.756802671258461,1.4315485016021006,0.0,401.49126349412006,3,808.9825269882401,True,136
transient,17,roving_ramp,leaky,138.65788793563843,6.428481428870368,-2.123838825540411,1.7488533177956829,4.292844648992956,400.91081985741255,4,809.8216397148251,True,510
transient,17,roving_ramp,transient,24.767082691192627,24.476190509147617,4.397928615130265,2.6476889869777978,0.0,263.11775214810007,3,532.2355042962001,True,84
transient,18,roving_ramp,level,39.47119092941284,6.001037302271174,2.938294134871055,1.4492245556277923,0.0,257.2129127121017,3,520.4258254242034,True,148
transient,18,roving_ramp,leaky,105.45053005218506,6.473581577747065,-2.2513842620410256,1.692674287055271,4.879315764333533,256.84627965020394,4,521.6925593004079,True,595
transient,18,roving_ramp,transient,28.789065837860107,15.800137652368344,3.106524963630673,2.5222458580309337,0.0,191.11390239345096,3,388.2278047869019,True,120
transient,18,ramp,level,43.15614104270935,4.910271762171599,2.1750887161613592,2.019556871403554,0.0,177.28971536438178,3,360.57943072876355,True,240
transient,18,ramp,leaky,151.0003182888031,5.188796103446515,-4.029464241258617,3.613056423178306,2.262256101199149,176.94451782324907,4,361.88903564649814,True,650
transient,18,ramp,transient,22.17693042755127,16.84759902737858,3.116028610457285,2.6466102860092726,0.0,143.2464282991211,3,292.4928565982422,True,132
transient,20,trials,level,21.075011730194092,9.42447320131792,4.787846598056726,1.354702697327309,0.0,328.38741578921406,3,662.7748315784281,True,104
transient,20,trials,leaky,121.49901533126831,10.09313903462518,-3.7338592520133007,2.305476085902828,4.999999999999999,326.1638990047368,4,660.3277980094736,False,570
transient,20,trials,transient,19.057183265686035,14.183157304226636,3.3960192796294706,3.200736202500549,0.0,213.93692094396718,3,433.87384188793436,True,104
transient,23,roving_ramp,level,1.9686429500579834,0.3,30.0,15.0,0.0,360.56780523905076,3,727.1356104781015,True,8
transient,23,roving_ramp,leaky,46.52191638946533,6.753843043984116,2.2008607490912406,1.0608589682177805,4.999999999999999,265.18848343828546,4,538.3769668765709,True,360
transient,23,roving_ramp,transient,28.58456826210022,22.696360832011695,6.141247208377689,3.0604948422122304,0.0,130.28166746139658,3,266.56333492279316,True,116
transient,19,roving_ramp,level,21.948691606521606,5.87487356841031,4.037827953617991,1.1252129741406756,0.0,509.939115289544,3,1025.878230579088,True,88
transient,19,roving_ramp,leaky,139.19598174095154,5.556503283172181,0.4738353547913522,1.162016340685058,4.999999999999999,508.8530964550772,4,1025.7061929101544,True,440
transient,19,roving_ramp,transient,30.282644271850586,15.061615470716134,3.0687644231871465,2.549156278484252,0.0,314.9693441310213,3,635.9386882620425,True,192
transient,21,roving,level,29.09321117401123,6.6166078206587375,4.600140195086345,1.0297323997718437,0.0,515.8378599949122,3,1037.6757199898243,True,92
transient,21,roving,leaky,104.08429527282715,6.133858725217641,1.6508557321175763,0.9956151033721912,4.999999999999999,514.8018579293173,4,1037.6037158586346,True,490
transient,21,roving,transient,22.84892749786377,16.041802408335684,3.309601683715188,2.9796401946308078,0.0,311.265411902453,3,628.530823804906,True,72
transient,22,ramp,level,33.666088342666626,4.855025197895002,3.6148270791715644,1.3022150031109552,0.0,280.7256347886854,3,567.4512695773708,True,164
transient,22,ramp,leaky,51.017627477645874,4.85945081516534,3.6144334996310787,1.3012272730249448,0.005999965296615991,280.7258134119385,4,569.451626823877,True,85
transient,22,ramp,transient,21.822532892227173,16.37331414044288,3.186462766175613,2.5630575681289627,0.0,210.4340593630645,3,426.868118726129,True,108
transient,20,brief,level,30.32628059387207,8.054989004999324,4.634560377279722,1.2119252527793662,0.0,404.55213013549474,3,815.1042602709895,True,112
transient,20,brief,leaky,147.73923754692078,7.801084477586071,0.07299163286454712,1.3939224330468138,4.999999999999999,403.2020120633675,4,814.404024126735,True,620
transient,20,brief,transient,23.56973671913147,15.442081789118136,3.723993465134658,3.4138285343669668,0.0,222.65765606633337,3,451.31531213266675,True,104
transient,22,brief,level,27.551958560943604,12.173218326330197,5.108505099454045,1.13638691501591,0.0,337.94987150908327,3,681.8997430181665,True,96
transient,22,brief,leaky,92.60867691040039,11.681595116664983,1.440653455778482,1.1765843263407016,4.999999999999999,335.49449642639115,4,678.9889928527823,True,355
transient,22,brief,transient,18.381441593170166,20.034517433476204,4.186140841850048,2.38937991258588,0.0,205.05843356251225,3,416.1168671250245,True,84
transient,23,brief,level,13.193384885787964,12.256116806308068,5.879021219775015,1.1672400716429292,0.0,304.293754694363,3,614.587509388726,True,100
transient,23,brief,leaky,78.71620416641235,12.04334564299059,2.245869542824028,1.2004505132656524,4.999999999999999,300.89534901743167,4,609.7906980348633,True,310
transient,23,brief,transient,23.19654941558838,20.81707712824527,5.716400514937124,2.7018475148999404,0.0,165.97126360193533,3,337.94252720387067,True,128
transient,21,brief,level,29.091102361679077,9.814314502899633,4.606961996963474,1.2262076484315383,0.0,386.64534636350623,3,779.2906927270125,True,140
transient,21,brief,leaky,124.30668091773987,9.728832800833358,0.32617051714026535,1.3599022135171455,4.999999999999999,385.0338256584247,4,778.0676513168494,True,495
transient,21,brief,transient,26.09862756729126,15.888787542823671,3.1539661704967283,3.1248807834894374,0.0,242.62950681624255,3,491.2590136324851,True,108
transient,26,ramp,level,1.916529655456543,0.3,30.0,15.0,0.0,12.954060322430326,3,31.908120644860652,True,8
transient,26,ramp,leaky,2.7005727291107178,0.3,30.0,15.0,4.999999999999999,12.954060322430326,4,33.90812064486065,True,10
transient,26,ramp,transient,1.9238975048065186,0.3,30.0,15.0,0.0,12.954060322430326,3,31.908120644860652,True,8
transient,22,trials,level,23.35622811317444,12.457353585342808,5.378399014230456,1.1461051543175802,0.0,275.75067780228426,3,557.5013556045685,True,92
transient,22,trials,leaky,71.22965264320374,11.80314401679801,1.5668924540231668,1.1951286408182165,4.999999999999999,273.80100031397325,4,555.6020006279465,True,240
transient,22,trials,transient,38.28268504142761,22.47649136453131,4.300043255778673,2.6154097708126933,0.0,172.9977260887543,3,351.9954521775086,False,284
transient,21,roving_ramp,level,41.1563081741333,16.28639490590865,10.829544225043152,0.8219936377231094,0.0,433.6870861206359,3,873.3741722412718,True,204
transient,21,roving_ramp,leaky,81.85721588134766,16.29063798300994,10.829388398003264,0.821833039897435,0.005000000000000002,433.68788414158143,4,875.3757682831629,True,370
transient,21,roving_ramp,transient,32.5637092590332,17.58507727207458,3.3834113628070948,3.394260121312335,0.0,249.17104693582516,3,504.3420938716503,True,192
transient,21,trials,level,32.34609770774841,10.199350438522622,4.6378648581461785,1.3197204053562344,0.0,395.9956073217337,3,797.9912146434674,True,128
transient,21,trials,leaky,113.46787619590759,10.747051196316805,-3.291927943698593,2.159608085050039,4.999999999999999,393.8296890416662,4,795.6593780833324,True,425
transient,21,trials,transient,25.35210394859314,17.91773880818231,3.3601237896379934,3.357741621957534,0.0,248.2410097844365,3,502.482019568873,True,176
transient,26,roving_ramp,level,1.9266397953033447,0.3,30.0,15.0,0.0,219.71212773466047,3,445.42425546932094,True,8
transient,26,roving_ramp,leaky,2.709339141845703,0.3,30.0,15.0,4.999999999999999,219.71212773466047,4,447.42425546932094,True,10
transient,26,roving_ramp,transient,14.622121572494507,12.42921787329453,3.7114764909720783,3.5884420969812503,0.0,99.79592754922463,3,205.59185509844926,True,124
transient,22,roving_ramp,level,27.6183979511261,5.869035789042812,4.232976998210916,1.0759631254176196,0.0,376.58107914704425,3,759.1621582940885,True,116
transient,22,roving_ramp,leaky,94.8790774345398,5.643555679250314,1.1909076115567885,1.049377266130891,4.999999999999999,374.8505897815841,4,757.7011795631682,True,375
transient,22,roving_ramp,transient,20.838446617126465,21.554641230114157,4.4796914939278505,2.4443172597413865,0.0,215.6235193331516,3,437.2470386663032,True,104
transient,26,roving,level,1.966127634048462,0.3,30.0,15.0,0.0,388.84804528600336,3,783.6960905720067,True,8
transient,26,roving,leaky,17.757134914398193,6.158599783138544,4.029161838685975,1.3381765699073533,0.33461883977745444,275.42198255520873,4,558.8439651104175,True,135
transient,26,roving,transient,11.943305253982544,12.165291600154418,3.522838408231968,3.630712581112813,0.0,158.28855600126232,3,322.57711200252464,True,96
transient,23,trials,level,26.581286430358887,9.5740027138327,5.1002761043859035,1.1753379082870496,0.0,350.7873469398035,3,707.574693879607,True,148
transient,23,trials,leaky,82.10058236122131,9.248490924864432,0.9289044747623929,1.292761458857396,4.999999999999999,347.68709160353626,4,703.3741832070725,True,330
transient,23,trials,transient,27.65869903564453,19.831925184320195,5.080254592063787,2.903305330131504,0.0,203.55456698858504,3,413.1091339771701,True,128
transient,22,roving,level,47.02261161804199,10.080064771467049,4.550492774335978,1.1740882326845463,0.0,336.53815238325245,3,679.0763047665049,True,220
transient,22,roving,leaky,95.16140818595886,9.720891669059704,0.8659949095957942,1.2107684186640906,4.999999999999999,335.28714238746034,4,678.5742847749207,True,375
transient,22,roving,transient,24.58218550682068,21.463619858639575,4.445558420171886,2.5305039139233876,0.0,207.87866698589212,3,421.75733397178425,True,124
transient,28,ramp,level,1.8542754650115967,0.3,30.0,15.0,0.0,22.332304983783025,3,50.66460996756605,True,8
transient,28,ramp,leaky,2.681562662124634,0.3,30.0,15.0,4.999999999999999,22.332304983783025,4,52.66460996756605,True,10
transient,28,ramp,transient,1.8776538372039795,0.3,30.0,15.0,0.0,22.332304983783025,3,50.66460996756605,True,8
transient,25,brief,level,35.1946325302124,10.69048041641813,3.9554464809989747,1.2151935607418172,0.0,417.6684349369279,3,841.3368698738558,True,132
transient,25,brief,leaky,47.602372884750366,10.155031225821137,2.661016504538595,1.2138031205956739,1.7121614487832306,417.58452534414164,4,843.1690506882833,True,190
transient,25,brief,transient,26.14659547805786,16.625244654720493,3.107996483309131,2.6758760354222897,0.0,297.7874707156291,3,601.5749414312583,True,116
transient,25,ramp,level,10.251102447509766,4.225814697889776,2.4472126269908467,1.8541208878854194,0.0,205.16698300750124,3,416.3339660150025,True,84
transient,25,ramp,leaky,49.959359884262085,4.2272563178193465,2.4420644262412283,1.8537958875125071,0.005999751724086168,205.16703022152214,4,418.3340604430443,True,120
transient,25,ramp,transient,25.692530870437622,12.3671628924375,2.433218564088348,2.7821606140321986,0.0,167.2663232500849,3,340.5326465001698,True,88
transient,24,roving,level,37.08980584144592,12.14881811208422,4.461950731189918,1.0930147766694525,0.0,410.0744856529011,3,826.1489713058022,True,168
transient,24,roving,leaky,90.15807437896729,11.86850823636777,1.78270576058963,1.0135166674746616,4.999999999999999,409.7725796991289,4,827.5451593982579,True,315
transient,24,roving,transient,30.3248074054718,23.7926506662527,4.154109217892097,2.537887176094743,0.0,274.10677265288916,3,554.2135453057783,True,128
transient,24,trials,level,35.06209897994995,7.362197285446236,3.2388323922282902,1.269387724669494,0.0,352.6587248477047,3,711.3174496954094,True,172
transient,24,trials,leaky,96.58245754241943,7.476365478233741,-0.9068215664648119,1.3681831368986959,4.999999999999999,351.71957364488617,4,711.4391472897723,True,405
transient,24,trials,transient,24.650952577590942,21.621748077090256,3.64359925837505,2.525806544802604,0.0,241.23656654527085,3,488.4731330905417,True,124
transient,26,trials,level,1.780423879623413,0.3,30.0,15.0,0.0,266.4113430411212,3,538.8226860822424,True,8
transient,26,trials,leaky,56.09627890586853,7.206512181532413,3.935991618824715,1.7164326515981485,0.005449004578705001,181.3304126392977,4,370.6608252785954,True,485
transient,26,trials,transient,18.479397296905518,12.976231310973768,4.3546605135950225,3.4117136874107192,0.0,123.2482016353011,3,252.4964032706022,True,172
transient,23,roving,level,58.28636145591736,11.543626316817154,6.319828398349088,1.0856154676326908,0.0,382.094958961248,3,770.189917922496,True,272
transient,23,roving,leaky,98.50469923019409,10.556331132664178,2.699179952067924,1.0957906391192753,4.999999999999999,380.2822983189141,4,768.5645966378282,True,320
transient,23,roving,transient,35.894426584243774,21.894687588291447,5.958217293873042,2.97244491883829,0.0,188.87944156350966,3,383.7588831270193,False,220
transient,25,roving,level,30.66628909111023,6.831133607853018,3.0810288283381047,1.403124932531264,0.0,338.0767911153841,3,682.1535822307682,True,112
transient,25,roving,leaky,66.2883894443512,6.830862295823635,3.076735194787437,1.4028744438846876,0.006000066653831278,338.07680307197364,4,684.1536061439473,True,125
transient,25,roving,transient,20.9430513381958,16.383552079510586,3.1388080726916727,2.80427485587203,0.0,239.28525732567496,3,484.5705146513499,True,96
transient,28,roving,level,2.0718209743499756,0.3,30.0,15.0,0.0,445.1595150043532,3,896.3190300087064,True,8
transient,28,roving,leaky,44.457804441452026,5.573247367357581,-0.2068914514121152,1.4545462489120211,4.999999999999999,302.19693244097573,4,612.3938648819515,True,335
transient,28,roving,transient,14.93344783782959,14.751812191233894,4.069853017686245,4.296197971888523,0.0,151.3641612381905,3,308.728322476381,True,128
transient,25,trials,level,23.86633801460266,7.748970657805532,3.633254435329697,1.262647324911714,0.0,268.65590038593837,3,543.3118007718767,True,112
transient,25,trials,leaky,72.36945676803589,7.888095629193713,-0.5565106468850592,1.3712809852613528,4.999999999999999,267.33750223718005,4,542.6750044743601,True,305
transient,25,trials,transient,28.967668294906616,18.47892275616706,3.298090169996008,2.6876173207019938,0.0,185.233350282306,3,376.466700564612,True,128
transient,24,brief,level,41.626424074172974,15.075113109463773,4.614015515400057,1.0973501660743696,0.0,513.7856067748078,3,1033.5712135496155,True,160
transient,24,brief,leaky,132.09390497207642,15.084045142818443,4.613772496233412,1.0968021589676002,0.0059999941408852685,513.7856315830909,4,1035.5712631661818,True,70
transient,24,brief,transient,23.89344310760498,20.958533544023762,3.502544625167087,2.4116796004457965,0.0,368.6529143063868,3,743.3058286127736,True,84
transient,24,ramp,level,21.868877172470093,4.077123269281716,2.3244037422827324,1.6588532663491895,0.0,260.2029263212521,3,526.4058526425042,True,84
transient,24,ramp,leaky,137.09912157058716,4.550634829700424,-1.7011542174228136,1.8039703184510099,3.735454930999671,259.9284420855789,4,527.8568841711578,True,480
transient,24,ramp,transient,26.77610945701599,19.437079154627842,3.367021022061631,2.5686777606876894,0.0,186.63445557511562,3,379.26891115023125,True,144
transient,28,roving_ramp,level,1.9398694038391113,0.3,30.0,15.0,0.0,379.3340449680771,3,764.6680899361542,True,8
transient,28,roving_ramp,leaky,56.39698553085327,6.698835689368499,3.3020127517508664,1.0745532634328925,3.6318514914170645,271.61921840880126,4,551.2384368176025,True,445
transient,28,roving_ramp,transient,10.997632265090942,14.926176242195968,4.205854642820248,4.302935741260138,0.0,138.17289958978418,3,282.34579917956836,True,100
transient,24,roving_ramp,level,32.6556658744812,8.014733595862209,3.411488121637296,1.3544699974656103,0.0,318.7565725574903,3,643.5131451149806,True,136
transient,24,roving_ramp,leaky,117.79857230186462,8.371788141549004,-1.2795412508927249,1.5213935455223904,4.999999999999999,318.2229932170503,4,644.4459864341006,True,430
transient,24,roving_ramp,transient,35.74183249473572,23.11624684174447,3.7314874138272804,2.8968371323758793,0.0,210.31738295549204,3,426.6347659109841,True,200
transient,28,brief,level,18.302403688430786,7.285514799786214,4.174215081115606,1.4544457452113748,0.0,247.10969027422755,3,500.2193805484551,True,140
transient,28,brief,leaky,76.62594866752625,7.004857862855138,2.7892600360947295,1.4818906885736525,1.4802658480526167,247.0943600994435,4,502.188720198887,True,430
transient,28,brief,transient,13.102601766586304,15.478290925787542,3.8075848583462424,4.970414051963703,0.0,137.5447288828015,3,281.089457765603,True,128
transient,26,brief,level,2.4355454444885254,1.7700690123453386,10.79432663705273,5.1289809981540895,0.0,276.1571863526747,3,558.3143727053495,True,12
transient,26,brief,leaky,128.5048909187317,7.856974492666686,-1.4869286010594613,2.0601601881373166,4.013502820296831,198.9612693595637,4,405.9225387191274,True,545
transient,26,brief,transient,19.692573070526123,11.487051393326333,3.331943989113327,3.428773870314201,0.0,123.94300228889011,3,253.88600457778023,False,188
transient,27,roving_ramp,level,36.378684997558594,9.380221750185822,3.601439815753418,1.1784262296769523,0.0,438.53233443357163,3,883.0646688671433,True,136
transient,27,roving_ramp,leaky,58.92856431007385,9.09255044603029,2.6061963275781546,1.1560270518414038,1.508906716530035,438.51199211246706,4,885.0239842249341,True,220
transient,27,roving_ramp,transient,23.0321843624115,20.45144922090666,3.9179147921507056,1.8133357213322898,0.0,325.95383221822834,3,657.9076644364567,True,104
transient,27,ramp,level,22.553168535232544,6.428778436309364,3.493013994399732,1.1779339769147026,0.0,353.30008368850594,3,712.6001673770119,True,108
transient,27,ramp,leaky,79.31001162528992,6.175932608072861,-0.13200879490186002,1.2122623687809782,4.999999999999999,352.82898724569714,4,713.6579744913943,True,330
transient,27,ramp,transient,25.16929578781128,21.642428265338946,3.945377349985264,1.9335773394081648,0.0,262.7783353344825,3,531.556670668965,True,136
transient,27,brief,level,36.75208568572998,9.08882056158139,2.7415354780312953,1.406795036853613,0.0,464.7344480243324,3,935.4688960486648,True,144
transient,27,brief,leaky,88.24420189857483,9.167274108402118,-0.63635339937504,1.5281866269104476,3.625658246454014,464.4815665308907,4,936.9631330617814,True,505
transient,27,brief,transient,18.048141479492188,18.986324559297877,3.4133914990858027,1.952141226574191,0.0,360.72073751042814,3,727.4414750208563,True,116
transient,27,trials,level,42.41486978530884,14.841257871490479,4.825604029936601,1.0559661457385563,0.0,363.40676231296004,3,732.8135246259201,True,200
transient,27,trials,leaky,73.92054152488708,14.482295930922358,3.8705646837095378,1.0113555760458104,1.7612942327174494,363.3952954001005,4,734.790590800201,True,290
transient,27,trials,transient,18.033162593841553,18.692772432281636,3.404601982984767,1.994911981054967,0.0,282.4497018702286,3,570.8994037404572,True,116
transient,27,roving,level,35.96119737625122,13.45581505467003,4.344482595469219,1.0961370712469742,0.0,439.2553230640188,3,884.5106461280376,True,172
transient,27,roving,leaky,77.87929058074951,13.460254668247648,1.7334440108327545,1.0124127988089373,4.999999999999999,438.8403566115291,4,885.6807132230582,True,335
transient,27,roving,transient,35.17150950431824,21.013563303855786,3.9757170049863517,1.8267904580144865,0.0,333.7813248320323,3,673.5626496640646,True,200
transient,29,roving,level,32.43212628364563,13.271490197016707,5.467106708625056,1.0458542999814817,0.0,364.8868035245018,3,735.7736070490035,True,112
transient,29,roving,leaky,50.24980711936951,12.422903340208617,2.621609724717026,0.9835434296166047,4.999999999999999,363.57834895140735,4,735.1566979028147,True,230
transient,29,roving,transient,17.91624093055725,20.325753125627884,4.545153250831386,1.6585050097286578,0.0,263.68178133498634,3,533.3635626699727,True,96
transient,29,brief,level,30.61275029182434,15.967851141270948,5.528849048862176,1.0372171771597418,0.0,426.2395545630625,3,858.479109126125,True,136
transient,29,brief,leaky,52.64442014694214,15.673972638412954,3.5823290349967407,0.9526642014664657,3.975475742194465,425.8751424956607,4,859.7502849913215,True,265
transient,29,brief,transient,22.088879108428955,20.62625378768315,4.0268908221349555,2.0588210472668096,0.0,299.60867264921126,3,605.2173452984225,True,108
transient,25,roving_ramp,level,30.68778896331787,5.447557883610102,2.7748410801319427,1.4668299455359401,0.0,344.7770467506156,3,695.5540935012313,True,116
transient,25,roving_ramp,leaky,125.70989274978638,6.05076112727892,-2.629979887952975,1.7561896469388922,4.84471387262697,344.0011046436259,4,696.0022092872518,True,505
transient,25,roving_ramp,transient,30.779635429382324,15.788164559928099,2.9626073230735113,2.6536112515111294,0.0,244.83874321935747,3,495.67748643871494,True,208
transient,29,trials,level,30.697810173034668,10.120833828532996,4.397840278077286,1.0610598787923824,0.0,434.8951202973906,3,875.7902405947812,True,156
transient,29,trials,leaky,55.89280128479004,9.589876354854722,1.4026324721713155,1.0287525605181516,4.999999999999999,433.55579053240933,4,875.1115810648187,True,210
transient,29,trials,transient,24.36248779296875,21.801891668161197,4.068293514407769,2.445958604364598,0.0,276.79184519606497,3,559.5836903921299,True,152
transient,28,trials,level,28.726187229156494,7.750965553961954,4.366124836354339,1.48228726038564,0.0,322.1416325900648,3,650.2832651801295,True,148
transient,28,trials,leaky,138.7518630027771,8.564967908019371,-5.0,2.840062761467848,4.344273645233737,320.1882395415273,4,648.3764790830546,True,645
transient,28,trials,transient,6.99103569984436,12.77603262438468,3.571511538507683,3.74353696812432,0.0,207.19550153558936,3,420.3910030711787,True,80
transient,29,roving_ramp,level,28.923402309417725,8.12333002564246,4.578573305061862,1.067345750240641,0.0,413.2042323905704,3,832.4084647811408,True,128
transient,29,roving_ramp,leaky,81.19858503341675,7.806373044324967,1.6866680334542272,1.0207340909460443,4.999999999999999,411.7609532727988,4,831.5219065455976,True,395
transient,29,roving_ramp,transient,24.411774396896362,21.06417382817955,4.343009527775111,1.739799443959538,0.0,288.71696140838714,3,583.4339228167743,True,128
transient,29,ramp,level,27.672813653945923,5.527979176678859,3.3324845935444163,1.3562828048558075,0.0,326.01796023256816,3,658.0359204651363,True,132
transient,29,ramp,leaky,103.2844672203064,5.883215936751779,-1.1373893186760287,1.4855534300154134,4.999999999999999,325.32143349318136,4,658.6428669863627,True,550
transient,29,ramp,transient,29.042673587799072,20.19277591882287,4.109149229883889,1.9645996709950462,0.0,250.86384897446595,3,507.7276979489319,True,212
