gen,pid,design,m50,m50_hat,true_s,true_k,true_c,true_vL,true_vT,true_delta,true_a,true_lam,n_step,n_ramp,n_null,n_return,n_blip_single,n_blip_pair,n_blip,hit_step,hit_ramp,hit_blip_single,hit_blip_pair,hit_blip,null_fa,return_press,late,stable_fa,extra,n_change,hit,hit_rate,hit_rate_step,hit_rate_ramp,hit_rate_blip_single,hit_rate_blip_pair,stable_fa_per_min,settled_min,median_rt_breaths,median_ramp_mag_at_detect,n_presses,pairn_g0_s1,pairhit_g0_s1,pairn_g4_s0,pairhit_g4_s0,pairn_g2_s1,pairhit_g2_s1,pairn_g2_s0,pairhit_g2_s0,pairn_g8_s0,pairhit_g8_s0,pairn_g0_s0,pairhit_g0_s0,pairn_g8_s1,pairhit_g8_s1,pairn_g1_s0,pairhit_g1_s0,pairn_g4_s1,pairhit_g4_s1,true_memory,kernel_n,kernel_base,kernel_0,kernel_1,kernel_2,kernel_3,kernel_4,kernel_5,kernel_6,kernel_7,kernel_8,kernel_9,kernel_10,kernel_11,kernel_12,pairn_g1_s1,pairhit_g1_s1
mem_short,2,blip_combo,0.1657958160917791,0.15969759842099057,0.5747270525275181,0.9040805408029435,0.5728810610179528,1.480465783796098,4.377257582513555,0.8189974393573904,3.6095532981771328,0.0,0,0,0,0,8,16,39,0,0,3,11,14,0,0,10,0,4,0,0,,,,0.375,0.6875,0.0,1.9833333333333334,1.506625000000028,,42,3.0,2.0,1.0,1.0,3.0,1.0,1.0,0.0,2.0,1.0,1.0,1.0,1.0,1.0,3.0,3.0,1.0,1.0,3.150351393850684,20,0.1270358306188925,7.0,3.0,4.0,4.0,3.0,2.0,0.0,1.0,3.0,2.0,4.0,4.0,1.0,,
mem_short,1,blip_train,0.05305808673119643,0.061367664870135716,0.6646483079621067,1.3103868618654042,0.726254684805101,1.6920902682685834,7.3371056999807704,1.1129387124686259,2.614559243800405,0.0,0,0,0,0,0,0,74,0,0,0,0,33,0,0,22,9,6,0,0,,,,,,1.6927899686520378,5.316666666666666,2.167500000000004,,70,,,,,,,,,,,,,,,,,,,1.8000291760610485,59,0.12627986348122866,11.0,11.0,14.0,11.0,11.0,8.0,14.0,7.0,5.0,11.0,7.0,8.0,10.0,,
mem_short,1,roving_ramp,0.05305808673119643,0.061367664870135716,0.6646483079621067,1.3103868618654042,0.726254684805101,1.6920902682685834,7.3371056999807704,1.1129387124686259,2.614559243800405,0.0,40,10,4,0,0,0,0,27,9,0,0,0,1,0,26,3,13,50,36,0.72,0.675,0.9,,,1.906779661016949,1.5733333333333335,2.1925704130520725,0.0767500000000001,79,,,,,,,,,,,,,,,,,,,1.8000291760610485,0,0.0,0.0,0.0,0.0,0.0,0.0,0.0,0.0,0.0,0.0,0.0,0.0,0.0,0.0,,
mem_short,0,blip_combo,0.15049612365777384,0.15731413614447357,0.7802304929594872,1.1135433990268035,0.9624950562021303,0.9423192811452182,7.31919653958214,1.323816619768205,2.7558562152115633,0.0,0,0,0,0,3,21,41,0,0,1,12,13,0,0,6,2,13,0,0,,,,0.3333333333333333,0.5714285714285714,0.718562874251497,2.783333333333333,1.3816249999999926,,47,5.0,2.0,2.0,1.0,2.0,2.0,4.0,1.0,,,1.0,1.0,1.0,1.0,1.0,1.0,2.0,1.0,1.4316209716888229,18,0.13141025641025642,6.0,7.0,0.0,2.0,6.0,2.0,3.0,3.0,1.0,3.0,0.0,4.0,3.0,3.0,2.0
mem_short,1,double_blip,0.05305808673119643,0.061367664870135716,0.6646483079621067,1.3103868618654042,0.726254684805101,1.6920902682685834,7.3371056999807704,1.1129387124686259,2.614559243800405,0.0,0,0,0,0,6,37,0,0,0,3,24,0,0,0,22,0,13,0,0,,,,0.5,0.6486486486486487,0.0,0.8333333333333334,1.994250000000008,,62,5.0,3.0,3.0,1.0,2.0,2.0,8.0,4.0,6.0,5.0,1.0,1.0,5.0,5.0,2.0,0.0,1.0,1.0,1.8000291760610485,0,0.0,0.0,0.0,0.0,0.0,0.0,0.0,0.0,0.0,0.0,0.0,0.0,0.0,0.0,4.0,2.0
mem_short,3,roving_ramp,0.17221367431253495,0.1557175527567398,0.7005449087378821,1.490319381165873,1.213749325045033,1.718440684811984,8.795259802261965,1.6671320084210626,3.0067429029312844,0.0,40,11,3,0,0,0,0,15,5,0,0,0,1,0,2,1,6,51,20,0.39215686274509803,0.375,0.45454545454545453,,,0.5357142857142857,1.8666666666666667,0.5748803542153899,0.3115000000000001,30,,,,,,,,,,,,,,,,,,,1.2386177445741222,0,0.0,0.0,0.0,0.0,0.0,0.0,0.0,0.0,0.0,0.0,0.0,0.0,0.0,0.0,,
mem_short,0,blip_train,0.15049612365777384,0.15731413614447357,0.7802304929594872,1.1135433990268035,0.9624950562021303,0.9423192811452182,7.31919653958214,1.323816619768205,2.7558562152115633,0.0,0,0,0,0,0,0,79,0,0,0,0,26,0,0,7,9,6,0,0,,,,,,1.3670886075949367,6.583333333333333,1.21412500000001,,48,,,,,,,,,,,,,,,,,,,1.4316209716888229,39,0.13527397260273974,13.0,11.0,9.0,4.0,5.0,5.0,4.0,11.0,5.0,8.0,5.0,6.0,8.0,,
mem_short,2,blip_train,0.1657958160917791,0.15969759842099057,0.5747270525275181,0.9040805408029435,0.5728810610179528,1.480465783796098,4.377257582513555,0.8189974393573904,3.6095532981771328,0.0,0,0,0,0,0,0,63,0,0,0,0,23,0,0,14,8,3,0,0,,,,,,1.3114754098360657,6.1,1.6722500000000196,,48,,,,,,,,,,,,,,,,,,,3.150351393850684,39,0.10732538330494037,9.0,14.0,4.0,3.0,8.0,0.0,4.0,4.0,3.0,12.0,4.0,4.0,8.0,,
mem_short,0,double_blip,0.15049612365777384,0.15731413614447357,0.7802304929594872,1.1135433990268035,0.9624950562021303,0.9423192811452182,7.31919653958214,1.323816619768205,2.7558562152115633,0.0,0,0,0,0,7,34,0,0,0,5,22,0,0,0,2,3,6,0,0,,,,0.7142857142857143,0.6470588235294118,1.6981132075471699,1.7666666666666666,3.350500000000011,,38,6.0,3.0,7.0,5.0,2.0,2.0,5.0,2.0,2.0,1.0,3.0,1.0,5.0,5.0,2.0,1.0,2.0,2.0,1.4316209716888229,0,0.0,0.0,0.0,0.0,0.0,0.0,0.0,0.0,0.0,0.0,0.0,0.0,0.0,0.0,,
mem_short,1,blip_combo,0.05305808673119643,0.061367664870135716,0.6646483079621067,1.3103868618654042,0.726254684805101,1.6920902682685834,7.3371056999807704,1.1129387124686259,2.614559243800405,0.0,0,0,0,0,5,18,40,0,0,4,10,20,0,0,32,3,11,0,0,,,,0.8,0.5555555555555556,2.25,1.3333333333333333,1.5130787048265875,,80,2.0,1.0,4.0,3.0,1.0,0.0,,,1.0,0.0,3.0,3.0,1.0,1.0,1.0,0.0,2.0,1.0,1.8000291760610485,36,0.12779552715654952,10.0,7.0,5.0,6.0,5.0,5.0,5.0,1.0,10.0,8.0,3.0,6.0,4.0,3.0,1.0
mem_short,0,roving_ramp,0.15049612365777384,0.15731413614447357,0.7802304929594872,1.1135433990268035,0.9624950562021303,0.9423192811452182,7.31919653958214,1.323816619768205,2.7558562152115633,0.0,42,10,3,0,0,0,0,26,10,0,0,0,1,0,10,0,11,52,36,0.6923076923076923,0.6190476190476191,1.0,,,0.0,0.9816666666666668,0.7490293877446175,0.27525,58,,,,,,,,,,,,,,,,,,,1.4316209716888229,0,0.0,0.0,0.0,0.0,0.0,0.0,0.0,0.0,0.0,0.0,0.0,0.0,0.0,0.0,,
mem_short,2,double_blip,0.1657958160917791,0.15969759842099057,0.5747270525275181,0.9040805408029435,0.5728810610179528,1.480465783796098,4.377257582513555,0.8189974393573904,3.6095532981771328,0.0,0,0,0,0,10,34,0,0,0,3,16,0,0,0,8,1,7,0,0,,,,0.3,0.47058823529411764,0.9090909090909091,1.1,1.9497499999999945,,35,3.0,2.0,1.0,1.0,5.0,3.0,4.0,2.0,6.0,6.0,4.0,0.0,2.0,0.0,4.0,0.0,3.0,2.0,3.150351393850684,0,0.0,0.0,0.0,0.0,0.0,0.0,0.0,0.0,0.0,0.0,0.0,0.0,0.0,0.0,2.0,0.0
mem_short,3,blip_train,0.17221367431253495,0.1557175527567398,0.7005449087378821,1.490319381165873,1.213749325045033,1.718440684811984,8.795259802261965,1.6671320084210626,3.0067429029312844,0.0,0,0,0,0,0,0,61,0,0,0,0,10,0,0,3,3,0,0,0,,,,,,0.31523642732049034,9.516666666666667,1.2860000000000156,,16,,,,,,,,,,,,,,,,,,,1.2386177445741222,13,0.1035653650254669,3.0,6.0,1.0,2.0,3.0,1.0,2.0,2.0,1.0,1.0,1.0,1.0,1.0,,
mem_short,2,roving_ramp,0.1657958160917791,0.15969759842099057,0.5747270525275181,0.9040805408029435,0.5728810610179528,1.480465783796098,4.377257582513555,0.8189974393573904,3.6095532981771328,0.0,37,11,2,0,0,0,0,20,10,0,0,0,0,0,10,1,15,48,30,0.625,0.5405405405405406,0.9090909090909091,,,0.4807692307692307,2.08,0.8873411466159383,0.139625,56,,,,,,,,,,,,,,,,,,,3.150351393850684,0,0.0,0.0,0.0,0.0,0.0,0.0,0.0,0.0,0.0,0.0,0.0,0.0,0.0,0.0,,
mem_short,4,blip_train,0.13011782021170418,0.18971293246547205,0.7565892792300842,1.5532074091361328,0.9393481661954989,1.4557696185562652,9.899721535561492,1.433995263836675,3.095899385786801,0.0,0,0,0,0,0,0,75,0,0,0,0,31,0,0,16,3,7,0,0,,,,,,0.8294930875576036,3.6166666666666667,1.1984999999999957,,57,,,,,,,,,,,,,,,,,,,1.6478977109870017,54,0.12755102040816327,15.0,21.0,2.0,4.0,8.0,6.0,4.0,12.0,9.0,7.0,8.0,3.0,7.0,,
mem_short,4,roving_ramp,0.13011782021170418,0.18971293246547205,0.7565892792300842,1.5532074091361328,0.9393481661954989,1.4557696185562652,9.899721535561492,1.433995263836675,3.095899385786801,0.0,44,12,2,0,0,0,0,28,11,0,0,0,0,0,12,0,32,56,39,0.6964285714285714,0.6363636363636364,0.9166666666666666,,,0.0,1.1383333333333332,0.6070648215586417,0.2845,83,,,,,,,,,,,,,,,,,,,1.6478977109870017,0,0.0,0.0,0.0,0.0,0.0,0.0,0.0,0.0,0.0,0.0,0.0,0.0,0.0,0.0,,
mem_short,4,double_blip,0.13011782021170418,0.18971293246547205,0.7565892792300842,1.5532074091361328,0.9393481661954989,1.4557696185562652,9.899721535561492,1.433995263836675,3.095899385786801,0.0,0,0,0,0,9,36,0,0,0,6,30,0,0,0,6,1,37,0,0,,,,0.6666666666666666,0.8333333333333334,0.6593406593406593,1.5166666666666666,0.9732109117003134,,80,1.0,1.0,3.0,3.0,6.0,5.0,1.0,0.0,4.0,4.0,5.0,3.0,3.0,3.0,5.0,3.0,3.0,3.0,1.6478977109870017,0,0.0,0.0,0.0,0.0,0.0,0.0,0.0,0.0,0.0,0.0,0.0,0.0,0.0,0.0,5.0,5.0
mem_short,3,double_blip,0.17221367431253495,0.1557175527567398,0.7005449087378821,1.490319381165873,1.213749325045033,1.718440684811984,8.795259802261965,1.6671320084210626,3.0067429029312844,0.0,0,0,0,0,12,35,0,0,0,4,14,0,0,0,1,2,4,0,0,,,,0.3333333333333333,0.4,1.7391304347826089,1.15,1.258875000000046,,25,3.0,0.0,2.0,1.0,6.0,2.0,5.0,0.0,2.0,1.0,3.0,1.0,1.0,1.0,5.0,3.0,4.0,3.0,1.2386177445741222,0,0.0,0.0,0.0,0.0,0.0,0.0,0.0,0.0,0.0,0.0,0.0,0.0,0.0,0.0,4.0,2.0
mem_short,4,blip_combo,0.13011782021170418,0.18971293246547205,0.7565892792300842,1.5532074091361328,0.9393481661954989,1.4557696185562652,9.899721535561492,1.433995263836675,3.095899385786801,0.0,0,0,0,0,5,14,32,0,0,3,13,17,0,0,10,4,17,0,0,,,,0.6,0.9285714285714286,0.8304498269896194,4.816666666666666,1.4615000000000578,,64,1.0,1.0,1.0,1.0,,,2.0,1.0,1.0,1.0,1.0,1.0,2.0,2.0,1.0,1.0,1.0,1.0,1.6478977109870017,32,0.10126582278481013,10.0,11.0,4.0,4.0,5.0,2.0,6.0,2.0,8.0,1.0,6.0,3.0,1.0,4.0,4.0
mem_short,3,blip_combo,0.17221367431253495,0.1557175527567398,0.7005449087378821,1.490319381165873,1.213749325045033,1.718440684811984,8.795259802261965,1.6671320084210626,3.0067429029312844,0.0,0,0,0,0,3,18,32,0,0,0,7,7,0,0,5,0,2,0,0,,,,0.0,0.3888888888888889,0.0,4.7,1.1370000000000076,,21,1.0,1.0,2.0,1.0,3.0,1.0,3.0,2.0,,,1.0,0.0,2.0,1.0,1.0,0.0,4.0,1.0,1.2386177445741222,9,0.10289389067524116,3.0,5.0,0.0,0.0,1.0,1.0,1.0,3.0,0.0,2.0,1.0,0.0,1.0,1.0,0.0
mem_short,5,double_blip,0.147074015508366,0.14366203587401366,0.8794928644738119,1.0418004548172053,0.8055620212904311,0.483415756407108,7.718807408727615,1.1698976368203646,3.074355806239385,0.0,0,0,0,0,9,33,0,0,0,6,24,0,0,0,13,0,19,0,0,,,,0.6666666666666666,0.7272727272727273,0.0,1.8,1.5380000000000251,,62,2.0,2.0,2.0,1.0,5.0,4.0,5.0,4.0,4.0,2.0,,,1.0,1.0,2.0,2.0,9.0,7.0,1.9082055291748794,0,0.0,0.0,0.0,0.0,0.0,0.0,0.0,0.0,0.0,0.0,0.0,0.0,0.0,0.0,3.0,1.0
mem_short,5,roving_ramp,0.147074015508366,0.14366203587401366,0.8794928644738119,1.0418004548172053,0.8055620212904311,0.483415756407108,7.718807408727615,1.1698976368203646,3.074355806239385,0.0,43,13,2,0,0,0,0,21,5,0,0,0,0,0,10,0,3,56,26,0.4642857142857143,0.4883720930232558,0.38461538461538464,,,0.0,0.6791666666666667,0.696815611793753,0.28725,39,,,,,,,,,,,,,,,,,,,1.9082055291748794,0,0.0,0.0,0.0,0.0,0.0,0.0,0.0,0.0,0.0,0.0,0.0,0.0,0.0,0.0,,
mem_short,5,blip_train,0.147074015508366,0.14366203587401366,0.8794928644738119,1.0418004548172053,0.8055620212904311,0.483415756407108,7.718807408727615,1.1698976368203646,3.074355806239385,0.0,0,0,0,0,0,0,71,0,0,0,0,31,0,0,19,5,2,0,0,,,,,,0.9646302250803858,5.183333333333334,1.6485000000000127,,57,,,,,,,,,,,,,,,,,,,1.9082055291748794,51,0.12136752136752137,17.0,8.0,7.0,4.0,6.0,10.0,9.0,4.0,5.0,6.0,6.0,9.0,6.0,,
mem_short,5,blip_combo,0.147074015508366,0.14366203587401366,0.8794928644738119,1.0418004548172053,0.8055620212904311,0.483415756407108,7.718807408727615,1.1698976368203646,3.074355806239385,0.0,0,0,0,0,4,17,53,0,0,2,11,19,0,0,7,2,12,0,0,,,,0.5,0.6470588235294118,1.518987341772152,1.3166666666666667,1.9052499999999668,,53,,,1.0,0.0,2.0,0.0,2.0,2.0,1.0,0.0,1.0,0.0,2.0,2.0,,,4.0,3.0,1.9082055291748794,26,0.16358024691358025,7.0,7.0,5.0,6.0,5.0,3.0,6.0,4.0,4.0,4.0,6.0,5.0,3.0,4.0,4.0
mem_short,7,blip_train,0.12350555090534761,0.1256564423034058,0.6163801216648069,1.353967517389806,0.76896500613386,2.0000131187207266,7.030564739767876,1.151892703650185,3.155722421393171,0.0,0,0,0,0,0,0,77,0,0,0,0,22,0,0,8,0,5,0,0,,,,,,0.0,6.283333333333333,1.1222735486127233,,35,,,,,,,,,,,,,,,,,,,2.0519284988397954,33,0.13162393162393163,13.0,7.0,4.0,5.0,5.0,5.0,6.0,8.0,1.0,5.0,4.0,5.0,6.0,,
mem_short,6,double_blip,0.4103061665490578,0.4009739201996771,0.2748598739022084,0.745834813042788,1.3580869600516854,2.08251474128746,1.726980110504984,1.5042593902190387,2.9181257737047868,0.0,0,0,0,0,11,33,0,0,0,2,11,0,0,0,1,0,0,0,0,,,,0.18181818181818182,0.3333333333333333,0.0,0.8666666666666667,2.1645000000000323,,14,3.0,2.0,3.0,1.0,2.0,1.0,2.0,0.0,3.0,1.0,4.0,1.0,5.0,2.0,4.0,2.0,4.0,0.0,1.0743515914451203,0,0.0,0.0,0.0,0.0,0.0,0.0,0.0,0.0,0.0,0.0,0.0,0.0,0.0,0.0,3.0,1.0
mem_short,7,roving_ramp,0.12350555090534761,0.1256564423034058,0.6163801216648069,1.353967517389806,0.76896500613386,2.0000131187207266,7.030564739767876,1.151892703650185,3.155722421393171,0.0,36,11,2,0,0,0,0,17,8,0,0,0,0,0,13,1,12,47,25,0.5319148936170213,0.4722222222222222,0.7272727272727273,,,0.5190311418685121,1.9266666666666667,0.8347844552983734,0.07849999999999996,51,,,,,,,,,,,,,,,,,,,2.0519284988397954,0,0.0,0.0,0.0,0.0,0.0,0.0,0.0,0.0,0.0,0.0,0.0,0.0,0.0,0.0,,
mem_short,6,roving_ramp,0.4103061665490578,0.4009739201996771,0.2748598739022084,0.745834813042788,1.3580869600516854,2.08251474128746,1.726980110504984,1.5042593902190387,2.9181257737047868,0.0,38,10,2,0,0,0,0,15,7,0,0,0,0,0,2,0,11,48,22,0.4583333333333333,0.39473684210526316,0.7,,,0.0,1.7016666666666669,0.664712908973109,0.401,35,,,,,,,,,,,,,,,,,,,1.0743515914451203,0,0.0,0.0,0.0,0.0,0.0,0.0,0.0,0.0,0.0,0.0,0.0,0.0,0.0,0.0,,
mem_short,6,blip_train,0.4103061665490578,0.4009739201996771,0.2748598739022084,0.745834813042788,1.3580869600516854,2.08251474128746,1.726980110504984,1.5042593902190387,2.9181257737047868,0.0,0,0,0,0,0,0,86,0,0,0,0,11,0,0,3,0,0,0,0,,,,,,0.0,2.716666666666667,0.8338610542000539,,14,,,,,,,,,,,,,,,,,,,1.0743515914451203,14,0.14853195164075994,10.0,1.0,1.0,1.0,2.0,3.0,5.0,0.0,3.0,4.0,1.0,2.0,3.0,,
mem_short,6,blip_combo,0.4103061665490578,0.4009739201996771,0.2748598739022084,0.745834813042788,1.3580869600516854,2.08251474128746,1.726980110504984,1.5042593902190387,2.9181257737047868,0.0,0,0,0,0,5,13,39,0,0,2,2,6,0,0,1,0,1,0,0,,,,0.4,0.15384615384615385,0.0,3.55,0.9947506233218513,,12,2.0,0.0,2.0,0.0,1.0,1.0,,,2.0,1.0,,,2.0,0.0,2.0,0.0,1.0,0.0,1.0743515914451203,7,0.12111801242236025,3.0,3.0,0.0,1.0,2.0,0.0,1.0,1.0,3.0,0.0,0.0,2.0,1.0,1.0,0.0
mem_short,7,double_blip,0.12350555090534761,0.1256564423034058,0.6163801216648069,1.353967517389806,0.76896500613386,2.0000131187207266,7.030564739767876,1.151892703650185,3.155722421393171,0.0,0,0,0,0,3,37,0,0,0,0,27,0,0,0,16,2,18,0,0,,,,0.0,0.7297297297297297,1.8461538461538463,1.0833333333333333,1.6495000000000033,,63,3.0,3.0,,,9.0,6.0,3.0,2.0,2.0,2.0,2.0,2.0,8.0,7.0,2.0,0.0,4.0,3.0,2.0519284988397954,0,0.0,0.0,0.0,0.0,0.0,0.0,0.0,0.0,0.0,0.0,0.0,0.0,0.0,0.0,4.0,2.0
mem_short,7,blip_combo,0.12350555090534761,0.1256564423034058,0.6163801216648069,1.353967517389806,0.76896500613386,2.0000131187207266,7.030564739767876,1.151892703650185,3.155722421393171,0.0,0,0,0,0,3,20,27,0,0,2,10,9,0,0,8,8,3,0,0,,,,0.6666666666666666,0.5,1.3638300895013495,5.865833333333334,1.4490000000000123,,40,1.0,0.0,5.0,2.0,1.0,0.0,1.0,1.0,,,4.0,1.0,2.0,2.0,2.0,1.0,1.0,1.0,2.0519284988397954,13,0.0903010033444816,2.0,5.0,2.0,1.0,1.0,2.0,0.0,1.0,4.0,2.0,1.0,1.0,2.0,3.0,2.0
mem_short,8,roving_ramp,0.28253435805611377,0.39055251978459754,0.5423535454471101,0.8488307989005109,0.8503846022280678,1.4958041261752937,3.8782603009217484,1.074473539666021,3.9998086705279423,0.0,37,9,4,0,0,0,0,26,7,0,0,0,0,0,5,1,24,46,33,0.717391304347826,0.7027027027027027,0.7777777777777778,,,0.31880977683315614,3.136666666666667,0.6796506137866225,0.39050000000000007,63,,,,,,,,,,,,,,,,,,,2.3517645192823116,0,0.0,0.0,0.0,0.0,0.0,0.0,0.0,0.0,0.0,0.0,0.0,0.0,0.0,0.0,,
mem_short,8,double_blip,0.28253435805611377,0.39055251978459754,0.5423535454471101,0.8488307989005109,0.8503846022280678,1.4958041261752937,3.8782603009217484,1.074473539666021,3.9998086705279423,0.0,0,0,0,0,13,34,0,0,0,10,22,0,0,0,1,0,14,0,0,,,,0.7692307692307693,0.6470588235294118,0.0,0.85,1.3818750000000009,,47,1.0,0.0,3.0,3.0,4.0,3.0,3.0,2.0,4.0,2.0,5.0,0.0,3.0,3.0,5.0,3.0,2.0,2.0,2.3517645192823116,0,0.0,0.0,0.0,0.0,0.0,0.0,0.0,0.0,0.0,0.0,0.0,0.0,0.0,0.0,4.0,4.0
mem_short,10,roving_ramp,0.12063263171846247,0.11590929087754787,0.2712435233482894,2.1470021087151645,0.9142595957687382,6.024741173486093,4.905973410676884,1.3330656555542153,3.440517103468736,0.0,34,12,2,0,0,0,0,17,11,0,0,0,1,0,18,0,25,46,28,0.6086956521739131,0.5,0.9166666666666666,,,0.0,1.2058333333333335,1.1650390364900371,0.2317499999999999,72,,,,,,,,,,,,,,,,,,,1.8815865424829594,0,0.0,0.0,0.0,0.0,0.0,0.0,0.0,0.0,0.0,0.0,0.0,0.0,0.0,0.0,,
mem_short,8,blip_combo,0.28253435805611377,0.39055251978459754,0.5423535454471101,0.8488307989005109,0.8503846022280678,1.4958041261752937,3.8782603009217484,1.074473539666021,3.9998086705279423,0.0,0,0,0,0,1,19,40,0,0,1,11,12,0,0,1,1,14,0,0,,,,1.0,0.5789473684210527,0.2898550724637681,3.45,1.0015000000000072,,40,1.0,1.0,2.0,0.0,3.0,3.0,1.0,0.0,2.0,0.0,1.0,0.0,2.0,2.0,3.0,1.0,2.0,2.0,2.3517645192823116,17,0.12779552715654952,8.0,7.0,5.0,2.0,3.0,1.0,4.0,2.0,4.0,1.0,5.0,4.0,2.0,2.0,2.0
mem_short,10,blip_combo,0.12063263171846247,0.11590929087754787,0.2712435233482894,2.1470021087151645,0.9142595957687382,6.024741173486093,4.905973410676884,1.3330656555542153,3.440517103468736,0.0,0,0,0,0,4,18,29,0,0,0,8,7,0,0,4,1,2,0,0,,,,0.0,0.4444444444444444,0.19867549668874174,5.033333333333333,1.3142500000000155,,22,3.0,2.0,,,2.0,2.0,,,,,2.0,0.0,1.0,1.0,1.0,0.0,3.0,0.0,1.8815865424829594,9,0.0932475884244373,3.0,3.0,1.0,1.0,1.0,3.0,0.0,1.0,0.0,1.0,0.0,0.0,1.0,6.0,3.0
mem_short,9,blip_combo,0.18358144003128934,0.19405828450166748,0.4370897169319639,1.4247641474044703,1.0007251281542375,3.08820168773206,5.2462249606509195,1.3387263373088203,3.2970536165466777,0.0,0,0,0,0,4,17,33,0,0,0,9,10,0,0,2,1,4,0,0,,,,0.0,0.5294117647058824,0.20547945205479454,4.866666666666666,1.833750000000009,,26,2.0,0.0,2.0,2.0,1.0,1.0,2.0,0.0,4.0,2.0,1.0,0.0,2.0,2.0,2.0,1.0,1.0,1.0,1.6473322812568152,12,0.10855263157894737,7.0,2.0,4.0,1.0,2.0,2.0,2.0,0.0,2.0,1.0,0.0,1.0,0.0,,
mem_short,10,blip_train,0.12063263171846247,0.11590929087754787,0.2712435233482894,2.1470021087151645,0.9142595957687382,6.024741173486093,4.905973410676884,1.3330656555542153,3.440517103468736,0.0,0,0,0,0,0,0,70,0,0,0,0,13,0,0,4,1,0,0,0,,,,,,0.3488372093023256,2.8666666666666667,2.6260772866277478,,18,,,,,,,,,,,,,,,,,,,1.8815865424829594,16,0.12048192771084337,5.0,3.0,4.0,4.0,1.0,1.0,2.0,2.0,2.0,2.0,4.0,1.0,2.0,,
mem_short,11,blip_train,0.3429002282772907,0.3390171657413589,0.8017708217294893,0.792705230402369,1.4533136910495008,0.6050660702276585,5.354208917311372,1.7148714481751501,3.071913637676193,0.0,0,0,0,0,0,0,65,0,0,0,0,14,0,0,0,0,4,0,0,,,,,,0.0,7.533333333333333,1.1463750000000061,,18,,,,,,,,,,,,,,,,,,,1.0568653060227593,18,0.11035653650254669,7.0,11.0,1.0,4.0,0.0,1.0,4.0,3.0,1.0,2.0,2.0,3.0,2.0,,
mem_short,11,roving_ramp,0.3429002282772907,0.3390171657413589,0.8017708217294893,0.792705230402369,1.4533136910495008,0.6050660702276585,5.354208917311372,1.7148714481751501,3.071913637676193,0.0,33,11,3,0,0,0,0,19,2,0,0,0,0,0,1,0,4,44,21,0.4772727272727273,0.5757575757575758,0.18181818181818182,,,0.0,4.0183333333333335,0.5191922563418063,0.30974999999999997,26,,,,,,,,,,,,,,,,,,,1.0568653060227593,0,0.0,0.0,0.0,0.0,0.0,0.0,0.0,0.0,0.0,0.0,0.0,0.0,0.0,0.0,,
mem_short,9,double_blip,0.18358144003128934,0.19405828450166748,0.4370897169319639,1.4247641474044703,1.0007251281542375,3.08820168773206,5.2462249606509195,1.3387263373088203,3.2970536165466777,0.0,0,0,0,0,9,37,0,0,0,3,20,0,0,0,3,0,8,0,0,,,,0.3333333333333333,0.5405405405405406,0.0,0.4166666666666667,1.1087500000000148,,34,4.0,1.0,1.0,0.0,5.0,4.0,4.0,2.0,5.0,1.0,3.0,1.0,4.0,3.0,2.0,0.0,5.0,5.0,1.6473322812568152,0,0.0,0.0,0.0,0.0,0.0,0.0,0.0,0.0,0.0,0.0,0.0,0.0,0.0,0.0,4.0,3.0
mem_short,9,roving_ramp,0.18358144003128934,0.19405828450166748,0.4370897169319639,1.4247641474044703,1.0007251281542375,3.08820168773206,5.2462249606509195,1.3387263373088203,3.2970536165466777,0.0,43,9,5,0,0,0,0,26,8,0,0,0,0,0,6,1,22,52,34,0.6538461538461539,0.6046511627906976,0.8888888888888888,,,0.5923000987166831,1.6883333333333335,0.7712341695460736,0.21824999999999994,63,,,,,,,,,,,,,,,,,,,1.6473322812568152,0,0.0,0.0,0.0,0.0,0.0,0.0,0.0,0.0,0.0,0.0,0.0,0.0,0.0,0.0,,
mem_short,8,blip_train,0.28253435805611377,0.39055251978459754,0.5423535454471101,0.8488307989005109,0.8503846022280678,1.4958041261752937,3.8782603009217484,1.074473539666021,3.9998086705279423,0.0,0,0,0,0,0,0,73,0,0,0,0,28,0,0,2,0,6,0,0,,,,,,0.0,5.433333333333334,1.2144999999999664,,36,,,,,,,,,,,,,,,,,,,2.3517645192823116,35,0.12414965986394558,22.0,11.0,7.0,5.0,4.0,3.0,4.0,2.0,3.0,5.0,5.0,7.0,3.0,,
mem_short,9,blip_train,0.18358144003128934,0.19405828450166748,0.4370897169319639,1.4247641474044703,1.0007251281542375,3.08820168773206,5.2462249606509195,1.3387263373088203,3.2970536165466777,0.0,0,0,0,0,0,0,75,0,0,0,0,13,0,0,6,0,2,0,0,,,,,,0.0,4.633333333333334,1.1122500000000173,,21,,,,,,,,,,,,,,,,,,,1.6473322812568152,21,0.12755102040816327,8.0,7.0,2.0,0.0,4.0,4.0,4.0,3.0,3.0,2.0,5.0,4.0,2.0,,
mem_short,10,double_blip,0.12063263171846247,0.11590929087754787,0.2712435233482894,2.1470021087151645,0.9142595957687382,6.024741173486093,4.905973410676884,1.3330656555542153,3.440517103468736,0.0,0,0,0,0,13,31,0,0,0,1,13,0,0,0,7,1,2,0,0,,,,0.07692307692307693,0.41935483870967744,0.7792207792207791,1.2833333333333334,2.4077108018738143,,24,,,1.0,0.0,3.0,0.0,8.0,4.0,5.0,3.0,1.0,0.0,4.0,1.0,3.0,1.0,1.0,1.0,1.8815865424829594,0,0.0,0.0,0.0,0.0,0.0,0.0,0.0,0.0,0.0,0.0,0.0,0.0,0.0,0.0,5.0,3.0
mem_short,12,double_blip,0.09336582398284489,0.07424392048865631,0.6066742929344839,1.4172639932872968,0.6024089843772408,2.146478690706383,7.243353627050185,0.9997406349125223,3.278140591472488,0.0,0,0,0,0,9,38,0,0,0,2,19,0,0,0,14,1,6,0,0,,,,0.2222222222222222,0.5,1.2244897959183674,0.8166666666666667,3.212500000000034,,42,4.0,1.0,4.0,2.0,2.0,1.0,5.0,4.0,4.0,1.0,7.0,3.0,1.0,1.0,3.0,1.0,5.0,4.0,2.720859645595566,0,0.0,0.0,0.0,0.0,0.0,0.0,0.0,0.0,0.0,0.0,0.0,0.0,0.0,0.0,3.0,1.0
mem_short,11,blip_combo,0.3429002282772907,0.3390171657413589,0.8017708217294893,0.792705230402369,1.4533136910495008,0.6050660702276585,5.354208917311372,1.7148714481751501,3.071913637676193,0.0,0,0,0,0,2,20,31,0,0,1,9,9,0,0,0,0,5,0,0,,,,0.5,0.45,0.0,3.1675,1.349499999999999,,24,2.0,1.0,2.0,0.0,5.0,4.0,2.0,0.0,3.0,1.0,2.0,0.0,1.0,0.0,1.0,1.0,1.0,1.0,1.0568653060227593,11,0.1,6.0,5.0,0.0,1.0,1.0,1.0,1.0,0.0,1.0,3.0,0.0,1.0,0.0,1.0,1.0
mem_short,15,double_blip,0.37404019739484634,0.23709019995312708,0.24514215445640034,0.7490241632124641,1.170786959913713,2.17713067514535,1.546846321065791,1.311924870454642,3.1385825657835458,0.0,0,0,0,0,4,37,0,0,0,0,5,0,0,0,2,0,0,0,0,,,,0.0,0.13513513513513514,0.0,1.25,1.98781256566506,,7,6.0,1.0,4.0,0.0,5.0,0.0,1.0,0.0,4.0,1.0,3.0,0.0,4.0,0.0,4.0,1.0,4.0,1.0,1.3403730453296385,0,0.0,0.0,0.0,0.0,0.0,0.0,0.0,0.0,0.0,0.0,0.0,0.0,0.0,0.0,2.0,1.0
mem_short,11,double_blip,0.3429002282772907,0.3390171657413589,0.8017708217294893,0.792705230402369,1.4533136910495008,0.6050660702276585,5.354208917311372,1.7148714481751501,3.071913637676193,0.0,0,0,0,0,4,38,0,0,0,2,21,0,0,0,2,0,9,0,0,,,,0.5,0.5526315789473685,0.0,1.3,1.812250000000006,,34,5.0,4.0,3.0,0.0,3.0,3.0,3.0,1.0,3.0,1.0,2.0,0.0,7.0,7.0,3.0,0.0,6.0,3.0,1.0568653060227593,0,0.0,0.0,0.0,0.0,0.0,0.0,0.0,0.0,0.0,0.0,0.0,0.0,0.0,0.0,3.0,2.0
mem_short,15,blip_train,0.37404019739484634,0.23709019995312708,0.24514215445640034,0.7490241632124641,1.170786959913713,2.17713067514535,1.546846321065791,1.311924870454642,3.1385825657835458,0.0,0,0,0,0,0,0,75,0,0,0,0,3,0,0,3,1,0,0,0,,,,,,0.2631578947368421,3.8,0.9199999999999825,,7,,,,,,,,,,,,,,,,,,,1.3403730453296385,6,0.1282051282051282,2.0,1.0,0.0,0.0,2.0,1.0,0.0,0.0,1.0,0.0,2.0,1.0,0.0,,
mem_short,16,roving_ramp,0.5019832334727348,0.5455639770912972,0.23785103405404656,0.618875545366663,0.9800943251474532,1.8162125922286656,1.2400571704851033,1.0955611717286087,4.624189059727604,0.0,34,10,4,0,0,0,0,14,4,0,0,0,0,0,1,0,3,44,18,0.4090909090909091,0.4117647058823529,0.4,,,0.0,2.7083333333333335,1.0328468998835885,0.566,22,,,,,,,,,,,,,,,,,,,2.3590530733008293,0,0.0,0.0,0.0,0.0,0.0,0.0,0.0,0.0,0.0,0.0,0.0,0.0,0.0,0.0,,
mem_short,16,double_blip,0.5019832334727348,0.5455639770912972,0.23785103405404656,0.618875545366663,0.9800943251474532,1.8162125922286656,1.2400571704851033,1.0955611717286087,4.624189059727604,0.0,0,0,0,0,15,31,0,0,0,1,9,0,0,0,0,0,0,0,0,,,,0.06666666666666667,0.2903225806451613,0.0,1.25,3.347375000000028,,10,1.0,0.0,5.0,1.0,4.0,1.0,3.0,2.0,1.0,0.0,1.0,0.0,4.0,0.0,4.0,1.0,5.0,2.0,2.3590530733008293,0,0.0,0.0,0.0,0.0,0.0,0.0,0.0,0.0,0.0,0.0,0.0,0.0,0.0,0.0,3.0,2.0
mem_short,16,blip_train,0.5019832334727348,0.5455639770912972,0.23785103405404656,0.618875545366663,0.9800943251474532,1.8162125922286656,1.2400571704851033,1.0955611717286087,4.624189059727604,0.0,0,0,0,0,0,0,86,0,0,0,0,14,0,0,0,0,0,0,0,,,,,,0.0,2.9833333333333334,0.8476657687157108,,14,,,,,,,,,,,,,,,,,,,2.3590530733008293,14,0.14776632302405499,8.0,6.0,0.0,1.0,5.0,1.0,1.0,3.0,0.0,3.0,3.0,2.0,1.0,,
mem_short,12,roving_ramp,0.09336582398284489,0.07424392048865631,0.6066742929344839,1.4172639932872968,0.6024089843772408,2.146478690706383,7.243353627050185,0.9997406349125223,3.278140591472488,0.0,40,9,4,0,0,0,0,17,6,0,0,0,1,0,17,0,6,49,23,0.46938775510204084,0.425,0.6666666666666666,,,0.0,2.774166666666667,1.4070698702016147,0.15774999999999995,47,,,,,,,,,,,,,,,,,,,2.720859645595566,0,0.0,0.0,0.0,0.0,0.0,0.0,0.0,0.0,0.0,0.0,0.0,0.0,0.0,0.0,,
mem_short,13,blip_combo,0.0100013373778227,0.04,0.7170729874190037,1.0562317729986592,0.727428848908451,1.1506868157337085,6.380517913193917,1.0531927540546409,2.153144228791056,0.0,0,0,0,0,5,20,37,0,0,4,14,23,0,0,52,4,18,0,0,,,,0.8,0.7,1.875,2.1333333333333333,1.6235000000000355,,115,4.0,2.0,1.0,1.0,1.0,1.0,1.0,1.0,,,4.0,4.0,,,4.0,1.0,2.0,2.0,1.4799689564291911,53,0.11935483870967742,8.0,8.0,6.0,5.0,9.0,10.0,10.0,7.0,4.0,6.0,6.0,7.0,5.0,3.0,2.0
mem_short,16,blip_combo,0.5019832334727348,0.5455639770912972,0.23785103405404656,0.618875545366663,0.9800943251474532,1.8162125922286656,1.2400571704851033,1.0955611717286087,4.624189059727604,0.0,0,0,0,0,7,15,45,0,0,1,3,1,0,0,0,0,0,0,0,,,,0.14285714285714285,0.2,0.0,2.0166666666666666,1.974000000000018,,5,,,,,1.0,1.0,4.0,1.0,1.0,0.0,1.0,0.0,2.0,0.0,,,3.0,0.0,2.3590530733008293,1,0.14705882352941177,0.0,1.0,0.0,1.0,0.0,0.0,0.0,0.0,1.0,0.0,1.0,0.0,0.0,3.0,1.0
mem_short,13,roving_ramp,0.0100013373778227,0.04,0.7170729874190037,1.0562317729986592,0.727428848908451,1.1506868157337085,6.380517913193917,1.0531927540546409,2.153144228791056,0.0,41,9,4,0,0,0,0,26,7,0,0,0,6,0,50,2,21,50,33,0.66,0.6341463414634146,0.7777777777777778,,,2.8776978417266186,0.6950000000000001,1.5631278848764782,0.06000000000000005,112,,,,,,,,,,,,,,,,,,,1.4799689564291911,0,0.0,0.0,0.0,0.0,0.0,0.0,0.0,0.0,0.0,0.0,0.0,0.0,0.0,0.0,,
mem_short,13,blip_train,0.0100013373778227,0.04,0.7170729874190037,1.0562317729986592,0.727428848908451,1.1506868157337085,6.380517913193917,1.0531927540546409,2.153144228791056,0.0,0,0,0,0,0,0,61,0,0,0,0,30,0,0,50,18,13,0,0,,,,,,2.1052631578947367,8.55,1.9187539707751184,,111,,,,,,,,,,,,,,,,,,,1.4799689564291911,89,0.10427350427350428,11.0,19.0,10.0,14.0,8.0,14.0,14.0,14.0,17.0,14.0,9.0,24.0,13.0,,
mem_short,12,blip_train,0.09336582398284489,0.07424392048865631,0.6066742929344839,1.4172639932872968,0.6024089843772408,2.146478690706383,7.243353627050185,0.9997406349125223,3.278140591472488,0.0,0,0,0,0,0,0,72,0,0,0,0,26,0,0,21,4,2,0,0,,,,,,0.6485610052695582,6.1675,1.7027500000000089,,53,,,,,,,,,,,,,,,,,,,2.720859645595566,48,0.12224108658743633,9.0,8.0,6.0,7.0,8.0,7.0,9.0,7.0,7.0,7.0,4.0,7.0,4.0,,
mem_short,12,blip_combo,0.09336582398284489,0.07424392048865631,0.6066742929344839,1.4172639932872968,0.6024089843772408,2.146478690706383,7.243353627050185,0.9997406349125223,3.278140591472488,0.0,0,0,0,0,8,14,39,0,0,5,10,15,0,0,8,1,8,0,0,,,,0.625,0.7142857142857143,0.36809815950920244,2.716666666666667,1.8782500000000226,,47,3.0,3.0,1.0,0.0,,,1.0,0.0,,,1.0,0.0,4.0,3.0,1.0,1.0,2.0,2.0,2.720859645595566,20,0.121875,6.0,5.0,0.0,8.0,1.0,2.0,2.0,5.0,3.0,3.0,2.0,2.0,4.0,1.0,1.0
mem_short,13,double_blip,0.0100013373778227,0.04,0.7170729874190037,1.0562317729986592,0.727428848908451,1.1506868157337085,6.380517913193917,1.0531927540546409,2.153144228791056,0.0,0,0,0,0,15,31,0,0,0,9,27,0,0,0,48,4,31,0,0,,,,0.6,0.8709677419354839,3.380281690140845,1.1833333333333333,1.414500000000018,,119,5.0,4.0,4.0,4.0,2.0,2.0,2.0,1.0,2.0,2.0,4.0,3.0,4.0,4.0,2.0,2.0,3.0,3.0,1.4799689564291911,0,0.0,0.0,0.0,0.0,0.0,0.0,0.0,0.0,0.0,0.0,0.0,0.0,0.0,0.0,3.0,2.0
mem_short,14,double_blip,0.12393572091776338,0.10276582370328677,0.7234933306535897,1.2725343618911638,0.9838083001463696,1.3548731144373916,7.755992713205946,1.3783617429209238,2.575047670465783,0.0,0,0,0,0,5,36,0,0,0,1,16,0,0,0,12,2,6,0,0,,,,0.2,0.4444444444444444,0.9090909090909091,2.2,2.5434999999999945,,37,4.0,1.0,,,5.0,2.0,3.0,1.0,5.0,3.0,2.0,0.0,3.0,2.0,5.0,1.0,5.0,3.0,1.3087141418113017,0,0.0,0.0,0.0,0.0,0.0,0.0,0.0,0.0,0.0,0.0,0.0,0.0,0.0,0.0,4.0,3.0
mem_short,14,roving_ramp,0.12393572091776338,0.10276582370328677,0.7234933306535897,1.2725343618911638,0.9838083001463696,1.3548731144373916,7.755992713205946,1.3783617429209238,2.575047670465783,0.0,40,12,3,0,0,0,0,24,8,0,0,0,0,0,12,2,8,52,32,0.6153846153846154,0.6,0.6666666666666666,,,1.587301587301587,1.2600000000000002,0.9820337165148602,0.205625,54,,,,,,,,,,,,,,,,,,,1.3087141418113017,0,0.0,0.0,0.0,0.0,0.0,0.0,0.0,0.0,0.0,0.0,0.0,0.0,0.0,0.0,,
mem_short,15,roving_ramp,0.37404019739484634,0.23709019995312708,0.24514215445640034,0.7490241632124641,1.170786959913713,2.17713067514535,1.546846321065791,1.311924870454642,3.1385825657835458,0.0,36,10,4,0,0,0,0,14,5,0,0,0,0,0,2,0,4,46,19,0.41304347826086957,0.3888888888888889,0.5,,,0.0,1.5633333333333335,0.9397626558509967,0.35575,25,,,,,,,,,,,,,,,,,,,1.3403730453296385,0,0.0,0.0,0.0,0.0,0.0,0.0,0.0,0.0,0.0,0.0,0.0,0.0,0.0,0.0,,
mem_short,17,blip_combo,0.2899601673617658,0.32022118106542685,0.33288745944942855,0.9496834790490949,1.2382970915612794,2.439503712146889,2.6632360429411617,1.4384323650720185,2.8455276393185924,0.0,0,0,0,0,4,17,37,0,0,1,6,7,0,0,5,1,3,0,0,,,,0.25,0.35294117647058826,0.3592814371257485,2.783333333333333,0.6677811349704029,,23,4.0,3.0,1.0,0.0,1.0,1.0,1.0,0.0,5.0,0.0,1.0,0.0,1.0,1.0,1.0,0.0,1.0,0.0,1.1489680702273442,13,0.11858974358974358,5.0,2.0,1.0,2.0,2.0,3.0,0.0,1.0,1.0,2.0,2.0,1.0,4.0,1.0,1.0
mem_short,17,blip_train,0.2899601673617658,0.32022118106542685,0.33288745944942855,0.9496834790490949,1.2382970915612794,2.439503712146889,2.6632360429411617,1.4384323650720185,2.8455276393185924,0.0,0,0,0,0,0,0,55,0,0,0,0,13,0,0,2,1,2,0,0,,,,,,0.14218009478672985,7.033333333333333,0.9185314685314521,,18,,,,,,,,,,,,,,,,,,,1.1489680702273442,17,0.09417808219178082,9.0,4.0,1.0,1.0,1.0,2.0,0.0,4.0,1.0,1.0,1.0,4.0,1.0,,
mem_short,14,blip_train,0.12393572091776338,0.10276582370328677,0.7234933306535897,1.2725343618911638,0.9838083001463696,1.3548731144373916,7.755992713205946,1.3783617429209238,2.575047670465783,0.0,0,0,0,0,0,0,60,0,0,0,0,16,0,0,8,5,1,0,0,,,,,,0.523605899293132,9.549166666666668,2.151750000000021,,30,,,,,,,,,,,,,,,,,,,1.3087141418113017,25,0.10256410256410256,5.0,5.0,6.0,5.0,2.0,5.0,4.0,3.0,2.0,5.0,4.0,2.0,3.0,,
mem_short,15,blip_combo,0.37404019739484634,0.23709019995312708,0.24514215445640034,0.7490241632124641,1.170786959913713,2.17713067514535,1.546846321065791,1.311924870454642,3.1385825657835458,0.0,0,0,0,0,9,14,38,0,0,1,3,1,0,0,4,0,0,0,0,,,,0.1111111111111111,0.21428571428571427,0.0,2.5,0.9598655179659588,,9,1.0,0.0,,,1.0,0.0,2.0,0.0,,,2.0,0.0,5.0,2.0,1.0,0.0,1.0,0.0,1.3403730453296385,3,0.12218649517684887,1.0,0.0,0.0,0.0,0.0,0.0,1.0,0.0,0.0,1.0,0.0,1.0,0.0,1.0,1.0
mem_short,17,roving_ramp,0.2899601673617658,0.32022118106542685,0.33288745944942855,0.9496834790490949,1.2382970915612794,2.439503712146889,2.6632360429411617,1.4384323650720185,2.8455276393185924,0.0,41,8,6,0,0,0,0,19,6,0,0,0,0,0,10,0,8,49,25,0.5102040816326531,0.4634146341463415,0.75,,,0.0,1.4358333333333335,0.7202308626974426,0.44999999999999996,43,,,,,,,,,,,,,,,,,,,1.1489680702273442,0,0.0,0.0,0.0,0.0,0.0,0.0,0.0,0.0,0.0,0.0,0.0,0.0,0.0,0.0,,
mem_short,18,double_blip,0.1766926770514076,0.22691843518295393,0.41736661588790525,1.3244522691639191,1.134754051259602,2.9713593172906494,4.65679759273613,1.4423161790500232,2.7266353277444826,0.0,0,0,0,0,7,38,0,0,0,4,19,0,0,0,5,0,12,0,0,,,,0.5714285714285714,0.5,0.0,1.4333333333333333,0.7435463393990952,,40,5.0,3.0,4.0,3.0,3.0,2.0,7.0,2.0,2.0,0.0,2.0,0.0,4.0,4.0,4.0,1.0,2.0,1.0,1.2014212792269203,0,0.0,0.0,0.0,0.0,0.0,0.0,0.0,0.0,0.0,0.0,0.0,0.0,0.0,0.0,5.0,3.0
mem_short,14,blip_combo,0.12393572091776338,0.10276582370328677,0.7234933306535897,1.2725343618911638,0.9838083001463696,1.3548731144373916,7.755992713205946,1.3783617429209238,2.575047670465783,0.0,0,0,0,0,9,13,33,0,0,3,6,13,0,0,13,4,6,0,0,,,,0.3333333333333333,0.46153846153846156,1.3259668508287292,3.0166666666666666,1.463750000000033,,45,2.0,1.0,1.0,1.0,1.0,0.0,2.0,1.0,,,2.0,0.0,2.0,2.0,1.0,1.0,1.0,0.0,1.3087141418113017,22,0.10819672131147541,5.0,5.0,6.0,2.0,1.0,4.0,2.0,3.0,2.0,2.0,1.0,3.0,2.0,1.0,0.0
mem_short,18,blip_train,0.1766926770514076,0.22691843518295393,0.41736661588790525,1.3244522691639191,1.134754051259602,2.9713593172906494,4.65679759273613,1.4423161790500232,2.7266353277444826,0.0,0,0,0,0,0,0,71,0,0,0,0,24,0,0,8,2,10,0,0,,,,,,0.5555555555555556,3.6,0.8920216636117171,,44,,,,,,,,,,,,,,,,,,,1.2014212792269203,42,0.12136752136752137,20.0,9.0,7.0,5.0,5.0,7.0,1.0,5.0,6.0,4.0,7.0,3.0,3.0,,
mem_short,18,roving_ramp,0.1766926770514076,0.22691843518295393,0.41736661588790525,1.3244522691639191,1.134754051259602,2.9713593172906494,4.65679759273613,1.4423161790500232,2.7266353277444826,0.0,45,13,1,0,0,0,0,23,12,0,0,0,0,0,8,0,23,58,35,0.603448275862069,0.5111111111111111,0.9230769230769231,,,0.0,1.0658333333333334,0.7137901127494299,0.3405,66,,,,,,,,,,,,,,,,,,,1.2014212792269203,0,0.0,0.0,0.0,0.0,0.0,0.0,0.0,0.0,0.0,0.0,0.0,0.0,0.0,0.0,,
mem_short,18,blip_combo,0.1766926770514076,0.22691843518295393,0.41736661588790525,1.3244522691639191,1.134754051259602,2.9713593172906494,4.65679759273613,1.4423161790500232,2.7266353277444826,0.0,0,0,0,0,4,18,39,0,0,2,10,9,0,0,8,0,8,0,0,,,,0.5,0.5555555555555556,0.0,3.7666666666666666,0.8454489920586528,,37,2.0,2.0,,,,,1.0,1.0,3.0,2.0,5.0,0.0,3.0,3.0,1.0,0.0,2.0,1.0,1.2014212792269203,16,0.12420382165605096,8.0,4.0,2.0,2.0,4.0,1.0,1.0,0.0,6.0,3.0,2.0,2.0,0.0,1.0,1.0
mem_short,17,double_blip,0.2899601673617658,0.32022118106542685,0.33288745944942855,0.9496834790490949,1.2382970915612794,2.439503712146889,2.6632360429411617,1.4384323650720185,2.8455276393185924,0.0,0,0,0,0,9,36,0,0,0,5,13,0,0,0,3,0,3,0,0,,,,0.5555555555555556,0.3611111111111111,0.0,1.3666666666666667,0.8941467232801578,,24,4.0,2.0,1.0,1.0,4.0,1.0,1.0,1.0,3.0,1.0,3.0,0.0,3.0,0.0,8.0,2.0,6.0,2.0,1.1489680702273442,0,0.0,0.0,0.0,0.0,0.0,0.0,0.0,0.0,0.0,0.0,0.0,0.0,0.0,0.0,3.0,3.0
mem_short,19,roving_ramp,0.12729520265940325,0.14837830167782384,0.15100365381354408,0.9775876807674287,0.8641924167629691,3.195840064155922,1.2435879870044722,1.0249993909417467,2.6605705556578663,0.0,38,10,4,0,0,0,0,18,10,0,0,0,2,0,18,7,28,48,28,0.5833333333333334,0.47368421052631576,1.0,,,2.0973782771535583,3.3375,1.4533138579258358,0.22249999999999998,83,,,,,,,,,,,,,,,,,,,1.5393392166200923,0,0.0,0.0,0.0,0.0,0.0,0.0,0.0,0.0,0.0,0.0,0.0,0.0,0.0,0.0,,
mem_short,20,roving_ramp,0.14833817192603113,0.07809593398255132,0.5831461842792209,1.2193066635559493,1.0248875195699836,1.9571324785148958,5.9899573143383344,1.3594274717146584,2.5522995189717417,0.0,42,8,6,0,0,0,0,17,6,0,0,0,1,0,8,0,3,50,23,0.46,0.40476190476190477,0.75,,,0.0,1.2258333333333333,3.1150319533204263,0.127,35,,,,,,,,,,,,,,,,,,,1.2451607958123154,0,0.0,0.0,0.0,0.0,0.0,0.0,0.0,0.0,0.0,0.0,0.0,0.0,0.0,0.0,,
mem_short,19,double_blip,0.12729520265940325,0.14837830167782384,0.15100365381354408,0.9775876807674287,0.8641924167629691,3.195840064155922,1.2435879870044722,1.0249993909417467,2.6605705556578663,0.0,0,0,0,0,6,41,0,0,0,2,15,0,0,0,12,0,2,0,0,,,,0.3333333333333333,0.36585365853658536,0.0,0.75,2.646250000000009,,31,5.0,3.0,5.0,3.0,3.0,1.0,7.0,1.0,3.0,1.0,4.0,1.0,2.0,0.0,4.0,2.0,4.0,2.0,1.5393392166200923,0,0.0,0.0,0.0,0.0,0.0,0.0,0.0,0.0,0.0,0.0,0.0,0.0,0.0,0.0,4.0,1.0
mem_short,21,blip_train,0.18545676382600157,0.22489772625324145,0.7532128084043612,0.9733772267458113,0.9898787036930259,0.9249692446994807,6.176354569940357,1.2990327165094675,2.772132182478057,0.0,0,0,0,0,0,0,87,0,0,0,0,40,0,0,8,1,7,0,0,,,,,,0.23715415019762845,4.216666666666667,0.8649590496132116,,56,,,,,,,,,,,,,,,,,,,1.4002383181574793,55,0.14846416382252559,30.0,15.0,3.0,8.0,11.0,8.0,9.0,11.0,6.0,13.0,11.0,7.0,7.0,,
mem_short,20,blip_combo,0.14833817192603113,0.07809593398255132,0.5831461842792209,1.2193066635559493,1.0248875195699836,1.9571324785148958,5.9899573143383344,1.3594274717146584,2.5522995189717417,0.0,0,0,0,0,5,17,44,0,0,1,8,6,0,0,9,1,3,0,0,,,,0.2,0.47058823529411764,0.5217391304347826,1.9166666666666667,1.5819999999999936,,28,3.0,1.0,2.0,1.0,1.0,0.0,1.0,0.0,1.0,1.0,1.0,1.0,3.0,2.0,1.0,0.0,2.0,0.0,1.2451607958123154,11,0.13664596273291926,1.0,6.0,2.0,1.0,4.0,3.0,0.0,0.0,0.0,4.0,1.0,2.0,3.0,2.0,2.0
mem_short,20,blip_train,0.14833817192603113,0.07809593398255132,0.5831461842792209,1.2193066635559493,1.0248875195699836,1.9571324785148958,5.9899573143383344,1.3594274717146584,2.5522995189717417,0.0,0,0,0,0,0,0,78,0,0,0,0,17,0,0,8,1,0,0,0,,,,,,0.3243243243243243,3.0833333333333335,2.353999999999999,,26,,,,,,,,,,,,,,,,,,,1.2451607958123154,25,0.1319796954314721,3.0,6.0,6.0,3.0,2.0,3.0,3.0,4.0,6.0,3.0,4.0,1.0,4.0,,
mem_short,21,double_blip,0.18545676382600157,0.22489772625324145,0.7532128084043612,0.9733772267458113,0.9898787036930259,0.9249692446994807,6.176354569940357,1.2990327165094675,2.772132182478057,0.0,0,0,0,0,8,35,0,0,0,3,24,0,0,0,4,0,18,0,0,,,,0.375,0.6857142857142857,0.0,2.084166666666667,1.0800000000000054,,49,3.0,2.0,3.0,1.0,4.0,4.0,4.0,4.0,3.0,2.0,4.0,1.0,3.0,1.0,5.0,4.0,2.0,2.0,1.4002383181574793,0,0.0,0.0,0.0,0.0,0.0,0.0,0.0,0.0,0.0,0.0,0.0,0.0,0.0,0.0,4.0,3.0
mem_short,22,double_blip,0.042189697552887234,0.04750857856801956,0.16526404815286852,2.092973733086738,0.8551822549668553,6.727231800445426,2.9139057914582303,1.2070518819212812,2.391909007885532,0.0,0,0,0,0,8,36,0,0,0,4,21,0,0,0,25,1,14,0,0,,,,0.5,0.5833333333333334,0.6741573033707865,1.4833333333333334,1.2517500000000155,,65,6.0,4.0,3.0,3.0,5.0,3.0,7.0,4.0,1.0,1.0,3.0,1.0,2.0,1.0,3.0,2.0,3.0,1.0,1.3984790926106367,0,0.0,0.0,0.0,0.0,0.0,0.0,0.0,0.0,0.0,0.0,0.0,0.0,0.0,0.0,3.0,1.0
mem_short,21,roving_ramp,0.18545676382600157,0.22489772625324145,0.7532128084043612,0.9733772267458113,0.9898787036930259,0.9249692446994807,6.176354569940357,1.2990327165094675,2.772132182478057,0.0,32,15,1,0,0,0,0,18,9,0,0,0,0,0,6,2,13,47,27,0.574468085106383,0.5625,0.6,,,0.5344021376085504,3.7425,0.6751815677435579,0.22499999999999998,48,,,,,,,,,,,,,,,,,,,1.4002383181574793,0,0.0,0.0,0.0,0.0,0.0,0.0,0.0,0.0,0.0,0.0,0.0,0.0,0.0,0.0,,
mem_short,19,blip_train,0.12729520265940325,0.14837830167782384,0.15100365381354408,0.9775876807674287,0.8641924167629691,3.195840064155922,1.2435879870044722,1.0249993909417467,2.6605705556578663,0.0,0,0,0,0,0,0,81,0,0,0,0,17,0,0,6,1,1,0,0,,,,,,0.3191489361702128,3.1333333333333333,1.4027500000000117,,25,,,,,,,,,,,,,,,,,,,1.5393392166200923,24,0.13798977853492334,7.0,5.0,3.0,4.0,4.0,5.0,4.0,3.0,3.0,2.0,5.0,4.0,2.0,,
mem_short,20,double_blip,0.14833817192603113,0.07809593398255132,0.5831461842792209,1.2193066635559493,1.0248875195699836,1.9571324785148958,5.9899573143383344,1.3594274717146584,2.5522995189717417,0.0,0,0,0,0,8,35,0,0,0,1,16,0,0,0,9,0,7,0,0,,,,0.125,0.45714285714285713,0.0,0.95,1.7705000000000268,,33,4.0,1.0,6.0,4.0,2.0,1.0,3.0,0.0,4.0,3.0,4.0,4.0,4.0,1.0,3.0,0.0,2.0,1.0,1.2451607958123154,0,0.0,0.0,0.0,0.0,0.0,0.0,0.0,0.0,0.0,0.0,0.0,0.0,0.0,0.0,3.0,1.0
mem_short,19,blip_combo,0.12729520265940325,0.14837830167782384,0.15100365381354408,0.9775876807674287,0.8641924167629691,3.195840064155922,1.2435879870044722,1.0249993909417467,2.6605705556578663,0.0,0,0,0,0,7,16,38,0,0,1,7,16,0,0,13,2,4,0,0,,,,0.14285714285714285,0.4375,0.8888888888888888,2.25,2.2270000000000323,,43,2.0,0.0,1.0,1.0,2.0,0.0,1.0,0.0,2.0,1.0,2.0,1.0,2.0,1.0,2.0,1.0,2.0,2.0,1.5393392166200923,23,0.12218649517684887,7.0,2.0,6.0,3.0,3.0,4.0,3.0,4.0,4.0,2.0,5.0,1.0,3.0,,
mem_short,21,blip_combo,0.18545676382600157,0.22489772625324145,0.7532128084043612,0.9733772267458113,0.9898787036930259,0.9249692446994807,6.176354569940357,1.2990327165094675,2.772132182478057,0.0,0,0,0,0,4,17,38,0,0,3,11,15,0,0,8,1,14,0,0,,,,0.75,0.6470588235294118,0.25641025641025644,3.9,1.4724999999999682,,52,1.0,1.0,,,,,1.0,0.0,4.0,3.0,1.0,1.0,5.0,2.0,2.0,1.0,2.0,2.0,1.4002383181574793,24,0.12459016393442623,7.0,9.0,5.0,5.0,6.0,6.0,4.0,4.0,4.0,3.0,2.0,3.0,3.0,1.0,1.0
mem_short,22,blip_train,0.042189697552887234,0.04750857856801956,0.16526404815286852,2.092973733086738,0.8551822549668553,6.727231800445426,2.9139057914582303,1.2070518819212812,2.391909007885532,0.0,0,0,0,0,0,0,77,0,0,0,0,26,0,0,21,3,9,0,0,,,,,,0.6293706293706294,4.766666666666667,1.9592500000000115,,59,,,,,,,,,,,,,,,,,,,1.3984790926106367,54,0.1307300509337861,13.0,8.0,10.0,10.0,11.0,6.0,7.0,8.0,10.0,6.0,12.0,6.0,7.0,,
mem_short,23,roving_ramp,0.2615184655607088,0.25329265053439703,0.6521276506913266,0.9946542285370374,1.2128104964299093,1.332341449301593,5.464344734775608,1.5031580580173753,3.0972068433811506,0.0,38,8,4,0,0,0,0,16,2,0,0,0,0,0,2,0,6,46,18,0.391304347826087,0.42105263157894735,0.25,,,0.0,2.8316666666666666,0.5568331146005351,0.4432499999999999,26,,,,,,,,,,,,,,,,,,,1.276871717592421,0,0.0,0.0,0.0,0.0,0.0,0.0,0.0,0.0,0.0,0.0,0.0,0.0,0.0,0.0,,
mem_short,22,roving_ramp,0.042189697552887234,0.04750857856801956,0.16526404815286852,2.092973733086738,0.8551822549668553,6.727231800445426,2.9139057914582303,1.2070518819212812,2.391909007885532,0.0,45,11,3,0,0,0,0,26,10,0,0,0,4,0,28,1,24,56,36,0.6428571428571429,0.5777777777777777,0.9090909090909091,,,1.3186813186813187,0.7583333333333333,2.159454764669766,0.07125000000000004,93,,,,,,,,,,,,,,,,,,,1.3984790926106367,0,0.0,0.0,0.0,0.0,0.0,0.0,0.0,0.0,0.0,0.0,0.0,0.0,0.0,0.0,,
mem_short,24,roving_ramp,0.13537166720262278,0.11291543687144107,0.5092113449251696,1.6143379802582773,1.0584062306453565,3.050791131475754,6.925097262587895,1.470983456241882,2.7065124402710783,0.0,39,11,2,0,0,0,0,19,9,0,0,0,0,0,11,3,14,50,28,0.56,0.48717948717948717,0.8181818181818182,,,1.2517385257301807,2.396666666666667,0.8432034419467507,0.1975,56,,,,,,,,,,,,,,,,,,,1.2785792269102574,0,0.0,0.0,0.0,0.0,0.0,0.0,0.0,0.0,0.0,0.0,0.0,0.0,0.0,0.0,,
mem_short,23,blip_train,0.2615184655607088,0.25329265053439703,0.6521276506913266,0.9946542285370374,1.2128104964299093,1.332341449301593,5.464344734775608,1.5031580580173753,3.0972068433811506,0.0,0,0,0,0,0,0,78,0,0,0,0,10,0,0,2,0,0,0,0,,,,,,0.0,4.0,0.8617113976209381,,12,,,,,,,,,,,,,,,,,,,1.276871717592421,12,0.13175675675675674,8.0,2.0,1.0,2.0,1.0,2.0,3.0,4.0,0.0,2.0,2.0,0.0,0.0,,
mem_short,23,blip_combo,0.2615184655607088,0.25329265053439703,0.6521276506913266,0.9946542285370374,1.2128104964299093,1.332341449301593,5.464344734775608,1.5031580580173753,3.0972068433811506,0.0,0,0,0,0,8,17,40,0,0,4,5,9,0,0,1,1,3,0,0,,,,0.5,0.29411764705882354,0.39473684210526316,2.533333333333333,1.3553750000000377,,23,6.0,4.0,2.0,0.0,1.0,0.0,1.0,0.0,,,3.0,0.0,2.0,0.0,1.0,0.0,1.0,1.0,1.276871717592421,10,0.12987012987012986,3.0,7.0,0.0,1.0,4.0,1.0,2.0,2.0,0.0,1.0,1.0,0.0,1.0,,
mem_short,24,blip_combo,0.13537166720262278,0.11291543687144107,0.5092113449251696,1.6143379802582773,1.0584062306453565,3.050791131475754,6.925097262587895,1.470983456241882,2.7065124402710783,0.0,0,0,0,0,4,18,32,0,0,2,9,5,0,0,8,4,5,0,0,,,,0.5,0.5,1.2244897959183674,3.2666666666666666,2.0266250000000383,,33,1.0,0.0,1.0,1.0,1.0,0.0,1.0,0.0,2.0,1.0,3.0,1.0,1.0,1.0,3.0,1.0,2.0,2.0,1.2785792269102574,10,0.10423452768729642,4.0,2.0,0.0,0.0,1.0,1.0,0.0,4.0,3.0,0.0,0.0,1.0,1.0,3.0,2.0
mem_short,24,double_blip,0.13537166720262278,0.11291543687144107,0.5092113449251696,1.6143379802582773,1.0584062306453565,3.050791131475754,6.925097262587895,1.470983456241882,2.7065124402710783,0.0,0,0,0,0,9,35,0,0,0,1,11,0,0,0,11,3,3,0,0,,,,0.1111111111111111,0.3142857142857143,1.7647058823529411,1.7,2.2022500000000633,,29,2.0,1.0,5.0,3.0,5.0,2.0,4.0,0.0,3.0,2.0,4.0,1.0,2.0,0.0,5.0,1.0,4.0,1.0,1.2785792269102574,0,0.0,0.0,0.0,0.0,0.0,0.0,0.0,0.0,0.0,0.0,0.0,0.0,0.0,0.0,1.0,0.0
mem_short,23,double_blip,0.2615184655607088,0.25329265053439703,0.6521276506913266,0.9946542285370374,1.2128104964299093,1.332341449301593,5.464344734775608,1.5031580580173753,3.0972068433811506,0.0,0,0,0,0,7,38,0,0,0,1,19,0,0,0,1,0,7,0,0,,,,0.14285714285714285,0.5,0.0,1.05,1.8032500000000198,,28,5.0,3.0,1.0,0.0,5.0,4.0,2.0,1.0,4.0,3.0,5.0,0.0,5.0,4.0,2.0,1.0,5.0,2.0,1.276871717592421,0,0.0,0.0,0.0,0.0,0.0,0.0,0.0,0.0,0.0,0.0,0.0,0.0,0.0,0.0,4.0,1.0
mem_short,25,blip_train,0.10810383245140187,0.11910954569146219,0.5400327662534677,1.6942055254073953,1.0311441825746723,3.0006578981238823,7.707606726889924,1.4774099561239764,2.5396762598713445,0.0,0,0,0,0,0,0,70,0,0,0,0,25,0,0,16,3,3,0,0,,,,,,0.6,5.0,1.6779999999999973,,47,,,,,,,,,,,,,,,,,,,1.231484550264351,44,0.11945392491467577,14.0,8.0,8.0,4.0,4.0,7.0,3.0,7.0,4.0,3.0,7.0,7.0,6.0,,
mem_short,24,blip_train,0.13537166720262278,0.11291543687144107,0.5092113449251696,1.6143379802582773,1.0584062306453565,3.050791131475754,6.925097262587895,1.470983456241882,2.7065124402710783,0.0,0,0,0,0,0,0,80,0,0,0,0,15,0,0,9,1,3,0,0,,,,,,0.22556390977443608,4.433333333333334,1.9420000000000002,,28,,,,,,,,,,,,,,,,,,,1.2785792269102574,27,0.13675213675213677,6.0,6.0,4.0,5.0,5.0,5.0,5.0,6.0,5.0,5.0,4.0,5.0,5.0,,
mem_short,25,double_blip,0.10810383245140187,0.11910954569146219,0.5400327662534677,1.6942055254073953,1.0311441825746723,3.0006578981238823,7.707606726889924,1.4774099561239764,2.5396762598713445,0.0,0,0,0,0,9,32,0,0,0,4,19,0,0,0,14,2,9,0,0,,,,0.4444444444444444,0.59375,1.3793103448275863,1.45,3.61698242410408,,48,1.0,0.0,1.0,1.0,6.0,5.0,4.0,1.0,5.0,4.0,3.0,1.0,3.0,3.0,2.0,1.0,7.0,3.0,1.231484550264351,0,0.0,0.0,0.0,0.0,0.0,0.0,0.0,0.0,0.0,0.0,0.0,0.0,0.0,0.0,,
mem_short,25,roving_ramp,0.10810383245140187,0.11910954569146219,0.5400327662534677,1.6942055254073953,1.0311441825746723,3.0006578981238823,7.707606726889924,1.4774099561239764,2.5396762598713445,0.0,43,8,6,0,0,0,0,28,7,0,0,0,3,0,12,2,22,51,35,0.6862745098039216,0.6511627906976745,0.875,,,1.271186440677966,1.5733333333333335,0.6365054602184328,0.08925000000000005,74,,,,,,,,,,,,,,,,,,,1.231484550264351,0,0.0,0.0,0.0,0.0,0.0,0.0,0.0,0.0,0.0,0.0,0.0,0.0,0.0,0.0,,
mem_short,25,blip_combo,0.10810383245140187,0.11910954569146219,0.5400327662534677,1.6942055254073953,1.0311441825746723,3.0006578981238823,7.707606726889924,1.4774099561239764,2.5396762598713445,0.0,0,0,0,0,4,16,43,0,0,1,13,12,0,0,20,3,9,0,0,,,,0.25,0.8125,1.0465116279069768,2.8666666666666667,1.97362499999997,,58,3.0,3.0,,,1.0,1.0,2.0,2.0,2.0,1.0,2.0,1.0,2.0,2.0,1.0,1.0,1.0,1.0,1.231484550264351,22,0.14098360655737704,6.0,2.0,5.0,2.0,2.0,5.0,5.0,3.0,4.0,4.0,5.0,3.0,2.0,2.0,1.0
mem_short,27,roving_ramp,0.2471026572744093,0.26768909352174114,0.41109695640511806,0.9683578647632682,1.2397828998690157,2.1958525725398697,3.353617194283076,1.4631097056389122,2.6557278506357784,0.0,39,10,4,0,0,0,0,19,6,0,0,0,1,0,6,0,18,49,25,0.5102040816326531,0.48717948717948717,0.6,,,0.0,1.0433333333333334,0.7038633725750298,0.334625,50,,,,,,,,,,,,,,,,,,,1.0710455237430516,0,0.0,0.0,0.0,0.0,0.0,0.0,0.0,0.0,0.0,0.0,0.0,0.0,0.0,0.0,,
mem_short,22,blip_combo,0.042189697552887234,0.04750857856801956,0.16526404815286852,2.092973733086738,0.8551822549668553,6.727231800445426,2.9139057914582303,1.2070518819212812,2.391909007885532,0.0,0,0,0,0,5,14,49,0,0,3,10,12,0,0,21,3,8,0,0,,,,0.6,0.7142857142857143,1.1042944785276072,2.716666666666667,2.248000000000019,,57,1.0,1.0,2.0,1.0,5.0,2.0,1.0,1.0,2.0,2.0,,,3.0,3.0,,,,,1.3984790926106367,25,0.15217391304347827,4.0,4.0,7.0,4.0,5.0,1.0,7.0,3.0,5.0,5.0,3.0,4.0,3.0,,
mem_short,26,double_blip,0.114901188429914,0.12024071702070922,0.48671309777178606,1.788812749393357,0.9577017606042671,3.53548142220697,7.334512569173723,1.4046369778765473,2.8109876289620184,0.0,0,0,0,0,12,29,0,0,0,7,13,0,0,0,11,3,5,0,0,,,,0.5833333333333334,0.4482758620689655,1.7999999999999998,1.6666666666666667,1.2643750000000296,,39,5.0,2.0,2.0,0.0,2.0,2.0,4.0,1.0,4.0,2.0,2.0,0.0,5.0,4.0,2.0,0.0,3.0,2.0,1.4675694170116231,0,0.0,0.0,0.0,0.0,0.0,0.0,0.0,0.0,0.0,0.0,0.0,0.0,0.0,0.0,,
mem_short,26,roving_ramp,0.114901188429914,0.12024071702070922,0.48671309777178606,1.788812749393357,0.9577017606042671,3.53548142220697,7.334512569173723,1.4046369778765473,2.8109876289620184,0.0,39,11,3,0,0,0,0,24,11,0,0,0,0,0,6,2,18,50,35,0.7,0.6153846153846154,1.0,,,1.1363636363636362,1.7600000000000002,0.718882978723458,0.18025000000000002,61,,,,,,,,,,,,,,,,,,,1.4675694170116231,0,0.0,0.0,0.0,0.0,0.0,0.0,0.0,0.0,0.0,0.0,0.0,0.0,0.0,0.0,,
mem_short,28,roving_ramp,0.13464947663691393,0.157991483097171,0.3714634787001472,1.508591449304655,1.026105613835765,3.6511162002438815,4.7208598263031165,1.358821163014564,2.6952995003949933,0.0,40,9,5,0,0,0,0,28,8,0,0,0,1,0,9,2,34,49,36,0.7346938775510204,0.7,0.8888888888888888,,,1.1294117647058823,1.7708333333333333,0.922621566730535,0.07899999999999996,82,,,,,,,,,,,,,,,,,,,1.3133635875548355,0,0.0,0.0,0.0,0.0,0.0,0.0,0.0,0.0,0.0,0.0,0.0,0.0,0.0,0.0,,
mem_short,28,blip_combo,0.13464947663691393,0.157991483097171,0.3714634787001472,1.508591449304655,1.026105613835765,3.6511162002438815,4.7208598263031165,1.358821163014564,2.6952995003949933,0.0,0,0,0,0,4,18,32,0,0,4,11,8,0,0,4,2,5,0,0,,,,1.0,0.6111111111111112,0.4054054054054054,4.933333333333334,2.1448904070594974,,34,1.0,0.0,,,2.0,2.0,5.0,3.0,,,2.0,1.0,1.0,1.0,,,5.0,3.0,1.3133635875548355,11,0.10126582278481013,6.0,2.0,3.0,2.0,1.0,4.0,2.0,2.0,0.0,0.0,2.0,0.0,0.0,2.0,1.0
mem_short,26,blip_train,0.114901188429914,0.12024071702070922,0.48671309777178606,1.788812749393357,0.9577017606042671,3.53548142220697,7.334512569173723,1.4046369778765473,2.8109876289620184,0.0,0,0,0,0,0,0,77,0,0,0,0,25,0,0,9,2,4,0,0,,,,,,0.4363636363636364,4.583333333333333,1.6322500000000026,,40,,,,,,,,,,,,,,,,,,,1.4675694170116231,36,0.13095238095238096,10.0,12.0,4.0,8.0,3.0,4.0,5.0,5.0,4.0,5.0,5.0,2.0,9.0,,
mem_short,27,blip_train,0.2471026572744093,0.26768909352174114,0.41109695640511806,0.9683578647632682,1.2397828998690157,2.1958525725398697,3.353617194283076,1.4631097056389122,2.6557278506357784,0.0,0,0,0,0,0,0,71,0,0,0,0,18,0,0,9,0,2,0,0,,,,,,0.0,4.95,0.6340333190260474,,29,,,,,,,,,,,,,,,,,,,1.0710455237430516,29,0.12013536379018612,15.0,4.0,1.0,2.0,6.0,2.0,4.0,8.0,4.0,2.0,6.0,6.0,4.0,,
mem_short,29,blip_combo,0.32521383001379783,0.3555615627862601,0.45035033529132606,1.0445249034321862,1.310258826224253,2.210692113107229,3.962804352297284,1.5615764304621194,3.584703826786896,0.0,0,0,0,0,9,13,41,0,0,4,3,10,0,0,0,0,2,0,0,,,,0.4444444444444444,0.23076923076923078,0.0,4.416666666666667,1.1217499999999916,,19,,,4.0,0.0,1.0,1.0,,,,,3.0,1.0,,,2.0,0.0,2.0,0.0,1.367937294159226,11,0.12538226299694188,3.0,6.0,3.0,2.0,4.0,1.0,0.0,2.0,0.0,0.0,1.0,2.0,1.0,1.0,1.0
mem_short,29,roving_ramp,0.32521383001379783,0.3555615627862601,0.45035033529132606,1.0445249034321862,1.310258826224253,2.210692113107229,3.962804352297284,1.5615764304621194,3.584703826786896,0.0,41,11,2,0,0,0,0,18,7,0,0,0,0,0,2,0,7,52,25,0.4807692307692308,0.43902439024390244,0.6363636363636364,,,0.0,1.3558333333333334,0.557377049180337,0.44999999999999996,34,,,,,,,,,,,,,,,,,,,1.367937294159226,0,0.0,0.0,0.0,0.0,0.0,0.0,0.0,0.0,0.0,0.0,0.0,0.0,0.0,0.0,,
mem_short,29,blip_train,0.32521383001379783,0.3555615627862601,0.45035033529132606,1.0445249034321862,1.310258826224253,2.210692113107229,3.962804352297284,1.5615764304621194,3.584703826786896,0.0,0,0,0,0,0,0,87,0,0,0,0,17,0,0,0,0,1,0,0,,,,,,0.0,4.933333333333334,1.0877500000000282,,18,,,,,,,,,,,,,,,,,,,1.367937294159226,18,0.14720812182741116,8.0,8.0,2.0,4.0,5.0,1.0,3.0,4.0,5.0,2.0,5.0,1.0,1.0,,
mem_short,28,double_blip,0.13464947663691393,0.157991483097171,0.3714634787001472,1.508591449304655,1.026105613835765,3.6511162002438815,4.7208598263031165,1.358821163014564,2.6952995003949933,0.0,0,0,0,0,11,34,0,0,0,3,20,0,0,0,12,0,7,0,0,,,,0.2727272727272727,0.5882352941176471,0.0,1.0666666666666667,0.8841519925857347,,42,2.0,1.0,6.0,2.0,1.0,1.0,7.0,2.0,2.0,1.0,3.0,2.0,6.0,6.0,5.0,3.0,1.0,1.0,1.3133635875548355,0,0.0,0.0,0.0,0.0,0.0,0.0,0.0,0.0,0.0,0.0,0.0,0.0,0.0,0.0,1.0,1.0
mem_short,27,double_blip,0.2471026572744093,0.26768909352174114,0.41109695640511806,0.9683578647632682,1.2397828998690157,2.1958525725398697,3.353617194283076,1.4631097056389122,2.6557278506357784,0.0,0,0,0,0,9,36,0,0,0,0,14,0,0,0,6,1,7,0,0,,,,0.0,0.3888888888888889,0.6185567010309279,1.6166666666666667,1.0420252525252347,,28,7.0,1.0,3.0,2.0,2.0,1.0,2.0,0.0,3.0,1.0,4.0,0.0,4.0,4.0,4.0,2.0,3.0,1.0,1.0710455237430516,0,0.0,0.0,0.0,0.0,0.0,0.0,0.0,0.0,0.0,0.0,0.0,0.0,0.0,0.0,4.0,2.0
mem_short,28,blip_train,0.13464947663691393,0.157991483097171,0.3714634787001472,1.508591449304655,1.026105613835765,3.6511162002438815,4.7208598263031165,1.358821163014564,2.6952995003949933,0.0,0,0,0,0,0,0,79,0,0,0,0,21,0,0,8,3,4,0,0,,,,,,0.6896551724137931,4.35,1.1539999999999964,,36,,,,,,,,,,,,,,,,,,,1.3133635875548355,33,0.13412563667232597,11.0,9.0,6.0,2.0,5.0,8.0,2.0,4.0,2.0,5.0,3.0,5.0,3.0,,
mem_short,26,blip_combo,0.114901188429914,0.12024071702070922,0.48671309777178606,1.788812749393357,0.9577017606042671,3.53548142220697,7.334512569173723,1.4046369778765473,2.8109876289620184,0.0,0,0,0,0,5,17,40,0,0,3,8,19,0,0,12,3,9,0,0,,,,0.6,0.47058823529411764,0.9326424870466321,3.216666666666667,0.9487276642818707,,54,2.0,2.0,1.0,1.0,1.0,1.0,5.0,1.0,1.0,1.0,,,,,4.0,0.0,1.0,0.0,1.4675694170116231,31,0.12345679012345678,11.0,8.0,4.0,5.0,6.0,2.0,3.0,2.0,11.0,2.0,6.0,3.0,4.0,2.0,2.0
mem_short,29,double_blip,0.32521383001379783,0.3555615627862601,0.45035033529132606,1.0445249034321862,1.310258826224253,2.210692113107229,3.962804352297284,1.5615764304621194,3.584703826786896,0.0,0,0,0,0,11,37,0,0,0,4,16,0,0,0,0,0,9,0,0,,,,0.36363636363636365,0.43243243243243246,0.0,0.85,0.8978290040446375,,29,5.0,3.0,,,4.0,2.0,8.0,1.0,3.0,0.0,4.0,0.0,2.0,2.0,3.0,1.0,2.0,2.0,1.367937294159226,0,0.0,0.0,0.0,0.0,0.0,0.0,0.0,0.0,0.0,0.0,0.0,0.0,0.0,0.0,6.0,5.0
mem_short,27,blip_combo,0.2471026572744093,0.26768909352174114,0.41109695640511806,0.9683578647632682,1.2397828998690157,2.1958525725398697,3.353617194283076,1.4631097056389122,2.6557278506357784,0.0,0,0,0,0,3,17,32,0,0,0,6,9,0,0,3,0,2,0,0,,,,0.0,0.35294117647058826,0.0,4.833333333333333,0.9189310577139227,,20,2.0,1.0,3.0,1.0,4.0,1.0,2.0,0.0,1.0,1.0,1.0,0.0,2.0,2.0,1.0,0.0,1.0,0.0,1.0710455237430516,11,0.10666666666666667,6.0,2.0,2.0,1.0,1.0,0.0,1.0,0.0,2.0,2.0,0.0,1.0,0.0,,
mem_medium,0,roving_ramp,0.17443880055521202,0.20807863156723633,0.3945930530537157,0.9152516591494702,0.32767673399328734,2.133592227453958,3.042448964949781,0.5349153489871563,5.7584178266940285,0.0,39,10,4,0,0,0,0,33,10,0,0,0,2,0,10,0,25,49,43,0.8775510204081632,0.8461538461538461,1.0,,,0.0,1.0375,0.8557500000000005,0.23399999999999999,80,,,,,,,,,,,,,,,,,,,8.786735873063225,0,0.0,0.0,0.0,0.0,0.0,0.0,0.0,0.0,0.0,0.0,0.0,0.0,0.0,0.0,,
mem_medium,0,blip_combo,0.17443880055521202,0.20807863156723633,0.3945930530537157,0.9152516591494702,0.32767673399328734,2.133592227453958,3.042448964949781,0.5349153489871563,5.7584178266940285,0.0,0,0,0,0,6,17,37,0,0,0,7,7,0,0,10,0,1,0,0,,,,0.0,0.4117647058823529,0.0,1.8833333333333333,2.4216788472339474,,25,2.0,0.0,1.0,1.0,1.0,1.0,2.0,0.0,1.0,0.0,1.0,0.0,2.0,1.0,1.0,0.0,3.0,2.0,8.786735873063225,13,0.12012987012987013,2.0,4.0,3.0,1.0,1.0,4.0,1.0,2.0,3.0,2.0,2.0,2.0,3.0,3.0,2.0
mem_medium,1,double_blip,0.24703657660817388,0.2443074544904984,0.7018325241811765,0.8775753126864716,0.3003357566688082,1.0075536064285058,5.188612407708381,0.567597681856935,7.391941976756671,0.0,0,0,0,0,7,35,0,0,0,0,14,0,0,0,2,0,4,0,0,,,,0.0,0.4,0.0,1.7333333333333334,1.7407500000000056,,20,3.0,1.0,5.0,1.0,3.0,3.0,4.0,0.0,2.0,1.0,2.0,0.0,3.0,2.0,5.0,0.0,3.0,1.0,12.30613041008642,0,0.0,0.0,0.0,0.0,0.0,0.0,0.0,0.0,0.0,0.0,0.0,0.0,0.0,0.0,5.0,5.0
mem_medium,3,roving_ramp,0.1949681792663863,0.2765660361733375,0.29749905470011445,1.0303198401283773,0.41877007188761906,2.787035312707378,2.5822066483148154,0.6266279985887593,5.877629140227279,0.0,36,11,2,0,0,0,0,26,11,0,0,0,0,0,5,1,39,47,37,0.7872340425531915,0.7222222222222222,1.0,,,0.5862237420615535,1.7058333333333335,1.091649694501017,0.34575,82,,,,,,,,,,,,,,,,,,,7.0177282652192465,0,0.0,0.0,0.0,0.0,0.0,0.0,0.0,0.0,0.0,0.0,0.0,0.0,0.0,0.0,,
mem_medium,0,double_blip,0.17443880055521202,0.20807863156723633,0.3945930530537157,0.9152516591494702,0.32767673399328734,2.133592227453958,3.042448964949781,0.5349153489871563,5.7584178266940285,0.0,0,0,0,0,6,39,0,0,0,2,22,0,0,0,7,0,7,0,0,,,,0.3333333333333333,0.5641025641025641,0.0,0.8333333333333334,2.1409664067186576,,38,3.0,2.0,4.0,0.0,6.0,4.0,5.0,2.0,3.0,2.0,5.0,1.0,4.0,3.0,,,6.0,5.0,8.786735873063225,0,0.0,0.0,0.0,0.0,0.0,0.0,0.0,0.0,0.0,0.0,0.0,0.0,0.0,0.0,3.0,3.0
mem_medium,3,double_blip,0.1949681792663863,0.2765660361733375,0.29749905470011445,1.0303198401283773,0.41877007188761906,2.787035312707378,2.5822066483148154,0.6266279985887593,5.877629140227279,0.0,0,0,0,0,11,35,0,0,0,2,19,0,0,0,2,0,2,0,0,,,,0.18181818181818182,0.5428571428571428,0.0,0.9333333333333333,1.5927500000000023,,25,1.0,0.0,2.0,2.0,7.0,6.0,3.0,1.0,4.0,1.0,6.0,3.0,1.0,1.0,2.0,0.0,3.0,1.0,7.0177282652192465,0,0.0,0.0,0.0,0.0,0.0,0.0,0.0,0.0,0.0,0.0,0.0,0.0,0.0,0.0,6.0,4.0
mem_medium,0,blip_train,0.17443880055521202,0.20807863156723633,0.3945930530537157,0.9152516591494702,0.32767673399328734,2.133592227453958,3.042448964949781,0.5349153489871563,5.7584178266940285,0.0,0,0,0,0,0,0,83,0,0,0,0,22,0,0,10,0,3,0,0,,,,,,0.0,2.4833333333333334,1.568000000000012,,35,,,,,,,,,,,,,,,,,,,8.786735873063225,35,0.141396933560477,9.0,9.0,6.0,4.0,4.0,11.0,7.0,4.0,7.0,3.0,9.0,2.0,8.0,,
mem_medium,1,roving_ramp,0.24703657660817388,0.2443074544904984,0.7018325241811765,0.8775753126864716,0.3003357566688082,1.0075536064285058,5.188612407708381,0.567597681856935,7.391941976756671,0.0,37,9,5,0,0,0,0,20,6,0,0,0,0,0,4,0,4,46,26,0.5652173913043478,0.5405405405405406,0.6666666666666666,,,0.0,2.3425000000000002,1.2532777455066781,0.397,34,,,,,,,,,,,,,,,,,,,12.30613041008642,0,0.0,0.0,0.0,0.0,0.0,0.0,0.0,0.0,0.0,0.0,0.0,0.0,0.0,0.0,,
mem_medium,1,blip_combo,0.24703657660817388,0.2443074544904984,0.7018325241811765,0.8775753126864716,0.3003357566688082,1.0075536064285058,5.188612407708381,0.567597681856935,7.391941976756671,0.0,0,0,0,0,7,14,32,0,0,3,5,9,0,0,4,3,4,0,0,,,,0.42857142857142855,0.35714285714285715,0.5070422535211268,5.916666666666667,1.7425000000000068,,28,1.0,1.0,1.0,0.0,,,5.0,1.0,,,1.0,0.0,2.0,2.0,3.0,0.0,,,12.30613041008642,9,0.1032258064516129,2.0,5.0,2.0,2.0,0.0,1.0,1.0,0.0,2.0,1.0,1.0,1.0,0.0,1.0,1.0
mem_medium,2,double_blip,0.16043032128843052,0.16803614626860716,0.5994311464906898,0.9988363514440064,0.35607576429214893,1.540618159486678,5.043906029028786,0.634261247459553,5.332408881114947,0.0,0,0,0,0,6,37,0,0,0,2,19,0,0,0,6,0,3,0,0,,,,0.3333333333333333,0.5135135135135135,0.0,1.45,2.607741190063559,,30,5.0,4.0,5.0,4.0,6.0,3.0,1.0,0.0,4.0,1.0,4.0,1.0,2.0,1.0,4.0,2.0,4.0,1.0,7.487744766504067,0,0.0,0.0,0.0,0.0,0.0,0.0,0.0,0.0,0.0,0.0,0.0,0.0,0.0,0.0,2.0,2.0
mem_medium,1,blip_train,0.24703657660817388,0.2443074544904984,0.7018325241811765,0.8775753126864716,0.3003357566688082,1.0075536064285058,5.188612407708381,0.567597681856935,7.391941976756671,0.0,0,0,0,0,0,0,73,0,0,0,0,21,0,0,2,1,0,0,0,,,,,,0.18292682926829268,5.466666666666667,1.6887499999999989,,24,,,,,,,,,,,,,,,,,,,12.30613041008642,22,0.12521440823327615,4.0,11.0,6.0,2.0,4.0,2.0,2.0,3.0,3.0,4.0,3.0,2.0,1.0,,
mem_medium,2,blip_combo,0.16043032128843052,0.16803614626860716,0.5994311464906898,0.9988363514440064,0.35607576429214893,1.540618159486678,5.043906029028786,0.634261247459553,5.332408881114947,0.0,0,0,0,0,5,16,39,0,0,2,8,17,0,0,9,3,4,0,0,,,,0.4,0.5,0.7346938775510204,4.083333333333333,2.2925783893525886,,43,,,3.0,3.0,1.0,0.0,,,1.0,0.0,1.0,1.0,3.0,2.0,3.0,1.0,2.0,1.0,7.487744766504067,23,0.1262135922330097,5.0,6.0,9.0,5.0,4.0,6.0,1.0,3.0,1.0,2.0,1.0,2.0,2.0,2.0,0.0
mem_medium,2,roving_ramp,0.16043032128843052,0.16803614626860716,0.5994311464906898,0.9988363514440064,0.35607576429214893,1.540618159486678,5.043906029028786,0.634261247459553,5.332408881114947,0.0,42,11,2,0,0,0,0,24,7,0,0,0,0,0,5,0,11,53,31,0.5849056603773585,0.5714285714285714,0.6363636363636364,,,0.0,1.6008333333333336,0.7342802425789976,0.252,47,,,,,,,,,,,,,,,,,,,7.487744766504067,0,0.0,0.0,0.0,0.0,0.0,0.0,0.0,0.0,0.0,0.0,0.0,0.0,0.0,0.0,,
mem_medium,3,blip_train,0.1949681792663863,0.2765660361733375,0.29749905470011445,1.0303198401283773,0.41877007188761906,2.787035312707378,2.5822066483148154,0.6266279985887593,5.877629140227279,0.0,0,0,0,0,0,0,60,0,0,0,0,17,0,0,1,1,2,0,0,,,,,,0.13636363636363638,7.333333333333333,1.4547500000000184,,21,,,,,,,,,,,,,,,,,,,7.0177282652192465,19,0.10221465076660988,4.0,11.0,3.0,1.0,1.0,2.0,5.0,2.0,1.0,3.0,1.0,2.0,4.0,,
mem_medium,2,blip_train,0.16043032128843052,0.16803614626860716,0.5994311464906898,0.9988363514440064,0.35607576429214893,1.540618159486678,5.043906029028786,0.634261247459553,5.332408881114947,0.0,0,0,0,0,0,0,74,0,0,0,0,21,0,0,8,3,1,0,0,,,,,,0.6040268456375839,4.966666666666667,1.3429999999999893,,33,,,,,,,,,,,,,,,,,,,7.487744766504067,29,0.1260647359454855,8.0,9.0,3.0,5.0,2.0,2.0,2.0,6.0,6.0,4.0,2.0,5.0,5.0,,
mem_medium,4,double_blip,0.20529658594669625,0.18520472409424094,0.37960813061220045,0.8765755184650444,0.29585095837748937,2.0940108632381396,2.8032264676945244,0.4909924377348543,6.549711751469695,0.0,0,0,0,0,10,36,0,0,0,2,9,0,0,0,4,0,0,0,0,,,,0.2,0.25,0.0,1.2333333333333334,2.3528604118993464,,15,2.0,0.0,3.0,1.0,4.0,1.0,5.0,0.0,4.0,1.0,4.0,0.0,4.0,2.0,7.0,3.0,2.0,1.0,11.069275873550875,0,0.0,0.0,0.0,0.0,0.0,0.0,0.0,0.0,0.0,0.0,0.0,0.0,0.0,0.0,1.0,0.0
mem_medium,5,blip_combo,0.2704817322497786,0.30752629825614564,0.1932842383973842,0.5719349908352742,0.39608871159138154,1.7766042851360653,0.9312717948856972,0.4963167732947683,5.257872262305756,0.0,0,0,0,0,3,20,36,0,0,0,10,4,0,0,1,0,3,0,0,,,,0.0,0.5,0.0,4.166666666666667,1.1893750000000054,,18,2.0,1.0,,,3.0,2.0,,,2.0,2.0,3.0,0.0,3.0,0.0,1.0,1.0,4.0,4.0,6.637240734759886,5,0.11501597444089456,3.0,1.0,0.0,0.0,1.0,0.0,1.0,0.0,2.0,0.0,1.0,1.0,0.0,2.0,0.0
mem_medium,3,blip_combo,0.1949681792663863,0.2765660361733375,0.29749905470011445,1.0303198401283773,0.41877007188761906,2.787035312707378,2.5822066483148154,0.6266279985887593,5.877629140227279,0.0,0,0,0,0,2,18,44,0,0,0,9,15,0,0,2,0,4,0,0,,,,0.0,0.5,0.0,1.85,1.5002261235955465,,30,3.0,2.0,1.0,0.0,2.0,2.0,1.0,0.0,5.0,2.0,,,,,2.0,1.0,1.0,1.0,7.0177282652192465,16,0.1437908496732026,7.0,6.0,3.0,2.0,0.0,1.0,1.0,1.0,5.0,2.0,2.0,4.0,0.0,3.0,1.0
mem_medium,4,roving_ramp,0.20529658594669625,0.18520472409424094,0.37960813061220045,0.8765755184650444,0.29585095837748937,2.0940108632381396,2.8032264676945244,0.4909924377348543,6.549711751469695,0.0,41,8,6,0,0,0,0,20,6,0,0,0,1,0,9,0,5,49,26,0.5306122448979592,0.4878048780487805,0.75,,,0.0,1.3333333333333333,1.1590386832434516,0.30087500000000006,41,,,,,,,,,,,,,,,,,,,11.069275873550875,0,0.0,0.0,0.0,0.0,0.0,0.0,0.0,0.0,0.0,0.0,0.0,0.0,0.0,0.0,,
mem_medium,4,blip_train,0.20529658594669625,0.18520472409424094,0.37960813061220045,0.8765755184650444,0.29585095837748937,2.0940108632381396,2.8032264676945244,0.4909924377348543,6.549711751469695,0.0,0,0,0,0,0,0,67,0,0,0,0,15,0,0,2,1,1,0,0,,,,,,0.15228426395939088,6.566666666666666,1.4785000000000537,,19,,,,,,,,,,,,,,,,,,,11.069275873550875,18,0.11472602739726027,5.0,5.0,1.0,6.0,1.0,1.0,3.0,2.0,1.0,2.0,2.0,3.0,3.0,,
mem_medium,6,double_blip,0.1629384070425815,0.1365038612385105,0.5614842284460284,0.7322470387161234,0.29810991472203713,1.2364208993395351,3.4636063559098678,0.49498280098681474,5.026039285881275,0.0,0,0,0,0,6,38,0,0,0,0,17,0,0,0,10,1,7,0,0,,,,0.0,0.4473684210526316,1.5789473684210527,0.6333333333333333,1.2262499999999932,,35,5.0,3.0,3.0,1.0,4.0,3.0,2.0,1.0,3.0,0.0,3.0,1.0,5.0,3.0,2.0,0.0,7.0,3.0,8.429842547450397,0,0.0,0.0,0.0,0.0,0.0,0.0,0.0,0.0,0.0,0.0,0.0,0.0,0.0,0.0,4.0,2.0
mem_medium,6,roving_ramp,0.1629384070425815,0.1365038612385105,0.5614842284460284,0.7322470387161234,0.29810991472203713,1.2364208993395351,3.4636063559098678,0.49498280098681474,5.026039285881275,0.0,45,8,5,0,0,0,0,21,5,0,0,0,1,0,14,2,5,53,26,0.49056603773584906,0.4666666666666667,0.625,,,1.5758371634931057,1.2691666666666668,3.4099013614219604,0.273,48,,,,,,,,,,,,,,,,,,,8.429842547450397,0,0.0,0.0,0.0,0.0,0.0,0.0,0.0,0.0,0.0,0.0,0.0,0.0,0.0,0.0,,
mem_medium,5,blip_train,0.2704817322497786,0.30752629825614564,0.1932842383973842,0.5719349908352742,0.39608871159138154,1.7766042851360653,0.9312717948856972,0.4963167732947683,5.257872262305756,0.0,0,0,0,0,0,0,77,0,0,0,0,9,0,0,3,2,1,0,0,,,,,,0.42402826855123676,4.716666666666667,1.180749999999989,,15,,,,,,,,,,,,,,,,,,,6.637240734759886,13,0.13162393162393163,4.0,5.0,2.0,1.0,2.0,2.0,1.0,1.0,5.0,3.0,3.0,2.0,0.0,,
mem_medium,5,roving_ramp,0.2704817322497786,0.30752629825614564,0.1932842383973842,0.5719349908352742,0.39608871159138154,1.7766042851360653,0.9312717948856972,0.4963167732947683,5.257872262305756,0.0,34,8,5,0,0,0,0,21,8,0,0,0,1,0,9,1,16,42,29,0.6904761904761905,0.6176470588235294,1.0,,,0.2846299810246679,3.5133333333333336,2.1988080034057464,0.37875000000000003,56,,,,,,,,,,,,,,,,,,,6.637240734759886,0,0.0,0.0,0.0,0.0,0.0,0.0,0.0,0.0,0.0,0.0,0.0,0.0,0.0,0.0,,
mem_medium,7,blip_train,0.2701925173161476,0.21136527465656219,0.5573758357896655,0.6330436491138669,0.30999206424742215,1.0789275220028076,2.9724539476923675,0.47953172880566314,6.344716308764147,0.0,0,0,0,0,0,0,75,0,0,0,0,9,0,0,5,1,0,0,0,,,,,,0.20134228187919462,4.966666666666667,0.8922172452407966,,15,,,,,,,,,,,,,,,,,,,10.233675375154233,14,0.12755102040816327,6.0,1.0,2.0,1.0,3.0,3.0,1.0,3.0,3.0,1.0,1.0,0.0,4.0,,
mem_medium,4,blip_combo,0.20529658594669625,0.18520472409424094,0.37960813061220045,0.8765755184650444,0.29585095837748937,2.0940108632381396,2.8032264676945244,0.4909924377348543,6.549711751469695,0.0,0,0,0,0,3,17,35,0,0,0,8,9,0,0,3,1,1,0,0,,,,0.0,0.47058823529411764,0.234375,4.266666666666667,2.2750000000000057,,22,2.0,1.0,1.0,0.0,2.0,1.0,2.0,0.0,4.0,2.0,4.0,2.0,1.0,1.0,,,1.0,1.0,11.069275873550875,13,0.11217948717948718,1.0,8.0,1.0,2.0,0.0,1.0,0.0,4.0,2.0,2.0,1.0,4.0,0.0,,
mem_medium,5,double_blip,0.2704817322497786,0.30752629825614564,0.1932842383973842,0.5719349908352742,0.39608871159138154,1.7766042851360653,0.9312717948856972,0.4963167732947683,5.257872262305756,0.0,0,0,0,0,11,31,0,0,0,4,11,0,0,0,7,0,2,0,0,,,,0.36363636363636365,0.3548387096774194,0.0,1.0833333333333333,2.3284510433386725,,24,1.0,1.0,4.0,0.0,7.0,3.0,2.0,0.0,2.0,1.0,1.0,0.0,6.0,3.0,1.0,0.0,2.0,1.0,6.637240734759886,0,0.0,0.0,0.0,0.0,0.0,0.0,0.0,0.0,0.0,0.0,0.0,0.0,0.0,0.0,5.0,2.0
mem_medium,6,blip_train,0.1629384070425815,0.1365038612385105,0.5614842284460284,0.7322470387161234,0.29810991472203713,1.2364208993395351,3.4636063559098678,0.49498280098681474,5.026039285881275,0.0,0,0,0,0,0,0,83,0,0,0,0,20,0,0,8,2,3,0,0,,,,,,0.6521739130434783,3.066666666666667,1.6804999999999914,,33,,,,,,,,,,,,,,,,,,,8.429842547450397,31,0.1423670668953688,9.0,8.0,6.0,4.0,6.0,5.0,8.0,3.0,7.0,2.0,7.0,1.0,4.0,,
mem_medium,7,roving_ramp,0.2701925173161476,0.21136527465656219,0.5573758357896655,0.6330436491138669,0.30999206424742215,1.0789275220028076,2.9724539476923675,0.47953172880566314,6.344716308764147,0.0,42,11,3,0,0,0,0,16,8,0,0,0,0,0,4,0,5,53,24,0.4528301886792453,0.38095238095238093,0.7272727272727273,,,0.0,1.7158333333333333,1.5913268363452922,0.42274999999999996,33,,,,,,,,,,,,,,,,,,,10.233675375154233,0,0.0,0.0,0.0,0.0,0.0,0.0,0.0,0.0,0.0,0.0,0.0,0.0,0.0,0.0,,
mem_medium,6,blip_combo,0.1629384070425815,0.1365038612385105,0.5614842284460284,0.7322470387161234,0.29810991472203713,1.2364208993395351,3.4636063559098678,0.49498280098681474,5.026039285881275,0.0,0,0,0,0,3,17,35,0,0,1,10,14,0,0,12,4,3,0,0,,,,0.3333333333333333,0.5882352941176471,0.712166172106825,5.616666666666666,2.086626479124787,,44,1.0,0.0,1.0,1.0,3.0,3.0,2.0,0.0,2.0,2.0,1.0,0.0,1.0,1.0,2.0,1.0,1.0,1.0,8.429842547450397,21,0.11290322580645161,7.0,6.0,3.0,3.0,3.0,2.0,1.0,4.0,0.0,5.0,5.0,1.0,3.0,3.0,1.0
mem_medium,7,blip_combo,0.2701925173161476,0.21136527465656219,0.5573758357896655,0.6330436491138669,0.30999206424742215,1.0789275220028076,2.9724539476923675,0.47953172880566314,6.344716308764147,0.0,0,0,0,0,6,15,38,0,0,0,4,10,0,0,4,1,1,0,0,,,,0.0,0.26666666666666666,0.35714285714285715,2.8,1.7122500000000116,,20,,,1.0,1.0,1.0,0.0,,,1.0,0.0,2.0,1.0,5.0,1.0,1.0,0.0,2.0,0.0,10.233675375154233,12,0.12418300653594772,5.0,2.0,3.0,2.0,0.0,2.0,1.0,2.0,1.0,4.0,0.0,0.0,1.0,2.0,1.0
mem_medium,9,roving_ramp,0.3167157215647248,0.429639792408789,0.22294065776394897,0.5019315598038231,0.28395347523956366,1.5018348756971904,0.9426861441055521,0.3756986131089075,6.370218496027276,0.0,35,10,4,0,0,0,0,22,10,0,0,0,1,0,14,2,21,45,32,0.7111111111111111,0.6285714285714286,1.0,,,0.7797270955165693,2.565,1.5263420667972936,0.439875,70,,,,,,,,,,,,,,,,,,,11.217010974514222,0,0.0,0.0,0.0,0.0,0.0,0.0,0.0,0.0,0.0,0.0,0.0,0.0,0.0,0.0,,
mem_medium,8,blip_train,0.2046387443961346,0.1942025653610729,0.5269946942765589,0.6656011568702687,0.3340489571603536,1.2122817745470635,2.9549739250309845,0.5071665478405581,5.002908612074794,0.0,0,0,0,0,0,0,70,0,0,0,0,16,0,0,16,0,3,0,0,,,,,,0.0,4.433333333333334,1.6910137934855098,,35,,,,,,,,,,,,,,,,,,,7.488286529320382,34,0.12048192771084337,6.0,7.0,6.0,5.0,2.0,5.0,3.0,3.0,5.0,4.0,7.0,6.0,5.0,,
mem_medium,9,double_blip,0.3167157215647248,0.429639792408789,0.22294065776394897,0.5019315598038231,0.28395347523956366,1.5018348756971904,0.9426861441055521,0.3756986131089075,6.370218496027276,0.0,0,0,0,0,7,37,0,0,0,4,21,0,0,0,3,0,2,0,0,,,,0.5714285714285714,0.5675675675675675,0.0,1.4166666666666667,2.791069767441894,,30,6.0,4.0,5.0,3.0,4.0,4.0,3.0,0.0,6.0,2.0,3.0,2.0,2.0,2.0,4.0,1.0,2.0,2.0,11.217010974514222,0,0.0,0.0,0.0,0.0,0.0,0.0,0.0,0.0,0.0,0.0,0.0,0.0,0.0,0.0,2.0,1.0
mem_medium,9,blip_train,0.3167157215647248,0.429639792408789,0.22294065776394897,0.5019315598038231,0.28395347523956366,1.5018348756971904,0.9426861441055521,0.3756986131089075,6.370218496027276,0.0,0,0,0,0,0,0,79,0,0,0,0,21,0,0,3,0,0,0,0,,,,,,0.0,3.55,2.1882499999999254,,24,,,,,,,,,,,,,,,,,,,11.217010974514222,23,0.13367174280879865,10.0,4.0,9.0,2.0,3.0,3.0,3.0,1.0,8.0,1.0,1.0,5.0,1.0,,
mem_medium,8,roving_ramp,0.2046387443961346,0.1942025653610729,0.5269946942765589,0.6656011568702687,0.3340489571603536,1.2122817745470635,2.9549739250309845,0.5071665478405581,5.002908612074794,0.0,49,14,1,0,0,0,0,24,11,0,0,0,1,0,12,0,7,63,35,0.5555555555555556,0.4897959183673469,0.7857142857142857,,,0.0,0.8008333333333334,1.5470118005329752,0.24275000000000002,55,,,,,,,,,,,,,,,,,,,7.488286529320382,0,0.0,0.0,0.0,0.0,0.0,0.0,0.0,0.0,0.0,0.0,0.0,0.0,0.0,0.0,,
mem_medium,9,blip_combo,0.3167157215647248,0.429639792408789,0.22294065776394897,0.5019315598038231,0.28395347523956366,1.5018348756971904,0.9426861441055521,0.3756986131089075,6.370218496027276,0.0,0,0,0,0,1,17,37,0,0,0,6,13,0,0,4,2,1,0,0,,,,0.0,0.35294117647058826,0.42857142857142855,4.666666666666667,1.802500000000009,,26,1.0,0.0,2.0,0.0,,,,,4.0,2.0,1.0,0.0,2.0,0.0,,,6.0,4.0,11.217010974514222,18,0.12012987012987013,5.0,6.0,4.0,1.0,2.0,1.0,2.0,1.0,2.0,3.0,1.0,3.0,3.0,1.0,0.0
mem_medium,7,double_blip,0.2701925173161476,0.21136527465656219,0.5573758357896655,0.6330436491138669,0.30999206424742215,1.0789275220028076,2.9724539476923675,0.47953172880566314,6.344716308764147,0.0,0,0,0,0,6,39,0,0,0,1,14,0,0,0,7,2,0,0,0,,,,0.16666666666666666,0.358974358974359,2.926829268292683,0.6833333333333333,3.5837666742030025,,24,3.0,0.0,1.0,1.0,5.0,1.0,5.0,3.0,3.0,1.0,7.0,2.0,6.0,2.0,4.0,1.0,2.0,1.0,10.233675375154233,0,0.0,0.0,0.0,0.0,0.0,0.0,0.0,0.0,0.0,0.0,0.0,0.0,0.0,0.0,3.0,2.0
mem_medium,8,double_blip,0.2046387443961346,0.1942025653610729,0.5269946942765589,0.6656011568702687,0.3340489571603536,1.2122817745470635,2.9549739250309845,0.5071665478405581,5.002908612074794,0.0,0,0,0,0,7,34,0,0,0,2,16,0,0,0,5,2,5,0,0,,,,0.2857142857142857,0.47058823529411764,2.1052631578947367,0.95,2.1985000000000383,,30,3.0,1.0,2.0,1.0,2.0,1.0,6.0,1.0,5.0,2.0,1.0,0.0,5.0,4.0,1.0,1.0,2.0,2.0,7.488286529320382,0,0.0,0.0,0.0,0.0,0.0,0.0,0.0,0.0,0.0,0.0,0.0,0.0,0.0,0.0,7.0,3.0
mem_medium,10,blip_train,0.11823693083269865,0.15225093135912193,0.3847329305178685,1.3060856918039687,0.44835834749765674,3.094274502625543,4.233156984559673,0.7408183701280336,4.235540157283277,0.0,0,0,0,0,0,0,74,0,0,0,0,29,0,0,12,2,7,0,0,,,,,,0.6855184233076264,2.9175,1.5300000000000011,,50,,,,,,,,,,,,,,,,,,,4.723387197899124,46,0.12585034013605442,13.0,11.0,7.0,9.0,2.0,4.0,4.0,4.0,11.0,2.0,11.0,8.0,4.0,,
mem_medium,10,roving_ramp,0.11823693083269865,0.15225093135912193,0.3847329305178685,1.3060856918039687,0.44835834749765674,3.094274502625543,4.233156984559673,0.7408183701280336,4.235540157283277,0.0,43,9,4,0,0,0,0,29,7,0,0,0,0,0,12,0,34,52,36,0.6923076923076923,0.6744186046511628,0.7777777777777778,,,0.0,1.0525,0.8606694205125487,0.22850000000000004,82,,,,,,,,,,,,,,,,,,,4.723387197899124,0,0.0,0.0,0.0,0.0,0.0,0.0,0.0,0.0,0.0,0.0,0.0,0.0,0.0,0.0,,
mem_medium,10,double_blip,0.11823693083269865,0.15225093135912193,0.3847329305178685,1.3060856918039687,0.44835834749765674,3.094274502625543,4.233156984559673,0.7408183701280336,4.235540157283277,0.0,0,0,0,0,5,40,0,0,0,2,19,0,0,0,10,2,6,0,0,,,,0.4,0.475,1.6,1.25,1.3394250055716537,,39,9.0,4.0,4.0,2.0,2.0,0.0,6.0,3.0,2.0,2.0,2.0,0.0,2.0,0.0,3.0,2.0,5.0,3.0,4.723387197899124,0,0.0,0.0,0.0,0.0,0.0,0.0,0.0,0.0,0.0,0.0,0.0,0.0,0.0,0.0,5.0,3.0
mem_medium,8,blip_combo,0.2046387443961346,0.1942025653610729,0.5269946942765589,0.6656011568702687,0.3340489571603536,1.2122817745470635,2.9549739250309845,0.5071665478405581,5.002908612074794,0.0,0,0,0,0,2,17,33,0,0,1,8,7,0,0,10,2,2,0,0,,,,0.5,0.47058823529411764,0.48387096774193544,4.133333333333334,1.0539626605630112,,30,2.0,2.0,2.0,1.0,1.0,0.0,1.0,1.0,5.0,1.0,3.0,2.0,,,,,2.0,0.0,7.488286529320382,9,0.10377358490566038,4.0,1.0,1.0,1.0,2.0,2.0,1.0,0.0,0.0,2.0,1.0,1.0,1.0,1.0,1.0
mem_medium,11,double_blip,0.1626771419603932,0.1302094620900669,0.4388233899527293,0.884019112906148,0.2321775128128047,1.9102258228293316,3.2680204452817954,0.44228577809916636,6.0301694594787545,0.0,0,0,0,0,8,35,0,0,0,1,14,0,0,0,10,1,4,0,0,,,,0.125,0.4,0.5555555555555556,1.8,1.989500000000021,,30,1.0,0.0,4.0,1.0,2.0,1.0,6.0,3.0,3.0,2.0,4.0,1.0,2.0,1.0,6.0,2.0,4.0,3.0,12.986118652112179,0,0.0,0.0,0.0,0.0,0.0,0.0,0.0,0.0,0.0,0.0,0.0,0.0,0.0,0.0,3.0,0.0
mem_medium,11,roving_ramp,0.1626771419603932,0.1302094620900669,0.4388233899527293,0.884019112906148,0.2321775128128047,1.9102258228293316,3.2680204452817954,0.44228577809916636,6.0301694594787545,0.0,44,11,2,0,0,0,0,24,8,0,0,0,0,0,4,1,8,55,32,0.5818181818181818,0.5454545454545454,0.7272727272727273,,,1.1090573012939,0.9016666666666667,2.4346418315323994,0.26049999999999995,45,,,,,,,,,,,,,,,,,,,12.986118652112179,0,0.0,0.0,0.0,0.0,0.0,0.0,0.0,0.0,0.0,0.0,0.0,0.0,0.0,0.0,,
mem_medium,12,double_blip,0.13425391539615464,0.15606197535956456,0.3623101783530301,0.9375660128394231,0.3482554662160635,2.30215646212736,2.8616448411266813,0.5528509908587795,4.798954166385595,0.0,0,0,0,0,9,31,0,0,0,2,16,0,0,0,7,2,3,0,0,,,,0.2222222222222222,0.5161290322580645,0.8108108108108107,2.466666666666667,3.139999999999997,,30,3.0,2.0,3.0,2.0,3.0,2.0,4.0,1.0,2.0,0.0,3.0,0.0,4.0,3.0,2.0,1.0,6.0,4.0,6.889991158686142,0,0.0,0.0,0.0,0.0,0.0,0.0,0.0,0.0,0.0,0.0,0.0,0.0,0.0,0.0,1.0,1.0
mem_medium,12,roving_ramp,0.13425391539615464,0.15606197535956456,0.3623101783530301,0.9375660128394231,0.3482554662160635,2.30215646212736,2.8616448411266813,0.5528509908587795,4.798954166385595,0.0,45,9,5,0,0,0,0,28,6,0,0,0,1,0,17,0,13,54,34,0.6296296296296297,0.6222222222222222,0.6666666666666666,,,0.0,0.7125,1.1430445357066914,0.11699999999999994,65,,,,,,,,,,,,,,,,,,,6.889991158686142,0,0.0,0.0,0.0,0.0,0.0,0.0,0.0,0.0,0.0,0.0,0.0,0.0,0.0,0.0,,
mem_medium,11,blip_combo,0.1626771419603932,0.1302094620900669,0.4388233899527293,0.884019112906148,0.2321775128128047,1.9102258228293316,3.2680204452817954,0.44228577809916636,6.0301694594787545,0.0,0,0,0,0,2,19,37,0,0,0,9,7,0,0,7,1,0,0,0,,,,0.0,0.47368421052631576,0.35917390002993116,2.7841666666666667,1.7278285654479253,,24,2.0,2.0,2.0,1.0,2.0,1.0,3.0,1.0,,,3.0,1.0,3.0,0.0,,,2.0,2.0,12.986118652112179,8,0.11280487804878049,3.0,3.0,1.0,1.0,0.0,0.0,1.0,3.0,0.0,1.0,1.0,1.0,3.0,2.0,1.0
mem_medium,10,blip_combo,0.11823693083269865,0.15225093135912193,0.3847329305178685,1.3060856918039687,0.44835834749765674,3.094274502625543,4.233156984559673,0.7408183701280336,4.235540157283277,0.0,0,0,0,0,6,16,38,0,0,2,8,12,0,0,14,1,7,0,0,,,,0.3333333333333333,0.5,0.2777777777777778,3.6,1.212000000000046,,44,2.0,2.0,3.0,2.0,1.0,0.0,1.0,0.0,1.0,1.0,3.0,0.0,,,2.0,1.0,3.0,2.0,4.723387197899124,24,0.11801242236024845,5.0,6.0,1.0,4.0,4.0,3.0,5.0,3.0,2.0,5.0,1.0,3.0,2.0,,
mem_medium,15,blip_train,0.21571009753548173,0.21256780931937297,0.1754988485263486,0.8553076726171053,0.36472386675430696,2.715420735655087,1.264532458082581,0.5107434789894165,6.364359433342752,0.0,0,0,0,0,0,0,79,0,0,0,0,7,0,0,3,0,0,0,0,,,,,,0.0,4.283333333333333,1.7585000000000015,,10,,,,,,,,,,,,,,,,,,,8.724901238270277,10,0.13527397260273974,2.0,4.0,2.0,1.0,2.0,1.0,1.0,1.0,1.0,2.0,4.0,0.0,0.0,,
mem_medium,12,blip_train,0.13425391539615464,0.15606197535956456,0.3623101783530301,0.9375660128394231,0.3482554662160635,2.30215646212736,2.8616448411266813,0.5528509908587795,4.798954166385595,0.0,0,0,0,0,0,0,78,0,0,0,0,21,0,0,12,2,0,0,0,,,,,,0.49180327868852464,4.066666666666666,1.7002499999999827,,35,,,,,,,,,,,,,,,,,,,6.889991158686142,31,0.13310580204778158,10.0,7.0,4.0,2.0,5.0,6.0,7.0,1.0,5.0,4.0,6.0,3.0,5.0,,
mem_medium,11,blip_train,0.1626771419603932,0.1302094620900669,0.4388233899527293,0.884019112906148,0.2321775128128047,1.9102258228293316,3.2680204452817954,0.44228577809916636,6.0301694594787545,0.0,0,0,0,0,0,0,73,0,0,0,0,19,0,0,9,3,1,0,0,,,,,,0.6666666666666666,4.5,1.7027500000000373,,32,,,,,,,,,,,,,,,,,,,12.986118652112179,29,0.12521440823327615,5.0,8.0,5.0,4.0,2.0,7.0,4.0,4.0,4.0,1.0,3.0,5.0,3.0,,
mem_medium,13,roving_ramp,0.19680184917933657,0.2040993124920457,0.3838842045649437,1.0553501583529254,0.26038401477264456,2.50370074332819,3.4129518755933566,0.496471345456977,7.455987966655825,0.0,34,10,3,0,0,0,0,22,6,0,0,0,1,0,8,0,17,44,28,0.6363636363636364,0.6470588235294118,0.6,,,0.0,2.47,1.281914722730455,0.3062499999999999,54,,,,,,,,,,,,,,,,,,,14.317292044916918,0,0.0,0.0,0.0,0.0,0.0,0.0,0.0,0.0,0.0,0.0,0.0,0.0,0.0,0.0,,
mem_medium,13,blip_combo,0.19680184917933657,0.2040993124920457,0.3838842045649437,1.0553501583529254,0.26038401477264456,2.50370074332819,3.4129518755933566,0.496471345456977,7.455987966655825,0.0,0,0,0,0,5,18,43,0,0,2,10,5,0,0,4,0,2,0,0,,,,0.4,0.5555555555555556,0.0,2.3333333333333335,1.7575000000000216,,23,2.0,1.0,1.0,0.0,1.0,1.0,4.0,1.0,,,2.0,0.0,,,,,4.0,4.0,14.317292044916918,9,0.13738019169329074,3.0,2.0,0.0,2.0,1.0,1.0,0.0,0.0,2.0,0.0,3.0,1.0,2.0,4.0,3.0
mem_medium,13,blip_train,0.19680184917933657,0.2040993124920457,0.3838842045649437,1.0553501583529254,0.26038401477264456,2.50370074332819,3.4129518755933566,0.496471345456977,7.455987966655825,0.0,0,0,0,0,0,0,86,0,0,0,0,21,0,0,2,0,1,0,0,,,,,,0.0,3.9,1.8742500000000177,,24,,,,,,,,,,,,,,,,,,,14.317292044916918,24,0.1460101867572156,9.0,7.0,10.0,0.0,3.0,4.0,7.0,5.0,4.0,4.0,2.0,3.0,3.0,,
mem_medium,13,double_blip,0.19680184917933657,0.2040993124920457,0.3838842045649437,1.0553501583529254,0.26038401477264456,2.50370074332819,3.4129518755933566,0.496471345456977,7.455987966655825,0.0,0,0,0,0,10,31,0,0,0,4,12,0,0,0,5,1,2,0,0,,,,0.4,0.3870967741935484,0.47244094488188976,2.1166666666666667,1.5017500000000226,,24,5.0,1.0,3.0,2.0,3.0,1.0,3.0,1.0,1.0,1.0,3.0,0.0,6.0,3.0,3.0,1.0,2.0,1.0,14.317292044916918,0,0.0,0.0,0.0,0.0,0.0,0.0,0.0,0.0,0.0,0.0,0.0,0.0,0.0,0.0,2.0,1.0
mem_medium,14,blip_combo,0.23725850838297227,0.24123753068453652,0.41080717857712273,0.8259310809913173,0.262238665585177,1.8738065471506233,2.858348481498357,0.4526575482161934,7.582440017753079,0.0,0,0,0,0,8,18,36,0,0,2,8,10,0,0,1,0,0,0,0,,,,0.25,0.4444444444444444,0.0,2.9,1.836750000000002,,21,1.0,1.0,2.0,1.0,4.0,1.0,2.0,0.0,,,2.0,1.0,,,2.0,0.0,2.0,2.0,14.457135832416464,11,0.11538461538461539,2.0,3.0,3.0,2.0,0.0,1.0,3.0,0.0,4.0,1.0,2.0,1.0,1.0,3.0,2.0
mem_medium,14,double_blip,0.23725850838297227,0.24123753068453652,0.41080717857712273,0.8259310809913173,0.262238665585177,1.8738065471506233,2.858348481498357,0.4526575482161934,7.582440017753079,0.0,0,0,0,0,5,34,0,0,0,1,14,0,0,0,1,0,3,0,0,,,,0.2,0.4117647058823529,0.0,2.566666666666667,3.444500000000005,,19,5.0,2.0,6.0,1.0,4.0,2.0,3.0,0.0,3.0,2.0,2.0,1.0,2.0,2.0,2.0,0.0,4.0,2.0,14.457135832416464,0,0.0,0.0,0.0,0.0,0.0,0.0,0.0,0.0,0.0,0.0,0.0,0.0,0.0,0.0,3.0,2.0
mem_medium,12,blip_combo,0.13425391539615464,0.15606197535956456,0.3623101783530301,0.9375660128394231,0.3482554662160635,2.30215646212736,2.8616448411266813,0.5528509908587795,4.798954166385595,0.0,0,0,0,0,2,19,35,0,0,0,8,8,0,0,13,2,4,0,0,,,,0.0,0.42105263157894735,0.4152249134948097,4.816666666666666,2.7030908116501724,,35,2.0,1.0,1.0,0.0,1.0,0.0,1.0,0.0,2.0,2.0,2.0,1.0,2.0,1.0,2.0,0.0,2.0,1.0,6.889991158686142,20,0.11326860841423948,3.0,6.0,2.0,4.0,1.0,4.0,1.0,4.0,2.0,1.0,4.0,3.0,4.0,4.0,2.0
mem_medium,15,double_blip,0.21571009753548173,0.21256780931937297,0.1754988485263486,0.8553076726171053,0.36472386675430696,2.715420735655087,1.264532458082581,0.5107434789894165,6.364359433342752,0.0,0,0,0,0,8,35,0,0,0,2,15,0,0,0,3,0,2,0,0,,,,0.25,0.42857142857142855,0.0,1.05,1.9125000000000227,,22,6.0,1.0,5.0,1.0,2.0,1.0,1.0,1.0,4.0,2.0,,,5.0,3.0,4.0,1.0,4.0,2.0,8.724901238270277,0,0.0,0.0,0.0,0.0,0.0,0.0,0.0,0.0,0.0,0.0,0.0,0.0,0.0,0.0,4.0,3.0
mem_medium,15,roving_ramp,0.21571009753548173,0.21256780931937297,0.1754988485263486,0.8553076726171053,0.36472386675430696,2.715420735655087,1.264532458082581,0.5107434789894165,6.364359433342752,0.0,40,10,3,0,0,0,0,23,7,0,0,0,0,0,3,0,10,50,30,0.6,0.575,0.7,,,0.0,1.9375,1.9349988098865483,0.42525,43,,,,,,,,,,,,,,,,,,,8.724901238270277,0,0.0,0.0,0.0,0.0,0.0,0.0,0.0,0.0,0.0,0.0,0.0,0.0,0.0,0.0,,
mem_medium,14,blip_train,0.23725850838297227,0.24123753068453652,0.41080717857712273,0.8259310809913173,0.262238665585177,1.8738065471506233,2.858348481498357,0.4526575482161934,7.582440017753079,0.0,0,0,0,0,0,0,72,0,0,0,0,11,0,0,4,1,0,0,0,,,,,,0.2541834357127727,3.934166666666667,2.3656597774245123,,16,,,,,,,,,,,,,,,,,,,14.457135832416464,15,0.1232876712328767,4.0,2.0,7.0,1.0,3.0,2.0,1.0,1.0,3.0,2.0,2.0,1.0,6.0,,
mem_medium,14,roving_ramp,0.23725850838297227,0.24123753068453652,0.41080717857712273,0.8259310809913173,0.262238665585177,1.8738065471506233,2.858348481498357,0.4526575482161934,7.582440017753079,0.0,37,11,3,0,0,0,0,21,8,0,0,0,0,0,8,1,5,48,29,0.6041666666666666,0.5675675675675675,0.7272727272727273,,,0.4357298474945533,2.2950000000000004,1.687129651576203,0.36175,43,,,,,,,,,,,,,,,,,,,14.457135832416464,0,0.0,0.0,0.0,0.0,0.0,0.0,0.0,0.0,0.0,0.0,0.0,0.0,0.0,0.0,,
mem_medium,16,double_blip,0.27287959834121633,0.28904868787532656,0.44194282599353846,1.1140937418478036,0.42035844322643356,2.393998785949533,4.1478320704459355,0.6860330728005114,8.762809497512366,0.0,0,0,0,0,6,32,0,0,0,0,16,0,0,0,0,0,2,0,0,,,,0.0,0.5,0.0,1.1666666666666667,2.55637804878052,,18,4.0,2.0,2.0,0.0,4.0,4.0,2.0,2.0,5.0,2.0,3.0,0.0,8.0,3.0,1.0,1.0,1.0,1.0,10.423020684744666,0,0.0,0.0,0.0,0.0,0.0,0.0,0.0,0.0,0.0,0.0,0.0,0.0,0.0,0.0,2.0,1.0
mem_medium,15,blip_combo,0.21571009753548173,0.21256780931937297,0.1754988485263486,0.8553076726171053,0.36472386675430696,2.715420735655087,1.264532458082581,0.5107434789894165,6.364359433342752,0.0,0,0,0,0,3,19,43,0,0,2,5,8,0,0,1,0,2,0,0,,,,0.6666666666666666,0.2631578947368421,0.0,1.5333333333333334,2.317903126916013,,18,1.0,0.0,2.0,1.0,4.0,1.0,2.0,0.0,1.0,0.0,3.0,0.0,2.0,1.0,,,1.0,1.0,8.724901238270277,9,0.13782051282051283,3.0,0.0,5.0,1.0,1.0,1.0,2.0,0.0,0.0,2.0,0.0,0.0,2.0,3.0,1.0
mem_medium,16,blip_combo,0.27287959834121633,0.28904868787532656,0.44194282599353846,1.1140937418478036,0.42035844322643356,2.393998785949533,4.1478320704459355,0.6860330728005114,8.762809497512366,0.0,0,0,0,0,5,17,37,0,0,0,8,10,0,0,1,0,1,0,0,,,,0.0,0.47058823529411764,0.0,3.3,1.6823750000000075,,20,2.0,0.0,3.0,0.0,1.0,1.0,1.0,1.0,1.0,1.0,2.0,1.0,1.0,1.0,4.0,1.0,1.0,1.0,10.423020684744666,11,0.1189710610932476,5.0,4.0,2.0,0.0,1.0,2.0,1.0,1.0,1.0,0.0,1.0,3.0,0.0,1.0,1.0
mem_medium,16,roving_ramp,0.27287959834121633,0.28904868787532656,0.44194282599353846,1.1140937418478036,0.42035844322643356,2.393998785949533,4.1478320704459355,0.6860330728005114,8.762809497512366,0.0,38,12,1,0,0,0,0,25,10,0,0,0,0,0,6,0,9,50,35,0.7,0.6578947368421053,0.8333333333333334,,,0.0,1.8266666666666669,1.2736617532971408,0.44999999999999996,50,,,,,,,,,,,,,,,,,,,10.423020684744666,0,0.0,0.0,0.0,0.0,0.0,0.0,0.0,0.0,0.0,0.0,0.0,0.0,0.0,0.0,,
mem_medium,16,blip_train,0.27287959834121633,0.28904868787532656,0.44194282599353846,1.1140937418478036,0.42035844322643356,2.393998785949533,4.1478320704459355,0.6860330728005114,8.762809497512366,0.0,0,0,0,0,0,0,81,0,0,0,0,26,0,0,3,1,0,0,0,,,,,,0.17045454545454547,5.866666666666666,1.760625000000008,,30,,,,,,,,,,,,,,,,,,,10.423020684744666,29,0.13941480206540446,8.0,14.0,6.0,6.0,9.0,3.0,7.0,3.0,4.0,7.0,3.0,1.0,4.0,,
mem_medium,17,blip_train,0.10781508675716292,0.12388235282282356,0.5055948067401824,0.7773600718252212,0.17001199554856927,1.4798876620326749,3.3109923422276855,0.3679675205261708,5.177367169324898,0.0,0,0,0,0,0,0,70,0,0,0,0,28,0,0,20,4,5,0,0,,,,,,0.8191126279863481,4.883333333333334,1.3861249999999927,,57,,,,,,,,,,,,,,,,,,,15.226476086641256,51,0.11965811965811966,17.0,8.0,6.0,7.0,5.0,1.0,6.0,9.0,5.0,9.0,8.0,5.0,6.0,,
mem_medium,17,roving_ramp,0.10781508675716292,0.12388235282282356,0.5055948067401824,0.7773600718252212,0.17001199554856927,1.4798876620326749,3.3109923422276855,0.3679675205261708,5.177367169324898,0.0,45,9,5,0,0,0,0,26,6,0,0,0,4,0,20,1,7,54,32,0.5925925925925926,0.5777777777777777,0.6666666666666666,,,1.08991825613079,0.9175000000000001,2.1245788132007624,0.12400000000000005,64,,,,,,,,,,,,,,,,,,,15.226476086641256,0,0.0,0.0,0.0,0.0,0.0,0.0,0.0,0.0,0.0,0.0,0.0,0.0,0.0,0.0,,
mem_medium,17,blip_combo,0.10781508675716292,0.12388235282282356,0.5055948067401824,0.7773600718252212,0.17001199554856927,1.4798876620326749,3.3109923422276855,0.3679675205261708,5.177367169324898,0.0,0,0,0,0,3,17,35,0,0,0,9,16,0,0,15,7,5,0,0,,,,0.0,0.5294117647058824,1.4634146341463414,4.783333333333333,1.9085000000000605,,52,1.0,1.0,,,5.0,3.0,3.0,1.0,3.0,2.0,1.0,0.0,,,1.0,0.0,1.0,1.0,15.226476086641256,24,0.11400651465798045,8.0,6.0,2.0,6.0,2.0,1.0,3.0,2.0,2.0,4.0,3.0,4.0,1.0,2.0,1.0
mem_medium,18,blip_train,0.21432989229696653,0.15260364883508573,0.7997209886203294,0.756085108877466,0.37552897253969464,0.5830819792330434,5.093807411132839,0.6246096449365555,5.352128218074234,0.0,0,0,0,0,0,0,80,0,0,0,0,15,0,0,6,5,0,0,0,,,,,,1.8181818181818181,2.75,2.083750000000009,,26,,,,,,,,,,,,,,,,,,,7.126118900863895,21,0.1353637901861252,4.0,5.0,6.0,3.0,4.0,2.0,2.0,3.0,5.0,5.0,4.0,3.0,3.0,,
mem_medium,19,blip_train,0.19590906553989082,0.35259230014079485,0.22964496943049065,0.9231886378005386,0.42374177308966643,2.7384503376279823,1.7859970164503305,0.5940597168162103,5.5256468247373265,0.0,0,0,0,0,0,0,88,0,0,0,0,32,0,0,7,1,1,0,0,,,,,,0.3389830508474576,2.95,1.2021250000000023,,41,,,,,,,,,,,,,,,,,,,6.520063840352207,40,0.14890016920473773,16.0,13.0,7.0,5.0,7.0,4.0,9.0,6.0,6.0,7.0,5.0,6.0,7.0,,
mem_medium,19,roving_ramp,0.19590906553989082,0.35259230014079485,0.22964496943049065,0.9231886378005386,0.42374177308966643,2.7384503376279823,1.7859970164503305,0.5940597168162103,5.5256468247373265,0.0,38,13,1,0,0,0,0,32,13,0,0,0,0,0,16,0,59,51,45,0.8823529411764706,0.8421052631578947,1.0,,,0.0,1.3025,0.9739583333333949,0.35250000000000004,120,,,,,,,,,,,,,,,,,,,6.520063840352207,0,0.0,0.0,0.0,0.0,0.0,0.0,0.0,0.0,0.0,0.0,0.0,0.0,0.0,0.0,,
mem_medium,17,double_blip,0.10781508675716292,0.12388235282282356,0.5055948067401824,0.7773600718252212,0.17001199554856927,1.4798876620326749,3.3109923422276855,0.3679675205261708,5.177367169324898,0.0,0,0,0,0,7,37,0,0,0,1,24,0,0,0,17,0,4,0,0,,,,0.14285714285714285,0.6486486486486487,0.0,0.4166666666666667,2.722499999999968,,46,5.0,3.0,2.0,2.0,1.0,1.0,3.0,2.0,7.0,5.0,4.0,1.0,6.0,5.0,3.0,1.0,3.0,1.0,15.226476086641256,0,0.0,0.0,0.0,0.0,0.0,0.0,0.0,0.0,0.0,0.0,0.0,0.0,0.0,0.0,3.0,3.0
mem_medium,18,double_blip,0.21432989229696653,0.15260364883508573,0.7997209886203294,0.756085108877466,0.37552897253969464,0.5830819792330434,5.093807411132839,0.6246096449365555,5.352128218074234,0.0,0,0,0,0,7,34,0,0,0,3,17,0,0,0,5,0,4,0,0,,,,0.42857142857142855,0.5,0.0,2.1333333333333333,2.2020000000000017,,29,3.0,1.0,3.0,2.0,4.0,3.0,1.0,0.0,2.0,1.0,2.0,0.0,4.0,3.0,5.0,1.0,3.0,2.0,7.126118900863895,0,0.0,0.0,0.0,0.0,0.0,0.0,0.0,0.0,0.0,0.0,0.0,0.0,0.0,0.0,7.0,4.0
mem_medium,22,double_blip,0.19674922005161458,0.18169544764346302,0.22086878664432705,1.139818349705198,0.35566963440925586,3.419556180580326,2.1208176630370414,0.5634099297349049,7.243842768050495,0.0,0,0,0,0,12,35,0,0,0,2,4,0,0,0,3,0,0,0,0,,,,0.16666666666666666,0.11428571428571428,0.0,1.0166666666666666,2.4590000000000316,,9,7.0,0.0,3.0,0.0,6.0,2.0,4.0,0.0,2.0,0.0,4.0,0.0,2.0,0.0,3.0,1.0,3.0,1.0,10.183386585815859,0,0.0,0.0,0.0,0.0,0.0,0.0,0.0,0.0,0.0,0.0,0.0,0.0,0.0,0.0,1.0,0.0
mem_medium,19,double_blip,0.19590906553989082,0.35259230014079485,0.22964496943049065,0.9231886378005386,0.42374177308966643,2.7384503376279823,1.7859970164503305,0.5940597168162103,5.5256468247373265,0.0,0,0,0,0,8,38,0,0,0,2,26,0,0,0,0,0,7,0,0,,,,0.25,0.6842105263157895,0.0,1.2166666666666666,1.0302500000000325,,35,5.0,3.0,5.0,3.0,3.0,3.0,5.0,1.0,1.0,1.0,5.0,3.0,4.0,4.0,5.0,3.0,3.0,3.0,6.520063840352207,0,0.0,0.0,0.0,0.0,0.0,0.0,0.0,0.0,0.0,0.0,0.0,0.0,0.0,0.0,2.0,2.0
mem_medium,19,blip_combo,0.19590906553989082,0.35259230014079485,0.22964496943049065,0.9231886378005386,0.42374177308966643,2.7384503376279823,1.7859970164503305,0.5940597168162103,5.5256468247373265,0.0,0,0,0,0,2,20,39,0,0,0,12,14,0,0,5,2,5,0,0,,,,0.0,0.6,0.6703910614525139,2.9833333333333334,1.2396249999999895,,38,2.0,1.0,2.0,2.0,1.0,1.0,1.0,1.0,1.0,1.0,4.0,1.0,1.0,0.0,3.0,1.0,1.0,0.0,6.520063840352207,17,0.12460063897763578,4.0,9.0,2.0,3.0,2.0,1.0,4.0,2.0,2.0,2.0,3.0,2.0,1.0,4.0,4.0
mem_medium,18,roving_ramp,0.21432989229696653,0.15260364883508573,0.7997209886203294,0.756085108877466,0.37552897253969464,0.5830819792330434,5.093807411132839,0.6246096449365555,5.352128218074234,0.0,48,12,3,0,0,0,0,21,3,0,0,0,0,0,7,3,3,60,24,0.4,0.4375,0.25,,,1.7751479289940826,1.6900000000000002,1.0049829441232543,0.19074999999999998,37,,,,,,,,,,,,,,,,,,,7.126118900863895,0,0.0,0.0,0.0,0.0,0.0,0.0,0.0,0.0,0.0,0.0,0.0,0.0,0.0,0.0,,
mem_medium,23,double_blip,0.3107581941003384,0.2818510363965689,0.36032994223204506,0.8976771322356971,0.4709865777376449,2.211055682966983,2.724920624679595,0.6664255856185844,7.472605321835827,0.0,0,0,0,0,8,37,0,0,0,0,7,0,0,0,2,0,1,0,0,,,,0.0,0.1891891891891892,0.0,0.5666666666666667,1.390500000000003,,10,1.0,1.0,8.0,0.0,6.0,2.0,6.0,0.0,1.0,0.0,5.0,0.0,5.0,3.0,1.0,0.0,3.0,1.0,7.932928107771167,0,0.0,0.0,0.0,0.0,0.0,0.0,0.0,0.0,0.0,0.0,0.0,0.0,0.0,0.0,1.0,0.0
mem_medium,20,roving_ramp,0.1494931967971927,0.13113825217523575,0.49736449666480864,0.5926739998112474,0.1791826575461797,1.1470768962626539,2.4832703226132997,0.3288674495533064,5.324036586908683,0.0,47,13,1,0,0,0,0,20,10,0,0,0,0,0,7,0,5,60,30,0.5,0.425531914893617,0.7692307692307693,,,0.0,1.0175,2.113636639149245,0.14749999999999996,42,,,,,,,,,,,,,,,,,,,14.856450562288796,0,0.0,0.0,0.0,0.0,0.0,0.0,0.0,0.0,0.0,0.0,0.0,0.0,0.0,0.0,,
mem_medium,23,blip_train,0.3107581941003384,0.2818510363965689,0.36032994223204506,0.8976771322356971,0.4709865777376449,2.211055682966983,2.724920624679595,0.6664255856185844,7.472605321835827,0.0,0,0,0,0,0,0,62,0,0,0,0,7,0,0,0,0,0,0,0,,,,,,0.0,6.8341666666666665,1.7537499999999966,,7,,,,,,,,,,,,,,,,,,,7.932928107771167,7,0.10526315789473684,3.0,4.0,0.0,1.0,0.0,1.0,0.0,1.0,0.0,1.0,0.0,0.0,0.0,,
mem_medium,24,roving_ramp,0.45517283714242385,0.5582399081078355,0.5927310306194125,0.440302627848918,0.37459417095360936,0.6904879353255963,2.198580053306547,0.4964725880075898,6.4061341255348925,0.0,41,11,1,0,0,0,0,23,4,0,0,0,0,0,3,1,2,52,27,0.5192307692307693,0.5609756097560976,0.36363636363636365,,,0.7001166861143523,1.4283333333333335,1.1077265973254091,0.573875,33,,,,,,,,,,,,,,,,,,,8.550765898501185,0,0.0,0.0,0.0,0.0,0.0,0.0,0.0,0.0,0.0,0.0,0.0,0.0,0.0,0.0,,
mem_medium,20,blip_train,0.1494931967971927,0.13113825217523575,0.49736449666480864,0.5926739998112474,0.1791826575461797,1.1470768962626539,2.4832703226132997,0.3288674495533064,5.324036586908683,0.0,0,0,0,0,0,0,69,0,0,0,0,18,0,0,14,5,2,0,0,,,,,,0.7334963325183375,6.816666666666666,1.8607035520669009,,39,,,,,,,,,,,,,,,,,,,14.856450562288796,32,0.11734693877551021,4.0,7.0,8.0,2.0,4.0,3.0,9.0,1.0,3.0,5.0,6.0,6.0,5.0,,
mem_medium,18,blip_combo,0.21432989229696653,0.15260364883508573,0.7997209886203294,0.756085108877466,0.37552897253969464,0.5830819792330434,5.093807411132839,0.6246096449365555,5.352128218074234,0.0,0,0,0,0,1,18,34,0,0,0,9,8,0,0,8,2,2,0,0,,,,0.0,0.5,0.5769230769230769,3.466666666666667,1.668750000000017,,29,2.0,2.0,2.0,0.0,4.0,3.0,1.0,0.0,3.0,1.0,,,3.0,2.0,1.0,0.0,1.0,0.0,7.126118900863895,9,0.11333333333333333,2.0,5.0,1.0,2.0,1.0,0.0,2.0,1.0,3.0,0.0,1.0,2.0,1.0,1.0,1.0
mem_medium,22,blip_combo,0.19674922005161458,0.18169544764346302,0.22086878664432705,1.139818349705198,0.35566963440925586,3.419556180580326,2.1208176630370414,0.5634099297349049,7.243842768050495,0.0,0,0,0,0,2,17,45,0,0,0,3,6,0,0,0,0,0,0,0,,,,0.0,0.17647058823529413,0.0,3.2825,3.211749999999995,,9,1.0,1.0,1.0,0.0,2.0,0.0,1.0,0.0,4.0,0.0,,,2.0,0.0,2.0,1.0,2.0,0.0,10.183386585815859,6,0.14240506329113925,1.0,4.0,1.0,4.0,1.0,0.0,1.0,1.0,3.0,0.0,1.0,2.0,0.0,2.0,1.0
mem_medium,21,blip_train,0.24956010823641797,0.29989372584994783,0.5439634510546114,0.9617974651368132,0.5212304343025793,1.688911038749031,4.407442859571639,0.7755359457130004,5.968667117502103,0.0,0,0,0,0,0,0,70,0,0,0,0,22,0,0,1,1,0,0,0,,,,,,0.17699115044247787,5.65,1.234375,,24,,,,,,,,,,,,,,,,,,,5.725555075739527,23,0.11864406779661017,5.0,15.0,2.0,1.0,2.0,8.0,2.0,2.0,3.0,5.0,2.0,4.0,3.0,,
mem_medium,20,blip_combo,0.1494931967971927,0.13113825217523575,0.49736449666480864,0.5926739998112474,0.1791826575461797,1.1470768962626539,2.4832703226132997,0.3288674495533064,5.324036586908683,0.0,0,0,0,0,4,18,42,0,0,3,9,15,0,0,17,2,2,0,0,,,,0.75,0.5,0.5063291139240506,3.95,1.4864999999999782,,48,2.0,0.0,4.0,2.0,2.0,1.0,3.0,1.0,,,3.0,2.0,1.0,1.0,,,1.0,0.0,14.856450562288796,25,0.13504823151125403,5.0,7.0,0.0,5.0,4.0,5.0,1.0,5.0,3.0,5.0,7.0,4.0,4.0,2.0,2.0
mem_medium,22,blip_train,0.19674922005161458,0.18169544764346302,0.22086878664432705,1.139818349705198,0.35566963440925586,3.419556180580326,2.1208176630370414,0.5634099297349049,7.243842768050495,0.0,0,0,0,0,0,0,78,0,0,0,0,12,0,0,0,0,0,0,0,,,,,,0.0,4.1,1.986625000000032,,12,,,,,,,,,,,,,,,,,,,10.183386585815859,12,0.1326530612244898,4.0,6.0,1.0,5.0,0.0,1.0,0.0,1.0,0.0,1.0,0.0,0.0,0.0,,
mem_medium,21,roving_ramp,0.24956010823641797,0.29989372584994783,0.5439634510546114,0.9617974651368132,0.5212304343025793,1.688911038749031,4.407442859571639,0.7755359457130004,5.968667117502103,0.0,40,10,4,0,0,0,0,21,4,0,0,0,0,0,7,0,10,50,25,0.5,0.525,0.4,,,0.0,1.1400000000000001,0.5945285784074179,0.412375,42,,,,,,,,,,,,,,,,,,,5.725555075739527,0,0.0,0.0,0.0,0.0,0.0,0.0,0.0,0.0,0.0,0.0,0.0,0.0,0.0,0.0,,
mem_medium,26,roving_ramp,0.3134292775276595,0.16704450336596652,0.29382188392775854,0.7286506581682884,0.47208272751460023,1.9813313538073931,1.8035859463254025,0.6184003116550248,6.283413190171913,0.0,42,11,2,0,0,0,0,7,5,0,0,0,0,0,1,0,3,53,12,0.22641509433962265,0.16666666666666666,0.45454545454545453,,,0.0,2.194166666666667,3.3416426450748213,0.4175,16,,,,,,,,,,,,,,,,,,,6.654991619003456,0,0.0,0.0,0.0,0.0,0.0,0.0,0.0,0.0,0.0,0.0,0.0,0.0,0.0,0.0,,
mem_medium,21,double_blip,0.24956010823641797,0.29989372584994783,0.5439634510546114,0.9617974651368132,0.5212304343025793,1.688911038749031,4.407442859571639,0.7755359457130004,5.968667117502103,0.0,0,0,0,0,13,28,0,0,0,7,19,0,0,0,1,0,5,0,0,,,,0.5384615384615384,0.6785714285714286,0.0,2.8,1.678750000000015,,32,3.0,2.0,6.0,2.0,2.0,2.0,5.0,2.0,2.0,2.0,2.0,2.0,2.0,2.0,,,4.0,3.0,5.725555075739527,0,0.0,0.0,0.0,0.0,0.0,0.0,0.0,0.0,0.0,0.0,0.0,0.0,0.0,0.0,2.0,2.0
mem_medium,26,double_blip,0.3134292775276595,0.16704450336596652,0.29382188392775854,0.7286506581682884,0.47208272751460023,1.9813313538073931,1.8035859463254025,0.6184003116550248,6.283413190171913,0.0,0,0,0,0,8,35,0,0,0,0,2,0,0,0,0,0,0,0,0,,,,0.0,0.05714285714285714,0.0,1.2166666666666666,3.1525000000000034,,2,3.0,0.0,6.0,0.0,1.0,0.0,2.0,1.0,5.0,1.0,3.0,0.0,1.0,0.0,3.0,0.0,5.0,0.0,6.654991619003456,0,0.0,0.0,0.0,0.0,0.0,0.0,0.0,0.0,0.0,0.0,0.0,0.0,0.0,0.0,6.0,0.0
mem_medium,26,blip_combo,0.3134292775276595,0.16704450336596652,0.29382188392775854,0.7286506581682884,0.47208272751460023,1.9813313538073931,1.8035859463254025,0.6184003116550248,6.283413190171913,0.0,0,0,0,0,3,18,41,0,0,0,2,2,0,0,3,0,0,0,0,,,,0.0,0.1111111111111111,0.0,2.816666666666667,2.6905000000000143,,7,2.0,1.0,1.0,0.0,2.0,0.0,2.0,0.0,2.0,1.0,1.0,0.0,2.0,0.0,2.0,0.0,1.0,0.0,6.654991619003456,4,0.12693498452012383,1.0,0.0,1.0,1.0,0.0,0.0,2.0,1.0,1.0,0.0,1.0,1.0,0.0,3.0,0.0
mem_medium,20,double_blip,0.1494931967971927,0.13113825217523575,0.49736449666480864,0.5926739998112474,0.1791826575461797,1.1470768962626539,2.4832703226132997,0.3288674495533064,5.324036586908683,0.0,0,0,0,0,11,33,0,0,0,6,14,0,0,0,11,4,3,0,0,,,,0.5454545454545454,0.42424242424242425,1.889763779527559,2.1166666666666667,2.1182500000000246,,38,4.0,2.0,,,5.0,1.0,5.0,4.0,6.0,2.0,2.0,0.0,,,3.0,1.0,5.0,3.0,14.856450562288796,0,0.0,0.0,0.0,0.0,0.0,0.0,0.0,0.0,0.0,0.0,0.0,0.0,0.0,0.0,3.0,1.0
mem_medium,22,roving_ramp,0.19674922005161458,0.18169544764346302,0.22086878664432705,1.139818349705198,0.35566963440925586,3.419556180580326,2.1208176630370414,0.5634099297349049,7.243842768050495,0.0,38,8,4,0,0,0,0,20,7,0,0,0,0,0,7,0,9,46,27,0.5869565217391305,0.5263157894736842,0.875,,,0.0,1.2525000000000002,1.7902193784277876,0.27249999999999996,43,,,,,,,,,,,,,,,,,,,10.183386585815859,0,0.0,0.0,0.0,0.0,0.0,0.0,0.0,0.0,0.0,0.0,0.0,0.0,0.0,0.0,,
mem_medium,21,blip_combo,0.24956010823641797,0.29989372584994783,0.5439634510546114,0.9617974651368132,0.5212304343025793,1.688911038749031,4.407442859571639,0.7755359457130004,5.968667117502103,0.0,0,0,0,0,0,19,36,0,0,0,11,17,0,0,1,0,3,0,0,,,,,0.5789473684210527,0.0,2.55,1.9804975165563439,,32,3.0,2.0,,,,,3.0,2.0,3.0,0.0,4.0,1.0,3.0,3.0,,,2.0,2.0,5.725555075739527,18,0.11764705882352941,9.0,6.0,5.0,1.0,1.0,3.0,4.0,1.0,4.0,1.0,0.0,5.0,1.0,1.0,1.0
mem_medium,23,blip_combo,0.3107581941003384,0.2818510363965689,0.36032994223204506,0.8976771322356971,0.4709865777376449,2.211055682966983,2.724920624679595,0.6664255856185844,7.472605321835827,0.0,0,0,0,0,6,18,36,0,0,2,5,7,0,0,0,0,0,0,0,,,,0.3333333333333333,0.2777777777777778,0.0,3.9166666666666665,1.7523750000000007,,14,2.0,1.0,2.0,0.0,6.0,4.0,2.0,0.0,,,3.0,0.0,1.0,0.0,1.0,0.0,,,7.932928107771167,7,0.11320754716981132,1.0,4.0,2.0,1.0,0.0,1.0,2.0,0.0,2.0,0.0,0.0,1.0,3.0,1.0,0.0
mem_medium,24,double_blip,0.45517283714242385,0.5582399081078355,0.5927310306194125,0.440302627848918,0.37459417095360936,0.6904879353255963,2.198580053306547,0.4964725880075898,6.4061341255348925,0.0,0,0,0,0,8,36,0,0,0,3,19,0,0,0,3,0,6,0,0,,,,0.375,0.5277777777777778,0.0,0.9833333333333333,1.9259195561719904,,31,4.0,2.0,6.0,1.0,,,1.0,1.0,2.0,1.0,5.0,1.0,7.0,4.0,5.0,3.0,4.0,4.0,8.550765898501185,0,0.0,0.0,0.0,0.0,0.0,0.0,0.0,0.0,0.0,0.0,0.0,0.0,0.0,0.0,2.0,2.0
mem_medium,24,blip_train,0.45517283714242385,0.5582399081078355,0.5927310306194125,0.440302627848918,0.37459417095360936,0.6904879353255963,2.198580053306547,0.4964725880075898,6.4061341255348925,0.0,0,0,0,0,0,0,57,0,0,0,0,25,0,0,1,1,2,0,0,,,,,,0.11560693641618497,8.65,1.4390000000000214,,29,,,,,,,,,,,,,,,,,,,8.550765898501185,26,0.09661016949152543,8.0,17.0,1.0,2.0,2.0,3.0,2.0,3.0,3.0,1.0,3.0,0.0,2.0,,
mem_medium,23,roving_ramp,0.3107581941003384,0.2818510363965689,0.36032994223204506,0.8976771322356971,0.4709865777376449,2.211055682966983,2.724920624679595,0.6664255856185844,7.472605321835827,0.0,41,8,3,0,0,0,0,11,7,0,0,0,0,0,3,0,14,49,18,0.3673469387755102,0.2682926829268293,0.875,,,0.0,1.1575,1.4338213817683085,0.56375,35,,,,,,,,,,,,,,,,,,,7.932928107771167,0,0.0,0.0,0.0,0.0,0.0,0.0,0.0,0.0,0.0,0.0,0.0,0.0,0.0,0.0,,
mem_medium,24,blip_combo,0.45517283714242385,0.5582399081078355,0.5927310306194125,0.440302627848918,0.37459417095360936,0.6904879353255963,2.198580053306547,0.4964725880075898,6.4061341255348925,0.0,0,0,0,0,4,18,35,0,0,2,14,17,0,0,5,0,4,0,0,,,,0.5,0.7777777777777778,0.0,4.183333333333334,1.6809999999999974,,42,1.0,1.0,1.0,1.0,2.0,2.0,3.0,2.0,4.0,2.0,2.0,2.0,1.0,1.0,1.0,0.0,1.0,1.0,8.550765898501185,19,0.11666666666666667,6.0,10.0,3.0,4.0,0.0,1.0,4.0,4.0,2.0,1.0,4.0,2.0,2.0,2.0,2.0
mem_medium,26,blip_train,0.3134292775276595,0.16704450336596652,0.29382188392775854,0.7286506581682884,0.47208272751460023,1.9813313538073931,1.8035859463254025,0.6184003116550248,6.283413190171913,0.0,0,0,0,0,0,0,78,0,0,0,0,5,0,0,2,1,0,0,0,,,,,,0.27522935779816515,3.6333333333333333,2.0405000000000086,,8,,,,,,,,,,,,,,,,,,,6.654991619003456,7,0.13242784380305603,2.0,1.0,2.0,1.0,1.0,2.0,0.0,0.0,1.0,1.0,1.0,1.0,1.0,,
mem_medium,25,roving_ramp,0.20322064347548904,0.20268627899907612,0.6184361563393154,0.7819505387970253,0.28374627991350554,1.148867631918298,4.073873108083844,0.5053054989195223,6.082526967630928,0.0,36,9,4,0,0,0,0,20,6,0,0,0,0,0,12,2,8,45,26,0.5777777777777777,0.5555555555555556,0.6666666666666666,,,0.7547169811320755,2.65,1.3832970572298309,0.38000000000000006,48,,,,,,,,,,,,,,,,,,,10.718249715000786,0,0.0,0.0,0.0,0.0,0.0,0.0,0.0,0.0,0.0,0.0,0.0,0.0,0.0,0.0,,
mem_medium,25,blip_train,0.20322064347548904,0.20268627899907612,0.6184361563393154,0.7819505387970253,0.28374627991350554,1.148867631918298,4.073873108083844,0.5053054989195223,6.082526967630928,0.0,0,0,0,0,0,0,84,0,0,0,0,24,0,0,9,2,0,0,0,,,,,,0.5,4.0,1.6829999999999927,,35,,,,,,,,,,,,,,,,,,,10.718249715000786,33,0.14213197969543148,9.0,12.0,6.0,0.0,5.0,3.0,10.0,9.0,5.0,5.0,5.0,4.0,3.0,,
mem_medium,25,double_blip,0.20322064347548904,0.20268627899907612,0.6184361563393154,0.7819505387970253,0.28374627991350554,1.148867631918298,4.073873108083844,0.5053054989195223,6.082526967630928,0.0,0,0,0,0,10,35,0,0,0,5,17,0,0,0,9,0,2,0,0,,,,0.5,0.4857142857142857,0.0,1.2666666666666666,1.9728750000000161,,33,5.0,4.0,4.0,0.0,2.0,1.0,3.0,2.0,4.0,2.0,6.0,1.0,6.0,3.0,1.0,0.0,1.0,1.0,10.718249715000786,0,0.0,0.0,0.0,0.0,0.0,0.0,0.0,0.0,0.0,0.0,0.0,0.0,0.0,0.0,3.0,3.0
mem_medium,27,roving_ramp,0.09854879630337493,0.09903031669449533,0.5281454919175733,1.4573139890748588,0.22324060215059305,2.6477973189543307,6.48395590933635,0.6027028397017424,5.907746341869523,0.0,42,8,5,0,0,0,0,19,5,0,0,0,3,0,13,2,6,50,24,0.48,0.4523809523809524,0.625,,,1.1049723756906078,1.81,1.8296692510002956,0.17325000000000002,48,,,,,,,,,,,,,,,,,,,13.231791808831195,0,0.0,0.0,0.0,0.0,0.0,0.0,0.0,0.0,0.0,0.0,0.0,0.0,0.0,0.0,,
mem_medium,27,blip_train,0.09854879630337493,0.09903031669449533,0.5281454919175733,1.4573139890748588,0.22324060215059305,2.6477973189543307,6.48395590933635,0.6027028397017424,5.907746341869523,0.0,0,0,0,0,0,0,72,0,0,0,0,18,0,0,13,3,1,0,0,,,,,,0.7228915662650601,4.15,1.7733750000000157,,35,,,,,,,,,,,,,,,,,,,13.231791808831195,32,0.12286689419795221,4.0,8.0,4.0,4.0,6.0,3.0,5.0,6.0,4.0,3.0,2.0,8.0,3.0,,
mem_medium,28,roving_ramp,0.24174231311472266,0.1455821785804931,0.6930985247907261,0.9077638460941828,0.39449220243919836,1.072742170663061,5.300309114703734,0.6689320654673618,6.471124785878079,0.0,46,9,4,0,0,0,0,12,3,0,0,0,0,0,0,1,1,55,15,0.2727272727272727,0.2608695652173913,0.3333333333333333,,,0.5676442762535477,1.7616666666666667,1.643720248993057,0.5095000000000001,17,,,,,,,,,,,,,,,,,,,8.201841184523095,0,0.0,0.0,0.0,0.0,0.0,0.0,0.0,0.0,0.0,0.0,0.0,0.0,0.0,0.0,,
mem_medium,28,blip_train,0.24174231311472266,0.1455821785804931,0.6930985247907261,0.9077638460941828,0.39449220243919836,1.072742170663061,5.300309114703734,0.6689320654673618,6.471124785878079,0.0,0,0,0,0,0,0,58,0,0,0,0,8,0,0,3,1,0,0,0,,,,,,0.11928429423459246,8.383333333333333,1.9063750000000113,,12,,,,,,,,,,,,,,,,,,,8.201841184523095,11,0.09863945578231292,3.0,4.0,2.0,1.0,0.0,0.0,0.0,3.0,2.0,0.0,1.0,0.0,3.0,,
mem_medium,28,blip_combo,0.24174231311472266,0.1455821785804931,0.6930985247907261,0.9077638460941828,0.39449220243919836,1.072742170663061,5.300309114703734,0.6689320654673618,6.471124785878079,0.0,0,0,0,0,4,16,31,0,0,1,6,2,0,0,6,1,3,0,0,,,,0.25,0.375,0.19047619047619047,5.25,2.790032302722758,,19,1.0,0.0,3.0,1.0,,,2.0,0.0,3.0,2.0,1.0,0.0,1.0,1.0,,,1.0,0.0,8.201841184523095,7,0.09597523219814241,2.0,0.0,1.0,0.0,1.0,1.0,3.0,1.0,0.0,1.0,1.0,1.0,0.0,4.0,2.0
mem_medium,25,blip_combo,0.20322064347548904,0.20268627899907612,0.6184361563393154,0.7819505387970253,0.28374627991350554,1.148867631918298,4.073873108083844,0.5053054989195223,6.082526967630928,0.0,0,0,0,0,2,17,38,0,0,1,12,14,0,0,6,0,5,0,0,,,,0.5,0.7058823529411765,0.0,3.6333333333333333,1.666249999999991,,38,2.0,2.0,2.0,2.0,3.0,1.0,1.0,1.0,2.0,2.0,1.0,0.0,3.0,2.0,2.0,1.0,1.0,1.0,10.718249715000786,21,0.12179487179487179,6.0,7.0,4.0,2.0,2.0,3.0,1.0,1.0,4.0,1.0,2.0,4.0,5.0,,
mem_medium,27,blip_combo,0.09854879630337493,0.09903031669449533,0.5281454919175733,1.4573139890748588,0.22324060215059305,2.6477973189543307,6.48395590933635,0.6027028397017424,5.907746341869523,0.0,0,0,0,0,6,15,43,0,0,2,7,18,0,0,10,4,2,0,0,,,,0.3333333333333333,0.4666666666666667,1.7777777777777777,2.25,2.014499999999998,,43,,,2.0,2.0,1.0,1.0,2.0,0.0,2.0,1.0,3.0,0.0,2.0,1.0,1.0,1.0,1.0,0.0,13.231791808831195,24,0.1360759493670886,7.0,6.0,5.0,7.0,5.0,1.0,5.0,5.0,3.0,5.0,5.0,0.0,6.0,1.0,1.0
mem_medium,29,roving_ramp,0.1573704783165048,0.160772416272649,0.7259604855911487,0.9485276210285011,0.2592087479838765,1.0008907300049965,5.800912391080632,0.553897844232841,5.773895249496649,0.0,34,10,4,0,0,0,0,22,8,0,0,0,0,0,10,2,7,44,30,0.6818181818181818,0.6470588235294118,0.8,,,0.673778775968557,2.9683333333333337,1.203709812859902,0.28137499999999993,49,,,,,,,,,,,,,,,,,,,11.137539327676935,0,0.0,0.0,0.0,0.0,0.0,0.0,0.0,0.0,0.0,0.0,0.0,0.0,0.0,0.0,,
mem_medium,28,double_blip,0.24174231311472266,0.1455821785804931,0.6930985247907261,0.9077638460941828,0.39449220243919836,1.072742170663061,5.300309114703734,0.6689320654673618,6.471124785878079,0.0,0,0,0,0,7,36,0,0,0,0,11,0,0,0,2,0,1,0,0,,,,0.0,0.3055555555555556,0.0,1.5333333333333334,1.8000000000000682,,14,4.0,2.0,6.0,1.0,5.0,2.0,6.0,1.0,1.0,0.0,,,3.0,2.0,3.0,0.0,2.0,1.0,8.201841184523095,0,0.0,0.0,0.0,0.0,0.0,0.0,0.0,0.0,0.0,0.0,0.0,0.0,0.0,0.0,6.0,2.0
mem_medium,29,double_blip,0.1573704783165048,0.160772416272649,0.7259604855911487,0.9485276210285011,0.2592087479838765,1.0008907300049965,5.800912391080632,0.553897844232841,5.773895249496649,0.0,0,0,0,0,6,36,0,0,0,3,21,0,0,0,8,0,11,0,0,,,,0.5,0.5833333333333334,0.0,2.05,1.6376235539102413,,43,3.0,1.0,4.0,2.0,6.0,5.0,2.0,1.0,4.0,2.0,6.0,1.0,3.0,3.0,5.0,3.0,3.0,3.0,11.137539327676935,0,0.0,0.0,0.0,0.0,0.0,0.0,0.0,0.0,0.0,0.0,0.0,0.0,0.0,0.0,,
mem_medium,27,double_blip,0.09854879630337493,0.09903031669449533,0.5281454919175733,1.4573139890748588,0.22324060215059305,2.6477973189543307,6.48395590933635,0.6027028397017424,5.907746341869523,0.0,0,0,0,0,9,35,0,0,0,2,21,0,0,0,9,0,6,0,0,,,,0.2222222222222222,0.6,0.0,0.9166666666666666,3.0502500000000623,,38,4.0,1.0,,,7.0,4.0,5.0,3.0,3.0,2.0,3.0,2.0,3.0,1.0,2.0,2.0,5.0,5.0,13.231791808831195,0,0.0,0.0,0.0,0.0,0.0,0.0,0.0,0.0,0.0,0.0,0.0,0.0,0.0,0.0,3.0,1.0
mem_medium,29,blip_train,0.1573704783165048,0.160772416272649,0.7259604855911487,0.9485276210285011,0.2592087479838765,1.0008907300049965,5.800912391080632,0.553897844232841,5.773895249496649,0.0,0,0,0,0,0,0,78,0,0,0,0,29,0,0,9,4,2,0,0,,,,,,0.8540925266903914,4.683333333333334,2.0976500114077368,,44,,,,,,,,,,,,,,,,,,,11.137539327676935,39,0.13379073756432247,9.0,10.0,7.0,9.0,3.0,6.0,6.0,6.0,11.0,10.0,6.0,7.0,1.0,,
mem_long,1,double_blip,0.24882697277593485,0.22894624238076558,0.5291976588793874,1.0413198710426574,0.08862371119197976,1.887757764839415,4.6423236202835225,0.360046028139069,12.428790134533504,0.0,0,0,0,0,11,36,0,0,0,0,14,0,0,0,4,0,2,0,0,,,,0.0,0.3888888888888889,0.0,1.2166666666666666,2.731688015001073,,20,9.0,5.0,4.0,1.0,3.0,1.0,2.0,1.0,1.0,1.0,2.0,0.0,1.0,1.0,9.0,1.0,3.0,1.0,70.12113331391545,0,0.0,0.0,0.0,0.0,0.0,0.0,0.0,0.0,0.0,0.0,0.0,0.0,0.0,0.0,2.0,2.0
mem_medium,29,blip_combo,0.1573704783165048,0.160772416272649,0.7259604855911487,0.9485276210285011,0.2592087479838765,1.0008907300049965,5.800912391080632,0.553897844232841,5.773895249496649,0.0,0,0,0,0,5,17,41,0,0,2,12,14,0,0,7,1,7,0,0,,,,0.4,0.7058823529411765,0.3314917127071823,3.0166666666666666,2.117624999999986,,43,1.0,1.0,3.0,1.0,,,1.0,1.0,1.0,1.0,1.0,0.0,2.0,2.0,3.0,1.0,4.0,4.0,11.137539327676935,18,0.13268608414239483,4.0,6.0,4.0,4.0,3.0,4.0,5.0,1.0,5.0,2.0,4.0,4.0,1.0,1.0,1.0
mem_long,1,blip_train,0.24882697277593485,0.22894624238076558,0.5291976588793874,1.0413198710426574,0.08862371119197976,1.887757764839415,4.6423236202835225,0.360046028139069,12.428790134533504,0.0,0,0,0,0,0,0,66,0,0,0,0,16,0,0,4,0,0,0,0,,,,,,0.0,5.966666666666667,1.30787500000001,,20,,,,,,,,,,,,,,,,,,,70.12113331391545,20,0.11398963730569948,9.0,4.0,3.0,3.0,3.0,0.0,1.0,4.0,2.0,3.0,1.0,4.0,2.0,,
mem_long,0,blip_train,0.18585400334033447,0.16293941300122763,0.8616069657126754,1.0106428173525253,0.04790874525021048,0.5385616450303692,7.33567762066482,0.396751978992533,10.038287962120036,0.0,0,0,0,0,0,0,77,0,0,0,0,25,0,0,12,4,0,0,0,,,,,,0.9523809523809523,4.2,1.6555000000000035,,41,,,,,,,,,,,,,,,,,,,104.76467197892154,37,0.13162393162393163,6.0,14.0,3.0,6.0,7.0,8.0,5.0,7.0,2.0,3.0,7.0,5.0,5.0,,
mem_long,0,roving_ramp,0.18585400334033447,0.16293941300122763,0.8616069657126754,1.0106428173525253,0.04790874525021048,0.5385616450303692,7.33567762066482,0.396751978992533,10.038287962120036,0.0,43,11,2,0,0,0,0,17,8,0,0,0,0,0,10,0,0,54,25,0.46296296296296297,0.3953488372093023,0.7272727272727273,,,0.0,0.8683333333333334,2.41855447680694,0.38799999999999996,35,,,,,,,,,,,,,,,,,,,104.76467197892154,0,0.0,0.0,0.0,0.0,0.0,0.0,0.0,0.0,0.0,0.0,0.0,0.0,0.0,0.0,,
mem_long,1,roving_ramp,0.24882697277593485,0.22894624238076558,0.5291976588793874,1.0413198710426574,0.08862371119197976,1.887757764839415,4.6423236202835225,0.360046028139069,12.428790134533504,0.0,42,10,4,0,0,0,0,24,10,0,0,0,0,0,7,0,4,52,34,0.6538461538461539,0.5714285714285714,1.0,,,0.0,1.5558333333333334,2.7974789570006546,0.425375,45,,,,,,,,,,,,,,,,,,,70.12113331391545,0,0.0,0.0,0.0,0.0,0.0,0.0,0.0,0.0,0.0,0.0,0.0,0.0,0.0,0.0,,
mem_long,0,blip_combo,0.18585400334033447,0.16293941300122763,0.8616069657126754,1.0106428173525253,0.04790874525021048,0.5385616450303692,7.33567762066482,0.396751978992533,10.038287962120036,0.0,0,0,0,0,4,15,36,0,0,2,7,11,0,0,9,0,4,0,0,,,,0.5,0.4666666666666667,0.0,3.6666666666666665,1.5036249999999995,,33,,,3.0,0.0,2.0,2.0,1.0,0.0,3.0,2.0,1.0,1.0,2.0,1.0,1.0,0.0,,,104.76467197892154,17,0.11501597444089456,5.0,6.0,3.0,0.0,2.0,2.0,2.0,4.0,0.0,6.0,1.0,0.0,1.0,2.0,1.0
mem_long,0,double_blip,0.18585400334033447,0.16293941300122763,0.8616069657126754,1.0106428173525253,0.04790874525021048,0.5385616450303692,7.33567762066482,0.396751978992533,10.038287962120036,0.0,0,0,0,0,9,34,0,0,0,5,22,0,0,0,8,0,10,0,0,,,,0.5555555555555556,0.6470588235294118,0.0,1.1166666666666667,1.9535000000000196,,45,3.0,3.0,3.0,1.0,3.0,2.0,4.0,3.0,5.0,3.0,3.0,1.0,2.0,1.0,2.0,0.0,3.0,3.0,104.76467197892154,0,0.0,0.0,0.0,0.0,0.0,0.0,0.0,0.0,0.0,0.0,0.0,0.0,0.0,0.0,6.0,5.0
mem_long,1,blip_combo,0.24882697277593485,0.22894624238076558,0.5291976588793874,1.0413198710426574,0.08862371119197976,1.887757764839415,4.6423236202835225,0.360046028139069,12.428790134533504,0.0,0,0,0,0,6,17,31,0,0,2,9,7,0,0,5,1,1,0,0,,,,0.3333333333333333,0.5294117647058824,0.2,5.0,2.169120215311053,,25,1.0,0.0,3.0,2.0,1.0,0.0,1.0,0.0,1.0,0.0,3.0,1.0,2.0,2.0,3.0,2.0,2.0,2.0,70.12113331391545,9,0.10231023102310231,2.0,4.0,2.0,2.0,0.0,2.0,1.0,2.0,1.0,0.0,1.0,2.0,1.0,,
mem_long,5,double_blip,0.2511671830360221,0.17539066512785664,0.3637079242906506,0.7602789300834765,0.0882239276888649,1.8627431076583003,2.3294803977800784,0.2544020830509917,10.567169667975175,0.0,0,0,0,0,8,32,0,0,0,1,8,0,0,0,2,0,0,0,0,,,,0.125,0.25,0.0,1.4666666666666666,2.4752500000000026,,11,2.0,0.0,1.0,0.0,4.0,0.0,2.0,0.0,7.0,3.0,1.0,0.0,6.0,3.0,4.0,1.0,2.0,0.0,59.888342906484,0,0.0,0.0,0.0,0.0,0.0,0.0,0.0,0.0,0.0,0.0,0.0,0.0,0.0,0.0,3.0,1.0
mem_long,2,roving_ramp,0.17859313732058973,0.2617078216069325,0.4045068985048545,1.0890705411883044,0.04095113494139195,2.4972167606684663,3.7112079113721346,0.29029239765463966,11.2356803239256,0.0,36,12,4,0,0,0,0,32,10,0,0,0,0,0,7,0,16,48,42,0.875,0.8888888888888888,0.8333333333333334,,,0.0,1.6208333333333333,1.4722167528433459,0.327125,65,,,,,,,,,,,,,,,,,,,137.18399184791542,0,0.0,0.0,0.0,0.0,0.0,0.0,0.0,0.0,0.0,0.0,0.0,0.0,0.0,0.0,,
mem_long,3,roving_ramp,0.2852678721509124,0.3057086832661688,0.4758009304560507,0.46949065167752074,0.05622922604300485,0.9476472148576257,1.8818524908412413,0.17222895733027543,8.856819879904952,0.0,38,13,1,0,0,0,0,22,10,0,0,0,0,0,13,3,4,51,32,0.6274509803921569,0.5789473684210527,0.7692307692307693,,,0.9566834972096732,3.1358333333333333,2.1980168450220807,0.44999999999999996,52,,,,,,,,,,,,,,,,,,,78.75637371507784,0,0.0,0.0,0.0,0.0,0.0,0.0,0.0,0.0,0.0,0.0,0.0,0.0,0.0,0.0,,
mem_long,2,double_blip,0.17859313732058973,0.2617078216069325,0.4045068985048545,1.0890705411883044,0.04095113494139195,2.4972167606684663,3.7112079113721346,0.29029239765463966,11.2356803239256,0.0,0,0,0,0,11,34,0,0,0,5,25,0,0,0,5,1,7,0,0,,,,0.45454545454545453,0.7352941176470589,0.5660377358490566,1.7666666666666666,1.5189999999999735,,43,2.0,1.0,4.0,2.0,2.0,2.0,7.0,6.0,3.0,3.0,3.0,1.0,2.0,2.0,4.0,2.0,2.0,2.0,137.18399184791542,0,0.0,0.0,0.0,0.0,0.0,0.0,0.0,0.0,0.0,0.0,0.0,0.0,0.0,0.0,5.0,4.0
mem_long,3,double_blip,0.2852678721509124,0.3057086832661688,0.4758009304560507,0.46949065167752074,0.05622922604300485,0.9476472148576257,1.8818524908412413,0.17222895733027543,8.856819879904952,0.0,0,0,0,0,11,33,0,0,0,6,16,0,0,0,8,0,2,0,0,,,,0.5454545454545454,0.48484848484848486,0.0,0.65,3.044000000000011,,32,3.0,2.0,2.0,0.0,2.0,2.0,4.0,1.0,4.0,2.0,1.0,0.0,3.0,3.0,6.0,3.0,3.0,2.0,78.75637371507784,0,0.0,0.0,0.0,0.0,0.0,0.0,0.0,0.0,0.0,0.0,0.0,0.0,0.0,0.0,5.0,1.0
mem_long,2,blip_train,0.17859313732058973,0.2617078216069325,0.4045068985048545,1.0890705411883044,0.04095113494139195,2.4972167606684663,3.7112079113721346,0.29029239765463966,11.2356803239256,0.0,0,0,0,0,0,0,79,0,0,0,0,31,0,0,6,1,0,0,0,,,,,,0.2158273381294964,4.633333333333334,1.5975000000000819,,38,,,,,,,,,,,,,,,,,,,137.18399184791542,36,0.13458262350936967,9.0,16.0,6.0,5.0,5.0,8.0,1.0,6.0,7.0,3.0,2.0,5.0,5.0,,
mem_long,2,blip_combo,0.17859313732058973,0.2617078216069325,0.4045068985048545,1.0890705411883044,0.04095113494139195,2.4972167606684663,3.7112079113721346,0.29029239765463966,11.2356803239256,0.0,0,0,0,0,3,19,32,0,0,2,12,13,0,0,2,1,2,0,0,,,,0.6666666666666666,0.631578947368421,0.179667614912412,5.565833333333334,1.9387500000000273,,32,1.0,1.0,,,2.0,1.0,3.0,1.0,1.0,1.0,4.0,1.0,1.0,1.0,1.0,1.0,5.0,4.0,137.18399184791542,13,0.10062893081761007,4.0,6.0,4.0,4.0,2.0,1.0,1.0,1.0,1.0,1.0,2.0,1.0,1.0,1.0,1.0
mem_long,4,roving_ramp,0.16717617488723477,0.14326105185543864,0.7296993903986978,1.0117385400600551,0.05640296367651236,1.0530253217198249,6.21935890004386,0.37169226647594805,9.266637308263094,0.0,37,9,5,0,0,0,0,19,6,0,0,0,0,0,6,1,1,46,25,0.5434782608695652,0.5135135135135135,0.6666666666666666,,,0.3475238922675934,2.8775,1.9510168379619857,0.25075000000000003,33,,,,,,,,,,,,,,,,,,,82.14672336554858,0,0.0,0.0,0.0,0.0,0.0,0.0,0.0,0.0,0.0,0.0,0.0,0.0,0.0,0.0,,
mem_long,4,double_blip,0.16717617488723477,0.14326105185543864,0.7296993903986978,1.0117385400600551,0.05640296367651236,1.0530253217198249,6.21935890004386,0.37169226647594805,9.266637308263094,0.0,0,0,0,0,9,34,0,0,0,3,18,0,0,0,3,1,2,0,0,,,,0.3333333333333333,0.5294117647058824,0.9523809523809523,1.05,3.890982503364733,,27,3.0,0.0,4.0,4.0,1.0,1.0,3.0,2.0,5.0,2.0,4.0,1.0,4.0,3.0,5.0,1.0,1.0,1.0,82.14672336554858,0,0.0,0.0,0.0,0.0,0.0,0.0,0.0,0.0,0.0,0.0,0.0,0.0,0.0,0.0,4.0,3.0
mem_long,3,blip_train,0.2852678721509124,0.3057086832661688,0.4758009304560507,0.46949065167752074,0.05622922604300485,0.9476472148576257,1.8818524908412413,0.17222895733027543,8.856819879904952,0.0,0,0,0,0,0,0,85,0,0,0,0,26,0,0,8,3,1,0,0,,,,,,0.6818181818181818,4.4,1.9033749999999898,,38,,,,,,,,,,,,,,,,,,,78.75637371507784,35,0.14480408858603067,9.0,10.0,7.0,8.0,4.0,5.0,8.0,7.0,4.0,9.0,5.0,7.0,8.0,,
mem_long,3,blip_combo,0.2852678721509124,0.3057086832661688,0.4758009304560507,0.46949065167752074,0.05622922604300485,0.9476472148576257,1.8818524908412413,0.17222895733027543,8.856819879904952,0.0,0,0,0,0,5,18,30,0,0,1,11,8,0,0,6,2,3,0,0,,,,0.2,0.6111111111111112,0.4123711340206186,4.85,2.1848750000000337,,31,1.0,1.0,,,2.0,1.0,1.0,1.0,2.0,2.0,3.0,0.0,3.0,3.0,3.0,1.0,3.0,2.0,78.75637371507784,12,0.0970873786407767,2.0,3.0,2.0,2.0,2.0,1.0,1.0,2.0,5.0,0.0,1.0,2.0,1.0,,
mem_long,5,roving_ramp,0.2511671830360221,0.17539066512785664,0.3637079242906506,0.7602789300834765,0.0882239276888649,1.8627431076583003,2.3294803977800784,0.2544020830509917,10.567169667975175,0.0,32,12,2,0,0,0,0,12,8,0,0,0,0,0,2,0,3,44,20,0.45454545454545453,0.375,0.6666666666666666,,,0.0,1.4400000000000002,2.537801324493455,0.3946249999999999,25,,,,,,,,,,,,,,,,,,,59.888342906484,0,0.0,0.0,0.0,0.0,0.0,0.0,0.0,0.0,0.0,0.0,0.0,0.0,0.0,0.0,,
mem_long,5,blip_combo,0.2511671830360221,0.17539066512785664,0.3637079242906506,0.7602789300834765,0.0882239276888649,1.8627431076583003,2.3294803977800784,0.2544020830509917,10.567169667975175,0.0,0,0,0,0,5,17,32,0,0,0,7,3,0,0,4,0,0,0,0,,,,0.0,0.4117647058823529,0.0,3.8175000000000003,3.084605729310873,,14,1.0,0.0,,,1.0,1.0,2.0,1.0,1.0,1.0,1.0,0.0,3.0,2.0,4.0,0.0,2.0,1.0,59.888342906484,6,0.10126582278481013,1.0,0.0,2.0,1.0,3.0,2.0,1.0,0.0,1.0,0.0,0.0,0.0,1.0,2.0,1.0
mem_long,4,blip_combo,0.16717617488723477,0.14326105185543864,0.7296993903986978,1.0117385400600551,0.05640296367651236,1.0530253217198249,6.21935890004386,0.37169226647594805,9.266637308263094,0.0,0,0,0,0,2,18,33,0,0,1,11,7,0,0,7,6,2,0,0,,,,0.5,0.6111111111111112,1.196013289036545,5.016666666666667,2.8117500000000746,,34,2.0,1.0,3.0,0.0,,,4.0,3.0,3.0,3.0,,,,,1.0,0.0,3.0,2.0,82.14672336554858,11,0.10476190476190476,1.0,3.0,3.0,2.0,2.0,0.0,1.0,1.0,2.0,2.0,1.0,2.0,1.0,2.0,2.0
mem_long,5,blip_train,0.2511671830360221,0.17539066512785664,0.3637079242906506,0.7602789300834765,0.0882239276888649,1.8627431076583003,2.3294803977800784,0.2544020830509917,10.567169667975175,0.0,0,0,0,0,0,0,67,0,0,0,0,8,0,0,3,2,0,0,0,,,,,,0.46511627906976744,4.3,2.2879999999999967,,13,,,,,,,,,,,,,,,,,,,59.888342906484,11,0.1135593220338983,2.0,1.0,3.0,2.0,2.0,2.0,2.0,2.0,2.0,2.0,1.0,1.0,3.0,,
mem_long,6,double_blip,0.10294011602626277,0.08595020009121544,0.27914316678204554,1.3643851901418926,0.046366750601842005,3.7871238837540595,3.208465249233349,0.3152516663168504,8.730609288795065,0.0,0,0,0,0,6,37,0,0,0,0,17,0,0,0,7,0,2,0,0,,,,0.0,0.4594594594594595,0.0,1.0833333333333333,3.7732500000000186,,26,6.0,1.0,2.0,1.0,4.0,1.0,3.0,1.0,4.0,3.0,4.0,3.0,3.0,2.0,4.0,1.0,4.0,3.0,94.14730572523904,0,0.0,0.0,0.0,0.0,0.0,0.0,0.0,0.0,0.0,0.0,0.0,0.0,0.0,0.0,3.0,1.0
mem_long,4,blip_train,0.16717617488723477,0.14326105185543864,0.7296993903986978,1.0117385400600551,0.05640296367651236,1.0530253217198249,6.21935890004386,0.37169226647594805,9.266637308263094,0.0,0,0,0,0,0,0,77,0,0,0,0,20,0,0,12,1,0,0,0,,,,,,0.3727865796831314,2.6825,1.6737499999999983,,33,,,,,,,,,,,,,,,,,,,82.14672336554858,31,0.13139931740614336,4.0,10.0,2.0,6.0,5.0,4.0,3.0,7.0,8.0,1.0,4.0,5.0,7.0,,
mem_long,6,blip_train,0.10294011602626277,0.08595020009121544,0.27914316678204554,1.3643851901418926,0.046366750601842005,3.7871238837540595,3.208465249233349,0.3152516663168504,8.730609288795065,0.0,0,0,0,0,0,0,66,0,0,0,0,16,0,0,12,3,0,0,0,,,,,,0.5420870350850775,5.534166666666667,2.32738879123852,,31,,,,,,,,,,,,,,,,,,,94.14730572523904,26,0.11205432937181664,2.0,3.0,8.0,3.0,2.0,4.0,3.0,1.0,4.0,3.0,6.0,1.0,6.0,,
mem_long,6,roving_ramp,0.10294011602626277,0.08595020009121544,0.27914316678204554,1.3643851901418926,0.046366750601842005,3.7871238837540595,3.208465249233349,0.3152516663168504,8.730609288795065,0.0,45,11,2,0,0,0,0,24,10,0,0,0,0,0,13,0,7,56,34,0.6071428571428571,0.5333333333333333,0.9090909090909091,,,0.0,0.7775000000000001,2.6542555567042796,0.15049999999999997,54,,,,,,,,,,,,,,,,,,,94.14730572523904,0,0.0,0.0,0.0,0.0,0.0,0.0,0.0,0.0,0.0,0.0,0.0,0.0,0.0,0.0,,
mem_long,8,roving_ramp,0.20316629782149334,0.15944036258101144,0.6214388234267816,0.7992685948890746,0.059157451323786796,1.1650707986928466,4.184315975876778,0.2862337996691249,9.513294232410832,0.0,37,9,5,0,0,0,0,20,5,0,0,0,2,0,7,0,0,46,25,0.5434782608695652,0.5405405405405406,0.5555555555555556,,,0.0,1.5166666666666666,1.7300948548434008,0.44999999999999996,34,,,,,,,,,,,,,,,,,,,80.40655927130524,0,0.0,0.0,0.0,0.0,0.0,0.0,0.0,0.0,0.0,0.0,0.0,0.0,0.0,0.0,,
mem_long,7,roving_ramp,0.11934894564190131,0.14796025209182131,0.7636452531084723,0.9359223490613683,0.060423805625684945,0.8517804003114375,6.020947169548073,0.36016434388094215,7.009994798607687,0.0,39,11,3,0,0,0,0,25,9,0,0,0,1,0,14,0,9,50,34,0.68,0.6410256410256411,0.8181818181818182,,,0.0,0.7658333333333334,1.8751035119597685,0.3700000000000001,58,,,,,,,,,,,,,,,,,,,58.006895841958354,0,0.0,0.0,0.0,0.0,0.0,0.0,0.0,0.0,0.0,0.0,0.0,0.0,0.0,0.0,,
mem_long,6,blip_combo,0.10294011602626277,0.08595020009121544,0.27914316678204554,1.3643851901418926,0.046366750601842005,3.7871238837540595,3.208465249233349,0.3152516663168504,8.730609288795065,0.0,0,0,0,0,7,14,42,0,0,3,5,12,0,0,12,1,1,0,0,,,,0.42857142857142855,0.35714285714285715,0.34090909090909094,2.933333333333333,1.9462500000000347,,34,,,2.0,0.0,3.0,2.0,2.0,1.0,2.0,1.0,,,1.0,0.0,1.0,0.0,1.0,1.0,94.14730572523904,19,0.13249211356466878,6.0,4.0,1.0,2.0,2.0,4.0,3.0,2.0,5.0,4.0,3.0,1.0,2.0,2.0,0.0
mem_long,7,blip_combo,0.11934894564190131,0.14796025209182131,0.7636452531084723,0.9359223490613683,0.060423805625684945,0.8517804003114375,6.020947169548073,0.36016434388094215,7.009994798607687,0.0,0,0,0,0,1,18,38,0,0,0,12,15,0,0,22,1,6,0,0,,,,0.0,0.6666666666666666,0.3529411764705882,2.8333333333333335,2.768250000000023,,56,2.0,1.0,2.0,2.0,1.0,1.0,1.0,0.0,4.0,3.0,2.0,0.0,,,3.0,2.0,2.0,2.0,58.006895841958354,34,0.12666666666666668,4.0,9.0,3.0,5.0,7.0,2.0,7.0,7.0,2.0,7.0,9.0,4.0,5.0,1.0,1.0
mem_long,8,blip_combo,0.20316629782149334,0.15944036258101144,0.6214388234267816,0.7992685948890746,0.059157451323786796,1.1650707986928466,4.184315975876778,0.2862337996691249,9.513294232410832,0.0,0,0,0,0,4,19,31,0,0,0,10,9,0,0,3,2,2,0,0,,,,0.0,0.5263157894736842,0.44776119402985076,4.466666666666667,2.684750000000008,,26,2.0,1.0,1.0,0.0,3.0,3.0,2.0,0.0,1.0,0.0,3.0,0.0,2.0,2.0,2.0,1.0,2.0,2.0,80.40655927130524,10,0.10032362459546926,2.0,4.0,3.0,1.0,0.0,0.0,0.0,3.0,0.0,1.0,1.0,0.0,0.0,1.0,1.0
mem_long,9,roving_ramp,0.1806589361650979,0.2527563843689578,0.6059761900462041,0.8808438718720258,0.06863082293382994,1.3364259468514357,4.496637102019472,0.3154201050365454,9.20928649369171,0.0,37,11,3,0,0,0,0,29,11,0,0,0,1,0,7,0,13,48,40,0.8333333333333334,0.7837837837837838,1.0,,,0.0,2.026666666666667,1.4032831084176753,0.37925,61,,,,,,,,,,,,,,,,,,,67.09293361213804,0,0.0,0.0,0.0,0.0,0.0,0.0,0.0,0.0,0.0,0.0,0.0,0.0,0.0,0.0,,
mem_long,9,blip_train,0.1806589361650979,0.2527563843689578,0.6059761900462041,0.8808438718720258,0.06863082293382994,1.3364259468514357,4.496637102019472,0.3154201050365454,9.20928649369171,0.0,0,0,0,0,0,0,68,0,0,0,0,36,0,0,8,2,1,0,0,,,,,,0.25641025641025644,7.8,1.6182500000000175,,47,,,,,,,,,,,,,,,,,,,67.09293361213804,44,0.1152542372881356,11.0,20.0,6.0,8.0,8.0,5.0,9.0,5.0,5.0,8.0,6.0,4.0,10.0,,
mem_long,8,blip_train,0.20316629782149334,0.15944036258101144,0.6214388234267816,0.7992685948890746,0.059157451323786796,1.1650707986928466,4.184315975876778,0.2862337996691249,9.513294232410832,0.0,0,0,0,0,0,0,69,0,0,0,0,16,0,0,7,2,1,0,0,,,,,,0.2863961813842482,6.983333333333333,2.225000000000003,,26,,,,,,,,,,,,,,,,,,,80.40655927130524,23,0.11714770797962648,6.0,3.0,4.0,4.0,3.0,3.0,4.0,3.0,3.0,3.0,1.0,3.0,3.0,,
mem_long,9,blip_combo,0.1806589361650979,0.2527563843689578,0.6059761900462041,0.8808438718720258,0.06863082293382994,1.3364259468514357,4.496637102019472,0.3154201050365454,9.20928649369171,0.0,0,0,0,0,2,19,46,0,0,2,17,23,0,0,10,1,6,0,0,,,,1.0,0.8947368421052632,0.35714285714285715,2.8,2.0967224393253874,,59,3.0,2.0,,,1.0,1.0,1.0,1.0,3.0,3.0,2.0,1.0,1.0,1.0,2.0,2.0,3.0,3.0,67.09293361213804,28,0.14743589743589744,9.0,7.0,10.0,3.0,7.0,3.0,2.0,5.0,5.0,5.0,8.0,3.0,4.0,3.0,3.0
mem_long,7,double_blip,0.11934894564190131,0.14796025209182131,0.7636452531084723,0.9359223490613683,0.060423805625684945,0.8517804003114375,6.020947169548073,0.36016434388094215,7.009994798607687,0.0,0,0,0,0,7,38,0,0,0,2,28,0,0,0,8,1,9,0,0,,,,0.2857142857142857,0.7368421052631579,1.3333333333333333,0.75,2.0340016767270623,,48,4.0,3.0,7.0,4.0,6.0,5.0,4.0,4.0,4.0,4.0,5.0,2.0,2.0,2.0,3.0,2.0,1.0,1.0,58.006895841958354,0,0.0,0.0,0.0,0.0,0.0,0.0,0.0,0.0,0.0,0.0,0.0,0.0,0.0,0.0,2.0,1.0
mem_long,10,roving_ramp,0.15474102702275686,0.19175548477598475,0.554468099709544,0.6877408048460755,0.05011769711186333,1.179850805452147,3.21243759265007,0.23379771814673356,7.636347943361207,0.0,43,12,1,0,0,0,0,25,10,0,0,0,1,0,9,0,13,55,35,0.6363636363636364,0.5813953488372093,0.8333333333333334,,,0.0,1.4491666666666667,1.8143550998381084,0.26375,58,,,,,,,,,,,,,,,,,,,76.18414635370006,0,0.0,0.0,0.0,0.0,0.0,0.0,0.0,0.0,0.0,0.0,0.0,0.0,0.0,0.0,,
mem_long,8,double_blip,0.20316629782149334,0.15944036258101144,0.6214388234267816,0.7992685948890746,0.059157451323786796,1.1650707986928466,4.184315975876778,0.2862337996691249,9.513294232410832,0.0,0,0,0,0,8,38,0,0,0,2,12,0,0,0,6,0,3,0,0,,,,0.25,0.3157894736842105,0.0,1.35,2.106607953229905,,23,1.0,0.0,4.0,2.0,2.0,2.0,5.0,0.0,4.0,2.0,7.0,1.0,2.0,1.0,7.0,1.0,4.0,2.0,80.40655927130524,0,0.0,0.0,0.0,0.0,0.0,0.0,0.0,0.0,0.0,0.0,0.0,0.0,0.0,0.0,2.0,1.0
mem_long,7,blip_train,0.11934894564190131,0.14796025209182131,0.7636452531084723,0.9359223490613683,0.060423805625684945,0.8517804003114375,6.020947169548073,0.36016434388094215,7.009994798607687,0.0,0,0,0,0,0,0,77,0,0,0,0,27,0,0,18,5,4,0,0,,,,,,0.8902077151335313,5.616666666666666,2.055500000000002,,54,,,,,,,,,,,,,,,,,,,58.006895841958354,47,0.13184931506849315,11.0,7.0,10.0,9.0,5.0,6.0,8.0,8.0,8.0,7.0,8.0,7.0,4.0,,
mem_long,11,roving_ramp,0.1324350790911045,0.09421916865384014,0.520159060750508,1.0402709231011902,0.040740449471993984,1.9220613853286594,4.558437131955933,0.309498679557606,8.982922886257157,0.0,34,11,3,0,0,0,0,15,5,0,0,0,2,0,8,2,0,45,20,0.4444444444444444,0.4411764705882353,0.45454545454545453,,,0.8385744234800839,2.385,3.4663929346962674,0.1885,32,,,,,,,,,,,,,,,,,,,110.24575087754303,0,0.0,0.0,0.0,0.0,0.0,0.0,0.0,0.0,0.0,0.0,0.0,0.0,0.0,0.0,,
mem_long,9,double_blip,0.1806589361650979,0.2527563843689578,0.6059761900462041,0.8808438718720258,0.06863082293382994,1.3364259468514357,4.496637102019472,0.3154201050365454,9.20928649369171,0.0,0,0,0,0,7,36,0,0,0,4,25,0,0,0,12,0,8,0,0,,,,0.5714285714285714,0.6944444444444444,0.0,0.75,1.670750000000055,,49,2.0,2.0,4.0,3.0,2.0,2.0,7.0,4.0,4.0,2.0,1.0,0.0,5.0,5.0,4.0,1.0,4.0,3.0,67.09293361213804,0,0.0,0.0,0.0,0.0,0.0,0.0,0.0,0.0,0.0,0.0,0.0,0.0,0.0,0.0,3.0,3.0
mem_long,12,roving_ramp,0.313094140559465,0.28089561721909734,0.6932723899412658,0.8055726949486961,0.105211554437032,0.9514393378949312,4.70480885518416,0.348792071399436,11.641431782802016,0.0,37,9,2,0,0,0,0,17,6,0,0,0,0,0,6,0,4,46,23,0.5,0.4594594594594595,0.6666666666666666,,,0.0,2.2358333333333333,1.9022988505747196,0.456375,33,,,,,,,,,,,,,,,,,,,55.32392257244565,0,0.0,0.0,0.0,0.0,0.0,0.0,0.0,0.0,0.0,0.0,0.0,0.0,0.0,0.0,,
mem_long,10,double_blip,0.15474102702275686,0.19175548477598475,0.554468099709544,0.6877408048460755,0.05011769711186333,1.179850805452147,3.21243759265007,0.23379771814673356,7.636347943361207,0.0,0,0,0,0,10,31,0,0,0,3,22,0,0,0,10,1,5,0,0,,,,0.3,0.7096774193548387,0.7792207792207791,1.2833333333333334,3.146000000000072,,41,3.0,1.0,3.0,3.0,1.0,1.0,1.0,1.0,5.0,4.0,4.0,0.0,7.0,6.0,4.0,3.0,2.0,2.0,76.18414635370006,0,0.0,0.0,0.0,0.0,0.0,0.0,0.0,0.0,0.0,0.0,0.0,0.0,0.0,0.0,1.0,1.0
mem_long,10,blip_combo,0.15474102702275686,0.19175548477598475,0.554468099709544,0.6877408048460755,0.05011769711186333,1.179850805452147,3.21243759265007,0.23379771814673356,7.636347943361207,0.0,0,0,0,0,6,17,45,0,0,4,17,20,0,0,11,2,6,0,0,,,,0.6666666666666666,1.0,0.7843137254901962,2.55,1.8360000000000127,,60,1.0,1.0,2.0,2.0,1.0,1.0,3.0,3.0,,,1.0,1.0,3.0,3.0,2.0,2.0,2.0,2.0,76.18414635370006,26,0.1461038961038961,4.0,12.0,3.0,4.0,3.0,2.0,6.0,4.0,2.0,9.0,2.0,4.0,5.0,2.0,2.0
mem_long,11,blip_train,0.1324350790911045,0.09421916865384014,0.520159060750508,1.0402709231011902,0.040740449471993984,1.9220613853286594,4.558437131955933,0.309498679557606,8.982922886257157,0.0,0,0,0,0,0,0,66,0,0,0,0,14,0,0,11,4,0,0,0,,,,,,0.6,6.666666666666667,2.1066250000000064,,29,,,,,,,,,,,,,,,,,,,110.24575087754303,25,0.11224489795918367,3.0,5.0,5.0,4.0,1.0,5.0,0.0,4.0,7.0,2.0,5.0,4.0,4.0,,
mem_long,11,double_blip,0.1324350790911045,0.09421916865384014,0.520159060750508,1.0402709231011902,0.040740449471993984,1.9220613853286594,4.558437131955933,0.309498679557606,8.982922886257157,0.0,0,0,0,0,11,30,0,0,0,3,10,0,0,0,5,2,2,0,0,,,,0.2727272727272727,0.3333333333333333,1.3793103448275863,1.45,1.2005000000000052,,22,2.0,0.0,4.0,0.0,1.0,1.0,3.0,0.0,1.0,0.0,4.0,1.0,7.0,3.0,1.0,0.0,3.0,3.0,110.24575087754303,0,0.0,0.0,0.0,0.0,0.0,0.0,0.0,0.0,0.0,0.0,0.0,0.0,0.0,0.0,4.0,2.0
mem_long,15,roving_ramp,0.383153028858112,0.32490364087885193,0.3221738249098114,0.5238698462612768,0.07488439983626458,1.3673044669294308,1.4218277840430005,0.18385713581672664,11.448764497665662,0.0,37,11,3,0,0,0,0,23,5,0,0,0,0,0,2,1,3,48,28,0.5833333333333334,0.6216216216216216,0.45454545454545453,,,0.5,2.0,2.2138509833217315,0.44999999999999996,34,,,,,,,,,,,,,,,,,,,76.44292083997797,0,0.0,0.0,0.0,0.0,0.0,0.0,0.0,0.0,0.0,0.0,0.0,0.0,0.0,0.0,,
mem_long,15,double_blip,0.383153028858112,0.32490364087885193,0.3221738249098114,0.5238698462612768,0.07488439983626458,1.3673044669294308,1.4218277840430005,0.18385713581672664,11.448764497665662,0.0,0,0,0,0,9,35,0,0,0,1,11,0,0,0,2,0,0,0,0,,,,0.1111111111111111,0.3142857142857143,0.0,1.3333333333333333,3.7760317460317485,,14,5.0,0.0,3.0,2.0,5.0,3.0,4.0,0.0,5.0,2.0,6.0,1.0,3.0,2.0,2.0,0.0,,,76.44292083997797,0,0.0,0.0,0.0,0.0,0.0,0.0,0.0,0.0,0.0,0.0,0.0,0.0,0.0,0.0,2.0,1.0
mem_long,13,double_blip,0.34025088837104345,0.271843764926612,0.17855782876431378,0.5859016576572115,0.07736411297439176,1.8532124846849525,0.8813267765921863,0.17784595754471003,11.937442144758798,0.0,0,0,0,0,10,38,0,0,0,2,9,0,0,0,7,0,0,0,0,,,,0.2,0.23684210526315788,0.0,1.2666666666666666,2.9240000000000066,,18,6.0,1.0,3.0,0.0,5.0,3.0,3.0,1.0,2.0,1.0,6.0,0.0,2.0,1.0,4.0,1.0,3.0,1.0,77.1510309225041,0,0.0,0.0,0.0,0.0,0.0,0.0,0.0,0.0,0.0,0.0,0.0,0.0,0.0,0.0,4.0,0.0
mem_long,11,blip_combo,0.1324350790911045,0.09421916865384014,0.520159060750508,1.0402709231011902,0.040740449471993984,1.9220613853286594,4.558437131955933,0.309498679557606,8.982922886257157,0.0,0,0,0,0,4,16,37,0,0,1,6,8,0,0,16,2,1,0,0,,,,0.25,0.375,0.5333333333333333,3.75,1.6694999999999993,,34,1.0,1.0,2.0,0.0,2.0,1.0,2.0,0.0,2.0,2.0,1.0,0.0,1.0,0.0,2.0,0.0,2.0,1.0,110.24575087754303,14,0.11526479750778816,2.0,5.0,2.0,1.0,1.0,3.0,1.0,0.0,6.0,3.0,0.0,4.0,0.0,1.0,1.0
mem_long,13,blip_combo,0.34025088837104345,0.271843764926612,0.17855782876431378,0.5859016576572115,0.07736411297439176,1.8532124846849525,0.8813267765921863,0.17784595754471003,11.937442144758798,0.0,0,0,0,0,3,16,37,0,0,0,6,7,0,0,2,1,2,0,0,,,,0.0,0.375,0.22641509433962262,4.416666666666667,1.8681724845996026,,18,1.0,1.0,3.0,0.0,1.0,1.0,2.0,1.0,2.0,1.0,1.0,0.0,1.0,0.0,1.0,0.0,3.0,2.0,77.1510309225041,7,0.12131147540983607,2.0,2.0,2.0,2.0,1.0,1.0,1.0,1.0,2.0,0.0,2.0,0.0,0.0,1.0,0.0
mem_long,12,double_blip,0.313094140559465,0.28089561721909734,0.6932723899412658,0.8055726949486961,0.105211554437032,0.9514393378949312,4.70480885518416,0.348792071399436,11.641431782802016,0.0,0,0,0,0,9,32,0,0,0,3,25,0,0,0,3,0,4,0,0,,,,0.3333333333333333,0.78125,0.0,0.9666666666666667,2.7078482025427624,,35,3.0,3.0,4.0,2.0,6.0,5.0,4.0,4.0,5.0,4.0,1.0,0.0,2.0,1.0,3.0,3.0,4.0,3.0,55.32392257244565,0,0.0,0.0,0.0,0.0,0.0,0.0,0.0,0.0,0.0,0.0,0.0,0.0,0.0,0.0,,
mem_long,13,blip_train,0.34025088837104345,0.271843764926612,0.17855782876431378,0.5859016576572115,0.07736411297439176,1.8532124846849525,0.8813267765921863,0.17784595754471003,11.937442144758798,0.0,0,0,0,0,0,0,75,0,0,0,0,17,0,0,5,1,0,0,0,,,,,,0.19607843137254904,5.1,1.795500000000061,,23,,,,,,,,,,,,,,,,,,,77.1510309225041,22,0.1282051282051282,9.0,5.0,6.0,2.0,3.0,1.0,4.0,5.0,0.0,2.0,4.0,4.0,4.0,,
mem_long,12,blip_combo,0.313094140559465,0.28089561721909734,0.6932723899412658,0.8055726949486961,0.105211554437032,0.9514393378949312,4.70480885518416,0.348792071399436,11.641431782802016,0.0,0,0,0,0,7,15,39,0,0,4,9,12,0,0,10,0,0,0,0,,,,0.5714285714285714,0.6,0.0,3.8333333333333335,2.344386271087866,,35,1.0,1.0,1.0,0.0,4.0,2.0,,,4.0,2.0,1.0,0.0,1.0,1.0,1.0,1.0,1.0,1.0,55.32392257244565,19,0.12264150943396226,5.0,3.0,7.0,1.0,0.0,7.0,5.0,4.0,3.0,5.0,2.0,2.0,0.0,1.0,1.0
mem_long,12,blip_train,0.313094140559465,0.28089561721909734,0.6932723899412658,0.8055726949486961,0.105211554437032,0.9514393378949312,4.70480885518416,0.348792071399436,11.641431782802016,0.0,0,0,0,0,0,0,64,0,0,0,0,24,0,0,7,1,0,0,0,,,,,,0.2027027027027027,4.933333333333334,2.1632689475245983,,32,,,,,,,,,,,,,,,,,,,55.32392257244565,30,0.10884353741496598,11.0,6.0,8.0,7.0,2.0,5.0,2.0,1.0,5.0,4.0,4.0,3.0,2.0,,
mem_long,13,roving_ramp,0.34025088837104345,0.271843764926612,0.17855782876431378,0.5859016576572115,0.07736411297439176,1.8532124846849525,0.8813267765921863,0.17784595754471003,11.937442144758798,0.0,40,10,3,0,0,0,0,19,6,0,0,0,0,0,9,1,4,50,25,0.5,0.475,0.6,,,0.7848266841072596,1.2741666666666667,2.670369413588227,0.42887499999999995,39,,,,,,,,,,,,,,,,,,,77.1510309225041,0,0.0,0.0,0.0,0.0,0.0,0.0,0.0,0.0,0.0,0.0,0.0,0.0,0.0,0.0,,
mem_long,10,blip_train,0.15474102702275686,0.19175548477598475,0.554468099709544,0.6877408048460755,0.05011769711186333,1.179850805452147,3.21243759265007,0.23379771814673356,7.636347943361207,0.0,0,0,0,0,0,0,73,0,0,0,0,24,0,0,12,4,2,0,0,,,,,,0.5345211581291759,7.483333333333333,2.0233750000000157,,42,,,,,,,,,,,,,,,,,,,76.18414635370006,38,0.12436115843270869,10.0,6.0,7.0,6.0,4.0,6.0,5.0,3.0,6.0,5.0,7.0,7.0,5.0,,
mem_long,14,roving_ramp,0.19227536987551744,0.1485122405656793,0.7500714218450912,0.8834504306926171,0.07137102581200408,0.8502009794128315,5.5823639531858245,0.3512577896336099,9.118160962322188,0.0,38,12,2,0,0,0,0,23,8,0,0,0,0,0,8,1,0,50,31,0.62,0.6052631578947368,0.6666666666666666,,,0.31209362808842656,3.2041666666666666,1.9015592273679367,0.297,40,,,,,,,,,,,,,,,,,,,63.87858979594894,0,0.0,0.0,0.0,0.0,0.0,0.0,0.0,0.0,0.0,0.0,0.0,0.0,0.0,0.0,,
mem_long,15,blip_train,0.383153028858112,0.32490364087885193,0.3221738249098114,0.5238698462612768,0.07488439983626458,1.3673044669294308,1.4218277840430005,0.18385713581672664,11.448764497665662,0.0,0,0,0,0,0,0,70,0,0,0,0,18,0,0,4,0,0,0,0,,,,,,0.0,4.833333333333333,1.7435000000000116,,22,,,,,,,,,,,,,,,,,,,76.44292083997797,22,0.11925042589437819,4.0,10.0,4.0,3.0,7.0,2.0,2.0,2.0,2.0,3.0,3.0,1.0,5.0,,
mem_long,14,double_blip,0.19227536987551744,0.1485122405656793,0.7500714218450912,0.8834504306926171,0.07137102581200408,0.8502009794128315,5.5823639531858245,0.3512577896336099,9.118160962322188,0.0,0,0,0,0,9,33,0,0,0,1,17,0,0,0,7,0,7,0,0,,,,0.1111111111111111,0.5151515151515151,0.0,0.8333333333333334,2.4580132978723315,,32,,,6.0,2.0,,,3.0,0.0,5.0,3.0,4.0,1.0,6.0,5.0,1.0,0.0,3.0,3.0,63.87858979594894,0,0.0,0.0,0.0,0.0,0.0,0.0,0.0,0.0,0.0,0.0,0.0,0.0,0.0,0.0,5.0,3.0
mem_long,15,blip_combo,0.383153028858112,0.32490364087885193,0.3221738249098114,0.5238698462612768,0.07488439983626458,1.3673044669294308,1.4218277840430005,0.18385713581672664,11.448764497665662,0.0,0,0,0,0,5,17,47,0,0,0,9,10,0,0,3,0,0,0,0,,,,0.0,0.5294117647058824,0.0,1.2166666666666666,2.859188544152777,,22,1.0,1.0,2.0,1.0,2.0,2.0,1.0,0.0,2.0,1.0,1.0,0.0,1.0,0.0,2.0,1.0,3.0,2.0,76.44292083997797,12,0.14461538461538462,4.0,5.0,2.0,1.0,2.0,1.0,1.0,0.0,1.0,2.0,4.0,1.0,3.0,2.0,1.0
mem_long,14,blip_combo,0.19227536987551744,0.1485122405656793,0.7500714218450912,0.8834504306926171,0.07137102581200408,0.8502009794128315,5.5823639531858245,0.3512577896336099,9.118160962322188,0.0,0,0,0,0,2,18,41,0,0,1,10,12,0,0,11,2,2,0,0,,,,0.5,0.5555555555555556,0.7502344482650828,2.6658333333333335,2.0925000000000296,,38,,,2.0,2.0,2.0,2.0,3.0,0.0,1.0,0.0,4.0,1.0,,,1.0,0.0,3.0,3.0,63.87858979594894,20,0.12538226299694188,4.0,2.0,6.0,1.0,1.0,3.0,3.0,2.0,4.0,2.0,2.0,2.0,2.0,2.0,2.0
mem_long,17,blip_combo,0.2210837240781733,0.27958795218839033,0.3761998108179557,0.96717588617238,0.046496644009739074,2.323135053264151,3.0651898229064924,0.2609692502989704,12.256450609178433,0.0,0,0,0,0,3,19,39,0,0,0,14,8,0,0,5,0,2,0,0,,,,0.0,0.7368421052631579,0.0,3.433333333333333,2.608461024451837,,29,2.0,1.0,3.0,3.0,3.0,2.0,2.0,2.0,2.0,1.0,1.0,1.0,1.0,1.0,4.0,2.0,,,131.7993036939529,13,0.12264150943396226,2.0,4.0,3.0,2.0,5.0,1.0,2.0,1.0,1.0,2.0,1.0,4.0,2.0,1.0,1.0
mem_long,17,double_blip,0.2210837240781733,0.27958795218839033,0.3761998108179557,0.96717588617238,0.046496644009739074,2.323135053264151,3.0651898229064924,0.2609692502989704,12.256450609178433,0.0,0,0,0,0,9,34,0,0,0,3,20,0,0,0,3,0,3,0,0,,,,0.3333333333333333,0.5882352941176471,0.0,0.9833333333333333,2.122369765066427,,29,3.0,1.0,6.0,4.0,4.0,4.0,4.0,1.0,3.0,1.0,2.0,0.0,2.0,0.0,2.0,2.0,3.0,3.0,131.7993036939529,0,0.0,0.0,0.0,0.0,0.0,0.0,0.0,0.0,0.0,0.0,0.0,0.0,0.0,0.0,5.0,4.0
mem_long,16,blip_train,0.23814856625684408,0.1925829140253153,0.9132220505184381,0.764575941565798,0.08036100952554927,0.25547799998603626,5.882072316978058,0.3543033414405421,9.51124863683386,0.0,0,0,0,0,0,0,76,0,0,0,0,29,0,0,8,2,1,0,0,,,,,,0.6591595715462785,3.0341666666666667,1.714250000000007,,40,,,,,,,,,,,,,,,,,,,59.17825505794536,37,0.12991452991452992,8.0,13.0,8.0,3.0,3.0,4.0,6.0,3.0,11.0,4.0,4.0,4.0,5.0,,
mem_long,16,double_blip,0.23814856625684408,0.1925829140253153,0.9132220505184381,0.764575941565798,0.08036100952554927,0.25547799998603626,5.882072316978058,0.3543033414405421,9.51124863683386,0.0,0,0,0,0,6,38,0,0,0,3,28,0,0,0,5,0,4,0,0,,,,0.5,0.7368421052631579,0.0,1.5666666666666667,2.9830000000000005,,40,4.0,3.0,2.0,1.0,2.0,1.0,4.0,3.0,3.0,2.0,1.0,0.0,5.0,5.0,3.0,1.0,7.0,5.0,59.17825505794536,0,0.0,0.0,0.0,0.0,0.0,0.0,0.0,0.0,0.0,0.0,0.0,0.0,0.0,0.0,7.0,7.0
mem_long,16,roving_ramp,0.23814856625684408,0.1925829140253153,0.9132220505184381,0.764575941565798,0.08036100952554927,0.25547799998603626,5.882072316978058,0.3543033414405421,9.51124863683386,0.0,41,13,0,0,0,0,0,18,4,0,0,0,0,0,6,1,1,54,22,0.4074074074074074,0.43902439024390244,0.3076923076923077,,,0.4854368932038835,2.06,1.1953870225400036,0.33699999999999997,30,,,,,,,,,,,,,,,,,,,59.17825505794536,0,0.0,0.0,0.0,0.0,0.0,0.0,0.0,0.0,0.0,0.0,0.0,0.0,0.0,0.0,,
mem_long,16,blip_combo,0.23814856625684408,0.1925829140253153,0.9132220505184381,0.764575941565798,0.08036100952554927,0.25547799998603626,5.882072316978058,0.3543033414405421,9.51124863683386,0.0,0,0,0,0,3,19,39,0,0,1,16,17,0,0,3,0,6,0,0,,,,0.3333333333333333,0.8421052631578947,0.0,1.9666666666666666,2.001374999999996,,43,1.0,1.0,1.0,1.0,1.0,0.0,4.0,3.0,1.0,1.0,2.0,2.0,3.0,3.0,2.0,1.0,2.0,2.0,59.17825505794536,20,0.12420382165605096,5.0,5.0,6.0,3.0,1.0,2.0,2.0,2.0,4.0,1.0,1.0,2.0,2.0,2.0,2.0
mem_long,17,roving_ramp,0.2210837240781733,0.27958795218839033,0.3761998108179557,0.96717588617238,0.046496644009739074,2.323135053264151,3.0651898229064924,0.2609692502989704,12.256450609178433,0.0,36,9,5,0,0,0,0,20,9,0,0,0,0,0,10,0,8,45,29,0.6444444444444445,0.5555555555555556,1.0,,,0.0,3.039166666666667,1.8598802395209568,0.4195,47,,,,,,,,,,,,,,,,,,,131.7993036939529,0,0.0,0.0,0.0,0.0,0.0,0.0,0.0,0.0,0.0,0.0,0.0,0.0,0.0,0.0,,
mem_long,17,blip_train,0.2210837240781733,0.27958795218839033,0.3761998108179557,0.96717588617238,0.046496644009739074,2.323135053264151,3.0651898229064924,0.2609692502989704,12.256450609178433,0.0,0,0,0,0,0,0,76,0,0,0,0,28,0,0,6,1,0,0,0,,,,,,0.1744186046511628,5.733333333333333,1.8430000000000462,,35,,,,,,,,,,,,,,,,,,,131.7993036939529,34,0.12947189097103917,11.0,9.0,6.0,7.0,3.0,4.0,3.0,3.0,7.0,3.0,6.0,3.0,6.0,,
mem_long,14,blip_train,0.19227536987551744,0.1485122405656793,0.7500714218450912,0.8834504306926171,0.07137102581200408,0.8502009794128315,5.5823639531858245,0.3512577896336099,9.118160962322188,0.0,0,0,0,0,0,0,81,0,0,0,0,32,0,0,6,1,0,0,0,,,,,,0.31578947368421056,3.1666666666666665,1.8116250000000491,,39,,,,,,,,,,,,,,,,,,,63.87858979594894,37,0.13798977853492334,5.0,16.0,6.0,8.0,7.0,7.0,5.0,4.0,6.0,4.0,5.0,3.0,5.0,,
mem_long,18,blip_train,0.18936634549097725,0.1767397259851957,0.8284939355354076,1.177656184417686,0.0866956002600495,0.7777168241984864,8.219420381010519,0.4832718271133739,10.1703358119596,0.0,0,0,0,0,0,0,76,0,0,0,0,30,0,0,8,4,1,0,0,,,,,,1.00418410041841,3.9833333333333334,1.840250000000026,,43,,,,,,,,,,,,,,,,,,,58.65543223331383,38,0.12947189097103917,4.0,18.0,4.0,8.0,4.0,5.0,6.0,10.0,6.0,5.0,5.0,9.0,4.0,,
mem_long,18,roving_ramp,0.18936634549097725,0.1767397259851957,0.8284939355354076,1.177656184417686,0.0866956002600495,0.7777168241984864,8.219420381010519,0.4832718271133739,10.1703358119596,0.0,36,9,5,0,0,0,0,23,6,0,0,0,0,0,3,1,5,45,29,0.6444444444444445,0.6388888888888888,0.6666666666666666,,,0.3648525387655822,2.7408333333333337,1.0017331022530411,0.397625,38,,,,,,,,,,,,,,,,,,,58.65543223331383,0,0.0,0.0,0.0,0.0,0.0,0.0,0.0,0.0,0.0,0.0,0.0,0.0,0.0,0.0,,
mem_long,18,double_blip,0.18936634549097725,0.1767397259851957,0.8284939355354076,1.177656184417686,0.0866956002600495,0.7777168241984864,8.219420381010519,0.4832718271133739,10.1703358119596,0.0,0,0,0,0,11,31,0,0,0,7,26,0,0,0,6,1,7,0,0,,,,0.6363636363636364,0.8387096774193549,1.1764705882352942,0.85,1.7173018919659955,,47,1.0,0.0,1.0,1.0,4.0,4.0,4.0,3.0,3.0,3.0,5.0,2.0,7.0,7.0,2.0,2.0,3.0,3.0,58.65543223331383,0,0.0,0.0,0.0,0.0,0.0,0.0,0.0,0.0,0.0,0.0,0.0,0.0,0.0,0.0,1.0,1.0
mem_long,18,blip_combo,0.18936634549097725,0.1767397259851957,0.8284939355354076,1.177656184417686,0.0866956002600495,0.7777168241984864,8.219420381010519,0.4832718271133739,10.1703358119596,0.0,0,0,0,0,1,18,49,0,0,1,14,19,0,0,4,1,6,0,0,,,,1.0,0.7777777777777778,0.2777777777777778,3.6,1.625375000000048,,45,2.0,1.0,1.0,0.0,3.0,3.0,2.0,2.0,3.0,2.0,,,1.0,1.0,3.0,2.0,1.0,1.0,58.65543223331383,21,0.15555555555555556,5.0,11.0,4.0,2.0,7.0,1.0,5.0,6.0,4.0,5.0,2.0,5.0,2.0,2.0,2.0
mem_long,19,roving_ramp,0.26710291985745144,0.27788326060270274,0.8091667134235931,0.9569832206589372,0.06521439110052567,0.7032049977062312,6.523425006873234,0.3827762054817084,11.940649135624453,0.0,42,14,1,0,0,0,0,26,11,0,0,0,0,0,6,0,3,56,37,0.6607142857142857,0.6190476190476191,0.7857142857142857,,,0.0,1.8333333333333333,2.1122286924298512,0.44999999999999996,46,,,,,,,,,,,,,,,,,,,91.54918825523008,0,0.0,0.0,0.0,0.0,0.0,0.0,0.0,0.0,0.0,0.0,0.0,0.0,0.0,0.0,,
mem_long,19,double_blip,0.26710291985745144,0.27788326060270274,0.8091667134235931,0.9569832206589372,0.06521439110052567,0.7032049977062312,6.523425006873234,0.3827762054817084,11.940649135624453,0.0,0,0,0,0,10,34,0,0,0,6,28,0,0,0,8,0,12,0,0,,,,0.6,0.8235294117647058,0.0,0.8333333333333334,1.7388750000000073,,54,3.0,3.0,1.0,0.0,7.0,7.0,2.0,1.0,3.0,3.0,4.0,1.0,2.0,2.0,4.0,3.0,4.0,4.0,91.54918825523008,0,0.0,0.0,0.0,0.0,0.0,0.0,0.0,0.0,0.0,0.0,0.0,0.0,0.0,0.0,4.0,4.0
mem_long,21,double_blip,0.18471422676339433,0.12158637166479529,0.4165766063782503,0.7924671786516847,0.07246024589952171,1.7802812545975017,2.781054526965487,0.256326491467597,8.866689964749371,0.0,0,0,0,0,7,37,0,0,0,1,8,0,0,0,11,1,0,0,0,,,,0.14285714285714285,0.21621621621621623,0.39473684210526316,2.533333333333333,2.6078648573802723,,21,4.0,1.0,2.0,0.0,,,7.0,3.0,5.0,1.0,5.0,1.0,1.0,0.0,3.0,0.0,4.0,1.0,61.183134660104024,0,0.0,0.0,0.0,0.0,0.0,0.0,0.0,0.0,0.0,0.0,0.0,0.0,0.0,0.0,6.0,1.0
mem_long,19,blip_train,0.26710291985745144,0.27788326060270274,0.8091667134235931,0.9569832206589372,0.06521439110052567,0.7032049977062312,6.523425006873234,0.3827762054817084,11.940649135624453,0.0,0,0,0,0,0,0,70,0,0,0,0,37,0,0,3,1,2,0,0,,,,,,0.24,4.166666666666667,1.6355000000000075,,43,,,,,,,,,,,,,,,,,,,91.54918825523008,41,0.11904761904761904,16.0,17.0,6.0,8.0,2.0,8.0,5.0,5.0,4.0,6.0,9.0,2.0,4.0,,
mem_long,20,blip_train,0.10340922781125152,0.07565540275789306,0.4513932066324756,1.3148340820201594,0.0547013701716123,2.777509990565503,4.999876921883458,0.37140527221953096,8.319220285513115,0.0,0,0,0,0,0,0,82,0,0,0,0,22,0,0,8,5,1,0,0,,,,,,1.1764705882352942,4.25,2.657750000000007,,36,,,,,,,,,,,,,,,,,,,76.04215634282622,30,0.14017094017094017,6.0,6.0,5.0,9.0,6.0,6.0,6.0,3.0,7.0,5.0,4.0,5.0,4.0,,
mem_long,20,double_blip,0.10340922781125152,0.07565540275789306,0.4513932066324756,1.3148340820201594,0.0547013701716123,2.777509990565503,4.999876921883458,0.37140527221953096,8.319220285513115,0.0,0,0,0,0,7,34,0,0,0,1,14,0,0,0,11,1,0,0,0,,,,0.14285714285714285,0.4117647058823529,0.5607476635514018,1.7833333333333334,2.928250000000048,,27,,,4.0,2.0,3.0,0.0,3.0,0.0,2.0,1.0,5.0,3.0,4.0,3.0,7.0,3.0,3.0,1.0,76.04215634282622,0,0.0,0.0,0.0,0.0,0.0,0.0,0.0,0.0,0.0,0.0,0.0,0.0,0.0,0.0,3.0,1.0
mem_long,20,roving_ramp,0.10340922781125152,0.07565540275789306,0.4513932066324756,1.3148340820201594,0.0547013701716123,2.777509990565503,4.999876921883458,0.37140527221953096,8.319220285513115,0.0,41,11,3,0,0,0,0,20,7,0,0,0,1,0,16,0,4,52,27,0.5192307692307693,0.4878048780487805,0.6363636363636364,,,0.0,1.7333333333333334,1.8990396454075515,0.11350000000000005,48,,,,,,,,,,,,,,,,,,,76.04215634282622,0,0.0,0.0,0.0,0.0,0.0,0.0,0.0,0.0,0.0,0.0,0.0,0.0,0.0,0.0,,
mem_long,19,blip_combo,0.26710291985745144,0.27788326060270274,0.8091667134235931,0.9569832206589372,0.06521439110052567,0.7032049977062312,6.523425006873234,0.3827762054817084,11.940649135624453,0.0,0,0,0,0,5,17,40,0,0,2,10,17,0,0,5,2,6,0,0,,,,0.4,0.5882352941176471,0.8391608391608392,2.3833333333333333,1.555750000000046,,42,2.0,2.0,1.0,1.0,1.0,1.0,1.0,1.0,4.0,2.0,2.0,0.0,,,2.0,0.0,1.0,0.0,91.54918825523008,22,0.13029315960912052,6.0,10.0,2.0,3.0,5.0,4.0,2.0,4.0,2.0,2.0,7.0,2.0,0.0,3.0,3.0
mem_long,22,double_blip,0.25278460680297427,0.1884156550565161,0.47907701265927816,0.6854494260534303,0.05011171616169802,1.3749041891292673,2.7663943692608366,0.22004056979645187,10.244985513504059,0.0,0,0,0,0,8,39,0,0,0,0,14,0,0,0,7,0,3,0,0,,,,0.0,0.358974358974359,0.0,0.5166666666666667,2.8730000000000047,,24,5.0,0.0,3.0,2.0,4.0,1.0,3.0,1.0,4.0,1.0,6.0,0.0,1.0,1.0,4.0,1.0,3.0,2.0,102.22145935339796,0,0.0,0.0,0.0,0.0,0.0,0.0,0.0,0.0,0.0,0.0,0.0,0.0,0.0,0.0,6.0,5.0
mem_long,22,roving_ramp,0.25278460680297427,0.1884156550565161,0.47907701265927816,0.6854494260534303,0.05011171616169802,1.3749041891292673,2.7663943692608366,0.22004056979645187,10.244985513504059,0.0,41,12,1,0,0,0,0,26,5,0,0,0,0,0,3,0,0,53,31,0.5849056603773585,0.6341463414634146,0.4166666666666667,,,0.0,1.5866666666666667,2.462889518413602,0.37675000000000003,34,,,,,,,,,,,,,,,,,,,102.22145935339796,0,0.0,0.0,0.0,0.0,0.0,0.0,0.0,0.0,0.0,0.0,0.0,0.0,0.0,0.0,,
mem_long,21,blip_train,0.18471422676339433,0.12158637166479529,0.4165766063782503,0.7924671786516847,0.07246024589952171,1.7802812545975017,2.781054526965487,0.256326491467597,8.866689964749371,0.0,0,0,0,0,0,0,74,0,0,0,0,14,0,0,5,2,0,0,0,,,,,,0.5357142857142857,3.7333333333333334,2.055499999999995,,21,,,,,,,,,,,,,,,,,,,61.183134660104024,19,0.1269296740994854,4.0,3.0,5.0,2.0,3.0,3.0,3.0,3.0,2.0,5.0,2.0,0.0,4.0,,
mem_long,20,blip_combo,0.10340922781125152,0.07565540275789306,0.4513932066324756,1.3148340820201594,0.0547013701716123,2.777509990565503,4.999876921883458,0.37140527221953096,8.319220285513115,0.0,0,0,0,0,5,17,34,0,0,1,12,4,0,0,12,2,1,0,0,,,,0.2,0.7058823529411765,0.5405405405405405,3.7,3.0477500000000077,,32,1.0,1.0,4.0,2.0,2.0,1.0,2.0,2.0,3.0,3.0,2.0,1.0,,,1.0,1.0,1.0,0.0,76.04215634282622,7,0.11333333333333333,2.0,0.0,2.0,1.0,2.0,1.0,0.0,3.0,0.0,1.0,1.0,0.0,1.0,1.0,1.0
mem_long,22,blip_combo,0.25278460680297427,0.1884156550565161,0.47907701265927816,0.6854494260534303,0.05011171616169802,1.3749041891292673,2.7663943692608366,0.22004056979645187,10.244985513504059,0.0,0,0,0,0,6,16,38,0,0,2,6,9,0,0,3,0,0,0,0,,,,0.3333333333333333,0.375,0.0,2.316666666666667,2.698750000000018,,20,1.0,0.0,1.0,1.0,2.0,1.0,2.0,0.0,3.0,0.0,1.0,0.0,,,2.0,1.0,2.0,2.0,102.22145935339796,9,0.125,2.0,3.0,4.0,1.0,0.0,0.0,1.0,1.0,1.0,1.0,0.0,1.0,2.0,2.0,1.0
mem_long,21,blip_combo,0.18471422676339433,0.12158637166479529,0.4165766063782503,0.7924671786516847,0.07246024589952171,1.7802812545975017,2.781054526965487,0.256326491467597,8.866689964749371,0.0,0,0,0,0,4,16,41,0,0,1,8,7,0,0,4,0,0,0,0,,,,0.25,0.5,0.0,2.1166666666666667,1.6784304964067094,,20,1.0,0.0,1.0,1.0,3.0,1.0,2.0,1.0,2.0,1.0,1.0,1.0,1.0,1.0,1.0,0.0,2.0,0.0,61.183134660104024,10,0.1289308176100629,3.0,3.0,2.0,0.0,1.0,3.0,2.0,3.0,1.0,1.0,0.0,0.0,2.0,2.0,2.0
mem_long,21,roving_ramp,0.18471422676339433,0.12158637166479529,0.4165766063782503,0.7924671786516847,0.07246024589952171,1.7802812545975017,2.781054526965487,0.256326491467597,8.866689964749371,0.0,37,11,3,0,0,0,0,13,8,0,0,0,0,0,6,1,4,48,21,0.4375,0.35135135135135137,0.7272727272727273,,,0.35661218424962854,2.8041666666666667,1.9323623304070265,0.12150000000000005,32,,,,,,,,,,,,,,,,,,,61.183134660104024,0,0.0,0.0,0.0,0.0,0.0,0.0,0.0,0.0,0.0,0.0,0.0,0.0,0.0,0.0,,
mem_long,23,double_blip,0.15796084211123315,0.2024711331367853,0.664967164510533,0.9557303068708966,0.05224655574693209,1.232952162224131,5.353883303547923,0.33435193035107985,8.69568339288082,0.0,0,0,0,0,14,33,0,0,0,8,23,0,0,0,11,1,8,0,0,,,,0.5714285714285714,0.696969696969697,0.8,1.25,2.2269999999999754,,51,6.0,4.0,2.0,2.0,2.0,2.0,3.0,2.0,3.0,2.0,6.0,2.0,2.0,2.0,4.0,2.0,3.0,3.0,83.21776688017778,0,0.0,0.0,0.0,0.0,0.0,0.0,0.0,0.0,0.0,0.0,0.0,0.0,0.0,0.0,2.0,2.0
mem_long,22,blip_train,0.25278460680297427,0.1884156550565161,0.47907701265927816,0.6854494260534303,0.05011171616169802,1.3749041891292673,2.7663943692608366,0.22004056979645187,10.244985513504059,0.0,0,0,0,0,0,0,73,0,0,0,0,22,0,0,9,1,0,0,0,,,,,,0.2027027027027027,4.933333333333334,2.112000000000002,,32,,,,,,,,,,,,,,,,,,,102.22145935339796,31,0.125,4.0,9.0,7.0,4.0,3.0,7.0,3.0,2.0,4.0,6.0,5.0,4.0,3.0,,
mem_long,23,blip_combo,0.15796084211123315,0.2024711331367853,0.664967164510533,0.9557303068708966,0.05224655574693209,1.232952162224131,5.353883303547923,0.33435193035107985,8.69568339288082,0.0,0,0,0,0,6,16,35,0,0,2,11,16,0,0,13,1,7,0,0,,,,0.3333333333333333,0.6875,0.17910447761194032,5.583333333333333,1.6304999999999836,,50,1.0,1.0,,,1.0,1.0,1.0,1.0,3.0,2.0,2.0,0.0,2.0,2.0,1.0,0.0,,,83.21776688017778,20,0.11326860841423948,3.0,11.0,1.0,4.0,3.0,3.0,2.0,3.0,2.0,3.0,2.0,4.0,2.0,5.0,4.0
mem_long,25,double_blip,0.160130244027855,0.0922601138158208,0.32224512618777545,1.0008321793467891,0.053849324145720315,2.611905173178061,2.716945708651021,0.26205547818709857,9.95806857759369,0.0,0,0,0,0,6,39,0,0,0,2,14,0,0,0,5,0,1,0,0,,,,0.3333333333333333,0.358974358974359,0.0,0.6166666666666667,3.6218750000000313,,22,7.0,2.0,3.0,3.0,2.0,1.0,7.0,3.0,1.0,0.0,4.0,0.0,6.0,2.0,1.0,0.0,3.0,0.0,92.46233574488711,0,0.0,0.0,0.0,0.0,0.0,0.0,0.0,0.0,0.0,0.0,0.0,0.0,0.0,0.0,5.0,3.0
mem_long,23,roving_ramp,0.15796084211123315,0.2024711331367853,0.664967164510533,0.9557303068708966,0.05224655574693209,1.232952162224131,5.353883303547923,0.33435193035107985,8.69568339288082,0.0,42,9,3,0,0,0,0,26,9,0,0,0,1,0,7,0,13,51,35,0.6862745098039216,0.6190476190476191,1.0,,,0.0,1.3908333333333334,0.9894657637321704,0.2025,56,,,,,,,,,,,,,,,,,,,83.21776688017778,0,0.0,0.0,0.0,0.0,0.0,0.0,0.0,0.0,0.0,0.0,0.0,0.0,0.0,0.0,,
mem_long,24,blip_combo,0.1226496849452601,0.10041296602020458,0.8151006864758693,1.3436855309676565,0.06328306869678618,0.956657399526833,9.226611652777416,0.5111940570625056,8.663563019239586,0.0,0,0,0,0,4,19,46,0,0,0,12,13,0,0,5,1,2,0,0,,,,0.0,0.631578947368421,0.5882352941176471,1.7,2.2173108076834116,,33,2.0,1.0,1.0,0.0,2.0,2.0,4.0,3.0,,,2.0,1.0,2.0,2.0,1.0,0.0,3.0,2.0,68.45087633747733,16,0.1488673139158576,4.0,5.0,5.0,2.0,2.0,3.0,2.0,2.0,3.0,1.0,2.0,2.0,3.0,2.0,1.0
mem_long,24,double_blip,0.1226496849452601,0.10041296602020458,0.8151006864758693,1.3436855309676565,0.06328306869678618,0.956657399526833,9.226611652777416,0.5111940570625056,8.663563019239586,0.0,0,0,0,0,9,32,0,0,0,4,22,0,0,0,10,0,5,0,0,,,,0.4444444444444444,0.6875,0.0,1.6666666666666667,1.7994920852177994,,41,,,2.0,1.0,,,4.0,3.0,6.0,5.0,4.0,3.0,3.0,1.0,6.0,4.0,3.0,3.0,68.45087633747733,0,0.0,0.0,0.0,0.0,0.0,0.0,0.0,0.0,0.0,0.0,0.0,0.0,0.0,0.0,4.0,2.0
mem_long,23,blip_train,0.15796084211123315,0.2024711331367853,0.664967164510533,0.9557303068708966,0.05224655574693209,1.232952162224131,5.353883303547923,0.33435193035107985,8.69568339288082,0.0,0,0,0,0,0,0,67,0,0,0,0,27,0,0,9,6,1,0,0,,,,,,1.037463976945245,5.783333333333333,1.5272500000000022,,43,,,,,,,,,,,,,,,,,,,83.21776688017778,36,0.11394557823129252,6.0,13.0,7.0,4.0,3.0,6.0,3.0,9.0,4.0,2.0,7.0,8.0,3.0,,
mem_long,24,blip_train,0.1226496849452601,0.10041296602020458,0.8151006864758693,1.3436855309676565,0.06328306869678618,0.956657399526833,9.226611652777416,0.5111940570625056,8.663563019239586,0.0,0,0,0,0,0,0,80,0,0,0,0,21,0,0,14,2,1,0,0,,,,,,0.6185567010309279,3.2333333333333334,1.7882500000000618,,38,,,,,,,,,,,,,,,,,,,68.45087633747733,34,0.1362862010221465,6.0,9.0,5.0,6.0,5.0,6.0,3.0,3.0,7.0,6.0,2.0,5.0,4.0,,
mem_long,25,roving_ramp,0.160130244027855,0.0922601138158208,0.32224512618777545,1.0008321793467891,0.053849324145720315,2.611905173178061,2.716945708651021,0.26205547818709857,9.95806857759369,0.0,43,10,4,0,0,0,0,16,7,0,0,0,0,0,9,0,0,53,23,0.4339622641509434,0.37209302325581395,0.7,,,0.0,1.4341666666666668,3.11253333333334,0.1845,32,,,,,,,,,,,,,,,,,,,92.46233574488711,0,0.0,0.0,0.0,0.0,0.0,0.0,0.0,0.0,0.0,0.0,0.0,0.0,0.0,0.0,,
mem_long,25,blip_train,0.160130244027855,0.0922601138158208,0.32224512618777545,1.0008321793467891,0.053849324145720315,2.611905173178061,2.716945708651021,0.26205547818709857,9.95806857759369,0.0,0,0,0,0,0,0,78,0,0,0,0,8,0,0,5,1,0,0,0,,,,,,0.4081632653061224,2.45,2.176000000000003,,14,,,,,,,,,,,,,,,,,,,92.46233574488711,11,0.13242784380305603,3.0,1.0,2.0,2.0,2.0,2.0,1.0,1.0,3.0,1.0,2.0,0.0,2.0,,
mem_long,24,roving_ramp,0.1226496849452601,0.10041296602020458,0.8151006864758693,1.3436855309676565,0.06328306869678618,0.956657399526833,9.226611652777416,0.5111940570625056,8.663563019239586,0.0,45,11,2,0,0,0,0,22,9,0,0,0,1,0,5,0,3,56,31,0.5535714285714286,0.4888888888888889,0.8181818181818182,,,0.0,0.7300000000000001,1.4720212252774016,0.17575000000000007,40,,,,,,,,,,,,,,,,,,,68.45087633747733,0,0.0,0.0,0.0,0.0,0.0,0.0,0.0,0.0,0.0,0.0,0.0,0.0,0.0,0.0,,
mem_long,25,blip_combo,0.160130244027855,0.0922601138158208,0.32224512618777545,1.0008321793467891,0.053849324145720315,2.611905173178061,2.716945708651021,0.26205547818709857,9.95806857759369,0.0,0,0,0,0,4,17,45,0,0,1,3,4,0,0,4,1,0,0,0,,,,0.25,0.17647058823529413,0.4054054054054054,2.466666666666667,2.992500000000014,,13,,,2.0,0.0,1.0,1.0,1.0,1.0,2.0,0.0,4.0,0.0,1.0,1.0,4.0,0.0,1.0,0.0,92.46233574488711,5,0.14106583072100312,1.0,0.0,1.0,2.0,0.0,2.0,0.0,1.0,1.0,1.0,0.0,0.0,0.0,1.0,0.0
mem_long,26,double_blip,0.23738545555352672,0.14321103540206154,0.6218003073891417,0.633720684866187,0.03731148087462782,0.9228742958035104,3.319572493764492,0.21741305557811805,9.43358156838088,0.0,0,0,0,0,9,36,0,0,0,0,18,0,0,0,8,3,3,0,0,,,,0.0,0.5,1.6666666666666665,1.8,3.7123151588583734,,32,2.0,0.0,3.0,1.0,3.0,2.0,3.0,2.0,1.0,1.0,5.0,1.0,3.0,2.0,9.0,5.0,4.0,3.0,126.416606192597,0,0.0,0.0,0.0,0.0,0.0,0.0,0.0,0.0,0.0,0.0,0.0,0.0,0.0,0.0,3.0,1.0
mem_long,26,blip_train,0.23738545555352672,0.14321103540206154,0.6218003073891417,0.633720684866187,0.03731148087462782,0.9228742958035104,3.319572493764492,0.21741305557811805,9.43358156838088,0.0,0,0,0,0,0,0,72,0,0,0,0,13,0,0,10,4,0,0,0,,,,,,0.7164179104477613,5.583333333333333,2.309500000000071,,27,,,,,,,,,,,,,,,,,,,126.416606192597,23,0.12286689419795221,2.0,5.0,3.0,6.0,1.0,3.0,4.0,2.0,6.0,5.0,3.0,3.0,6.0,,
mem_long,29,blip_combo,0.190127583715024,0.1343173525833672,0.2261980937156165,1.1240982353488302,0.05600147518600182,3.3493270501735357,2.142034930586703,0.2623998333392804,12.298508494128333,0.0,0,0,0,0,2,18,40,0,0,0,5,6,0,0,0,0,0,0,0,,,,0.0,0.2777777777777778,0.0,3.9833333333333334,3.8532500000000027,,11,1.0,0.0,3.0,0.0,1.0,1.0,3.0,1.0,,,,,3.0,2.0,1.0,0.0,4.0,1.0,109.80521899896736,6,0.12779552715654952,3.0,0.0,3.0,2.0,1.0,0.0,0.0,1.0,1.0,1.0,1.0,1.0,1.0,2.0,0.0
mem_long,26,blip_combo,0.23738545555352672,0.14321103540206154,0.6218003073891417,0.633720684866187,0.03731148087462782,0.9228742958035104,3.319572493764492,0.21741305557811805,9.43358156838088,0.0,0,0,0,0,1,20,40,0,0,1,15,13,0,0,9,0,0,0,0,,,,1.0,0.75,0.0,2.8333333333333335,2.7976356050069087,,38,3.0,1.0,2.0,2.0,1.0,1.0,1.0,1.0,,,1.0,0.0,6.0,6.0,1.0,1.0,1.0,1.0,126.416606192597,16,0.12539184952978055,5.0,3.0,6.0,4.0,2.0,4.0,1.0,2.0,1.0,2.0,0.0,2.0,1.0,4.0,2.0
mem_long,26,roving_ramp,0.23738545555352672,0.14321103540206154,0.6218003073891417,0.633720684866187,0.03731148087462782,0.9228742958035104,3.319572493764492,0.21741305557811805,9.43358156838088,0.0,35,8,6,0,0,0,0,13,5,0,0,0,1,0,8,2,0,43,18,0.4186046511627907,0.37142857142857144,0.625,,,0.5379959650302623,3.7175000000000002,2.4614262817805663,0.2865,29,,,,,,,,,,,,,,,,,,,126.416606192597,0,0.0,0.0,0.0,0.0,0.0,0.0,0.0,0.0,0.0,0.0,0.0,0.0,0.0,0.0,,
mem_long,27,roving_ramp,0.12426764019598097,0.160791797525937,0.49899124622950886,1.5246594210969189,0.08277305461782028,2.9413157694999246,6.409130441314335,0.46846920401598646,9.272513901947402,0.0,38,11,2,0,0,0,0,22,11,0,0,0,1,0,11,1,13,49,33,0.673469387755102,0.5789473684210527,1.0,,,0.4454342984409799,2.245,1.6025013594344466,0.24124999999999996,59,,,,,,,,,,,,,,,,,,,56.01166916432194,0,0.0,0.0,0.0,0.0,0.0,0.0,0.0,0.0,0.0,0.0,0.0,0.0,0.0,0.0,,
mem_long,27,blip_train,0.12426764019598097,0.160791797525937,0.49899124622950886,1.5246594210969189,0.08277305461782028,2.9413157694999246,6.409130441314335,0.46846920401598646,9.272513901947402,0.0,0,0,0,0,0,0,85,0,0,0,0,38,0,0,6,2,2,0,0,,,,,,0.5357142857142857,3.7333333333333334,1.5543750000000216,,48,,,,,,,,,,,,,,,,,,,56.01166916432194,45,0.14505119453924914,13.0,17.0,9.0,9.0,6.0,5.0,6.0,11.0,5.0,7.0,4.0,4.0,6.0,,
mem_long,27,blip_combo,0.12426764019598097,0.160791797525937,0.49899124622950886,1.5246594210969189,0.08277305461782028,2.9413157694999246,6.409130441314335,0.46846920401598646,9.272513901947402,0.0,0,0,0,0,7,12,45,0,0,1,8,16,0,0,9,2,4,0,0,,,,0.14285714285714285,0.6666666666666666,0.851063829787234,2.35,2.2350000000000136,,40,1.0,0.0,,,,,,,2.0,0.0,,,5.0,4.0,,,3.0,3.0,56.01166916432194,21,0.14331210191082802,4.0,5.0,6.0,4.0,4.0,4.0,5.0,1.0,3.0,3.0,4.0,3.0,4.0,1.0,1.0
mem_long,29,roving_ramp,0.190127583715024,0.1343173525833672,0.2261980937156165,1.1240982353488302,0.05600147518600182,3.3493270501735357,2.142034930586703,0.2623998333392804,12.298508494128333,0.0,42,9,4,0,0,0,0,16,9,0,0,0,0,0,6,0,2,51,25,0.49019607843137253,0.38095238095238093,1.0,,,0.0,1.5425000000000002,3.2034236804565133,0.33575,33,,,,,,,,,,,,,,,,,,,109.80521899896736,0,0.0,0.0,0.0,0.0,0.0,0.0,0.0,0.0,0.0,0.0,0.0,0.0,0.0,0.0,,
mem_long,27,double_blip,0.12426764019598097,0.160791797525937,0.49899124622950886,1.5246594210969189,0.08277305461782028,2.9413157694999246,6.409130441314335,0.46846920401598646,9.272513901947402,0.0,0,0,0,0,11,33,0,0,0,6,20,0,0,0,9,0,5,0,0,,,,0.5454545454545454,0.6060606060606061,0.0,1.3166666666666667,1.7633750000000532,,40,1.0,1.0,,,1.0,1.0,1.0,1.0,4.0,2.0,5.0,1.0,4.0,2.0,5.0,2.0,5.0,4.0,56.01166916432194,0,0.0,0.0,0.0,0.0,0.0,0.0,0.0,0.0,0.0,0.0,0.0,0.0,0.0,0.0,7.0,6.0
mem_long,28,roving_ramp,0.12883653305121456,0.13671147648013823,0.4184665192444889,1.3998086450810028,0.07576417782237355,3.1344900133817815,4.934722437356164,0.4012169074487536,9.486938678129942,0.0,38,9,5,0,0,0,0,27,5,0,0,0,0,0,12,1,10,47,32,0.6808510638297872,0.7105263157894737,0.5555555555555556,,,0.6904487917146145,1.4483333333333335,1.97813846533793,0.20499999999999996,55,,,,,,,,,,,,,,,,,,,62.60833913074158,0,0.0,0.0,0.0,0.0,0.0,0.0,0.0,0.0,0.0,0.0,0.0,0.0,0.0,0.0,,
mem_long,28,blip_combo,0.12883653305121456,0.13671147648013823,0.4184665192444889,1.3998086450810028,0.07576417782237355,3.1344900133817815,4.934722437356164,0.4012169074487536,9.486938678129942,0.0,0,0,0,0,2,18,40,0,0,0,13,10,0,0,8,2,4,0,0,,,,0.0,0.7222222222222222,0.6779661016949152,2.95,2.363250000000022,,37,1.0,1.0,,,3.0,3.0,1.0,1.0,3.0,2.0,1.0,0.0,4.0,4.0,2.0,0.0,3.0,2.0,62.60833913074158,15,0.13114754098360656,6.0,2.0,2.0,3.0,1.0,2.0,2.0,1.0,2.0,0.0,5.0,2.0,3.0,,
mem_long,28,double_blip,0.12883653305121456,0.13671147648013823,0.4184665192444889,1.3998086450810028,0.07576417782237355,3.1344900133817815,4.934722437356164,0.4012169074487536,9.486938678129942,0.0,0,0,0,0,8,36,0,0,0,3,14,0,0,0,5,0,2,0,0,,,,0.375,0.3888888888888889,0.0,1.4166666666666667,3.387315703253004,,24,5.0,2.0,6.0,2.0,1.0,1.0,7.0,1.0,5.0,4.0,3.0,0.0,3.0,2.0,3.0,1.0,2.0,0.0,62.60833913074158,0,0.0,0.0,0.0,0.0,0.0,0.0,0.0,0.0,0.0,0.0,0.0,0.0,0.0,0.0,1.0,1.0
mem_long,28,blip_train,0.12883653305121456,0.13671147648013823,0.4184665192444889,1.3998086450810028,0.07576417782237355,3.1344900133817815,4.934722437356164,0.4012169074487536,9.486938678129942,0.0,0,0,0,0,0,0,67,0,0,0,0,23,0,0,5,4,1,0,0,,,,,,0.5825242718446603,6.866666666666666,1.4712500000000546,,33,,,,,,,,,,,,,,,,,,,62.60833913074158,29,0.11433447098976109,5.0,13.0,4.0,4.0,5.0,4.0,3.0,3.0,2.0,3.0,5.0,3.0,1.0,,
mem_long_leaky,0,roving_ramp,0.24506235262825207,0.4161700461676223,0.6842429027327491,0.8196485220818286,-0.0827545085705183,0.9965618937793607,4.724668079742953,0.16320034861564636,10.478618180306682,0.02603617207467767,37,8,6,0,0,0,0,33,7,0,0,0,2,0,6,2,10,45,40,0.8888888888888888,0.8918918918918919,0.875,,,0.9646302250803859,2.0733333333333333,0.7022287180276863,0.44999999999999996,60,,,,,,,,,,,,,,,,,,,26.62246887030249,0,0.0,0.0,0.0,0.0,0.0,0.0,0.0,0.0,0.0,0.0,0.0,0.0,0.0,0.0,,
mem_long,29,double_blip,0.190127583715024,0.1343173525833672,0.2261980937156165,1.1240982353488302,0.05600147518600182,3.3493270501735357,2.142034930586703,0.2623998333392804,12.298508494128333,0.0,0,0,0,0,9,37,0,0,0,1,8,0,0,0,3,0,0,0,0,,,,0.1111111111111111,0.21621621621621623,0.0,1.0333333333333334,2.2383753501400876,,12,3.0,1.0,3.0,0.0,3.0,2.0,3.0,1.0,5.0,1.0,5.0,1.0,5.0,0.0,3.0,0.0,3.0,1.0,109.80521899896736,0,0.0,0.0,0.0,0.0,0.0,0.0,0.0,0.0,0.0,0.0,0.0,0.0,0.0,0.0,4.0,1.0
mem_long_leaky,1,roving_ramp,0.1510203018741198,0.11946022082195304,0.5837372957348692,1.2889862474154021,-0.23193431976852402,2.066042641157141,6.338683504476927,0.12191727757453918,11.87913669686915,0.033741807205005324,38,10,3,0,0,0,0,20,8,0,0,0,0,0,13,2,1,48,28,0.5833333333333334,0.5263157894736842,0.8,,,0.8029441284710604,2.4908333333333337,2.2016705906136886,0.29875,44,,,,,,,,,,,,,,,,,,,20.542680963962194,0,0.0,0.0,0.0,0.0,0.0,0.0,0.0,0.0,0.0,0.0,0.0,0.0,0.0,0.0,,
mem_long,29,blip_train,0.190127583715024,0.1343173525833672,0.2261980937156165,1.1240982353488302,0.05600147518600182,3.3493270501735357,2.142034930586703,0.2623998333392804,12.298508494128333,0.0,0,0,0,0,0,0,81,0,0,0,0,11,0,0,3,0,0,0,0,,,,,,0.0,3.85,2.00100000000009,,14,,,,,,,,,,,,,,,,,,,109.80521899896736,14,0.13846153846153847,4.0,3.0,3.0,3.0,3.0,2.0,2.0,4.0,0.0,5.0,1.0,5.0,2.0,,
mem_long_leaky,0,double_blip,0.24506235262825207,0.4161700461676223,0.6842429027327491,0.8196485220818286,-0.0827545085705183,0.9965618937793607,4.724668079742953,0.16320034861564636,10.478618180306682,0.02603617207467767,0,0,0,0,4,39,0,0,0,4,35,0,0,0,3,0,24,0,0,,,,1.0,0.8974358974358975,0.0,0.7,1.1235000000000355,,66,2.0,2.0,2.0,2.0,7.0,7.0,5.0,5.0,4.0,3.0,4.0,1.0,4.0,4.0,3.0,3.0,3.0,3.0,26.62246887030249,0,0.0,0.0,0.0,0.0,0.0,0.0,0.0,0.0,0.0,0.0,0.0,0.0,0.0,0.0,5.0,5.0
mem_long_leaky,1,blip_train,0.1510203018741198,0.11946022082195304,0.5837372957348692,1.2889862474154021,-0.23193431976852402,2.066042641157141,6.338683504476927,0.12191727757453918,11.87913669686915,0.033741807205005324,0,0,0,0,0,0,69,0,0,0,0,24,0,0,11,3,0,0,0,,,,,,0.7086614173228346,4.233333333333333,1.6606250000000102,,38,,,,,,,,,,,,,,,,,,,20.542680963962194,32,0.11734693877551021,4.0,10.0,4.0,5.0,4.0,3.0,2.0,3.0,2.0,8.0,4.0,5.0,2.0,,
mem_long_leaky,1,double_blip,0.1510203018741198,0.11946022082195304,0.5837372957348692,1.2889862474154021,-0.23193431976852402,2.066042641157141,6.338683504476927,0.12191727757453918,11.87913669686915,0.033741807205005324,0,0,0,0,8,36,0,0,0,2,19,0,0,0,11,0,3,0,0,,,,0.25,0.5277777777777778,0.0,1.6166666666666667,2.790999999999997,,35,1.0,0.0,4.0,2.0,5.0,4.0,9.0,3.0,3.0,2.0,4.0,1.0,2.0,1.0,1.0,1.0,2.0,1.0,20.542680963962194,0,0.0,0.0,0.0,0.0,0.0,0.0,0.0,0.0,0.0,0.0,0.0,0.0,0.0,0.0,5.0,4.0
mem_long_leaky,0,blip_train,0.24506235262825207,0.4161700461676223,0.6842429027327491,0.8196485220818286,-0.0827545085705183,0.9965618937793607,4.724668079742953,0.16320034861564636,10.478618180306682,0.02603617207467767,0,0,0,0,0,0,74,0,0,0,0,51,0,0,8,2,5,0,0,,,,,,0.3973509933774835,5.033333333333333,1.212000000000046,,66,,,,,,,,,,,,,,,,,,,26.62246887030249,63,0.12542372881355932,23.0,26.0,6.0,7.0,13.0,6.0,8.0,10.0,8.0,10.0,11.0,8.0,8.0,,
mem_long_leaky,2,double_blip,0.19559493335314174,0.16375559756246133,0.8264979295654963,0.9680783048353563,-0.28730663507613285,0.646753287233379,6.740398906619937,0.03820285201072693,10.206855702530886,0.06055856646933014,0,0,0,0,6,39,0,0,0,3,24,0,0,0,6,0,8,0,0,,,,0.5,0.6153846153846154,0.0,1.3333333333333333,2.011500000000069,,41,,,8.0,4.0,5.0,5.0,4.0,0.0,,,5.0,2.0,5.0,4.0,4.0,2.0,6.0,6.0,11.445898094549339,0,0.0,0.0,0.0,0.0,0.0,0.0,0.0,0.0,0.0,0.0,0.0,0.0,0.0,0.0,2.0,1.0
mem_long_leaky,0,blip_combo,0.24506235262825207,0.4161700461676223,0.6842429027327491,0.8196485220818286,-0.0827545085705183,0.9965618937793607,4.724668079742953,0.16320034861564636,10.478618180306682,0.02603617207467767,0,0,0,0,5,15,33,0,0,5,13,22,0,0,5,2,8,0,0,,,,1.0,0.8666666666666667,0.43956043956043955,4.55,1.3528750000000116,,55,1.0,1.0,,,1.0,1.0,2.0,2.0,4.0,4.0,3.0,1.0,3.0,3.0,,,1.0,1.0,26.62246887030249,26,0.10122699386503067,9.0,11.0,5.0,7.0,0.0,5.0,0.0,3.0,1.0,4.0,4.0,5.0,3.0,,
mem_long_leaky,1,blip_combo,0.1510203018741198,0.11946022082195304,0.5837372957348692,1.2889862474154021,-0.23193431976852402,2.066042641157141,6.338683504476927,0.12191727757453918,11.87913669686915,0.033741807205005324,0,0,0,0,2,22,36,0,0,1,7,12,0,0,5,2,0,0,0,,,,0.5,0.3181818181818182,0.5714285714285714,3.5,1.9367361802100937,,27,4.0,1.0,1.0,0.0,4.0,3.0,1.0,0.0,1.0,1.0,3.0,0.0,,,2.0,0.0,3.0,1.0,20.542680963962194,14,0.11285266457680251,3.0,5.0,2.0,4.0,2.0,3.0,2.0,2.0,2.0,3.0,2.0,1.0,2.0,3.0,1.0
mem_long_leaky,2,roving_ramp,0.19559493335314174,0.16375559756246133,0.8264979295654963,0.9680783048353563,-0.28730663507613285,0.646753287233379,6.740398906619937,0.03820285201072693,10.206855702530886,0.06055856646933014,36,6,8,0,0,0,0,19,4,0,0,0,4,0,8,2,2,42,23,0.5476190476190477,0.5277777777777778,0.6666666666666666,,,0.5949429846306395,3.361666666666667,0.9336143308746103,0.14325000000000004,39,,,,,,,,,,,,,,,,,,,11.445898094549339,0,0.0,0.0,0.0,0.0,0.0,0.0,0.0,0.0,0.0,0.0,0.0,0.0,0.0,0.0,,
mem_long_leaky,2,blip_train,0.19559493335314174,0.16375559756246133,0.8264979295654963,0.9680783048353563,-0.28730663507613285,0.646753287233379,6.740398906619937,0.03820285201072693,10.206855702530886,0.06055856646933014,0,0,0,0,0,0,85,0,0,0,0,24,0,0,11,1,1,0,0,,,,,,0.1869158878504673,5.35,1.6593749999999972,,37,,,,,,,,,,,,,,,,,,,11.445898094549339,34,0.14431239388794567,9.0,11.0,6.0,5.0,9.0,7.0,6.0,6.0,4.0,7.0,7.0,3.0,3.0,,
mem_long_leaky,3,double_blip,0.1367179466698904,0.1569553105411386,0.2207252124750357,1.1615228917221876,-0.7065583741026353,3.4853138692196053,2.159797623950239,-0.49490466713905334,9.291885883172599,0.14305435983306203,0,0,0,0,8,36,0,0,0,2,12,0,0,0,4,0,2,0,0,,,,0.25,0.3333333333333333,0.0,1.0,3.2420000000000044,,20,4.0,1.0,3.0,1.0,1.0,0.0,6.0,1.0,4.0,1.0,5.0,0.0,6.0,5.0,1.0,0.0,1.0,1.0,4.84534117917704,0,0.0,0.0,0.0,0.0,0.0,0.0,0.0,0.0,0.0,0.0,0.0,0.0,0.0,0.0,5.0,2.0
mem_long_leaky,3,roving_ramp,0.1367179466698904,0.1569553105411386,0.2207252124750357,1.1615228917221876,-0.7065583741026353,3.4853138692196053,2.159797623950239,-0.49490466713905334,9.291885883172599,0.14305435983306203,46,11,2,0,0,0,0,23,9,0,0,0,0,0,7,2,13,57,32,0.5614035087719298,0.5,0.8181818181818182,,,1.6985138004246285,1.1775,2.507737903212478,0.31399999999999995,54,,,,,,,,,,,,,,,,,,,4.84534117917704,0,0.0,0.0,0.0,0.0,0.0,0.0,0.0,0.0,0.0,0.0,0.0,0.0,0.0,0.0,,
mem_long_leaky,4,blip_combo,0.17745042222978508,0.19640738110536318,0.4816362311603518,0.9473783356172195,-0.10876460583638414,1.8909566971169207,3.8439341621033725,0.12671515345573425,9.748091335049903,0.03342001510750517,0,0,0,0,2,18,43,0,0,1,14,12,0,0,6,1,3,0,0,,,,0.5,0.7777777777777778,0.3614457831325301,2.7666666666666666,1.9385000000000048,,37,2.0,2.0,,,2.0,1.0,5.0,5.0,3.0,2.0,,,4.0,4.0,1.0,0.0,,,20.740480766697335,15,0.13915857605177995,3.0,5.0,4.0,2.0,2.0,1.0,5.0,2.0,1.0,3.0,1.0,4.0,2.0,1.0,0.0
mem_long_leaky,4,blip_train,0.17745042222978508,0.19640738110536318,0.4816362311603518,0.9473783356172195,-0.10876460583638414,1.8909566971169207,3.8439341621033725,0.12671515345573425,9.748091335049903,0.03342001510750517,0,0,0,0,0,0,81,0,0,0,0,22,0,0,6,2,0,0,0,,,,,,0.48780487804878053,4.1,1.914124999999995,,30,,,,,,,,,,,,,,,,,,,20.740480766697335,27,0.13728813559322034,8.0,9.0,5.0,5.0,4.0,4.0,4.0,2.0,4.0,0.0,6.0,9.0,3.0,,
mem_long_leaky,4,double_blip,0.17745042222978508,0.19640738110536318,0.4816362311603518,0.9473783356172195,-0.10876460583638414,1.8909566971169207,3.8439341621033725,0.12671515345573425,9.748091335049903,0.03342001510750517,0,0,0,0,14,30,0,0,0,4,16,0,0,0,11,0,0,0,0,,,,0.2857142857142857,0.5333333333333333,0.0,1.4166666666666667,2.8196250000000305,,31,2.0,2.0,6.0,1.0,,,5.0,3.0,5.0,2.0,2.0,1.0,3.0,3.0,2.0,1.0,3.0,2.0,20.740480766697335,0,0.0,0.0,0.0,0.0,0.0,0.0,0.0,0.0,0.0,0.0,0.0,0.0,0.0,0.0,2.0,1.0
mem_long_leaky,3,blip_train,0.1367179466698904,0.1569553105411386,0.2207252124750357,1.1615228917221876,-0.7065583741026353,3.4853138692196053,2.159797623950239,-0.49490466713905334,9.291885883172599,0.14305435983306203,0,0,0,0,0,0,72,0,0,0,0,18,0,0,6,1,0,0,0,,,,,,0.14962593516209477,6.683333333333334,1.7141249999999957,,25,,,,,,,,,,,,,,,,,,,4.84534117917704,23,0.12286689419795221,7.0,6.0,5.0,1.0,2.0,4.0,5.0,1.0,5.0,1.0,6.0,1.0,2.0,,
mem_long_leaky,5,blip_combo,0.24032406130964218,0.23654698514967568,0.24825050866596168,0.5063937124119697,-0.06208699563697335,1.4658345139897804,1.0590386100668805,0.03373250365257263,9.792306480099796,0.017157495411607684,0,0,0,0,4,16,41,0,0,0,6,11,0,0,5,1,1,0,0,,,,0.0,0.375,0.46511627906976744,2.15,2.07000000000005,,24,1.0,0.0,3.0,2.0,1.0,0.0,1.0,1.0,2.0,1.0,2.0,0.0,2.0,0.0,1.0,0.0,2.0,2.0,40.39908879072207,13,0.12933753943217666,4.0,2.0,2.0,3.0,1.0,2.0,3.0,0.0,2.0,3.0,2.0,1.0,3.0,1.0,0.0
mem_long_leaky,5,double_blip,0.24032406130964218,0.23654698514967568,0.24825050866596168,0.5063937124119697,-0.06208699563697335,1.4658345139897804,1.0590386100668805,0.03373250365257263,9.792306480099796,0.017157495411607684,0,0,0,0,7,31,0,0,0,1,13,0,0,0,7,2,0,0,0,,,,0.14285714285714285,0.41935483870967744,1.0526315789473684,1.9,3.7613750000000152,,23,4.0,2.0,4.0,1.0,2.0,2.0,1.0,0.0,6.0,3.0,,,4.0,0.0,5.0,2.0,3.0,2.0,40.39908879072207,0,0.0,0.0,0.0,0.0,0.0,0.0,0.0,0.0,0.0,0.0,0.0,0.0,0.0,0.0,2.0,1.0
mem_long_leaky,2,blip_combo,0.19559493335314174,0.16375559756246133,0.8264979295654963,0.9680783048353563,-0.28730663507613285,0.646753287233379,6.740398906619937,0.03820285201072693,10.206855702530886,0.06055856646933014,0,0,0,0,2,18,29,0,0,1,12,9,0,0,9,3,2,0,0,,,,0.5,0.6666666666666666,0.5732484076433121,5.233333333333333,1.9004999999999939,,36,,,2.0,1.0,1.0,1.0,1.0,1.0,7.0,4.0,1.0,0.0,1.0,1.0,1.0,1.0,1.0,1.0,11.445898094549339,15,0.09294871794871795,1.0,5.0,1.0,1.0,1.0,3.0,0.0,0.0,3.0,1.0,2.0,1.0,2.0,3.0,2.0
mem_long_leaky,5,blip_train,0.24032406130964218,0.23654698514967568,0.24825050866596168,0.5063937124119697,-0.06208699563697335,1.4658345139897804,1.0590386100668805,0.03373250365257263,9.792306480099796,0.017157495411607684,0,0,0,0,0,0,76,0,0,0,0,16,0,0,7,1,0,0,0,,,,,,0.2619515389652914,3.8175000000000003,1.5155000000000314,,24,,,,,,,,,,,,,,,,,,,40.39908879072207,22,0.1292517006802721,7.0,4.0,3.0,4.0,2.0,4.0,1.0,7.0,2.0,2.0,4.0,4.0,3.0,,
mem_long_leaky,5,roving_ramp,0.24032406130964218,0.23654698514967568,0.24825050866596168,0.5063937124119697,-0.06208699563697335,1.4658345139897804,1.0590386100668805,0.03373250365257263,9.792306480099796,0.017157495411607684,41,12,1,0,0,0,0,23,9,0,0,0,2,0,5,2,9,53,32,0.6037735849056604,0.5609756097560976,0.75,,,2.25140712945591,0.8883333333333334,2.3732654942205578,0.41400000000000003,50,,,,,,,,,,,,,,,,,,,40.39908879072207,0,0.0,0.0,0.0,0.0,0.0,0.0,0.0,0.0,0.0,0.0,0.0,0.0,0.0,0.0,,
mem_long_leaky,4,roving_ramp,0.17745042222978508,0.19640738110536318,0.4816362311603518,0.9473783356172195,-0.10876460583638414,1.8909566971169207,3.8439341621033725,0.12671515345573425,9.748091335049903,0.03342001510750517,37,12,1,0,0,0,0,25,12,0,0,0,0,0,6,1,8,49,37,0.7551020408163265,0.6756756756756757,1.0,,,0.43541364296081275,2.296666666666667,1.9279722830051367,0.39274999999999993,52,,,,,,,,,,,,,,,,,,,20.740480766697335,0,0.0,0.0,0.0,0.0,0.0,0.0,0.0,0.0,0.0,0.0,0.0,0.0,0.0,0.0,,
mem_long_leaky,3,blip_combo,0.1367179466698904,0.1569553105411386,0.2207252124750357,1.1615228917221876,-0.7065583741026353,3.4853138692196053,2.159797623950239,-0.49490466713905334,9.291885883172599,0.14305435983306203,0,0,0,0,4,18,43,0,0,1,7,10,0,0,7,1,1,0,0,,,,0.25,0.3888888888888889,0.35502958579881655,2.816666666666667,2.0664966126166178,,27,3.0,2.0,4.0,0.0,1.0,1.0,,,2.0,0.0,2.0,1.0,2.0,1.0,1.0,0.0,1.0,1.0,4.84534117917704,14,0.13738019169329074,3.0,3.0,6.0,1.0,2.0,2.0,3.0,4.0,4.0,1.0,2.0,1.0,2.0,2.0,1.0
mem_long_leaky,6,roving_ramp,0.19711791971439152,0.22233593113972902,0.40304709995479215,0.9704445694840065,-0.12208848588206546,2.2306647073954458,3.295033821910194,0.09973332285881042,10.446503685739074,0.03716449766429368,38,7,6,0,0,0,0,21,6,0,0,0,1,0,11,1,12,45,27,0.6,0.5526315789473685,0.8571428571428571,,,0.41768186564566656,2.3941666666666666,1.5257100426953794,0.30574999999999997,52,,,,,,,,,,,,,,,,,,,18.650788363161336,0,0.0,0.0,0.0,0.0,0.0,0.0,0.0,0.0,0.0,0.0,0.0,0.0,0.0,0.0,,
mem_long_leaky,6,double_blip,0.19711791971439152,0.22233593113972902,0.40304709995479215,0.9704445694840065,-0.12208848588206546,2.2306647073954458,3.295033821910194,0.09973332285881042,10.446503685739074,0.03716449766429368,0,0,0,0,4,37,0,0,0,1,14,0,0,0,4,0,3,0,0,,,,0.25,0.3783783783783784,0.0,1.15,4.558000000000021,,22,4.0,0.0,3.0,1.0,2.0,2.0,2.0,1.0,4.0,2.0,3.0,1.0,4.0,3.0,7.0,0.0,5.0,3.0,18.650788363161336,0,0.0,0.0,0.0,0.0,0.0,0.0,0.0,0.0,0.0,0.0,0.0,0.0,0.0,0.0,3.0,1.0
mem_long_leaky,7,roving_ramp,0.2093442665061479,0.27551586842595965,0.6246761974961567,1.0604289647456309,-0.07979750874935593,1.532537763647097,5.5804584859064645,0.22234871983528137,9.069510934676192,0.053889206313671285,35,9,3,0,0,0,0,29,7,0,0,0,0,0,3,0,17,44,36,0.8181818181818182,0.8285714285714286,0.7777777777777778,,,0.0,3.014166666666667,0.7070281938013439,0.44999999999999996,56,,,,,,,,,,,,,,,,,,,12.86244923566631,0,0.0,0.0,0.0,0.0,0.0,0.0,0.0,0.0,0.0,0.0,0.0,0.0,0.0,0.0,,
mem_long_leaky,6,blip_train,0.19711791971439152,0.22233593113972902,0.40304709995479215,0.9704445694840065,-0.12208848588206546,2.2306647073954458,3.295033821910194,0.09973332285881042,10.446503685739074,0.03716449766429368,0,0,0,0,0,0,85,0,0,0,0,27,0,0,6,0,0,0,0,,,,,,0.0,2.0833333333333335,1.9652500000000828,,33,,,,,,,,,,,,,,,,,,,18.650788363161336,33,0.14431239388794567,10.0,10.0,8.0,4.0,2.0,6.0,5.0,2.0,5.0,6.0,5.0,7.0,3.0,,
mem_long_leaky,6,blip_combo,0.19711791971439152,0.22233593113972902,0.40304709995479215,0.9704445694840065,-0.12208848588206546,2.2306647073954458,3.295033821910194,0.09973332285881042,10.446503685739074,0.03716449766429368,0,0,0,0,6,14,39,0,0,5,5,10,0,0,6,0,0,0,0,,,,0.8333333333333334,0.35714285714285715,0.0,4.6,1.5902500000000082,,26,2.0,0.0,1.0,0.0,2.0,2.0,,,2.0,0.0,1.0,0.0,1.0,0.0,2.0,1.0,3.0,2.0,18.650788363161336,12,0.12460063897763578,3.0,5.0,2.0,1.0,2.0,1.0,2.0,2.0,1.0,0.0,1.0,4.0,2.0,,
mem_long_leaky,7,double_blip,0.2093442665061479,0.27551586842595965,0.6246761974961567,1.0604289647456309,-0.07979750874935593,1.532537763647097,5.5804584859064645,0.22234871983528137,9.069510934676192,0.053889206313671285,0,0,0,0,12,33,0,0,0,7,22,0,0,0,2,0,5,0,0,,,,0.5833333333333334,0.6666666666666666,0.0,1.2,1.8002500000000055,,36,3.0,1.0,2.0,1.0,4.0,4.0,7.0,5.0,3.0,1.0,3.0,1.0,2.0,2.0,5.0,4.0,3.0,2.0,12.86244923566631,0,0.0,0.0,0.0,0.0,0.0,0.0,0.0,0.0,0.0,0.0,0.0,0.0,0.0,0.0,1.0,1.0
mem_long_leaky,8,double_blip,0.2086176509262709,0.2561816391756036,0.487988967685104,1.082909006344059,-0.32658870027590664,2.134984764209133,4.4517965792465635,-0.05567237734794617,8.905901514811076,0.10647357411612143,0,0,0,0,8,38,0,0,0,2,24,0,0,0,4,0,5,0,0,,,,0.25,0.631578947368421,0.0,1.2,2.5693776595744673,,35,7.0,3.0,2.0,1.0,4.0,3.0,6.0,4.0,2.0,1.0,4.0,3.0,4.0,2.0,4.0,3.0,2.0,1.0,6.510039569104632,0,0.0,0.0,0.0,0.0,0.0,0.0,0.0,0.0,0.0,0.0,0.0,0.0,0.0,0.0,3.0,3.0
mem_long_leaky,7,blip_combo,0.2093442665061479,0.27551586842595965,0.6246761974961567,1.0604289647456309,-0.07979750874935593,1.532537763647097,5.5804584859064645,0.22234871983528137,9.069510934676192,0.053889206313671285,0,0,0,0,5,17,38,0,0,3,12,18,0,0,5,0,7,0,0,,,,0.6,0.7058823529411765,0.0,3.3333333333333335,1.6067500000000337,,45,4.0,2.0,,,,,2.0,1.0,2.0,1.0,1.0,0.0,2.0,2.0,,,1.0,1.0,12.86244923566631,24,0.1237785016286645,6.0,11.0,5.0,1.0,5.0,1.0,3.0,6.0,1.0,2.0,4.0,4.0,3.0,5.0,5.0
mem_long_leaky,7,blip_train,0.2093442665061479,0.27551586842595965,0.6246761974961567,1.0604289647456309,-0.07979750874935593,1.532537763647097,5.5804584859064645,0.22234871983528137,9.069510934676192,0.053889206313671285,0,0,0,0,0,0,77,0,0,0,0,43,0,0,3,1,1,0,0,,,,,,0.273972602739726,3.65,1.802500000000009,,48,,,,,,,,,,,,,,,,,,,12.86244923566631,46,0.13162393162393163,17.0,17.0,11.0,8.0,5.0,9.0,6.0,3.0,0.0,8.0,6.0,3.0,8.0,,
mem_long_leaky,9,double_blip,0.19701250650735677,0.20024459672119044,0.857457855418473,0.9723251166019025,-0.15307273632513835,0.533676757011865,7.02356538546779,0.18151864409446716,11.003670458100768,0.024745857054715874,0,0,0,0,10,36,0,0,0,3,26,0,0,0,5,0,10,0,0,,,,0.3,0.7222222222222222,0.0,1.05,2.072750000000042,,44,5.0,2.0,4.0,3.0,7.0,7.0,3.0,2.0,4.0,2.0,4.0,1.0,1.0,1.0,4.0,4.0,2.0,2.0,28.01063543797731,0,0.0,0.0,0.0,0.0,0.0,0.0,0.0,0.0,0.0,0.0,0.0,0.0,0.0,0.0,2.0,2.0
mem_long_leaky,8,blip_combo,0.2086176509262709,0.2561816391756036,0.487988967685104,1.082909006344059,-0.32658870027590664,2.134984764209133,4.4517965792465635,-0.05567237734794617,8.905901514811076,0.10647357411612143,0,0,0,0,5,19,43,0,0,1,12,19,0,0,4,1,5,0,0,,,,0.2,0.631578947368421,0.5309734513274337,1.8833333333333333,1.5111250000000211,,42,5.0,1.0,1.0,0.0,5.0,4.0,,,1.0,1.0,,,4.0,3.0,,,,,6.510039569104632,20,0.13870967741935483,11.0,5.0,2.0,5.0,2.0,5.0,2.0,2.0,6.0,3.0,1.0,3.0,1.0,3.0,3.0
mem_long_leaky,8,blip_train,0.2086176509262709,0.2561816391756036,0.487988967685104,1.082909006344059,-0.32658870027590664,2.134984764209133,4.4517965792465635,-0.05567237734794617,8.905901514811076,0.10647357411612143,0,0,0,0,0,0,93,0,0,0,0,36,0,0,1,0,3,0,0,,,,,,0.0,2.8175000000000003,1.9357500000000059,,40,,,,,,,,,,,,,,,,,,,6.510039569104632,39,0.1576271186440678,17.0,15.0,9.0,7.0,6.0,8.0,6.0,3.0,8.0,6.0,2.0,2.0,9.0,,
mem_long_leaky,8,roving_ramp,0.2086176509262709,0.2561816391756036,0.487988967685104,1.082909006344059,-0.32658870027590664,2.134984764209133,4.4517965792465635,-0.05567237734794617,8.905901514811076,0.10647357411612143,43,10,3,0,0,0,0,32,8,0,0,0,0,0,12,0,19,53,40,0.7547169811320755,0.7441860465116279,0.8,,,0.0,1.3800000000000001,0.7606931003246311,0.3202499999999999,71,,,,,,,,,,,,,,,,,,,6.510039569104632,0,0.0,0.0,0.0,0.0,0.0,0.0,0.0,0.0,0.0,0.0,0.0,0.0,0.0,0.0,,
mem_long_leaky,9,blip_combo,0.19701250650735677,0.20024459672119044,0.857457855418473,0.9723251166019025,-0.15307273632513835,0.533676757011865,7.02356538546779,0.18151864409446716,11.003670458100768,0.024745857054715874,0,0,0,0,6,16,41,0,0,2,11,17,0,0,8,5,2,0,0,,,,0.3333333333333333,0.6875,1.4018691588785046,3.566666666666667,2.016125000000045,,45,4.0,1.0,3.0,1.0,2.0,2.0,1.0,1.0,,,,,2.0,2.0,,,3.0,3.0,28.01063543797731,21,0.12933753943217666,8.0,5.0,4.0,4.0,3.0,2.0,4.0,4.0,3.0,3.0,2.0,2.0,4.0,1.0,1.0
mem_long_leaky,9,roving_ramp,0.19701250650735677,0.20024459672119044,0.857457855418473,0.9723251166019025,-0.15307273632513835,0.533676757011865,7.02356538546779,0.18151864409446716,11.003670458100768,0.024745857054715874,39,9,6,0,0,0,0,21,5,0,0,0,1,0,9,1,5,48,26,0.5416666666666666,0.5384615384615384,0.5555555555555556,,,0.3560830860534125,2.808333333333333,0.8748069951342426,0.4005000000000001,42,,,,,,,,,,,,,,,,,,,28.01063543797731,0,0.0,0.0,0.0,0.0,0.0,0.0,0.0,0.0,0.0,0.0,0.0,0.0,0.0,0.0,,
mem_long_leaky,10,blip_combo,0.21046708152208488,0.22626013828234537,0.7692433044712143,1.0466150023356,-0.11276636961019476,0.9299610571063239,6.78240973461414,0.22391453385353088,10.857661215339316,0.03152169808983602,0,0,0,0,4,18,34,0,0,1,12,14,0,0,9,1,2,0,0,,,,0.25,0.6666666666666666,0.297029702970297,3.3666666666666667,1.6692500000000052,,39,4.0,3.0,1.0,1.0,3.0,3.0,1.0,0.0,2.0,1.0,2.0,0.0,2.0,2.0,1.0,1.0,2.0,1.0,21.98952539246121,21,0.10658307210031348,6.0,8.0,2.0,3.0,4.0,0.0,3.0,4.0,2.0,3.0,1.0,3.0,3.0,,
mem_long_leaky,10,blip_train,0.21046708152208488,0.22626013828234537,0.7692433044712143,1.0466150023356,-0.11276636961019476,0.9299610571063239,6.78240973461414,0.22391453385353088,10.857661215339316,0.03152169808983602,0,0,0,0,0,0,58,0,0,0,0,28,0,0,5,0,0,0,0,,,,,,0.0,9.1,1.6281250000000185,,33,,,,,,,,,,,,,,,,,,,21.98952539246121,31,0.09880749574105621,6.0,12.0,6.0,4.0,3.0,3.0,6.0,3.0,4.0,3.0,5.0,0.0,7.0,,
mem_long_leaky,10,roving_ramp,0.21046708152208488,0.22626013828234537,0.7692433044712143,1.0466150023356,-0.11276636961019476,0.9299610571063239,6.78240973461414,0.22391453385353088,10.857661215339316,0.03152169808983602,42,9,4,0,0,0,0,28,8,0,0,0,0,0,7,0,10,51,36,0.7058823529411765,0.6666666666666666,0.8888888888888888,,,0.0,3.0091666666666668,0.9895225780427959,0.31112499999999993,53,,,,,,,,,,,,,,,,,,,21.98952539246121,0,0.0,0.0,0.0,0.0,0.0,0.0,0.0,0.0,0.0,0.0,0.0,0.0,0.0,0.0,,
mem_long_leaky,9,blip_train,0.19701250650735677,0.20024459672119044,0.857457855418473,0.9723251166019025,-0.15307273632513835,0.533676757011865,7.02356538546779,0.18151864409446716,11.003670458100768,0.024745857054715874,0,0,0,0,0,0,80,0,0,0,0,38,0,0,12,4,1,0,0,,,,,,1.0619469026548674,3.7666666666666666,1.8783750000000055,,55,,,,,,,,,,,,,,,,,,,28.01063543797731,50,0.13513513513513514,14.0,14.0,6.0,10.0,3.0,10.0,6.0,7.0,5.0,5.0,6.0,15.0,9.0,,
mem_long_leaky,10,double_blip,0.21046708152208488,0.22626013828234537,0.7692433044712143,1.0466150023356,-0.11276636961019476,0.9299610571063239,6.78240973461414,0.22391453385353088,10.857661215339316,0.03152169808983602,0,0,0,0,18,28,0,0,0,10,19,0,0,0,6,0,6,0,0,,,,0.5555555555555556,0.6785714285714286,0.0,1.6,1.6417500000000302,,41,4.0,3.0,4.0,3.0,2.0,1.0,3.0,1.0,2.0,0.0,4.0,2.0,4.0,4.0,1.0,1.0,2.0,2.0,21.98952539246121,0,0.0,0.0,0.0,0.0,0.0,0.0,0.0,0.0,0.0,0.0,0.0,0.0,0.0,0.0,2.0,2.0
mem_long_leaky,12,double_blip,0.10261026014858493,0.08145576545429555,0.15485913553999914,1.9102589172209368,-1.5822871427765035,6.216484178062127,2.492082458974767,-1.266189068555832,12.908605763724779,0.1816420855501897,0,0,0,0,9,39,0,0,0,0,14,0,0,0,7,0,0,0,0,,,,0.0,0.358974358974359,0.0,0.5833333333333334,4.546750000000031,,21,5.0,2.0,1.0,0.0,5.0,3.0,8.0,3.0,2.0,1.0,4.0,0.0,4.0,2.0,,,5.0,3.0,3.816005406788952,0,0.0,0.0,0.0,0.0,0.0,0.0,0.0,0.0,0.0,0.0,0.0,0.0,0.0,0.0,5.0,0.0
mem_long_leaky,11,double_blip,0.22890589270428066,0.2966185672137261,0.8381645149384449,0.9581785545399446,-1.2014042719116946,0.5970953595063402,6.7656427045364405,-0.8763812482357025,11.567302055989686,0.17516158578648422,0,0,0,0,7,36,0,0,0,5,34,0,0,0,6,1,12,0,0,,,,0.7142857142857143,0.9444444444444444,0.8695652173913044,1.15,1.4507500000000277,,58,4.0,4.0,5.0,4.0,6.0,6.0,2.0,2.0,6.0,5.0,2.0,2.0,3.0,3.0,1.0,1.0,3.0,3.0,3.9571871734757367,0,0.0,0.0,0.0,0.0,0.0,0.0,0.0,0.0,0.0,0.0,0.0,0.0,0.0,0.0,4.0,4.0
mem_long_leaky,12,blip_combo,0.10261026014858493,0.08145576545429555,0.15485913553999914,1.9102589172209368,-1.5822871427765035,6.216484178062127,2.492082458974767,-1.266189068555832,12.908605763724779,0.1816420855501897,0,0,0,0,4,16,27,0,0,2,4,3,0,0,7,3,1,0,0,,,,0.5,0.25,0.44882184266300956,6.684166666666667,2.300500000000028,,20,3.0,0.0,2.0,0.0,,,2.0,2.0,1.0,0.0,2.0,0.0,3.0,2.0,1.0,0.0,2.0,0.0,3.816005406788952,5,0.08333333333333333,3.0,0.0,1.0,0.0,1.0,0.0,0.0,0.0,1.0,0.0,1.0,0.0,0.0,,
mem_long_leaky,11,blip_combo,0.22890589270428066,0.2966185672137261,0.8381645149384449,0.9581785545399446,-1.2014042719116946,0.5970953595063402,6.7656427045364405,-0.8763812482357025,11.567302055989686,0.17516158578648422,0,0,0,0,8,15,48,0,0,5,13,27,0,0,1,0,3,0,0,,,,0.625,0.8666666666666667,0.0,1.3666666666666667,1.4357499999999845,,49,5.0,5.0,3.0,2.0,,,1.0,1.0,3.0,2.0,,,1.0,1.0,2.0,2.0,,,3.9571871734757367,28,0.1509433962264151,11.0,14.0,4.0,1.0,5.0,3.0,1.0,5.0,6.0,2.0,2.0,8.0,4.0,,
mem_long_leaky,11,blip_train,0.22890589270428066,0.2966185672137261,0.8381645149384449,0.9581785545399446,-1.2014042719116946,0.5970953595063402,6.7656427045364405,-0.8763812482357025,11.567302055989686,0.17516158578648422,0,0,0,0,0,0,73,0,0,0,0,38,0,0,3,0,2,0,0,,,,,,0.0,2.834166666666667,1.1032500000000027,,43,,,,,,,,,,,,,,,,,,,3.9571871734757367,42,0.125,19.0,16.0,4.0,3.0,7.0,6.0,3.0,8.0,5.0,8.0,7.0,4.0,5.0,,
mem_long_leaky,11,roving_ramp,0.22890589270428066,0.2966185672137261,0.8381645149384449,0.9581785545399446,-1.2014042719116946,0.5970953595063402,6.7656427045364405,-0.8763812482357025,11.567302055989686,0.17516158578648422,37,8,5,0,0,0,0,29,5,0,0,0,0,0,5,0,4,45,34,0.7555555555555555,0.7837837837837838,0.625,,,0.0,2.2191666666666667,0.5846968750609985,0.44999999999999996,43,,,,,,,,,,,,,,,,,,,3.9571871734757367,0,0.0,0.0,0.0,0.0,0.0,0.0,0.0,0.0,0.0,0.0,0.0,0.0,0.0,0.0,,
mem_long_leaky,12,blip_train,0.10261026014858493,0.08145576545429555,0.15485913553999914,1.9102589172209368,-1.5822871427765035,6.216484178062127,2.492082458974767,-1.266189068555832,12.908605763724779,0.1816420855501897,0,0,0,0,0,0,73,0,0,0,0,10,0,0,8,1,0,0,0,,,,,,0.18808777429467086,5.316666666666666,2.226000000000006,,19,,,,,,,,,,,,,,,,,,,3.816005406788952,18,0.12478632478632479,1.0,6.0,3.0,1.0,3.0,1.0,2.0,5.0,1.0,2.0,3.0,3.0,1.0,,
mem_long_leaky,12,roving_ramp,0.10261026014858493,0.08145576545429555,0.15485913553999914,1.9102589172209368,-1.5822871427765035,6.216484178062127,2.492082458974767,-1.266189068555832,12.908605763724779,0.1816420855501897,44,12,2,0,0,0,0,19,9,0,0,0,0,0,11,0,10,56,28,0.5,0.4318181818181818,0.75,,,0.0,1.0466666666666666,1.8155099864234767,0.12224999999999997,49,,,,,,,,,,,,,,,,,,,3.816005406788952,0,0.0,0.0,0.0,0.0,0.0,0.0,0.0,0.0,0.0,0.0,0.0,0.0,0.0,0.0,,
mem_long_leaky,13,blip_train,0.15354545599591715,0.15539458185612637,0.22497375502586353,0.9926881965918314,-0.10532102547187909,2.9624618278433967,1.881386646510784,0.0766398012638092,10.222652651377444,0.024423213973079304,0,0,0,0,0,0,73,0,0,0,0,15,0,0,14,2,0,0,0,,,,,,0.3973509933774835,5.033333333333333,1.6059999999999945,,31,,,,,,,,,,,,,,,,,,,28.38067018222797,30,0.125,6.0,4.0,3.0,3.0,5.0,8.0,7.0,1.0,8.0,1.0,3.0,3.0,5.0,,
mem_long_leaky,14,blip_combo,0.18245560027778432,0.15389190324553287,0.436279266717667,1.0365690766806925,-0.2692534793594195,2.2500167567184906,3.809747258659825,-0.023558586835861206,12.4603725800994,0.03656116377557863,0,0,0,0,4,17,37,0,0,0,7,7,0,0,6,2,0,0,0,,,,0.0,0.4117647058823529,0.6593406593406593,3.033333333333333,2.8254660909857177,,22,2.0,1.0,1.0,0.0,1.0,0.0,2.0,1.0,1.0,0.0,3.0,1.0,4.0,3.0,1.0,1.0,1.0,0.0,18.958564470612924,11,0.11858974358974358,1.0,3.0,2.0,2.0,4.0,1.0,2.0,1.0,4.0,2.0,2.0,2.0,1.0,1.0,0.0
mem_long_leaky,14,roving_ramp,0.18245560027778432,0.15389190324553287,0.436279266717667,1.0365690766806925,-0.2692534793594195,2.2500167567184906,3.809747258659825,-0.023558586835861206,12.4603725800994,0.03656116377557863,35,11,2,0,0,0,0,22,8,0,0,0,1,0,9,0,5,46,30,0.6521739130434783,0.6285714285714286,0.7272727272727273,,,0.0,2.180833333333333,1.3312846549067037,0.25,45,,,,,,,,,,,,,,,,,,,18.958564470612924,0,0.0,0.0,0.0,0.0,0.0,0.0,0.0,0.0,0.0,0.0,0.0,0.0,0.0,0.0,,
mem_long_leaky,13,roving_ramp,0.15354545599591715,0.15539458185612637,0.22497375502586353,0.9926881965918314,-0.10532102547187909,2.9624618278433967,1.881386646510784,0.0766398012638092,10.222652651377444,0.024423213973079304,39,13,1,0,0,0,0,25,9,0,0,0,0,0,9,3,6,52,34,0.6538461538461539,0.6410256410256411,0.6923076923076923,,,1.574803149606299,1.9050000000000002,2.32183207541649,0.272,52,,,,,,,,,,,,,,,,,,,28.38067018222797,0,0.0,0.0,0.0,0.0,0.0,0.0,0.0,0.0,0.0,0.0,0.0,0.0,0.0,0.0,,
mem_long_leaky,14,double_blip,0.18245560027778432,0.15389190324553287,0.436279266717667,1.0365690766806925,-0.2692534793594195,2.2500167567184906,3.809747258659825,-0.023558586835861206,12.4603725800994,0.03656116377557863,0,0,0,0,8,34,0,0,0,2,20,0,0,0,4,0,3,0,0,,,,0.25,0.5882352941176471,0.0,1.1666666666666667,3.8667500000000032,,29,1.0,0.0,6.0,4.0,4.0,3.0,3.0,2.0,2.0,2.0,3.0,1.0,2.0,1.0,5.0,1.0,7.0,5.0,18.958564470612924,0,0.0,0.0,0.0,0.0,0.0,0.0,0.0,0.0,0.0,0.0,0.0,0.0,0.0,0.0,1.0,1.0
mem_long_leaky,13,double_blip,0.15354545599591715,0.15539458185612637,0.22497375502586353,0.9926881965918314,-0.10532102547187909,2.9624618278433967,1.881386646510784,0.0766398012638092,10.222652651377444,0.024423213973079304,0,0,0,0,9,36,0,0,0,2,13,0,0,0,7,3,0,0,0,,,,0.2222222222222222,0.3611111111111111,2.7692307692307696,1.0833333333333333,1.5645000000000095,,25,4.0,0.0,4.0,2.0,6.0,3.0,3.0,1.0,4.0,3.0,4.0,1.0,,,5.0,1.0,3.0,0.0,28.38067018222797,0,0.0,0.0,0.0,0.0,0.0,0.0,0.0,0.0,0.0,0.0,0.0,0.0,0.0,0.0,3.0,2.0
mem_long_leaky,14,blip_train,0.18245560027778432,0.15389190324553287,0.436279266717667,1.0365690766806925,-0.2692534793594195,2.2500167567184906,3.809747258659825,-0.023558586835861206,12.4603725800994,0.03656116377557863,0,0,0,0,0,0,75,0,0,0,0,22,0,0,5,3,1,0,0,,,,,,0.46153846153846156,6.5,1.8580000000000325,,31,,,,,,,,,,,,,,,,,,,18.958564470612924,28,0.1273344651952462,7.0,8.0,6.0,5.0,5.0,4.0,1.0,4.0,3.0,3.0,6.0,6.0,3.0,,
mem_long_leaky,15,double_blip,0.32976843758557645,0.35426865617309844,0.7826282230503616,0.5527532147232224,0.05987852804436472,0.4626557119036363,3.6443503765649754,0.23957237601280212,8.418204577007335,0.021823207640648844,0,0,0,0,6,35,0,0,0,5,30,0,0,0,3,2,10,0,0,,,,0.8333333333333334,0.8571428571428571,1.875,1.0666666666666667,2.018143754361482,,50,2.0,2.0,5.0,3.0,7.0,7.0,3.0,3.0,5.0,2.0,3.0,3.0,3.0,3.0,1.0,1.0,4.0,4.0,31.761929408986585,0,0.0,0.0,0.0,0.0,0.0,0.0,0.0,0.0,0.0,0.0,0.0,0.0,0.0,0.0,2.0,2.0
mem_long_leaky,15,roving_ramp,0.32976843758557645,0.35426865617309844,0.7826282230503616,0.5527532147232224,0.05987852804436472,0.4626557119036363,3.6443503765649754,0.23957237601280212,8.418204577007335,0.021823207640648844,37,10,4,0,0,0,0,28,8,0,0,0,2,0,6,0,8,47,36,0.7659574468085106,0.7567567567567568,0.8,,,0.0,1.9483333333333335,0.8676685553437322,0.35424999999999995,52,,,,,,,,,,,,,,,,,,,31.761929408986585,0,0.0,0.0,0.0,0.0,0.0,0.0,0.0,0.0,0.0,0.0,0.0,0.0,0.0,0.0,,
mem_long_leaky,13,blip_combo,0.15354545599591715,0.15539458185612637,0.22497375502586353,0.9926881965918314,-0.10532102547187909,2.9624618278433967,1.881386646510784,0.0766398012638092,10.222652651377444,0.024423213973079304,0,0,0,0,3,17,50,0,0,2,4,13,0,0,9,0,1,0,0,,,,0.6666666666666666,0.23529411764705882,0.0,0.5833333333333334,2.5304796055580883,,29,2.0,0.0,1.0,0.0,2.0,0.0,1.0,0.0,4.0,1.0,,,3.0,2.0,2.0,1.0,1.0,0.0,28.38067018222797,19,0.16556291390728478,6.0,2.0,5.0,3.0,3.0,4.0,3.0,3.0,5.0,1.0,6.0,3.0,2.0,1.0,0.0
mem_long_leaky,15,blip_combo,0.32976843758557645,0.35426865617309844,0.7826282230503616,0.5527532147232224,0.05987852804436472,0.4626557119036363,3.6443503765649754,0.23957237601280212,8.418204577007335,0.021823207640648844,0,0,0,0,2,18,43,0,0,2,17,23,0,0,6,0,8,0,0,,,,1.0,0.9444444444444444,0.0,0.9333333333333333,1.8152500000000202,,56,,,3.0,3.0,1.0,1.0,1.0,1.0,1.0,1.0,4.0,3.0,3.0,3.0,,,2.0,2.0,31.761929408986585,29,0.1382636655948553,9.0,12.0,4.0,3.0,3.0,7.0,5.0,5.0,5.0,3.0,3.0,4.0,5.0,3.0,3.0
mem_long_leaky,15,blip_train,0.32976843758557645,0.35426865617309844,0.7826282230503616,0.5527532147232224,0.05987852804436472,0.4626557119036363,3.6443503765649754,0.23957237601280212,8.418204577007335,0.021823207640648844,0,0,0,0,0,0,62,0,0,0,0,29,0,0,6,1,3,0,0,,,,,,0.18126888217522658,5.516666666666667,1.5472500000000053,,39,,,,,,,,,,,,,,,,,,,31.761929408986585,38,0.10652920962199312,6.0,17.0,8.0,3.0,3.0,4.0,4.0,5.0,3.0,5.0,2.0,4.0,2.0,,
mem_long_leaky,16,blip_train,0.15037541805730903,0.16435291289587728,0.3916179627831265,1.5279018142064176,-0.007670750856376474,3.5792771261235123,5.040706285550341,0.3371332585811615,11.129623384668774,0.01707504605031463,0,0,0,0,0,0,83,0,0,0,0,20,0,0,1,1,0,0,0,,,,,,0.2563554795983764,3.9008333333333334,2.1043749999999974,,22,,,,,,,,,,,,,,,,,,,40.59416170928412,21,0.14285714285714285,7.0,7.0,7.0,4.0,5.0,2.0,2.0,4.0,4.0,1.0,6.0,1.0,4.0,,
mem_long_leaky,17,blip_train,0.18956904383209766,0.1825001545749642,0.2179504927490992,0.9300019033198886,-0.04306932321912156,2.8005387081776356,1.7075563113531063,0.12574031949043274,7.614669775726627,0.06826060092550501,0,0,0,0,0,0,83,0,0,0,0,13,0,0,3,0,0,0,0,,,,,,0.0,3.3666666666666667,1.4432500000000346,,16,,,,,,,,,,,,,,,,,,,10.154425410294865,15,0.1416382252559727,6.0,1.0,3.0,2.0,3.0,2.0,4.0,2.0,2.0,0.0,3.0,5.0,2.0,,
mem_long_leaky,16,blip_combo,0.15037541805730903,0.16435291289587728,0.3916179627831265,1.5279018142064176,-0.007670750856376474,3.5792771261235123,5.040706285550341,0.3371332585811615,11.129623384668774,0.01707504605031463,0,0,0,0,4,19,42,0,0,1,10,10,0,0,6,1,2,0,0,,,,0.25,0.5263157894736842,0.6315789473684211,1.5833333333333333,1.979750000000024,,30,6.0,4.0,1.0,1.0,1.0,0.0,1.0,1.0,2.0,1.0,1.0,0.0,1.0,1.0,3.0,0.0,3.0,2.0,40.59416170928412,13,0.134185303514377,3.0,5.0,2.0,1.0,2.0,2.0,2.0,1.0,3.0,1.0,1.0,1.0,2.0,,
mem_long_leaky,16,double_blip,0.15037541805730903,0.16435291289587728,0.3916179627831265,1.5279018142064176,-0.007670750856376474,3.5792771261235123,5.040706285550341,0.3371332585811615,11.129623384668774,0.01707504605031463,0,0,0,0,5,38,0,0,0,1,19,0,0,0,4,0,1,0,0,,,,0.2,0.5,0.0,1.2166666666666666,3.006375000000048,,25,4.0,1.0,4.0,3.0,4.0,3.0,4.0,2.0,1.0,0.0,3.0,1.0,5.0,2.0,3.0,0.0,4.0,4.0,40.59416170928412,0,0.0,0.0,0.0,0.0,0.0,0.0,0.0,0.0,0.0,0.0,0.0,0.0,0.0,0.0,6.0,3.0
mem_long_leaky,16,roving_ramp,0.15037541805730903,0.16435291289587728,0.3916179627831265,1.5279018142064176,-0.007670750856376474,3.5792771261235123,5.040706285550341,0.3371332585811615,11.129623384668774,0.01707504605031463,48,14,0,0,0,0,0,29,13,0,0,0,0,0,9,0,14,62,42,0.6774193548387096,0.6041666666666666,0.9285714285714286,,,0.0,0.7050000000000001,1.856181366336102,0.24650000000000005,65,,,,,,,,,,,,,,,,,,,40.59416170928412,0,0.0,0.0,0.0,0.0,0.0,0.0,0.0,0.0,0.0,0.0,0.0,0.0,0.0,0.0,,
mem_long_leaky,17,roving_ramp,0.18956904383209766,0.1825001545749642,0.2179504927490992,0.9300019033198886,-0.04306932321912156,2.8005387081776356,1.7075563113531063,0.12574031949043274,7.614669775726627,0.06826060092550501,36,9,5,0,0,0,0,23,8,0,0,0,1,0,10,0,12,45,31,0.6888888888888889,0.6388888888888888,0.8888888888888888,,,0.0,1.3916666666666666,1.6768203630294476,0.251,54,,,,,,,,,,,,,,,,,,,10.154425410294865,0,0.0,0.0,0.0,0.0,0.0,0.0,0.0,0.0,0.0,0.0,0.0,0.0,0.0,0.0,,
mem_long_leaky,18,roving_ramp,0.1533812761879285,0.20514532223897328,0.7742978035114912,1.190805078594511,-0.1253925495308051,1.0349037470187343,7.767514050340304,0.2592025697231293,8.652584142319098,0.05211671840262396,38,8,4,0,0,0,0,26,8,0,0,0,2,0,7,2,11,46,34,0.7391304347826086,0.6842105263157895,1.0,,,0.8353637312913331,2.3941666666666666,0.9116689352114453,0.30774999999999997,56,,,,,,,,,,,,,,,,,,,13.299900719095293,0,0.0,0.0,0.0,0.0,0.0,0.0,0.0,0.0,0.0,0.0,0.0,0.0,0.0,0.0,,
mem_long_leaky,17,blip_combo,0.18956904383209766,0.1825001545749642,0.2179504927490992,0.9300019033198886,-0.04306932321912156,2.8005387081776356,1.7075563113531063,0.12574031949043274,7.614669775726627,0.06826060092550501,0,0,0,0,3,18,46,0,0,2,10,8,0,0,5,0,1,0,0,,,,0.6666666666666666,0.5555555555555556,0.0,1.0666666666666667,1.965250000000026,,26,2.0,1.0,1.0,0.0,2.0,2.0,2.0,0.0,3.0,3.0,1.0,1.0,2.0,1.0,2.0,0.0,1.0,1.0,10.154425410294865,11,0.14420062695924765,1.0,3.0,2.0,3.0,3.0,1.0,3.0,2.0,1.0,1.0,0.0,3.0,1.0,2.0,1.0
mem_long_leaky,17,double_blip,0.18956904383209766,0.1825001545749642,0.2179504927490992,0.9300019033198886,-0.04306932321912156,2.8005387081776356,1.7075563113531063,0.12574031949043274,7.614669775726627,0.06826060092550501,0,0,0,0,6,37,0,0,0,0,7,0,0,0,2,1,0,0,0,,,,0.0,0.1891891891891892,0.9677419354838709,1.0333333333333334,2.190573770491823,,10,3.0,0.0,1.0,0.0,2.0,0.0,5.0,0.0,6.0,1.0,8.0,2.0,6.0,1.0,2.0,0.0,1.0,1.0,10.154425410294865,0,0.0,0.0,0.0,0.0,0.0,0.0,0.0,0.0,0.0,0.0,0.0,0.0,0.0,0.0,3.0,2.0
mem_long_leaky,18,blip_train,0.1533812761879285,0.20514532223897328,0.7742978035114912,1.190805078594511,-0.1253925495308051,1.0349037470187343,7.767514050340304,0.2592025697231293,8.652584142319098,0.05211671840262396,0,0,0,0,0,0,86,0,0,0,0,43,0,0,4,3,3,0,0,,,,,,0.6184504380690603,4.850833333333333,1.7895000000000323,,53,,,,,,,,,,,,,,,,,,,13.299900719095293,50,0.14726027397260275,19.0,20.0,12.0,10.0,8.0,9.0,9.0,10.0,4.0,6.0,11.0,5.0,4.0,,
mem_long_leaky,19,roving_ramp,0.13635277258187767,0.1577800859654201,0.3296774227859647,0.9657721355275852,-0.0893169052250927,2.4927688772786447,2.6822374350083074,0.11342063546180725,9.87721316005248,0.018212387458055,43,11,4,0,0,0,0,31,9,0,0,0,2,0,12,1,6,54,40,0.7407407407407407,0.7209302325581395,0.8181818181818182,,,1.4723926380368098,0.6791666666666667,1.9886377362600451,0.23675000000000002,61,,,,,,,,,,,,,,,,,,,38.05910576833128,0,0.0,0.0,0.0,0.0,0.0,0.0,0.0,0.0,0.0,0.0,0.0,0.0,0.0,0.0,,
mem_long_leaky,19,double_blip,0.13635277258187767,0.1577800859654201,0.3296774227859647,0.9657721355275852,-0.0893169052250927,2.4927688772786447,2.6822374350083074,0.11342063546180725,9.87721316005248,0.018212387458055,0,0,0,0,6,40,0,0,0,1,22,0,0,0,7,0,2,0,0,,,,0.16666666666666666,0.55,0.0,0.8333333333333334,3.4605000000000246,,32,4.0,2.0,5.0,2.0,5.0,3.0,9.0,5.0,5.0,5.0,,,1.0,1.0,4.0,1.0,4.0,1.0,38.05910576833128,0,0.0,0.0,0.0,0.0,0.0,0.0,0.0,0.0,0.0,0.0,0.0,0.0,0.0,0.0,3.0,2.0
mem_long_leaky,18,double_blip,0.1533812761879285,0.20514532223897328,0.7742978035114912,1.190805078594511,-0.1253925495308051,1.0349037470187343,7.767514050340304,0.2592025697231293,8.652584142319098,0.05211671840262396,0,0,0,0,5,36,0,0,0,3,24,0,0,0,11,0,13,0,0,,,,0.6,0.6666666666666666,0.0,2.0,1.836500000000001,,51,3.0,2.0,3.0,2.0,3.0,3.0,2.0,1.0,3.0,3.0,6.0,1.0,6.0,5.0,5.0,2.0,1.0,1.0,13.299900719095293,0,0.0,0.0,0.0,0.0,0.0,0.0,0.0,0.0,0.0,0.0,0.0,0.0,0.0,0.0,4.0,4.0
mem_long_leaky,18,blip_combo,0.1533812761879285,0.20514532223897328,0.7742978035114912,1.190805078594511,-0.1253925495308051,1.0349037470187343,7.767514050340304,0.2592025697231293,8.652584142319098,0.05211671840262396,0,0,0,0,2,20,35,0,0,1,18,16,0,0,9,3,7,0,0,,,,0.5,0.9,0.7346938775510204,4.083333333333333,1.9410000000000025,,54,1.0,0.0,1.0,1.0,1.0,1.0,1.0,0.0,4.0,4.0,2.0,2.0,2.0,2.0,4.0,4.0,1.0,1.0,13.299900719095293,19,0.11551155115511551,9.0,5.0,5.0,4.0,1.0,4.0,1.0,2.0,3.0,4.0,2.0,1.0,3.0,3.0,3.0
mem_long_leaky,19,blip_train,0.13635277258187767,0.1577800859654201,0.3296774227859647,0.9657721355275852,-0.0893169052250927,2.4927688772786447,2.6822374350083074,0.11342063546180725,9.87721316005248,0.018212387458055,0,0,0,0,0,0,77,0,0,0,0,29,0,0,10,2,0,0,0,,,,,,0.449438202247191,4.45,1.1852500000000532,,41,,,,,,,,,,,,,,,,,,,38.05910576833128,39,0.13184931506849315,14.0,10.0,6.0,4.0,4.0,7.0,6.0,9.0,8.0,2.0,5.0,6.0,7.0,,
mem_long_leaky,20,roving_ramp,0.2153642152024925,0.307390731583472,0.665975049543338,1.029371624558955,-0.06957564162060664,1.3239591832032889,5.775152985233363,0.23453041911125183,9.976164428207223,0.04100828990612324,37,10,5,0,0,0,0,27,9,0,0,0,0,0,6,1,15,47,36,0.7659574468085106,0.7297297297297297,0.9,,,0.6201550387596899,1.6125,0.6844017691138755,0.44999999999999996,58,,,,,,,,,,,,,,,,,,,16.90261120731217,0,0.0,0.0,0.0,0.0,0.0,0.0,0.0,0.0,0.0,0.0,0.0,0.0,0.0,0.0,,
mem_long_leaky,20,double_blip,0.2153642152024925,0.307390731583472,0.665975049543338,1.029371624558955,-0.06957564162060664,1.3239591832032889,5.775152985233363,0.23453041911125183,9.976164428207223,0.04100828990612324,0,0,0,0,9,34,0,0,0,7,25,0,0,0,4,1,13,0,0,,,,0.7777777777777778,0.7352941176470589,1.090909090909091,0.9166666666666666,1.4681250000000716,,50,5.0,2.0,2.0,2.0,3.0,3.0,4.0,1.0,5.0,3.0,,,5.0,5.0,4.0,3.0,4.0,4.0,16.90261120731217,0,0.0,0.0,0.0,0.0,0.0,0.0,0.0,0.0,0.0,0.0,0.0,0.0,0.0,0.0,2.0,2.0
mem_long_leaky,19,blip_combo,0.13635277258187767,0.1577800859654201,0.3296774227859647,0.9657721355275852,-0.0893169052250927,2.4927688772786447,2.6822374350083074,0.11342063546180725,9.87721316005248,0.018212387458055,0,0,0,0,3,21,38,0,0,1,9,8,0,0,13,4,0,0,0,,,,0.3333333333333333,0.42857142857142855,0.9125475285171102,4.383333333333334,2.4225531354051197,,35,2.0,1.0,1.0,1.0,2.0,1.0,2.0,1.0,1.0,0.0,4.0,0.0,,,2.0,0.0,1.0,1.0,38.05910576833128,13,0.11912225705329153,0.0,2.0,5.0,2.0,1.0,1.0,4.0,3.0,0.0,2.0,3.0,1.0,2.0,6.0,4.0
mem_long_leaky,20,blip_train,0.2153642152024925,0.307390731583472,0.665975049543338,1.029371624558955,-0.06957564162060664,1.3239591832032889,5.775152985233363,0.23453041911125183,9.976164428207223,0.04100828990612324,0,0,0,0,0,0,75,0,0,0,0,35,0,0,10,1,3,0,0,,,,,,0.15463917525773196,6.466666666666667,1.4955000000000496,,49,,,,,,,,,,,,,,,,,,,16.90261120731217,48,0.12690355329949238,13.0,23.0,7.0,6.0,5.0,8.0,4.0,11.0,4.0,9.0,6.0,6.0,5.0,,
mem_long_leaky,20,blip_combo,0.2153642152024925,0.307390731583472,0.665975049543338,1.029371624558955,-0.06957564162060664,1.3239591832032889,5.775152985233363,0.23453041911125183,9.976164428207223,0.04100828990612324,0,0,0,0,5,15,46,0,0,3,13,28,0,0,2,0,11,0,0,,,,0.6,0.8666666666666667,0.0,2.7666666666666666,1.1211250000000348,,57,4.0,3.0,3.0,3.0,,,,,1.0,1.0,,,2.0,2.0,2.0,1.0,3.0,3.0,16.90261120731217,32,0.14420062695924765,13.0,14.0,3.0,6.0,3.0,5.0,5.0,2.0,5.0,7.0,6.0,3.0,6.0,,
mem_long_leaky,21,double_blip,0.1512628456704132,0.12794591077907178,0.6794553841215198,1.577415130578647,-0.6890923031756705,1.9469642827886366,9.029013216382154,-0.21767184138298035,10.874501142613122,0.12438700898886582,0,0,0,0,8,36,0,0,0,3,17,0,0,0,2,0,3,0,0,,,,0.375,0.4722222222222222,0.0,0.95,2.3660000000000423,,25,9.0,4.0,2.0,0.0,5.0,4.0,4.0,0.0,1.0,0.0,2.0,0.0,5.0,3.0,2.0,1.0,5.0,4.0,5.57250460634511,0,0.0,0.0,0.0,0.0,0.0,0.0,0.0,0.0,0.0,0.0,0.0,0.0,0.0,0.0,1.0,1.0
mem_long_leaky,22,roving_ramp,0.16337478162497798,0.20758525013361165,0.3654977973003843,1.136284260469362,-0.7747818915361022,2.776154427629025,3.4986870460113177,-0.5259011685848236,8.704218158726158,0.17992613772014132,36,10,3,0,0,0,0,23,9,0,0,0,0,0,7,0,23,46,32,0.6956521739130435,0.6388888888888888,0.9,,,0.0,2.5283333333333338,1.5600420778294242,0.3115000000000001,62,,,,,,,,,,,,,,,,,,,3.8523984860836196,0,0.0,0.0,0.0,0.0,0.0,0.0,0.0,0.0,0.0,0.0,0.0,0.0,0.0,0.0,,
mem_long_leaky,21,blip_combo,0.1512628456704132,0.12794591077907178,0.6794553841215198,1.577415130578647,-0.6890923031756705,1.9469642827886366,9.029013216382154,-0.21767184138298035,10.874501142613122,0.12438700898886582,0,0,0,0,4,15,41,0,0,0,3,14,0,0,4,2,1,0,0,,,,0.0,0.2,1.0344827586206897,1.9333333333333333,1.7527500000000487,,24,1.0,0.0,2.0,0.0,1.0,0.0,5.0,1.0,3.0,1.0,,,,,1.0,0.0,1.0,1.0,5.57250460634511,15,0.1305732484076433,2.0,8.0,4.0,0.0,2.0,2.0,1.0,1.0,2.0,2.0,2.0,3.0,1.0,1.0,0.0
mem_long_leaky,22,double_blip,0.16337478162497798,0.20758525013361165,0.3654977973003843,1.136284260469362,-0.7747818915361022,2.776154427629025,3.4986870460113177,-0.5259011685848236,8.704218158726158,0.17992613772014132,0,0,0,0,5,36,0,0,0,1,13,0,0,0,5,0,5,0,0,,,,0.2,0.3611111111111111,0.0,1.2833333333333334,1.352750000000043,,24,3.0,2.0,4.0,1.0,2.0,2.0,4.0,1.0,4.0,1.0,2.0,0.0,3.0,1.0,7.0,2.0,3.0,2.0,3.8523984860836196,0,0.0,0.0,0.0,0.0,0.0,0.0,0.0,0.0,0.0,0.0,0.0,0.0,0.0,0.0,4.0,1.0
mem_long_leaky,21,blip_train,0.1512628456704132,0.12794591077907178,0.6794553841215198,1.577415130578647,-0.6890923031756705,1.9469642827886366,9.029013216382154,-0.21767184138298035,10.874501142613122,0.12438700898886582,0,0,0,0,0,0,75,0,0,0,0,22,0,0,8,4,1,0,0,,,,,,0.633245382585752,6.316666666666666,1.6676249999999868,,35,,,,,,,,,,,,,,,,,,,5.57250460634511,31,0.12798634812286688,13.0,6.0,6.0,4.0,5.0,5.0,2.0,6.0,6.0,4.0,3.0,2.0,1.0,,
mem_long_leaky,21,roving_ramp,0.1512628456704132,0.12794591077907178,0.6794553841215198,1.577415130578647,-0.6890923031756705,1.9469642827886366,9.029013216382154,-0.21767184138298035,10.874501142613122,0.12438700898886582,39,12,3,0,0,0,0,13,6,0,0,0,0,0,4,3,4,51,19,0.37254901960784315,0.3333333333333333,0.5,,,1.301989150090416,2.3041666666666667,2.039294554455431,0.24,30,,,,,,,,,,,,,,,,,,,5.57250460634511,0,0.0,0.0,0.0,0.0,0.0,0.0,0.0,0.0,0.0,0.0,0.0,0.0,0.0,0.0,,
mem_long_leaky,22,blip_combo,0.16337478162497798,0.20758525013361165,0.3654977973003843,1.136284260469362,-0.7747818915361022,2.776154427629025,3.4986870460113177,-0.5259011685848236,8.704218158726158,0.17992613772014132,0,0,0,0,7,16,49,0,0,3,10,10,0,0,3,3,4,0,0,,,,0.42857142857142855,0.625,0.8256880733944955,3.6333333333333333,1.7030000000000882,,33,2.0,1.0,1.0,1.0,,,,,,,1.0,0.0,1.0,1.0,4.0,1.0,3.0,2.0,3.8523984860836196,13,0.14984709480122324,6.0,5.0,2.0,1.0,2.0,5.0,2.0,5.0,0.0,6.0,0.0,6.0,1.0,4.0,4.0
mem_long_leaky,23,roving_ramp,0.19886540325705604,0.14893922241157104,0.6599868241687089,0.8788642618096758,0.004453361139944545,1.1506441848942917,4.886415715863656,0.2627570927143097,8.496641161901223,0.024455860414206325,40,10,3,0,0,0,0,15,6,0,0,0,0,0,11,0,1,50,21,0.42,0.375,0.6,,,0.0,1.4575,2.0362450163102657,0.37224999999999997,33,,,,,,,,,,,,,,,,,,,28.342784462300024,0,0.0,0.0,0.0,0.0,0.0,0.0,0.0,0.0,0.0,0.0,0.0,0.0,0.0,0.0,,
mem_long_leaky,23,blip_train,0.19886540325705604,0.14893922241157104,0.6599868241687089,0.8788642618096758,0.004453361139944545,1.1506441848942917,4.886415715863656,0.2627570927143097,8.496641161901223,0.024455860414206325,0,0,0,0,0,0,69,0,0,0,0,21,0,0,8,2,0,0,0,,,,,,0.3448275862068966,5.8,2.585210466439162,,31,,,,,,,,,,,,,,,,,,,28.342784462300024,29,0.11774744027303755,7.0,8.0,3.0,8.0,8.0,4.0,5.0,4.0,3.0,0.0,2.0,5.0,3.0,,
mem_long_leaky,23,double_blip,0.19886540325705604,0.14893922241157104,0.6599868241687089,0.8788642618096758,0.004453361139944545,1.1506441848942917,4.886415715863656,0.2627570927143097,8.496641161901223,0.024455860414206325,0,0,0,0,8,34,0,0,0,3,13,0,0,0,4,2,2,0,0,,,,0.375,0.38235294117647056,1.5384615384615383,1.3,1.737499999999983,,24,5.0,1.0,2.0,0.0,1.0,0.0,1.0,1.0,7.0,3.0,2.0,0.0,2.0,0.0,5.0,3.0,5.0,3.0,28.342784462300024,0,0.0,0.0,0.0,0.0,0.0,0.0,0.0,0.0,0.0,0.0,0.0,0.0,0.0,0.0,4.0,2.0
mem_long_leaky,24,roving_ramp,0.1597452549983969,0.18435699460005958,0.15947055607939625,1.1368489390264702,-0.1670033660154699,3.679418502312038,1.5272727797573262,0.022448450326919556,7.640990458650791,0.0963506771592736,35,11,4,0,0,0,0,26,10,0,0,0,1,0,10,0,26,46,36,0.782608695652174,0.7428571428571429,0.9090909090909091,,,0.0,2.2591666666666668,1.9837378888322648,0.27649999999999997,73,,,,,,,,,,,,,,,,,,,7.194004245700633,0,0.0,0.0,0.0,0.0,0.0,0.0,0.0,0.0,0.0,0.0,0.0,0.0,0.0,0.0,,
mem_long_leaky,25,double_blip,0.3044238145866656,0.21314324014783495,0.5516122427646518,0.6507704218378885,-0.06257096238877942,1.123582709525654,3.0240923127926416,0.1107625663280487,10.613119008761933,0.024706560981912006,0,0,0,0,6,35,0,0,0,1,16,0,0,0,3,0,1,0,0,,,,0.16666666666666666,0.45714285714285713,0.0,1.1833333333333333,4.359000000000037,,21,,,2.0,2.0,3.0,2.0,7.0,2.0,3.0,0.0,2.0,0.0,8.0,6.0,5.0,2.0,1.0,0.0,28.055186679660004,0,0.0,0.0,0.0,0.0,0.0,0.0,0.0,0.0,0.0,0.0,0.0,0.0,0.0,0.0,4.0,2.0
mem_long_leaky,22,blip_train,0.16337478162497798,0.20758525013361165,0.3654977973003843,1.136284260469362,-0.7747818915361022,2.776154427629025,3.4986870460113177,-0.5259011685848236,8.704218158726158,0.17992613772014132,0,0,0,0,0,0,75,0,0,0,0,22,0,0,8,1,1,0,0,,,,,,0.18348623853211007,5.45,1.3862499999999898,,32,,,,,,,,,,,,,,,,,,,3.8523984860836196,30,0.12798634812286688,11.0,6.0,5.0,4.0,5.0,1.0,5.0,4.0,1.0,4.0,5.0,2.0,5.0,,
mem_long_leaky,24,double_blip,0.1597452549983969,0.18435699460005958,0.15947055607939625,1.1368489390264702,-0.1670033660154699,3.679418502312038,1.5272727797573262,0.022448450326919556,7.640990458650791,0.0963506771592736,0,0,0,0,3,36,0,0,0,0,18,0,0,0,3,0,3,0,0,,,,0.0,0.5,0.0,1.2166666666666666,2.8155000000000285,,24,5.0,3.0,4.0,0.0,4.0,4.0,5.0,3.0,5.0,2.0,1.0,1.0,7.0,3.0,1.0,0.0,,,7.194004245700633,0,0.0,0.0,0.0,0.0,0.0,0.0,0.0,0.0,0.0,0.0,0.0,0.0,0.0,0.0,4.0,2.0
mem_long_leaky,24,blip_train,0.1597452549983969,0.18435699460005958,0.15947055607939625,1.1368489390264702,-0.1670033660154699,3.679418502312038,1.5272727797573262,0.022448450326919556,7.640990458650791,0.0963506771592736,0,0,0,0,0,0,85,0,0,0,0,11,0,0,2,0,0,0,0,,,,,,0.0,3.966666666666667,1.3667500000000246,,13,,,,,,,,,,,,,,,,,,,7.194004245700633,12,0.1440677966101695,4.0,4.0,2.0,2.0,1.0,1.0,1.0,0.0,3.0,0.0,4.0,2.0,2.0,,
mem_long_leaky,25,roving_ramp,0.3044238145866656,0.21314324014783495,0.5516122427646518,0.6507704218378885,-0.06257096238877942,1.123582709525654,3.0240923127926416,0.1107625663280487,10.613119008761933,0.024706560981912006,42,10,4,0,0,0,0,14,8,0,0,0,1,0,2,0,1,52,22,0.4230769230769231,0.3333333333333333,0.8,,,0.0,1.4233333333333333,3.0193125134301613,0.42625,26,,,,,,,,,,,,,,,,,,,28.055186679660004,0,0.0,0.0,0.0,0.0,0.0,0.0,0.0,0.0,0.0,0.0,0.0,0.0,0.0,0.0,,
mem_long_leaky,24,blip_combo,0.1597452549983969,0.18435699460005958,0.15947055607939625,1.1368489390264702,-0.1670033660154699,3.679418502312038,1.5272727797573262,0.022448450326919556,7.640990458650791,0.0963506771592736,0,0,0,0,3,18,30,0,0,0,6,4,0,0,4,0,0,0,0,,,,0.0,0.3333333333333333,0.0,3.0166666666666666,2.1362499999999756,,14,3.0,1.0,,,1.0,0.0,,,3.0,0.0,,,3.0,3.0,2.0,0.0,4.0,1.0,7.194004245700633,5,0.09868421052631579,1.0,1.0,1.0,2.0,0.0,2.0,0.0,0.0,0.0,0.0,1.0,0.0,0.0,2.0,1.0
mem_long_leaky,25,blip_train,0.3044238145866656,0.21314324014783495,0.5516122427646518,0.6507704218378885,-0.06257096238877942,1.123582709525654,3.0240923127926416,0.1107625663280487,10.613119008761933,0.024706560981912006,0,0,0,0,0,0,84,0,0,0,0,20,0,0,3,1,0,0,0,,,,,,0.28708133971291866,3.4833333333333334,1.9193750000000023,,24,,,,,,,,,,,,,,,,,,,28.055186679660004,23,0.14285714285714285,8.0,6.0,4.0,5.0,7.0,2.0,3.0,4.0,5.0,2.0,3.0,0.0,6.0,,
mem_long_leaky,26,double_blip,0.15001388181783282,0.15715842936754912,0.4559876818923924,0.9473976043278456,-0.3387983515771393,1.984561269258712,3.6393073535949645,-0.10949209332466125,9.684812627168363,0.06273758485844792,0,0,0,0,12,31,0,0,0,6,23,0,0,0,3,3,4,0,0,,,,0.5,0.7419354838709677,1.7142857142857142,1.75,1.6425000000000125,,39,4.0,3.0,3.0,3.0,5.0,4.0,2.0,1.0,3.0,2.0,4.0,2.0,3.0,3.0,3.0,1.0,3.0,3.0,11.048356134904827,0,0.0,0.0,0.0,0.0,0.0,0.0,0.0,0.0,0.0,0.0,0.0,0.0,0.0,0.0,1.0,1.0
mem_long_leaky,25,blip_combo,0.3044238145866656,0.21314324014783495,0.5516122427646518,0.6507704218378885,-0.06257096238877942,1.123582709525654,3.0240923127926416,0.1107625663280487,10.613119008761933,0.024706560981912006,0,0,0,0,5,15,46,0,0,1,6,11,0,0,5,0,1,0,0,,,,0.2,0.4,0.0,2.1333333333333333,1.8986347229994625,,24,1.0,0.0,2.0,1.0,1.0,1.0,1.0,0.0,1.0,0.0,2.0,1.0,2.0,1.0,1.0,0.0,3.0,2.0,28.055186679660004,15,0.14375,2.0,7.0,3.0,2.0,4.0,2.0,1.0,1.0,1.0,2.0,2.0,3.0,3.0,1.0,0.0
mem_long_leaky,26,blip_train,0.15001388181783282,0.15715842936754912,0.4559876818923924,0.9473976043278456,-0.3387983515771393,1.984561269258712,3.6393073535949645,-0.10949209332466125,9.684812627168363,0.06273758485844792,0,0,0,0,0,0,68,0,0,0,0,25,0,0,15,4,0,0,0,,,,,,0.7817589576547231,5.116666666666666,1.809000000000026,,44,,,,,,,,,,,,,,,,,,,11.048356134904827,38,0.11564625850340136,8.0,10.0,6.0,4.0,5.0,6.0,5.0,3.0,3.0,8.0,6.0,6.0,5.0,,
mem_long_leaky,27,blip_train,0.21785534758074884,0.2863311449505971,0.3906583094490993,0.8918398692478579,-0.14675277064042525,2.0925279718518084,2.9350620816457784,0.054292529821395874,10.954159404013854,0.03529447480175114,0,0,0,0,0,0,72,0,0,0,0,25,0,0,1,0,0,0,0,,,,,,0.0,4.7,2.04767087505443,,26,,,,,,,,,,,,,,,,,,,19.638971381592984,25,0.12371134020618557,11.0,8.0,3.0,10.0,1.0,3.0,3.0,3.0,7.0,5.0,3.0,4.0,3.0,,
mem_long_leaky,23,blip_combo,0.19886540325705604,0.14893922241157104,0.6599868241687089,0.8788642618096758,0.004453361139944545,1.1506441848942917,4.886415715863656,0.2627570927143097,8.496641161901223,0.024455860414206325,0,0,0,0,1,16,38,0,0,0,6,13,0,0,8,1,0,0,0,,,,0.0,0.375,0.3125,3.2,2.1947500000000275,,28,2.0,0.0,2.0,1.0,3.0,1.0,,,4.0,2.0,1.0,0.0,3.0,2.0,,,,,28.342784462300024,17,0.11875,1.0,6.0,1.0,5.0,0.0,4.0,1.0,2.0,3.0,4.0,0.0,1.0,4.0,1.0,0.0
mem_long_leaky,28,roving_ramp,0.30491272969778427,0.3699626986466993,0.6952342385684588,0.4948010687575692,-0.9597681648005096,0.5806578473681474,2.8979782586942124,-0.8099086582660675,10.845719543530365,0.14328247377331366,38,11,1,0,0,0,0,30,8,0,0,0,0,0,6,1,2,49,38,0.7755102040816326,0.7894736842105263,0.7272727272727273,,,0.4484304932735426,2.23,0.7897458779642502,0.41000000000000003,47,,,,,,,,,,,,,,,,,,,4.837627117302352,0,0.0,0.0,0.0,0.0,0.0,0.0,0.0,0.0,0.0,0.0,0.0,0.0,0.0,0.0,,
mem_long_leaky,27,roving_ramp,0.21785534758074884,0.2863311449505971,0.3906583094490993,0.8918398692478579,-0.14675277064042525,2.0925279718518084,2.9350620816457784,0.054292529821395874,10.954159404013854,0.03529447480175114,38,10,2,0,0,0,0,23,9,0,0,0,0,0,14,0,18,48,32,0.6666666666666666,0.6052631578947368,0.9,,,0.0,1.1258333333333332,1.648541669684414,0.4295,64,,,,,,,,,,,,,,,,,,,19.638971381592984,0,0.0,0.0,0.0,0.0,0.0,0.0,0.0,0.0,0.0,0.0,0.0,0.0,0.0,0.0,,
mem_long_leaky,27,double_blip,0.21785534758074884,0.2863311449505971,0.3906583094490993,0.8918398692478579,-0.14675277064042525,2.0925279718518084,2.9350620816457784,0.054292529821395874,10.954159404013854,0.03529447480175114,0,0,0,0,9,32,0,0,0,4,21,0,0,0,6,2,6,0,0,,,,0.4444444444444444,0.65625,1.25,1.6,1.4354999999999336,,39,2.0,2.0,3.0,2.0,3.0,2.0,3.0,1.0,5.0,4.0,3.0,0.0,4.0,4.0,4.0,2.0,2.0,1.0,19.638971381592984,0,0.0,0.0,0.0,0.0,0.0,0.0,0.0,0.0,0.0,0.0,0.0,0.0,0.0,0.0,3.0,3.0
mem_long_leaky,26,roving_ramp,0.15001388181783282,0.15715842936754912,0.4559876818923924,0.9473976043278456,-0.3387983515771393,1.984561269258712,3.6393073535949645,-0.10949209332466125,9.684812627168363,0.06273758485844792,42,8,5,0,0,0,0,20,5,0,0,0,1,0,12,0,2,50,25,0.5,0.47619047619047616,0.625,,,0.0,1.2891666666666668,1.5166397415186301,0.275,40,,,,,,,,,,,,,,,,,,,11.048356134904827,0,0.0,0.0,0.0,0.0,0.0,0.0,0.0,0.0,0.0,0.0,0.0,0.0,0.0,0.0,,
mem_long_leaky,26,blip_combo,0.15001388181783282,0.15715842936754912,0.4559876818923924,0.9473976043278456,-0.3387983515771393,1.984561269258712,3.6393073535949645,-0.10949209332466125,9.684812627168363,0.06273758485844792,0,0,0,0,2,17,39,0,0,0,7,15,0,0,7,3,5,0,0,,,,0.0,0.4117647058823529,0.989010989010989,3.033333333333333,1.8218750000000057,,37,1.0,1.0,1.0,0.0,2.0,0.0,2.0,1.0,2.0,1.0,2.0,1.0,3.0,1.0,,,3.0,1.0,11.048356134904827,17,0.12341772151898735,5.0,3.0,4.0,3.0,1.0,2.0,5.0,3.0,2.0,2.0,5.0,4.0,2.0,1.0,1.0
mem_long_leaky,27,blip_combo,0.21785534758074884,0.2863311449505971,0.3906583094490993,0.8918398692478579,-0.14675277064042525,2.0925279718518084,2.9350620816457784,0.054292529821395874,10.954159404013854,0.03529447480175114,0,0,0,0,1,19,41,0,0,1,17,19,0,0,5,0,4,0,0,,,,1.0,0.8947368421052632,0.0,2.5,1.9272500000000719,,46,3.0,3.0,1.0,0.0,2.0,2.0,2.0,2.0,4.0,4.0,,,1.0,0.0,2.0,2.0,1.0,1.0,19.638971381592984,23,0.12852664576802508,5.0,9.0,4.0,2.0,7.0,2.0,5.0,4.0,3.0,2.0,0.0,5.0,4.0,3.0,3.0
mem_long_leaky,28,double_blip,0.30491272969778427,0.3699626986466993,0.6952342385684588,0.4948010687575692,-0.9597681648005096,0.5806578473681474,2.8979782586942124,-0.8099086582660675,10.845719543530365,0.14328247377331366,0,0,0,0,6,39,0,0,0,4,33,0,0,0,3,0,7,0,0,,,,0.6666666666666666,0.8461538461538461,0.0,1.1,1.815999999999974,,47,7.0,6.0,5.0,4.0,4.0,4.0,3.0,3.0,6.0,4.0,3.0,2.0,2.0,2.0,4.0,3.0,1.0,1.0,4.837627117302352,0,0.0,0.0,0.0,0.0,0.0,0.0,0.0,0.0,0.0,0.0,0.0,0.0,0.0,0.0,4.0,4.0
mem_long_leaky,28,blip_train,0.30491272969778427,0.3699626986466993,0.6952342385684588,0.4948010687575692,-0.9597681648005096,0.5806578473681474,2.8979782586942124,-0.8099086582660675,10.845719543530365,0.14328247377331366,0,0,0,0,0,0,79,0,0,0,0,39,0,0,10,2,0,0,0,,,,,,0.5581395348837209,3.5833333333333335,1.3000000000000114,,51,,,,,,,,,,,,,,,,,,,4.837627117302352,48,0.1348122866894198,16.0,20.0,4.0,4.0,4.0,7.0,10.0,4.0,3.0,15.0,8.0,6.0,5.0,,
mem_long_leaky,29,blip_combo,0.1857546137639797,0.3581378177191563,0.37485915520349816,0.8542203075056974,-0.018755131473860057,2.056227971532885,2.6975615077215958,0.17037823796272278,9.422292749038556,0.02065905312800572,0,0,0,0,0,16,42,0,0,0,13,21,0,0,3,1,6,0,0,,,,,0.8125,0.2764976958525346,3.6166666666666667,1.9365000000000236,,44,,,,,,,3.0,2.0,3.0,2.0,2.0,1.0,3.0,3.0,1.0,1.0,2.0,2.0,33.55174006597159,24,0.12612612612612611,5.0,9.0,10.0,1.0,3.0,4.0,3.0,0.0,2.0,6.0,3.0,4.0,2.0,2.0,2.0
mem_long_leaky,28,blip_combo,0.30491272969778427,0.3699626986466993,0.6952342385684588,0.4948010687575692,-0.9597681648005096,0.5806578473681474,2.8979782586942124,-0.8099086582660675,10.845719543530365,0.14328247377331366,0,0,0,0,4,16,42,0,0,3,9,22,0,0,7,1,6,0,0,,,,0.75,0.5625,0.49586776859504134,2.0166666666666666,1.6211250000000064,,48,1.0,0.0,1.0,1.0,3.0,1.0,,,3.0,2.0,1.0,0.0,3.0,3.0,2.0,0.0,1.0,1.0,4.837627117302352,23,0.1308411214953271,10.0,8.0,3.0,5.0,4.0,2.0,3.0,2.0,3.0,6.0,4.0,0.0,1.0,1.0,1.0
mem_long_leaky,29,roving_ramp,0.1857546137639797,0.3581378177191563,0.37485915520349816,0.8542203075056974,-0.018755131473860057,2.056227971532885,2.6975615077215958,0.17037823796272278,9.422292749038556,0.02065905312800572,32,9,4,0,0,0,0,27,9,0,0,0,1,0,14,1,21,41,36,0.8780487804878049,0.84375,1.0,,,0.2038735983690112,4.905,0.9230532144169088,0.44999999999999996,73,,,,,,,,,,,,,,,,,,,33.55174006597159,0,0.0,0.0,0.0,0.0,0.0,0.0,0.0,0.0,0.0,0.0,0.0,0.0,0.0,0.0,,
mem_long_leaky,29,blip_train,0.1857546137639797,0.3581378177191563,0.37485915520349816,0.8542203075056974,-0.018755131473860057,2.056227971532885,2.6975615077215958,0.17037823796272278,9.422292749038556,0.02065905312800572,0,0,0,0,0,0,89,0,0,0,0,41,0,0,5,0,0,0,0,,,,,,0.0,1.7666666666666666,1.7077500000000327,,46,,,,,,,,,,,,,,,,,,,33.55174006597159,45,0.14983164983164984,8.0,24.0,5.0,9.0,6.0,12.0,4.0,4.0,10.0,8.0,10.0,4.0,9.0,,
mem_long_leaky,29,double_blip,0.1857546137639797,0.3581378177191563,0.37485915520349816,0.8542203075056974,-0.018755131473860057,2.056227971532885,2.6975615077215958,0.17037823796272278,9.422292749038556,0.02065905312800572,0,0,0,0,11,33,0,0,0,7,25,0,0,0,5,0,9,0,0,,,,0.6363636363636364,0.7575757575757576,0.0,1.2666666666666666,2.306500000000014,,46,2.0,1.0,2.0,0.0,5.0,5.0,3.0,2.0,4.0,4.0,3.0,2.0,2.0,2.0,2.0,0.0,5.0,4.0,33.55174006597159,0,0.0,0.0,0.0,0.0,0.0,0.0,0.0,0.0,0.0,0.0,0.0,0.0,0.0,0.0,5.0,5.0
