gen,pid,design,fit,s_hat,memory_hat,vL,vT,lam,delta,a,nll,k,aic,converged,nfev,secs
mem_short,2,blip_combo,level,0.0,inf,6.492871880565883,0.0,0.0,0.17324854702244571,11.9744647066631,322.0351942607137,3,650.0703885214274,True,192,30.197577238082886
mem_short,2,blip_combo,transient,1.0,2.364126375808267,0.0,5.1467585236308535,0.0,0.9438521038549998,3.3640371186327025,318.1506656395918,3,642.3013312791836,True,104,17.501466751098633
mem_short,2,blip_combo,mixed,0.9915314280125439,2.3703936531271452,0.020039995037229856,5.133384049047688,0.0,0.9427250244216051,3.367363387548576,318.1419212771018,4,644.2838425542036,True,50,7.057056427001953
mem_short,2,blip_combo,mixed_leaky,0.7044682344246291,84.4447315065104,0.9071615810294265,4.730986863554221,0.00820829397161984,0.930768643813487,3.415186210063265,317.94868073132074,5,645.8973614626415,True,270,55.15735864639282
mem_short,1,blip_train,level,0.0,1.8850830250676933,5.975775583411774,0.0,0.0,0.896989471849202,2.6439867928827234,511.3939609716667,3,1028.7879219433335,True,80,16.507925033569336
mem_short,1,blip_train,transient,1.0,1.788965971018028,0.0,5.380670418829972,0.0,0.9796563093598375,2.6359297701408684,505.73117742761906,3,1017.4623548552381,True,68,15.02781057357788
mem_short,1,blip_train,mixed,0.4628844673881087,1.7223020700984917,2.3442855570912764,4.420030380090325,0.0,1.0348340215718277,2.6127241791916562,504.8267413302134,4,1017.6534826604268,True,260,50.62928080558777
mem_short,1,blip_train,mixed_leaky,0.46050183215048984,2.4838243140458243,2.34658473041355,4.382152378590237,0.279064496083823,0.6175902786270062,2.652217966824179,504.8259006950554,5,1019.6518013901108,True,234,55.640254974365234
mem_short,1,roving_ramp,level,0.0,3.578253600116653,3.0343133450082163,0.0,0.0,0.5463062582090636,3.198508501339066,565.365725502025,3,1136.73145100405,False,212,25.64948320388794
mem_short,1,roving_ramp,transient,1.0,3.018290426258896,0.0,5.528271855763514,0.0,0.7504859216056371,3.0236280508907645,554.3074900009155,3,1114.614980001831,True,200,23.954668760299683
mem_short,1,roving_ramp,mixed,0.6196339086544674,3.173935875352126,1.3684805736383288,4.8773269047072665,0.0,0.7595228453249735,3.138995043726456,553.2254000060506,4,1114.4508000121011,True,280,28.523946523666382
mem_short,1,roving_ramp,mixed_leaky,0.6200004252716506,138.629436111989,1.3662446594467264,4.876937618993511,0.005000000000000002,0.7512316761793355,3.1389589293542324,553.2293438062392,5,1116.4586876124783,True,438,60.278364181518555
mem_short,0,blip_combo,level,0.0,1.8440637178534787,7.62961535834663,0.0,0.0,1.0763194120864805,3.0480937084718005,348.27636105009134,3,702.5527221001827,True,104,17.88829255104065
mem_short,0,blip_combo,transient,1.0,0.9049676552369126,0.0,9.708997821585793,0.0,1.82490228961058,2.509548839931407,313.9833091304632,3,633.9666182609265,True,116,19.852101802825928
mem_short,0,blip_combo,mixed,0.9977505003852783,0.9050615759686281,0.010000000000000004,9.703890283429113,0.0,1.8249338907698418,2.5096911282835856,313.98582460137425,4,635.9716492027485,True,290,31.474286556243896
mem_short,0,blip_combo,mixed_leaky,0.9978668921566118,0.5396968946243205,0.010000000000000004,10.234571099526342,1.2843267905820368,-0.7892744451211383,3.1325424980155003,313.6253119004663,5,637.2506238009325,True,570,77.3379135131836
mem_short,1,double_blip,level,0.0,3.0168743257581707,6.779282674795386,0.0,0.0,0.7539184455199233,3.209394357384556,455.6611748374725,3,917.322349674945,True,72,15.619984865188599
mem_short,1,double_blip,transient,1.0,1.2567951005168032,0.0,8.2190263730504,0.0,1.3249890816041305,2.397712920668686,445.4545821152432,3,896.9091642304865,True,200,28.09549832344055
mem_short,1,double_blip,mixed,0.5612814722331488,1.4676358318414344,2.4535362510872134,6.867474512298616,0.0,1.2606101228704585,2.5542550857465938,444.4877608297451,4,896.9755216594903,True,260,27.89594864845276
mem_short,1,double_blip,mixed_leaky,0.5615159209452228,138.629436111989,2.4513325788438434,6.867842531547207,0.005000000000000002,1.2537177502486863,2.5544517593606875,444.48889455357977,5,898.9777891071595,True,354,93.16719150543213
mem_short,3,roving_ramp,level,0.0,0.46769718834010676,6.11698928130636,0.0,0.0,2.3834585643844046,2.0420935363643338,219.10832615400986,3,444.2166523080197,True,128,24.69673800468445
mem_short,3,roving_ramp,transient,1.0,2.009804976022838,0.0,9.812849488351953,0.0,1.375811858935475,3.749336560215003,197.60884764322594,3,401.2176952864519,True,84,13.608139038085938
mem_short,3,roving_ramp,mixed,0.5793323513075413,1.6565341180387956,2.744140787578836,8.268084426285458,0.0,1.6228620424977411,3.8421361582757454,191.3173426521169,4,390.6346853042338,True,185,38.571632862091064
mem_short,3,roving_ramp,mixed_leaky,0.5792439397009415,138.629436111989,2.7443808866249038,8.265808722452674,0.005000000000000002,1.612347744943436,3.8434628236565564,191.32120059957046,5,392.6424011991409,True,396,94.1021375656128
mem_short,0,blip_train,level,0.0,2.4548437190265666,7.858563152235739,0.0,0.0,0.9447680137046051,3.3749779019849795,351.78566622926473,3,709.5713324585295,True,72,16.50708842277527
mem_short,0,blip_train,transient,1.0,1.3924960067562442,0.0,7.536902085721587,0.0,1.3565984612110789,2.830406914189026,337.7103823996588,3,681.4207647993176,True,124,20.1015408039093
mem_short,0,blip_train,mixed,0.5278833555059217,1.5644888249443196,2.5428174564164356,6.220333753292726,0.0,1.3204901861839082,2.9924554478788776,336.27928676542194,4,680.5585735308439,True,340,53.81057333946228
mem_short,0,blip_train,mixed_leaky,0.5280422403958338,138.629436111989,2.5409497445452907,6.2197289098850295,0.005000000000000002,1.3124404278232011,2.9925968534188816,336.282382783539,5,682.564765567078,True,312,91.4451162815094
mem_short,2,blip_train,level,0.0,11.879083188200012,5.3106962576667,0.0,0.0,0.40135669523060225,5.403543882060529,365.13217088634127,3,736.2643417726825,True,136,23.496383666992188
mem_short,2,blip_train,transient,1.0,3.2438643237626583,0.0,6.123108707412902,0.0,0.8655449471157298,3.8218322570373098,348.9672739188066,3,703.9345478376132,True,80,21.890012979507446
mem_short,2,blip_train,mixed,0.9964367871670937,3.2502865062352293,0.010000000000000004,6.118117808536912,0.0,0.8649184083880458,3.824661831390064,348.9705847349742,4,705.9411694699484,True,350,37.87019467353821
mem_short,2,blip_train,mixed_leaky,0.9964341681333836,115.54760442434176,0.010000000000000004,6.1136081017143455,0.0059988018272919205,0.8517357313926648,3.8285657189205793,348.9710014494584,5,707.9420028989168,True,78,110.47241568565369
mem_short,0,double_blip,level,0.0,6.971015441719787,6.446665145284545,0.0,0.0,0.589849152057533,5.280274114599973,288.83450513945894,3,583.6690102789179,True,84,21.60799527168274
mem_short,0,double_blip,transient,1.0,0.9927194509329491,0.0,8.188335237590595,0.0,1.6637986880536393,2.5693465663243167,268.3993225229309,3,542.7986450458618,True,68,17.24807834625244
mem_short,0,double_blip,mixed,0.9973330215204419,0.9947190845193504,0.010000000000000004,8.181454770501006,0.0,1.6623854520077463,2.571676967076342,268.4037362196079,4,544.8074724392158,True,320,32.91868591308594
mem_short,0,double_blip,mixed_leaky,0.9975123886304754,0.5240567845156429,0.010000000000000004,8.772949137285748,1.3226566300455083,-1.8353589346057904,3.772219983548808,267.6464661432928,5,545.2929322865856,True,528,125.03759479522705
mem_short,1,blip_combo,level,0.0,3.7504020688268103,6.391817492888909,0.0,0.0,0.6409356781615457,3.237447065531536,571.4150595858738,3,1148.8301191717476,True,72,16.182729244232178
mem_short,1,blip_combo,transient,1.0,4.894836254250092,0.0,6.394317665943652,0.0,0.6572931774811348,3.608370143622766,560.4114443917161,3,1126.8228887834323,True,88,18.53874444961548
mem_short,1,blip_combo,mixed,0.5406402573701922,4.5999246897963095,2.1315063952383726,5.488478101837917,0.0,0.7055857815856218,3.5693313917849916,559.5072261380316,4,1127.0144522760631,True,275,45.62570905685425
mem_short,1,blip_combo,mixed_leaky,0.540694338734399,138.629436111989,2.130430771646201,5.486903178351996,0.005000000000000002,0.6967253641858255,3.5671729518687645,559.5174277336555,5,1129.034855467311,False,612,123.82482290267944
mem_short,0,roving_ramp,level,0.0,0.42225237349546213,3.405350401596348,0.0,0.0,2.029452259711567,1.6197028383823626,425.50190979505345,3,857.0038195901069,True,112,23.856261253356934
mem_short,0,roving_ramp,transient,1.0,1.2665010536572938,0.0,7.080329396769131,0.0,1.309759290150467,2.5078800914954313,394.2193784558908,3,794.4387569117816,True,68,12.996734619140625
mem_short,0,roving_ramp,mixed,0.7267147390554526,1.1983418043679106,1.104110106257281,6.42347429453675,0.0,1.3845190574641952,2.5365084950473573,392.24879484070243,4,792.4975896814049,True,280,46.7768976688385
mem_short,0,roving_ramp,mixed_leaky,0.7199273153150382,0.7135719876927991,1.16200660341552,6.534860781703148,0.9713766690885757,-0.3450832342477673,2.872441015760733,391.99012150340417,5,793.9802430068083,False,756,130.09568047523499
mem_short,2,double_blip,level,0.0,8.33759579492488,4.051161628340036,0.0,0.0,0.43579659630419953,5.054703903397259,278.646449082869,3,563.292898165738,True,108,19.561072826385498
mem_short,2,double_blip,transient,1.0,2.1763910667699005,0.0,4.467537828670701,0.0,0.9399899487703453,3.2135738505793987,273.9538822999037,3,553.9077645998074,True,140,20.603287935256958
mem_short,2,double_blip,mixed,0.780979660981705,2.1789601535117695,0.5401852881468678,4.214129480733655,0.0,0.9469046234713592,3.2202688624555385,273.9027993632628,4,555.8055987265255,True,270,28.970762729644775
mem_short,2,double_blip,mixed_leaky,0.6776162085185575,0.7087041740860116,0.9862843301992659,4.535472800105315,0.9780486780028782,-3.2077687670896453,5.656553449627531,273.06582153770705,5,556.1316430754141,True,702,165.98622369766235
mem_short,3,blip_train,level,0.0,12.53611646300348,9.995831943526804,0.0,0.0,0.6622175257080849,8.395917636575119,129.78683616503065,3,265.5736723300613,True,124,12.530840158462524
mem_short,3,blip_train,transient,1.0,3.002213902241748,0.0,6.814744895310317,0.0,1.0594895254437362,4.514149868053272,127.26255069185335,3,260.52510138370667,True,128,13.597014427185059
mem_short,3,blip_train,mixed,0.33101151779048793,6.3774319124973955,4.183335175992845,4.528527128280017,0.0,0.8409750887297858,6.371233090559454,126.04725478680606,4,260.09450957361213,True,260,48.45555353164673
mem_short,3,blip_train,mixed_leaky,0.35026368437460975,5.668471271994477,3.9522790590224153,4.661389761529998,0.12228114906121035,0.3324592902411402,6.881744192069732,125.9876147067858,5,261.9752294135716,True,390,65.86840677261353
mem_short,2,roving_ramp,level,0.0,1.8623916576320674,3.0087726751888453,0.0,0.0,0.909747442410992,3.021598950943111,406.09734112899395,3,818.1946822579879,True,80,12.498936176300049
mem_short,2,roving_ramp,transient,1.0,2.894034812363944,0.0,6.249677454044032,0.0,0.8709254010693572,3.4077387217243693,387.9380569228269,3,781.8761138456538,True,72,19.042601108551025
mem_short,2,roving_ramp,mixed,0.5965395607914484,2.917313983817629,1.6264165479937278,5.26114079165281,0.0,0.9219006314874989,3.6822175032708655,383.04099688908207,4,774.0819937781641,True,245,41.89264130592346
mem_short,2,roving_ramp,mixed_leaky,0.5824727874697783,0.9333152132102789,1.8331564388896915,5.59500178355655,0.7426721120035756,-2.4986047041771253,6.204928440865329,381.84850014486096,5,773.6970002897219,True,750,183.73136687278748
mem_short,4,blip_train,level,0.0,6.937186960959996,6.953740082115355,0.0,0.0,0.5675799896837815,4.715282692780083,420.09849616453624,3,846.1969923290725,True,156,22.656206607818604
mem_short,4,blip_train,transient,1.0,1.4569466808740896,0.0,10.143118142152755,0.0,1.4884785796378845,3.0028147981042395,378.61181313907616,3,763.2236262781523,True,72,16.172786235809326
mem_short,4,blip_train,mixed,0.9978464364638383,1.458112131042394,0.010000000000000004,10.137149885570626,0.0,1.4880354722946492,3.0037554356789267,378.6179416236649,4,765.2358832473298,True,310,37.616342067718506
mem_short,4,blip_train,mixed_leaky,0.9978457313672423,115.53894624917216,0.010000000000000004,10.133824814616037,0.005999251361225841,1.4778209295865923,3.0049442968650433,378.6183340143168,5,767.2366680286336,True,90,35.733407497406006
mem_short,4,roving_ramp,level,0.0,0.370484273719658,3.988923321028545,0.0,0.0,2.184108006112914,1.5215617262871113,560.9249499192322,3,1127.8498998384644,True,124,22.052903175354004
mem_short,4,roving_ramp,transient,1.0,1.8296565742690123,0.0,10.368074409368225,0.0,1.2873421563677891,2.997794072758154,484.3964862328587,3,974.7929724657174,True,100,17.087706089019775
mem_short,4,roving_ramp,mixed,0.7406891161835899,1.6389903330902857,1.5107411719962869,9.440937645310253,0.0,1.4095364245291127,3.0609888480942327,477.3304930643157,4,962.6609861286314,True,175,38.79672980308533
mem_short,4,roving_ramp,mixed_leaky,0.7405396721670672,138.629436111989,1.5115259409006059,9.438496484088208,0.005000000000000002,1.4013581074728076,3.0610582509839657,477.3328081064863,5,964.6656162129726,True,408,65.92510843276978
mem_short,4,double_blip,level,0.0,1.4537365072192314,8.776221141890913,0.0,0.0,1.1868919402328204,2.6152254109548028,535.0644473964572,3,1076.1288947929145,True,108,18.965184450149536
mem_short,4,double_blip,transient,1.0,1.2009126544595696,0.0,9.762004261173217,0.0,1.5499490940869942,2.6640906740333685,487.1672581341422,3,980.3345162682843,True,56,14.164668321609497
mem_short,4,double_blip,mixed,0.718114003831514,1.233811437662159,1.6011379915978476,8.923978263796606,0.0,1.5513582308925347,2.70452796973409,486.1841433881867,4,980.3682867763735,True,280,31.08495044708252
mem_short,4,double_blip,mixed_leaky,0.7186660692922139,138.629436111989,1.597334134844294,8.927105057067951,0.005000000000000002,1.5444182523961714,2.7045013849645922,486.18508869796125,5,982.3701773959225,True,552,78.41175889968872
mem_short,3,double_blip,level,0.0,6.604277885423057,7.817837165024509,0.0,0.0,0.7049786047285537,5.930063970959754,190.96513698512746,3,387.9302739702549,True,140,20.100345849990845
mem_short,3,double_blip,transient,1.0,1.416500172036656,0.0,8.333568951701471,0.0,1.5418612299293528,3.3021458777983326,178.85130919055675,3,363.7026183811135,True,84,14.878312587738037
mem_short,3,double_blip,mixed,0.8668626353914947,1.5512969574893065,0.5556930829860935,7.915806421524928,0.0,1.4845080542747087,3.440500371775156,178.81008178971445,4,365.6201635794289,True,335,34.326178789138794
mem_short,3,double_blip,mixed_leaky,0.9923703057126053,1.0167985828675372,0.03246570845866475,9.238497693594834,0.6816956595328424,-5.0,11.151144403193118,176.51041422885268,5,363.02082845770536,True,978,221.31357669830322
mem_short,4,blip_combo,level,0.0,1.175950800874667,7.990632389509383,0.0,0.0,1.2749931954039095,2.383210308014415,452.5586711771978,3,911.1173423543956,True,96,26.224228858947754
mem_short,4,blip_combo,transient,1.0,1.5748941828973138,0.0,9.908227407017447,0.0,1.4131105434398867,3.0419196313248573,405.7951687253623,3,817.5903374507246,True,112,24.198891162872314
mem_short,4,blip_combo,mixed,0.9977952465843778,1.57421366602331,0.010000000000000004,9.901277966761056,0.0,1.4133004093865138,3.0411597990965533,405.7952725625771,4,819.5905451251542,True,370,42.753267765045166
mem_short,4,blip_combo,mixed_leaky,0.9977951277750234,138.629436111989,0.010000000000000004,9.900743258330493,0.005000000000000002,1.4052925704251704,3.0413566720381664,405.7960252232882,5,821.5920504465764,True,288,47.56158423423767
mem_short,3,blip_combo,level,0.0,2.6008768029076252,8.926420088561583,0.0,0.0,1.104187278145591,4.223098460086124,162.43804870540424,3,330.8760974108085,True,120,12.441330194473267
mem_short,3,blip_combo,transient,1.0,1.6398855045677732,0.0,8.241426024338871,0.0,1.4659934522518216,3.5877176245008675,157.978566259011,3,321.957132518022,True,200,28.790575981140137
mem_short,3,blip_combo,mixed,0.3634513789531348,1.8462302196120297,4.5458149615111925,5.678535424128472,0.0,1.4475332757195447,3.848572507500188,155.6107341919962,4,319.2214683839924,True,265,61.72584676742554
mem_short,3,blip_combo,mixed_leaky,0.36358528788677696,138.629436111989,4.542484511114147,5.677660139300185,0.005000000000000002,1.436661823435317,3.850546513392813,155.61356618330993,5,321.22713236661986,True,270,77.98072934150696
mem_short,5,double_blip,level,0.0,3.7512222667123205,5.758974242728851,0.0,0.0,0.6677216753974607,3.5946011407126552,452.65708985564737,3,911.3141797112947,True,76,25.528226375579834
mem_short,5,double_blip,transient,1.0,2.04382336609565,0.0,7.433528494032144,0.0,1.0971777247840928,3.112962078337874,425.28907207651366,3,856.5781441530273,True,76,15.88328218460083
mem_short,5,double_blip,mixed,0.9969965237521592,2.043017171713264,0.010238072859052568,7.435283023153835,0.0,1.0978786279582788,3.112904417407679,425.2911814423127,4,858.5823628846254,True,235,27.021079540252686
mem_short,5,double_blip,mixed_leaky,0.9970637207315747,138.629436111989,0.010000000000000004,7.429086274621157,0.005000000000000002,1.0890816581911062,3.1135257958818836,425.29625082153774,5,860.5925016430755,True,288,81.6843957901001
mem_short,5,roving_ramp,level,0.0,0.7406582386986137,2.3944018632748603,0.0,0.0,1.4921679459012525,2.094218442848308,306.0163579826157,3,618.0327159652314,True,96,18.680651664733887
mem_short,5,roving_ramp,transient,1.0,1.587166512910553,0.0,9.321731048474879,0.0,1.4131918884991,3.149939346068034,271.54166887007585,3,549.0833377401517,False,212,30.079802751541138
mem_short,5,roving_ramp,mixed,0.850017471521147,1.5264177927228924,0.7213963180495768,8.944806485448128,0.0,1.4639267801795348,3.1640923663039495,270.9590171392753,4,549.9180342785506,True,245,46.38127517700195
mem_short,5,roving_ramp,mixed_leaky,0.8500445296543151,138.629436111989,0.7210073132676896,8.941880873439281,0.005000000000000002,1.4557038645758957,3.163199124554447,270.9667892827325,5,551.933578565465,True,240,77.7489562034607
mem_short,5,blip_train,level,0.0,3.3515683511365264,6.412389575641251,0.0,0.0,0.7344296290898091,3.515349966130459,419.00738680720514,3,844.0147736144103,True,112,18.581923007965088
mem_short,5,blip_train,transient,1.0,1.7091883330327453,0.0,7.706993118593009,0.0,1.1972794365805373,2.903255917473699,398.58949061029847,3,803.1789812205969,True,120,23.32997727394104
mem_short,5,blip_train,mixed,0.6462229088477423,1.7617303255615315,1.74154700701455,6.959814920792533,0.0,1.2118242052272343,2.961663309356114,397.73654198081596,4,803.4730839616319,True,270,48.808401107788086
mem_short,5,blip_train,mixed_leaky,0.654110976679435,1.5066601304905525,1.6866317895999197,6.978222055972538,0.46005543422341966,0.3558000442817927,3.1366921464070807,397.632666579358,5,805.265333158716,True,444,67.45461058616638
mem_short,5,blip_combo,level,0.0,2.300949366950551,6.324529449081219,0.0,0.0,0.8833485827148502,3.1119411432204895,394.2888798253243,3,794.5777596506485,True,88,15.89594054222107
mem_short,5,blip_combo,transient,1.0,1.52805295389027,0.0,7.076009603474753,0.0,1.2433982968819104,2.8235856460412183,375.3004799826908,3,756.6009599653815,True,168,32.24985647201538
mem_short,5,blip_combo,mixed,0.9411527281629651,1.53549309758848,0.1992926419686382,6.973244335169213,0.0,1.2428438697422106,2.8298371897394343,375.29271243407607,4,758.5854248681521,True,270,33.12948513031006
mem_short,5,blip_combo,mixed_leaky,0.9411470270885159,115.54506816348547,0.19928766619016786,6.972352517450846,0.005998933503411906,1.2335180048570573,2.8306862521964504,375.2934022893204,5,760.5868045786408,True,162,71.23584151268005
mem_short,7,blip_train,level,0.0,2.7750232230370013,8.68966299954131,0.0,0.0,0.9469969095895295,3.6764817562380787,267.96246637713807,3,541.9249327542761,True,80,16.60447645187378
mem_short,7,blip_train,transient,1.0,1.6394231092990368,0.0,9.75468321644707,0.0,1.4198709211862228,3.2114546525491354,247.84769391663784,3,501.6953878332757,True,96,17.73803997039795
mem_short,7,blip_train,mixed,0.912962406513799,1.6570343941079575,0.41523440716213283,9.529041083344323,0.0,1.4175857723070564,3.2270773514570115,247.8255517646857,4,503.6511035293714,True,255,27.184560537338257
mem_short,7,blip_train,mixed_leaky,0.9129471946958108,115.5515186939763,0.41520799429032473,9.526611188139064,0.00599859861985595,1.407038771358901,3.227767884880674,247.82634406140184,5,505.6526881228037,True,72,35.164677143096924
mem_short,6,double_blip,level,0.0,2.122468681133733,3.830793927759371,0.0,0.0,1.1008997725801888,4.140711716176856,117.62817478126746,3,241.25634956253492,True,132,13.761293172836304
mem_short,6,double_blip,transient,1.0,0.2500037625601553,0.0,0.010000000000000004,0.0,30.0,15.0,135.34209387270386,3,276.6841877454077,True,8,1.786064863204956
mem_short,6,double_blip,mixed,0.30541280715086605,0.8375904002544273,2.3195837601154676,2.231415160361872,0.0,1.854353285947703,2.8103535687742465,115.64580571457029,4,239.29161142914057,True,385,38.895761251449585
mem_short,6,double_blip,mixed_leaky,0.29471543601569833,1.5377162371836883,2.3657406344323206,2.1627956133442447,0.4507640381228186,1.0375438167929463,2.97907945498632,115.62295744164211,5,241.24591488328423,True,270,98.20417737960815
mem_short,7,roving_ramp,level,0.0,0.6730962505639267,3.5900525544275372,0.0,0.0,1.5760493470993604,1.9633955941731644,380.1282028518678,3,766.2564057037356,True,88,18.52623748779297
mem_short,7,roving_ramp,transient,1.0,1.2896614610229225,0.0,7.4945047482224965,0.0,1.335328467888834,2.5714592400622585,360.0795489528316,3,726.1590979056632,True,56,12.518985033035278
mem_short,7,roving_ramp,mixed,0.6553351969527516,1.1757085298620527,1.6104376798061648,6.699159649819888,0.0,1.4449848714421585,2.5625228946962233,357.47650666069796,4,722.9530133213959,True,310,48.9041485786438
mem_short,7,roving_ramp,mixed_leaky,0.6535894684353883,2.520887909595146,1.606077502274632,6.629645457413425,0.27496152364476395,1.0286989176528472,2.611397235303078,357.4754559262567,5,724.9509118525134,True,144,35.96842670440674
mem_short,6,roving_ramp,level,0.0,0.25000272907029897,0.010000000000000004,0.0,0.0,30.0,15.0,332.34890108116576,3,670.6978021623315,True,8,1.7237024307250977
mem_short,6,roving_ramp,transient,1.0,1.6787776389791649,0.0,2.8236990239502457,0.0,1.0348277177627847,3.0464361050065243,248.29590818309015,3,502.5918163661803,True,132,13.455563068389893
mem_short,6,roving_ramp,mixed,0.30815925736665173,1.217689329780609,2.0179136445701302,1.9664436599002733,0.0,1.4709800179222685,3.2052295842326166,234.06032047995055,4,476.1206409599011,True,300,28.25017237663269
mem_short,6,roving_ramp,mixed_leaky,0.27664917002910616,0.7183454323453681,2.3242091723726768,1.944757453802171,0.964921818040728,-3.5205891770341164,6.6094069111713125,232.98125009929606,5,475.9625001985921,True,918,150.6925230026245
mem_short,6,blip_train,level,0.0,1.0277373686171558,4.734137614448944,0.0,0.0,1.673047566549569,3.1202347550687466,109.09220279648429,3,224.18440559296857,True,176,18.15541410446167
mem_short,6,blip_train,transient,1.0,0.2500037625601553,0.0,0.010000000000000004,0.0,30.0,15.0,135.36009462271608,3,276.72018924543215,True,8,1.7540724277496338
mem_short,6,blip_train,mixed,0.0009658116315096854,1.0266166130070649,4.728006585911161,0.010000000000000004,0.0,1.6745483209768661,3.1193987300082684,109.09540454430953,4,226.19080908861906,True,90,9.556924104690552
mem_short,6,blip_train,mixed_leaky,0.0009497368438055926,0.9517800200485613,4.808107907575696,0.010000000000000004,0.7282640588784158,-2.3490657683367795,6.795778055469946,108.81896363490323,5,227.63792726980645,True,708,138.23704361915588
mem_short,6,blip_combo,level,0.0,2.1303408638563917,3.0310983854265428,0.0,0.0,1.0147381996773959,3.9005446918467044,103.45701624079359,3,212.91403248158718,True,256,26.581060886383057
mem_short,6,blip_combo,transient,1.0,0.2500037625601553,0.0,0.010000000000000004,0.0,30.0,15.0,116.57143729300375,3,239.1428745860075,True,8,1.7524409294128418
mem_short,6,blip_combo,mixed,0.37259823453474117,0.7141958846053811,1.719026118575766,2.23350730933183,0.0,1.8907992668108087,2.4763468377133444,102.29665522466284,4,212.59331044932568,True,240,24.18234896659851
mem_short,6,blip_combo,mixed_leaky,0.41427197731435655,0.4263739608120808,1.663456478137443,2.574013640675473,1.6256789679176529,-2.6098370029998557,3.8586312661025923,102.03182185662266,5,214.0636437132453,True,906,112.69094228744507
mem_short,7,double_blip,level,0.0,6.051626228623637,7.949947143305252,0.0,0.0,0.6327878027840044,4.507724080636859,442.78315451037895,3,891.5663090207579,True,80,16.791258573532104
mem_short,7,double_blip,transient,1.0,2.849208481832824,0.0,7.526501959334624,0.0,0.976222206452774,3.6264744035785754,421.92049254348615,3,849.8409850869723,True,116,17.346994161605835
mem_short,7,double_blip,mixed,0.585496639416479,2.986869479600945,2.1047404376909284,6.5043625745355405,0.0,0.9873131460746618,3.7318773891343193,420.7051321352317,4,849.4102642704634,True,230,25.282766580581665
mem_short,7,double_blip,mixed_leaky,0.6243848314721239,1.4560809450121104,1.8806431422799395,6.83951746567837,0.476036159208292,-0.4314610863699275,4.575612176983961,420.33476842126845,5,850.6695368425369,True,450,110.61189293861389
mem_short,7,blip_combo,level,0.0,9.499612113789281,7.9527280430536695,0.0,0.0,0.5484116925742851,5.471242487119759,303.056102768031,3,612.112205536062,True,124,20.89796543121338
mem_short,7,blip_combo,transient,1.0,3.85074855195173,0.0,7.378273825028219,0.0,0.8625411404988982,4.077263173919089,296.3750989747353,3,598.7501979494706,True,124,19.46548295021057
mem_short,7,blip_combo,mixed,0.4138628604876433,5.477232585598241,3.649825889069016,5.638183527690204,0.0,0.8056306769801622,4.727291867156374,294.57689944112366,4,597.1537988822473,True,240,42.549001932144165
mem_short,7,blip_combo,mixed_leaky,0.5542938888648118,1.7278198854489117,2.454876112208153,6.679299658875369,0.401168655597372,-1.3147387913794415,7.302433348696253,293.7281555886027,5,597.4563111772054,True,558,95.52205538749695
mem_short,8,roving_ramp,level,0.0,0.5791465269963134,2.9794671937914448,0.0,0.0,1.859681503728059,2.0410379939528287,428.0318110113714,3,862.0636220227428,True,76,18.024719953536987
mem_short,8,roving_ramp,transient,1.0,3.1603150368343584,0.0,4.047112462034835,0.0,0.7503968215974126,3.588029056222261,408.59516039035344,3,823.1903207807069,True,120,17.01188850402832
mem_short,8,roving_ramp,mixed,0.4878170338815457,2.0486813411549814,1.663626548799063,3.466550402939604,0.0,1.1126156461807608,3.6942620839140545,392.5150065014265,4,793.030013002853,True,210,38.70792555809021
mem_short,8,roving_ramp,mixed_leaky,0.4874859356287502,138.629436111989,1.6653726235413076,3.465593100117684,0.005000000000000002,1.1032143272551749,3.6957681256746104,392.5161798587239,5,795.0323597174478,True,570,108.77956032752991
mem_short,8,double_blip,level,0.0,7.396582109782752,4.796521812200679,0.0,0.0,0.5530502200587465,5.85766983079921,325.09814839506447,3,656.1962967901289,True,128,18.66961669921875
mem_short,8,double_blip,transient,1.0,4.318316979869311,0.0,4.295821897955094,0.0,0.7899206317305917,5.147123708270712,300.7139017658425,3,607.427803531685,True,112,11.147676944732666
mem_short,8,double_blip,mixed,0.6220087852833432,4.370591403247251,1.0638718102497458,3.830133930683691,0.0,0.8138370445850329,5.297734959662087,299.679158035214,4,607.358316070428,True,230,43.3428840637207
mem_short,8,double_blip,mixed_leaky,0.6240508917428426,138.629436111989,1.0555140455152172,3.833229416121358,0.005000000000000002,0.7987293328915346,5.305253069409265,299.6798328242515,5,609.359665648503,True,576,121.45985960960388
mem_short,10,roving_ramp,level,0.0,1.0502895626889908,7.5852405414958035,0.0,0.0,1.5047787151104566,2.6391120962919703,446.3201393248378,3,898.6402786496756,True,128,18.343499183654785
mem_short,10,roving_ramp,transient,1.0,1.0811877434533534,0.0,8.207843275863201,0.0,1.4137319813808384,2.2556766046769186,487.8854813597457,3,981.7709627194914,True,88,14.603066205978394
mem_short,10,roving_ramp,mixed,0.2765634824527344,1.596772979268333,6.578005526161233,5.501720054769102,0.0,1.5129972318415887,3.3505873543674936,429.5507011059018,4,867.1014022118036,True,250,43.248863220214844
mem_short,10,roving_ramp,mixed_leaky,0.27657898412397347,138.629436111989,6.576780882774085,5.50112198289031,0.005000000000000002,1.5037751228667093,3.3512058866578016,429.5517257065775,5,869.103451413155,True,492,74.03356170654297
mem_short,8,blip_combo,level,0.0,3.422107729280567,5.5500880025934025,0.0,0.0,0.8664338055404506,4.686075714952092,271.7235044802491,3,549.4470089604982,True,124,22.080853700637817
mem_short,8,blip_combo,transient,1.0,1.4450923229944674,0.0,6.060621574995744,0.0,1.5462224653076178,3.678006045529509,252.53590201261233,3,511.07180402522465,True,76,8.631751537322998
mem_short,8,blip_combo,mixed,0.5482967432139316,1.6672975611992924,1.9368187676459478,5.1435299803347005,0.0,1.5211311424918885,4.08645516666308,248.95309527088008,4,505.90619054176017,True,235,40.387038230895996
mem_short,8,blip_combo,mixed_leaky,0.6739213763040215,1.1207599121429745,1.4387659458511315,6.505593142871982,0.6184617892288791,-1.4172192499811804,6.791063043723183,247.7412673108362,5,505.4825346216724,True,642,127.2081549167633
mem_short,10,blip_combo,level,0.0,16.243853028131273,9.241454864929306,0.0,0.0,0.5565157777695624,8.247722862983288,178.31155270456495,3,362.6231054091299,True,140,14.24929165840149
mem_short,10,blip_combo,transient,1.0,6.105558800874506,0.0,4.431177220520752,0.0,0.6337773818155672,5.296078230585245,181.29923495563506,3,368.5984699112701,True,112,12.250292539596558
mem_short,10,blip_combo,mixed,0.07817764432905996,14.04207396673884,7.693821158601858,1.4275366835382202,0.0,0.5979806457250485,7.907549868759856,177.8661512594552,4,363.7323025189104,True,265,26.3930401802063
mem_short,10,blip_combo,mixed_leaky,0.08662877947266588,21.7713786127744,7.382551932102284,1.5319028685450107,0.03183754198060934,0.46300090155143037,7.8348463189094355,177.85475093442525,5,365.7095018688505,True,510,97.57617712020874
mem_short,9,blip_combo,level,0.0,3.055683607612777,7.728641317086658,0.0,0.0,0.9713574829487398,4.389527272015669,196.8594880504612,3,399.7189761009224,True,136,23.088298559188843
mem_short,9,blip_combo,transient,1.0,1.195283800940636,0.0,6.386308278202941,0.0,1.493459191138872,2.8809139004028514,199.91683452509838,3,405.83366905019676,True,124,31.750333786010742
mem_short,9,blip_combo,mixed,0.20974994599102686,1.992679047759448,5.120398086254172,2.9733832904131683,0.0,1.2304474629233424,3.7004599733729866,194.7071698392046,4,397.4143396784092,True,360,60.614617586135864
mem_short,9,blip_combo,mixed_leaky,0.2138662909768798,3.0742450184983143,5.074605601570858,3.0203554760556877,0.2254690749726022,0.7591163065483221,3.770166039428139,194.6603448332567,5,399.3206896665134,True,402,71.76419520378113
mem_short,10,blip_train,level,0.0,2.09132166812727,9.71530434982613,0.0,0.0,1.226114322018076,3.7976427812467115,141.10358976238922,3,288.20717952477844,True,140,14.243723154067993
mem_short,10,blip_train,transient,1.0,0.8724464735006497,0.0,8.142760064342989,0.0,1.8187776672999996,2.5320694782615476,145.0824094033755,3,296.164818806751,True,72,8.11561894416809
mem_short,10,blip_train,mixed,0.1528461728734389,1.797267124543271,7.599772092227937,2.9998718771423967,0.0,1.3868607261322032,3.603647662836405,139.67477422893927,4,287.34954845787854,True,305,48.59518623352051
mem_short,10,blip_train,mixed_leaky,0.15295637474753926,138.629436111989,7.595790368720549,3.0008522997478027,0.005000000000000002,1.3764182828895593,3.6062170920060566,139.6758623856054,5,289.3517247712108,True,294,89.6906304359436
mem_short,11,blip_train,level,0.0,3.6042100172578655,6.042371302225201,0.0,0.0,0.9414873902118952,5.3602451313753425,134.96660200056792,3,275.93320400113583,True,112,11.777077674865723
mem_short,11,blip_train,transient,1.0,0.2500037625601553,0.0,0.010000000000000004,0.0,30.0,15.0,172.96074358789173,3,351.92148717578345,True,8,1.8246667385101318
mem_short,11,blip_train,mixed,0.7525214509309899,1.3010990180744442,0.9308493658807916,6.192565040580736,0.0,1.8435080286823822,3.9902873567216,115.93873568741205,4,239.8774713748241,True,315,30.84586215019226
mem_short,11,blip_train,mixed_leaky,0.7525982595450714,115.54829229833649,0.9301184618732966,6.190255436798751,0.005998766115645348,1.829511656620461,3.9928074793532775,115.9388941329098,5,241.8777882658196,True,90,43.093992948532104
mem_short,11,roving_ramp,level,0.0,0.25000272907029897,0.010000000000000004,0.0,0.0,30.0,15.0,247.8782796945632,3,501.7565593891264,True,8,1.7025465965270996
mem_short,11,roving_ramp,transient,1.0,1.1884371644921752,0.0,5.599839819121021,0.0,1.5870884356327857,3.1713574814851317,143.96214271270074,3,293.9242854254015,True,120,17.6968936920166
mem_short,11,roving_ramp,mixed,0.9961034964575981,1.1872974885359358,0.010000000000000004,5.592928090505555,0.0,1.5884105202132592,3.1714190429164133,143.96763034535832,4,295.93526069071663,True,120,11.681015729904175
mem_short,11,roving_ramp,mixed_leaky,0.9961194073584183,1.4330010712053298,0.010000000000000004,5.615949477409041,0.48370318382031874,0.5972982420222211,3.4057297171908263,143.82028677291166,5,297.6405735458233,True,444,103.68779301643372
mem_short,9,double_blip,level,0.0,3.2781642348469644,7.407562863592448,0.0,0.0,0.8932837862551193,4.266185343358004,245.3932209698118,3,496.7864419396236,True,64,21.279917240142822
mem_short,9,double_blip,transient,1.0,1.7861589614872513,0.0,5.87558625278835,0.0,1.1904396597061289,3.3049538309423347,247.9438713107409,3,501.8877426214818,True,112,18.371948957443237
mem_short,9,double_blip,mixed,0.2203966874287723,2.4099844897038705,4.873967328025753,3.0145594085468073,0.0,1.0953212663477438,3.8540410751867027,241.4525334750912,4,490.9050669501824,True,255,46.04140019416809
mem_short,9,double_blip,mixed_leaky,0.2939475632159875,1.1879840148688712,4.37734459633336,3.987066609948409,0.583465073506443,-2.9580210094938617,8.680230361442804,240.29337149196087,5,490.58674298392174,True,834,152.20347809791565
mem_short,9,roving_ramp,level,0.0,0.74278560304557,4.898468281666972,0.0,0.0,1.7223827703617476,2.320410748793624,411.8161581952452,3,829.6323163904904,True,68,18.86023759841919
mem_short,9,roving_ramp,transient,1.0,1.810415220531817,0.0,5.366721405392537,0.0,1.0237929412383133,2.8296255554093266,423.7789693540404,3,853.5579387080808,True,104,16.118610620498657
mem_short,9,roving_ramp,mixed,0.33784123663003085,1.6848810295240246,3.5469650779595434,3.959289753757653,0.0,1.3119818637315788,3.4272570308104267,390.2063250900662,4,788.4126501801323,True,245,47.54663896560669
mem_short,9,roving_ramp,mixed_leaky,0.3127419835212601,0.8922045294104062,3.9872881480831266,3.9696648352235138,0.7768926941202556,-0.8095723548000602,4.266651991448426,388.5869772445421,5,787.1739544890842,True,486,158.2457766532898
mem_short,8,blip_train,level,0.0,2.847225669322792,5.094338756026405,0.0,0.0,0.8938874902428134,4.140182782079315,255.68212825099,3,517.36425650198,True,124,18.539250373840332
mem_short,8,blip_train,transient,1.0,0.9431956420829943,0.0,5.098347012654158,0.0,1.6929965017424298,2.759424334583944,239.48897312520273,3,484.97794625040547,True,104,11.326191663742065
mem_short,8,blip_train,mixed,0.5371428504553593,1.0752498074287538,1.6628277678007335,4.22182218483502,0.0,1.626803920607476,2.9714170975632683,236.65531566954581,4,481.31063133909163,True,290,48.76681041717529
mem_short,8,blip_train,mixed_leaky,0.5708169684225577,0.6740114252762446,1.6285406243453837,4.738738839756299,1.0283908470481162,-0.897538072414674,3.794108897201617,235.7585235522202,5,481.5170471044404,True,606,182.30920958518982
mem_short,9,blip_train,level,0.0,1.3722813593659073,7.817214240413165,0.0,0.0,1.3714847182238141,3.061512468833754,167.10029672933942,3,340.20059345867884,True,84,9.35570216178894
mem_short,9,blip_train,transient,1.0,0.4784080845398976,0.0,7.102640847995779,0.0,2.346324273785012,1.9381648547576718,168.59799122867065,3,343.1959824573413,True,88,10.115660190582275
mem_short,9,blip_train,mixed,0.236115546394569,0.756313566848151,5.249283211924632,3.549823520190072,0.0,1.9214559152635113,2.403980721955876,165.1604227297902,4,338.3208454595804,True,280,51.21418285369873
mem_short,9,blip_train,mixed_leaky,0.2538809254079504,0.39892559468050137,5.538901725995936,4.123399708815325,1.7375349934994402,-1.5471899508230373,3.066726177750729,164.79515634572695,5,339.5903126914539,True,594,149.0168595314026
mem_short,10,double_blip,level,0.0,3.2620168767809936,9.013526472593632,0.0,0.0,0.9526776518078256,4.289541137619324,184.76822862051242,3,375.53645724102483,True,116,21.71174693107605
mem_short,10,double_blip,transient,1.0,2.52100834445908,0.0,7.134108326319914,0.0,1.0823970296960523,3.8334036247514898,186.37713254588627,3,378.75426509177254,True,136,20.564840078353882
mem_short,10,double_blip,mixed,0.22610524028269854,2.9580842664124596,6.228728682931051,3.9814198938806804,0.0,1.1013888418262563,4.245715454121525,180.91520775268154,4,369.8304155053631,True,345,52.302223682403564
mem_short,10,double_blip,mixed_leaky,0.2551853340961707,1.5432999879581655,6.176286448560784,4.629613841721778,0.44913314713168684,-2.2559453266093716,9.376485235659782,179.94912764011357,5,369.89825528022715,True,846,130.62468552589417
mem_short,12,double_blip,level,0.0,5.931959559841539,5.092876502948784,0.0,0.0,0.5290934077598966,4.298409565176291,328.7736675126666,3,663.5473350253332,True,132,28.217532634735107
mem_short,12,double_blip,transient,1.0,2.6248702042784458,0.0,5.574170098121076,0.0,0.8823438169177159,3.3108527385167297,319.07074695444794,3,644.1414939088959,True,88,15.671962261199951
mem_short,12,double_blip,mixed,0.9960868888506438,2.6272546493237594,0.010000000000000004,5.569098331783806,0.0,0.8820933820441049,3.312026881388828,319.0751840055955,4,646.150368011191,True,250,28.06022810935974
mem_short,12,double_blip,mixed_leaky,0.9960858214048691,115.54187551514619,0.010000000000000004,5.56757360212827,0.005999099265695075,0.8715669286504683,3.312362487581535,319.0756436560034,5,648.1512873120068,True,78,30.130852222442627
mem_short,11,blip_combo,level,0.0,4.868261234470022,6.283983560619105,0.0,0.0,0.8129020194419264,5.911150585672899,171.68292144172017,3,349.36584288344034,True,68,17.901219606399536
mem_short,11,blip_combo,transient,1.0,0.2500037625601553,0.0,0.010000000000000004,0.0,30.0,15.0,229.25871274365258,3,464.51742548730516,True,8,1.8042490482330322
mem_short,11,blip_combo,mixed,0.6171085900538403,1.5614694447136073,1.451412689489549,5.117840311026665,0.0,1.5441617065065254,3.9522647654194096,156.17946283522483,4,320.35892567044965,True,230,22.199185371398926
mem_short,11,blip_combo,mixed_leaky,0.6177991508029739,138.629436111989,1.4476248269594139,5.119429049572132,0.005000000000000002,1.5340413079916686,3.9515475203492065,156.18053330305997,5,322.36106660611995,True,540,107.32573509216309
mem_short,15,double_blip,level,0.0,0.25000272907029897,0.010000000000000004,0.0,0.0,30.0,15.0,69.48987272187755,3,144.9797454437551,True,8,1.8099658489227295
mem_short,15,double_blip,transient,1.0,0.2500037625601553,0.0,0.010000000000000004,0.0,30.0,15.0,69.48987272187755,3,144.9797454437551,True,8,1.745758056640625
mem_short,15,double_blip,mixed,0.4775764455742727,0.25001025446816466,0.010000000000000004,0.02,0.0,30.0,15.0,69.48987272187755,4,146.9797454437551,True,5,1.182560920715332
mem_short,15,double_blip,mixed_leaky,0.4775764455742727,115.52453009332424,0.010000000000000004,0.02,0.005999999999999998,30.0,15.0,69.48987272187755,5,148.9797454437551,True,6,2.1871206760406494
mem_short,11,double_blip,level,0.0,5.439430761508443,4.3315252253277485,0.0,0.0,0.6388280890952092,5.406546089707729,253.32334412017266,3,512.6466882403454,True,116,17.26060199737549
mem_short,11,double_blip,transient,1.0,1.099423085142272,0.0,5.310948674739117,0.0,1.616568733832966,3.0273256190894253,226.00749455294672,3,458.01498910589345,True,120,12.347787857055664
mem_short,11,double_blip,mixed,0.9958929692614956,1.1001291539288243,0.010000000000000004,5.305112030244559,0.0,1.6162225827768018,3.0283674701828764,226.01579591135064,4,460.0315918227013,True,100,35.18980264663696
mem_short,11,double_blip,mixed_leaky,0.9962388243940097,0.6878986198344033,0.010000000000000004,5.794950068836155,1.0076298462799729,-3.2754651178856533,6.209089272438469,225.0497616285002,5,460.0995232570004,True,726,139.02394342422485
mem_short,15,blip_train,level,0.0,0.25000272907029897,0.010000000000000004,0.0,0.0,30.0,15.0,69.65404622920525,3,145.3080924584105,True,8,1.7719945907592773
mem_short,15,blip_train,transient,1.0,0.2500037625601553,0.0,0.010000000000000004,0.0,30.0,15.0,69.65404622920525,3,145.3080924584105,True,8,1.7659592628479004
mem_short,15,blip_train,mixed,0.4775764455742727,0.25001025446816466,0.010000000000000004,0.02,0.0,30.0,15.0,69.65404622920525,4,147.3080924584105,True,5,1.2606501579284668
mem_short,15,blip_train,mixed_leaky,0.4775764455742727,115.52453009332424,0.010000000000000004,0.02,0.005999999999999998,30.0,15.0,69.65404622920525,5,149.3080924584105,True,6,2.2856853008270264
mem_short,16,roving_ramp,level,0.0,0.25000272907029897,0.010000000000000004,0.0,0.0,30.0,15.0,210.32729946569333,3,426.65459893138666,True,8,1.7338228225708008
mem_short,16,roving_ramp,transient,1.0,0.2500037625601553,0.0,0.010000000000000004,0.0,30.0,15.0,210.32729946569333,3,426.65459893138666,True,8,1.7126026153564453
mem_short,16,roving_ramp,mixed,0.4775764455742727,0.25001025446816466,0.010000000000000004,0.02,0.0,30.0,15.0,210.32729946569333,4,428.65459893138666,True,5,1.205618143081665
mem_short,16,roving_ramp,mixed_leaky,0.4775764455742727,115.52453009332424,0.010000000000000004,0.02,0.005999999999999998,30.0,15.0,210.32729946569333,5,430.65459893138666,True,6,2.1595051288604736
mem_short,16,double_blip,level,0.0,0.25000272907029897,0.010000000000000004,0.0,0.0,30.0,15.0,97.71352707769537,3,201.42705415539075,True,8,1.799431324005127
mem_short,16,double_blip,transient,1.0,0.2500037625601553,0.0,0.010000000000000004,0.0,30.0,15.0,97.71352707769537,3,201.42705415539075,True,8,1.7829322814941406
mem_short,16,double_blip,mixed,0.4775764455742727,0.25001025446816466,0.010000000000000004,0.02,0.0,30.0,15.0,97.71352707769537,4,203.42705415539075,True,5,1.2095947265625
mem_short,16,double_blip,mixed_leaky,0.4775764455742727,115.52453009332424,0.010000000000000004,0.02,0.005999999999999998,30.0,15.0,97.71352707769537,5,205.42705415539075,True,6,2.236323833465576
mem_short,16,blip_train,level,0.0,0.25000272907029897,0.010000000000000004,0.0,0.0,30.0,15.0,135.38684573737234,3,276.7736914747447,True,8,1.881493330001831
mem_short,16,blip_train,transient,1.0,0.2500037625601553,0.0,0.010000000000000004,0.0,30.0,15.0,135.38684573737234,3,276.7736914747447,True,8,1.7828314304351807
mem_short,16,blip_train,mixed,0.4775764455742727,0.25001025446816466,0.010000000000000004,0.02,0.0,30.0,15.0,135.38684573737234,4,278.7736914747447,True,5,1.23121976852417
mem_short,16,blip_train,mixed_leaky,0.4775764455742727,115.52453009332424,0.010000000000000004,0.02,0.005999999999999998,30.0,15.0,135.38684573737234,5,280.7736914747447,True,6,2.2684531211853027
mem_short,12,roving_ramp,level,0.0,1.9450410326419594,4.8268118348471365,0.0,0.0,0.9548586886732204,3.099570352344896,348.8220212416567,3,703.6440424833135,False,184,30.15821075439453
mem_short,12,roving_ramp,transient,1.0,3.2727662215459854,0.0,6.497445495232933,0.0,0.8410696222823524,3.585051499746609,344.358547464183,3,694.717094928366,True,108,17.395010232925415
mem_short,12,roving_ramp,mixed,0.401767492255487,2.8301627925911044,3.534730691600236,5.193629473814729,0.0,1.0064491319289404,3.714302605764613,335.836201695773,4,679.672403391546,True,205,39.76059556007385
mem_short,12,roving_ramp,mixed_leaky,0.40161045466835904,138.629436111989,3.5363654436103107,5.192637400758927,0.005000000000000002,0.9965608924922923,3.715799157954071,335.8421127311093,5,681.6842254622186,True,432,72.17710471153259
mem_short,13,blip_combo,level,0.0,1.9637242308889735,5.029722374524799,0.0,0.0,0.7644777247145694,2.3555340751651883,784.9075536793783,3,1575.8151073587567,True,108,25.033111572265625
mem_short,13,blip_combo,transient,1.0,2.3168072020547807,0.0,4.06045949231933,0.0,0.7161820056016952,2.4690311082965772,783.6564718349858,3,1573.3129436699717,True,120,17.862973928451538
mem_short,13,blip_combo,mixed,0.31526801503982427,2.104316656475993,2.862485664938245,2.883450261012743,0.0,0.7975560758988205,2.414181924233529,782.0417319735014,4,1572.0834639470029,True,300,31.285448789596558
mem_short,13,blip_combo,mixed_leaky,0.3178352315568446,2.407678150238582,2.8308803211032836,2.8856530036175547,0.2878902981659986,0.40747771778942365,2.4389844341871805,782.0290447119535,5,1574.058089423907,True,174,34.36387324333191
mem_short,16,blip_combo,level,0.0,0.25000272907029897,0.010000000000000004,0.0,0.0,30.0,15.0,50.84488804526772,3,107.68977609053545,True,8,1.8206772804260254
mem_short,16,blip_combo,transient,1.0,0.2500037625601553,0.0,0.010000000000000004,0.0,30.0,15.0,50.84488804526772,3,107.68977609053545,True,8,1.7931978702545166
mem_short,16,blip_combo,mixed,0.4775764455742727,0.25001025446816466,0.010000000000000004,0.02,0.0,30.0,15.0,50.84488804526772,4,109.68977609053545,True,5,1.2213892936706543
mem_short,16,blip_combo,mixed_leaky,0.4775764455742727,115.52453009332424,0.010000000000000004,0.02,0.005999999999999998,30.0,15.0,50.84488804526772,5,111.68977609053545,True,6,2.2084097862243652
mem_short,13,roving_ramp,level,0.0,1.0707015761648668,3.8000501425839,0.0,0.0,1.0294119937066417,1.9378972688156475,762.6406270650481,3,1531.2812541300962,True,112,23.209285259246826
mem_short,13,roving_ramp,transient,1.0,1.1136562151823288,0.0,4.411342853771469,0.0,1.0725967437750312,1.9453890835339742,759.9955843387779,3,1525.9911686775558,True,76,14.855847120285034
mem_short,13,roving_ramp,mixed,0.4347858412838807,1.0697815823422872,2.0311877077735274,3.4183951726408854,0.0,1.126842815002953,1.9384095786937134,758.6628468692167,4,1525.3256937384333,True,280,48.630592823028564
mem_short,13,roving_ramp,mixed_leaky,0.4366782565618197,2.290913190868607,2.0093690933195436,3.4078040708423223,0.3025637039948844,0.7993539566540189,1.9483007069377616,758.6444540963008,5,1527.2889081926016,True,246,54.88208055496216
mem_short,13,blip_train,level,0.0,0.5888216531454066,5.0396547618379675,0.0,0.0,1.4980828982604268,1.569847793243251,768.734202369261,3,1543.468404738522,True,220,35.32398509979248
mem_short,13,blip_train,transient,1.0,0.5229690865547798,0.0,7.187939660237109,0.0,1.778711646269206,1.5209780489153555,756.6772636667538,3,1519.3545273335076,True,92,30.111604928970337
mem_short,13,blip_train,mixed,0.9969718148918671,0.5173181359720537,0.010000000000000004,7.202948467930512,0.0,1.7898386847729308,1.515015587403733,756.6806099549277,4,1521.3612199098554,True,345,41.87296390533447
mem_short,13,blip_train,mixed_leaky,0.9969267389762725,2.2719616192817575,0.010000000000000004,7.096981005160331,0.3050875396297725,1.5063648233488263,1.5282998077898446,756.6647063661976,5,1523.3294127323952,True,174,29.801589250564575
mem_short,12,blip_train,level,0.0,6.684364661707917,9.192321326701713,0.0,0.0,0.6408896769776993,4.543430437600255,388.1225811566421,3,782.2451623132843,True,136,23.00551199913025
mem_short,12,blip_train,transient,1.0,6.628204994864933,0.0,8.436543105379636,0.0,0.7261849855644014,4.5771030766118805,380.89946405151676,3,767.7989281030335,True,116,20.172738075256348
mem_short,12,blip_train,mixed,0.36751027056371544,6.533208188822122,5.0010176846281755,6.3574688299548185,0.0,0.8117848267659501,4.716572321973506,376.9632456510215,4,761.926491302043,True,240,25.377655267715454
mem_short,12,blip_train,mixed_leaky,0.3676984138561405,138.629436111989,4.995043685784848,6.355015621657471,0.005000000000000002,0.7991086812800121,4.716811202358743,376.9672204109181,5,763.9344408218362,True,450,88.50438737869263
mem_short,12,blip_combo,level,0.0,9.3976110110043,6.0237401469486205,0.0,0.0,0.45753010710601083,4.891677124300063,361.7311482109053,3,729.4622964218106,True,120,22.734631299972534
mem_short,12,blip_combo,transient,1.0,4.802131557007695,0.0,6.658347100684904,0.0,0.7307186375318533,4.1307357860142195,348.0290243926901,3,702.0580487853802,True,152,27.32353687286377
mem_short,12,blip_combo,mixed,0.9967223663391587,4.804015433878609,0.010000000000000004,6.653093688389449,0.0,0.7306804544420097,4.131121871289828,348.03115657969084,4,704.0623131593817,True,355,38.54379963874817
mem_short,12,blip_combo,mixed_leaky,0.9967220868894553,138.629436111989,0.010000000000000004,6.652524631545481,0.005000000000000002,0.7200828412896478,4.131197089683446,348.0372541599658,5,706.0745083199316,True,318,75.55469799041748
mem_short,13,double_blip,level,0.0,1.4906086951564046,4.794583801296683,0.0,0.0,0.8695722529380233,2.1242869979713834,805.7166063332768,3,1617.4332126665536,True,72,18.27074909210205
mem_short,13,double_blip,transient,1.0,1.3472591383283594,0.0,5.754663034270131,0.0,1.0294681404032708,2.073822143766584,796.8039435093523,3,1599.6078870187046,True,188,26.849807500839233
mem_short,13,double_blip,mixed,0.7328962454873705,1.3610998257123383,0.8905387683728758,5.3459535537477025,0.0,1.0357479521462813,2.0830656280126614,796.6552115737518,4,1601.3104231475036,True,195,20.96545386314392
mem_short,13,double_blip,mixed_leaky,0.7446161094170822,0.3160544443858891,0.9331378134491175,5.95243366128959,2.1931258771151527,-2.9458392464810412,2.691300433560667,796.1192285730577,5,1602.2384571461155,True,972,105.75630044937134
mem_short,14,double_blip,level,0.0,2.1293638310444143,7.318194484474458,0.0,0.0,0.9964875332264608,3.223123244136416,282.87629472124723,3,571.7525894424945,True,84,16.89264988899231
mem_short,14,double_blip,transient,1.0,1.1407568888306256,0.0,7.84086590267128,0.0,1.49157339832174,2.5953541832665343,273.37312716812954,3,552.7462543362591,True,76,13.518272876739502
mem_short,14,double_blip,mixed,0.6205650320460262,1.1827756309180688,1.8993239300137474,6.796085506966251,0.0,1.4870667093562977,2.6447411385958444,272.8785140584666,4,553.7570281169332,True,280,30.877063512802124
mem_short,14,double_blip,mixed_leaky,0.6207519127732712,138.629436111989,1.8978852406376294,6.796330063856038,0.005000000000000002,1.4800180155237255,2.6448360272016314,272.8792643528617,5,555.7585287057234,True,408,111.00955009460449
mem_short,14,roving_ramp,level,0.0,0.6844158087558542,3.669065271157873,0.0,0.0,1.562311855495274,1.9740680765355405,400.429753769909,3,806.859507539818,True,100,20.352144479751587
mem_short,14,roving_ramp,transient,1.0,0.944243194946289,0.0,7.638308915670398,0.0,1.523625726276359,2.2260642008802183,386.035074148646,3,778.070148297292,True,124,25.777815580368042
mem_short,14,roving_ramp,mixed,0.6154239271810317,0.9456161539937015,1.8212812634997362,6.376450361990564,0.0,1.566389281609881,2.305124855365816,382.7952030633534,4,773.5904061267069,True,270,47.03948163986206
mem_short,14,roving_ramp,mixed_leaky,0.6154087727454773,138.629436111989,1.8210715973101195,6.375308083330518,0.005000000000000002,1.560323833296966,2.304955742638898,382.79613679809034,5,775.5922735961807,True,318,93.95438623428345
mem_short,15,roving_ramp,level,0.0,0.25000272907029897,0.010000000000000004,0.0,0.0,30.0,15.0,238.53370310273954,3,483.0674062054791,True,8,1.7114739418029785
mem_short,15,roving_ramp,transient,1.0,16.207225625615553,0.0,6.776424272260039,0.0,0.608170719908696,9.796129400257096,179.18997062264836,3,364.3799412452967,True,140,25.73862886428833
mem_short,15,roving_ramp,mixed,0.43679964308802305,2.438629647585611,1.879602006041104,3.1892979943137596,0.0,1.1200250456874095,4.460126748576664,172.92283548997688,4,353.84567097995375,True,215,19.432989835739136
mem_short,15,roving_ramp,mixed_leaky,0.4318875055798506,2.2722350746802955,1.9348440047808997,3.2180449194678964,0.3050508234309654,0.14370091795899426,5.1382291528718325,172.83301485101367,5,355.66602970202734,True,486,85.31677484512329
mem_short,17,blip_combo,level,0.0,1.06018125069762,4.7724747843144275,0.0,0.0,1.4355634404160036,2.7125206244781843,180.9054438360323,3,367.8108876720646,True,68,8.012375831604004
mem_short,17,blip_combo,transient,1.0,0.2500037625601553,0.0,0.010000000000000004,0.0,30.0,15.0,219.88371821770986,3,445.7674364354197,True,8,1.8517320156097412
mem_short,17,blip_combo,mixed,0.25770014732849744,0.7113830338001936,3.1029407926231345,2.3567777410966646,0.0,1.8462872947760245,2.3308636781451813,179.27318539496795,4,366.5463707899359,True,200,20.638737440109253
mem_short,17,blip_combo,mixed_leaky,0.2582878629402697,115.53527817871476,3.0995201599048374,2.3614183033706735,0.0059994418283890434,1.8404586996270236,2.329226845348161,179.27336153604406,5,368.5467230720881,True,84,43.63427233695984
mem_short,17,blip_train,level,0.0,2.39085890559584,5.6148914252117095,0.0,0.0,1.0630545565511735,4.203968491372217,137.8304158040839,3,281.6608316081678,True,76,8.495235681533813
mem_short,17,blip_train,transient,1.0,0.2500037625601553,0.0,0.010000000000000004,0.0,30.0,15.0,172.94390955314077,3,351.88781910628154,True,8,1.7986962795257568
mem_short,17,blip_train,mixed,0.3401044484382459,1.5047667144187942,3.03437568877636,3.4214981398639166,0.0,1.4715469481842463,3.664693664873907,134.29243626755047,4,276.58487253510094,True,220,22.002877950668335
mem_short,17,blip_train,mixed_leaky,0.340254962569348,138.629436111989,3.0317824670278744,3.4208672348136577,0.005000000000000002,1.4612460621882264,3.66576248396731,134.29333551221785,5,278.5866710244357,True,258,79.54121947288513
mem_short,14,blip_train,level,0.0,16.328290791218272,6.426431037513277,0.0,0.0,0.41406016258687023,6.649019620566742,242.30230113484038,3,490.60460226968075,True,168,32.86504077911377
mem_short,14,blip_train,transient,1.0,7.469487684955723,0.0,6.592524911358675,0.0,0.6648807346879428,5.486009386590614,233.8797022133379,3,473.7594044266758,True,156,27.77936887741089
mem_short,14,blip_train,mixed,0.9966890952566607,7.484614212850847,0.010000000000000004,6.586017298500128,0.0,0.6643774112716636,5.4890808392134876,233.8802298741124,4,475.7604597482248,True,355,37.432552337646484
mem_short,14,blip_train,mixed_leaky,0.9968175000474112,2.612648608118709,0.010000000000000004,6.85262702046704,0.26530440351068113,-0.4415040834280357,6.594103696123804,233.49566868146331,5,476.99133736292663,True,588,135.13779497146606
mem_short,15,blip_combo,level,0.0,1.6008315907455308,6.103313982609379,0.0,0.0,1.437324896964289,3.961900037306627,79.07910141408006,3,164.1582028281601,True,84,9.077265739440918
mem_short,15,blip_combo,transient,1.0,0.2500037625601553,0.0,0.010000000000000004,0.0,30.0,15.0,88.40336858664298,3,182.80673717328597,True,8,1.7688517570495605
mem_short,15,blip_combo,mixed,0.01590156091324795,1.9051919037132659,5.759523465830046,0.20360930087852075,0.0,1.3121986910915155,4.246253795557781,79.05674282331852,4,166.11348564663703,True,135,13.578203439712524
mem_short,15,blip_combo,mixed_leaky,0.14813086496502362,16.917449790999765,9.963904419064654,3.790635930483581,0.040972320835774304,1.3991124491789713,11.59677232292428,76.91305216529261,5,163.82610433058522,True,732,144.57858562469482
mem_short,17,roving_ramp,level,0.0,0.2871918421320262,4.39137257677296,0.0,0.0,2.9228816471053407,1.5962529498237965,301.32398444732837,3,608.6479688946567,True,112,28.012258291244507
mem_short,17,roving_ramp,transient,1.0,0.7048036667099687,0.0,4.212055529611885,0.0,1.6714291513790782,2.0879874396587486,301.43592595651467,3,608.8718519130293,True,88,17.37951159477234
mem_short,17,roving_ramp,mixed,0.3223962433222894,0.5980233739202688,2.7866023884982583,2.9006746462713338,0.0,2.104118073303018,2.250834969372836,284.95990039549457,4,577.9198007909891,True,180,37.92222833633423
mem_short,17,roving_ramp,mixed_leaky,0.3223743795230102,138.629436111989,2.7858719604847777,2.8996240950301,0.005000000000000002,2.0972476818047925,2.25152210101877,284.96032108579266,5,579.9206421715853,True,264,80.04330468177795
mem_short,18,double_blip,level,0.0,1.5949860961270028,7.067337247271774,0.0,0.0,1.1947222128232378,3.072828812429783,286.9277875411521,3,579.8555750823042,True,84,13.844563007354736
mem_short,18,double_blip,transient,1.0,1.0159463856713717,0.0,6.3716290478440865,0.0,1.5639700817680169,2.593285970299707,285.1720762656734,3,576.3441525313468,True,104,17.60816740989685
mem_short,18,double_blip,mixed,0.3118881106995767,1.1834338803455622,4.124088059774478,4.089568945419286,0.0,1.518774895797264,2.8380473311640495,278.5847269279727,4,565.1694538559454,True,205,41.15352773666382
mem_short,18,double_blip,mixed_leaky,0.31859317592780917,0.6851814868675707,4.289690427894722,4.387991613546014,1.011625669760564,-1.2321296749800965,3.9556267026611707,278.25259650655687,5,566.5051930131137,True,564,89.17707061767578
mem_short,14,blip_combo,level,0.0,3.806613823983738,8.747219662827623,0.0,0.0,0.7986755823307986,3.8996275254496857,339.9006615966851,3,685.8013231933702,True,216,28.712188959121704
mem_short,14,blip_combo,transient,1.0,1.2321972811315052,0.0,10.699914593467524,0.0,1.568756785494919,2.6754827430764716,320.00583713911584,3,646.0116742782317,True,100,19.346153020858765
mem_short,14,blip_combo,mixed,0.9979584670446849,1.2330496683329601,0.010000000000000004,10.694633811789558,0.0,1.5684218472213682,2.6762879249395986,320.005857498754,4,648.011714997508,True,405,60.59160900115967
mem_short,14,blip_combo,mixed_leaky,0.9980693899473821,0.5617600356680992,0.010097342924981932,11.420447599761879,1.233884820118234,-1.5259665931203041,3.6764704761604636,319.574256060502,5,649.148512121004,False,714,152.49976682662964
mem_short,18,blip_train,level,0.0,1.4189522958123153,5.98378800497731,0.0,0.0,1.159659344389832,2.7348867992615307,329.1317872341448,3,664.2635744682896,True,132,22.49773931503296
mem_short,18,blip_train,transient,1.0,1.2286374053673463,0.0,5.711624986164156,0.0,1.3598054803823332,2.7077334559970923,320.03565635432403,3,646.0713127086481,True,76,15.15156626701355
mem_short,18,blip_train,mixed,0.5226656492591542,1.2424008278186864,1.9545061823326348,4.682180632747024,0.0,1.375403150634743,2.7332703371063007,318.7449039769194,4,645.4898079538387,True,235,50.119802951812744
mem_short,18,blip_train,mixed_leaky,0.5227465794689983,138.629436111989,1.9539020115562646,4.6822519203907484,0.005000000000000002,1.3680909526736438,2.73347128721826,318.74587711918906,5,647.4917542383781,True,492,73.36497497558594
mem_short,18,roving_ramp,level,0.0,0.5999701571590971,4.459191988266111,0.0,0.0,1.8847020955146223,2.0863005967014367,429.0771321141307,3,864.1542642282614,True,108,19.004752159118652
mem_short,18,roving_ramp,transient,1.0,1.3231531940594994,0.0,5.867842164859907,0.0,1.2124403771621388,2.507393972297401,438.7674634055538,3,883.5349268111077,True,128,18.36111307144165
mem_short,18,roving_ramp,mixed,0.3743649608082534,1.0937832494900392,3.1419426327951747,4.113222733622059,0.0,1.5518911833287719,2.763520246785985,406.9284447688612,4,821.8568895377224,True,365,56.80013060569763
mem_short,18,roving_ramp,mixed_leaky,0.36613465031962533,0.7059551894507189,3.3449831189140933,4.2271493943916445,0.9818571928046324,-0.3980676801561182,3.2029441772721627,406.5098955422469,5,823.0197910844938,True,630,114.30822610855103
mem_short,18,blip_combo,level,0.0,1.9282112059376868,8.50544492205518,0.0,0.0,1.1931247454740732,3.5270233947791296,259.3628304730697,3,524.7256609461394,True,124,21.590699434280396
mem_short,18,blip_combo,transient,1.0,0.9803269231757812,0.0,5.774315866967876,0.0,1.540390997475053,2.509010281834978,270.7770571165315,3,547.554114233063,True,120,19.625585556030273
mem_short,18,blip_combo,mixed,0.1297124080401043,1.5171658913619854,6.49389091394594,2.1175494724283808,0.0,1.3563932450700709,3.1803459534101246,257.57319594713687,4,523.1463918942737,True,180,42.22292232513428
mem_short,18,blip_combo,mixed_leaky,0.12982452165551753,138.629436111989,6.490996500536589,2.1187080263650198,0.005000000000000002,1.3478113279936301,3.1808769534178225,257.57466887311557,5,525.1493377462311,True,420,95.8781669139862
mem_short,17,double_blip,level,0.0,7.546267985130235,4.279661288012564,0.0,0.0,0.547821444892273,6.152759298590074,188.8600983542275,3,383.720196708455,True,108,11.22094202041626
mem_short,17,double_blip,transient,1.0,0.2500037625601553,0.0,0.010000000000000004,0.0,30.0,15.0,229.24037864645402,3,464.48075729290804,True,8,1.747136116027832
mem_short,17,double_blip,mixed,0.21407869961876438,3.277162925812665,2.7302577233463885,1.6270761884266325,0.0,0.8419896959712795,4.451143164141118,187.82054428466407,4,383.64108856932813,True,265,25.239765882492065
mem_short,17,double_blip,mixed_leaky,0.27472584620008333,1.605476603452359,2.426017799734256,2.010486439196913,0.4317391976123642,-1.4874525404470935,7.329356713976756,187.3431275858914,5,384.6862551717828,True,906,202.60765385627747
mem_short,19,roving_ramp,level,0.0,1.018817083862582,3.6509368165396743,0.0,0.0,1.215481446550143,2.233081577619628,570.7095123392227,3,1147.4190246784453,False,196,26.828625440597534
mem_short,19,roving_ramp,transient,1.0,1.5220227807991509,0.0,3.0524576892895254,0.0,0.9105828501475896,2.3523296043130992,589.3363833699868,3,1184.6727667399737,True,96,23.462506532669067
mem_short,19,roving_ramp,mixed,0.15780611862208876,1.107647841047995,3.2512734890555275,1.3328310616865318,0.0,1.2098020781236216,2.3108866092387266,569.0404725058354,4,1146.0809450116708,True,205,44.69262456893921
mem_short,19,roving_ramp,mixed_leaky,0.1514380609037571,0.3839407380711435,3.6525281539757666,1.4261161904534172,1.8053493985613647,-2.2356527834058117,2.8996558451480596,568.5358331897506,5,1147.0716663795013,True,930,109.88202691078186
mem_short,20,roving_ramp,level,0.0,2.101608838001864,4.100761079089063,0.0,0.0,0.9027679452596783,3.2300644590088323,273.30160840391807,3,552.6032168078361,True,92,16.732730627059937
mem_short,20,roving_ramp,transient,1.0,3.4096667578892683,0.0,5.032286628902801,0.0,0.7864802942350377,3.813864611592095,269.9118967217219,3,545.8237934434438,True,80,17.834466695785522
mem_short,20,roving_ramp,mixed,0.4147318859039974,3.0744522051799965,2.5494290157806865,3.952440431895074,0.0,0.8900760183029413,3.8623311560366274,266.90680078203314,4,541.8136015640663,True,255,46.499213457107544
mem_short,20,roving_ramp,mixed_leaky,0.3950874477840261,1.703694917247123,2.7362836704425706,3.909953574237853,0.4068493563859142,-0.1405827346654755,4.235072784149328,266.7701150156881,5,543.5402300313762,True,474,96.46948647499084
mem_short,19,double_blip,level,0.0,2.119384769063331,3.495563171239351,0.0,0.0,0.857701943406272,3.150370262784766,252.56846395331922,3,511.13692790663845,True,76,18.453030347824097
mem_short,19,double_blip,transient,1.0,0.2735192397616517,0.0,3.456904456732426,0.0,2.6701104247014014,1.375271718744371,254.89635615043576,3,515.7927123008715,True,268,57.22175979614258
mem_short,19,double_blip,mixed,0.0013092005544113857,2.1123815263298407,3.4867035340925,0.010000000000000004,0.0,0.8593649755411173,3.146304462938846,252.57314202668474,4,513.1462840533695,True,100,53.47281622886658
mem_short,19,double_blip,mixed_leaky,0.0013095465718825996,138.629436111989,3.485781045396936,0.010000000000000004,0.005000000000000002,0.8512118609421614,3.1460570709317586,252.5735841826744,5,515.1471683653488,True,588,83.08586406707764
mem_short,21,blip_train,level,0.0,1.6076161717269166,6.121396640618328,0.0,0.0,1.0603534391989944,2.7647363861632512,400.8211620100055,3,807.642324020011,True,68,14.971550703048706
mem_short,21,blip_train,transient,1.0,1.2574671485488438,0.0,6.068167975511434,0.0,1.3172130896869976,2.623667603757903,391.43422881934924,3,788.8684576386985,True,76,16.311441659927368
mem_short,21,blip_train,mixed,0.4624027117161123,1.2452689432524566,2.5090217317139656,4.7214736713503545,0.0,1.3503842228910594,2.6276241235765476,388.55699593270424,4,785.1139918654085,True,220,42.172449350357056
mem_short,21,blip_train,mixed_leaky,0.46703193213565164,2.55648454813047,2.454087755775584,4.704845006018487,0.27113294350510997,0.9235057033145389,2.6895793900862133,388.55343340037507,5,787.1068668007501,True,138,32.71939969062805
mem_short,20,blip_combo,level,0.0,0.9305952944900436,3.5002985346887163,0.0,0.0,1.3408588290031245,2.282246528212499,234.08192402795044,3,474.16384805590087,True,128,26.606634855270386
mem_short,20,blip_combo,transient,1.0,0.6425661402780874,0.0,3.930687345924478,0.0,1.712614153850963,1.9728624076854389,232.71705096475628,3,471.43410192951256,True,144,23.783248901367188
mem_short,20,blip_combo,mixed,0.6194677970941496,0.7527725053370578,0.9422745966813667,3.355943562688779,0.0,1.582007527915682,2.107203655931559,232.6651329044561,4,473.3302658089122,True,335,44.64016151428223
mem_short,20,blip_combo,mixed_leaky,0.6195586834108492,115.52605626040493,0.9423613351482116,3.3575468198046505,0.005999920736474691,1.5800808919183575,2.1021182720860776,232.66526592894851,5,475.33053185789703,True,30,46.10846304893494
mem_short,20,blip_train,level,0.0,46.08360048763725,7.278168423847228,0.0,0.0,0.33985731475383535,9.355737483104598,211.83527295362248,3,429.67054590724496,True,140,25.698485851287842
mem_short,20,blip_train,transient,1.0,27.28332244090173,0.0,4.529168191323717,0.0,0.3499860757303572,7.939116162274645,211.3577982534184,3,428.7155965068368,True,132,26.162149906158447
mem_short,20,blip_train,mixed,0.9904290189064153,27.26820470643673,0.020000145783763065,4.528036362345145,0.0,0.350717288880402,7.94166179369481,211.34966171996194,4,430.6993234399239,True,70,8.722317934036255
mem_short,20,blip_train,mixed_leaky,0.9886564476754974,4.00419463333705,0.023646277202934624,4.5088828048655865,0.1731052668591897,-0.9814467248027363,11.015033674874807,210.99932974854104,5,431.9986594970821,True,546,107.0776937007904
mem_short,21,double_blip,level,0.0,3.9813145010278648,6.286419462071488,0.0,0.0,0.7416423330708736,4.2661505819441246,355.3710243139989,3,716.7420486279977,True,96,15.414531946182251
mem_short,21,double_blip,transient,1.0,1.5285360861625794,0.0,6.3273856192095215,0.0,1.2815673239269716,3.0444941401808427,336.6673995884368,3,679.3347991768736,True,108,17.06046748161316
mem_short,21,double_blip,mixed,0.7702462890317252,1.6006904849209405,0.7977634368166644,5.851282333534063,0.0,1.2618735212782108,3.1103411585392737,336.405382222015,4,680.81076444403,True,305,33.09053158760071
mem_short,21,double_blip,mixed_leaky,0.7736666888519937,12.737505157565785,0.7824476314652766,5.851544981544031,0.05441781353456268,1.1690166552627461,3.1185649106869047,336.40468929188734,5,682.8093785837747,True,498,85.90187883377075
mem_short,22,double_blip,level,0.0,4.160932250638732,4.831329183046263,0.0,0.0,0.5653647550323261,3.388214164258252,478.45642309375415,3,962.9128461875083,True,72,14.467676401138306
mem_short,22,double_blip,transient,1.0,2.3721760864868613,0.0,4.708580363426174,0.0,0.8143298859756483,2.854853587037051,472.89265436963933,3,951.7853087392787,True,68,15.498652458190918
mem_short,22,double_blip,mixed,0.6985976119948373,2.5519770027509248,0.8462257739075614,4.291177736718827,0.0,0.7955143594845141,2.929949755056439,472.79724356989226,4,953.5944871397845,True,405,41.76101565361023
mem_short,22,double_blip,mixed_leaky,0.7273199956215284,2.5765730289410085,0.7421910298522019,4.331095726783241,0.26901903139335204,0.35254317996784856,2.9671392678922768,472.7914850740709,5,955.5829701481418,True,222,43.87647247314453
mem_short,21,roving_ramp,level,0.0,0.6903575538528567,2.8847590195486474,0.0,0.0,1.6362445174912879,2.128749310823422,347.48677772983234,3,700.9735554596647,True,112,18.723020315170288
mem_short,21,roving_ramp,transient,1.0,2.4574053436400605,0.0,5.640063084748619,0.0,0.9477988598324601,3.406699910903038,324.00894237871563,3,654.0178847574313,True,116,17.55913472175598
mem_short,21,roving_ramp,mixed,0.5960777525159867,1.631558618554064,1.4957598834705486,4.829218618531391,0.0,1.2419999629700538,3.1814631649481666,317.2300300268468,4,642.4600600536936,True,220,45.58883094787598
mem_short,21,roving_ramp,mixed_leaky,0.5959856084257474,138.629436111989,1.4957319111917713,4.827280585704264,0.005000000000000002,1.233498812702648,3.1815225242522014,317.2308963761342,5,644.4617927522684,True,312,90.7448627948761
mem_short,19,blip_train,level,0.0,4.437790458607178,2.2193752495111694,0.0,0.0,0.5528102199511412,4.26142414922208,211.2130135931998,3,428.4260271863996,True,96,22.39258885383606
mem_short,19,blip_train,transient,1.0,3.1258454073710453,0.0,1.685908649077507,0.0,0.6770317234778959,3.756721510995435,211.19375476040292,3,428.38750952080585,True,204,21.84828758239746
mem_short,19,blip_train,mixed,0.25851017789756375,3.5630917118762997,1.3117760738533122,1.0005573903415395,0.0,0.643512423783936,3.9577293080734655,210.97452725522285,4,429.9490545104457,True,260,52.71353888511658
mem_short,19,blip_train,mixed_leaky,0.39398505860396216,1.0373139519352281,0.993355015325609,1.4128978211336105,0.6682134943493238,-1.7853226414764733,5.333148569159594,210.82797815793194,5,431.6559563158639,True,1038,185.59259676933289
mem_short,20,double_blip,level,0.0,5.775472388449382,4.785410010875677,0.0,0.0,0.5492368073267518,4.533998491699501,265.7180481868847,3,537.4360963737694,True,104,18.96241784095764
mem_short,20,double_blip,transient,1.0,1.561183545658058,0.0,5.059855988641492,0.0,1.1334564179930875,2.8257537886626345,262.0295703385369,3,530.0591406770739,True,136,21.96519136428833
mem_short,20,double_blip,mixed,0.9956883412879337,1.5647622362677711,0.010000000000000004,5.052297215613204,0.0,1.1321914772255461,2.828315750954594,262.03061996811664,4,532.0612399362333,True,380,40.70423340797424
mem_short,20,double_blip,mixed_leaky,0.996031835614543,0.581469237932399,0.010000000000000004,5.49153064145937,1.1920616523492338,-3.1968557789509173,4.856937462990458,261.4985337504365,5,532.997067500873,True,858,154.1949028968811
mem_short,19,blip_combo,level,0.0,18.255194215364682,3.0000506368239526,0.0,0.0,0.25856799227011007,5.853377445448049,335.1699876914019,3,676.3399753828038,True,180,30.81680464744568
mem_short,19,blip_combo,transient,1.0,12.38092880392514,0.0,1.8845653411152,0.0,0.2957493874821014,5.216362205306691,335.93093711977417,3,677.8618742395483,True,164,32.13301992416382
mem_short,19,blip_combo,mixed,0.003071910601596586,18.171504648170927,2.9757341939281208,0.020060821877852446,0.0,0.25922549507389064,5.846462044844719,335.1580280019626,4,678.3160560039252,True,60,7.860728025436401
mem_short,19,blip_combo,mixed_leaky,0.22698865293736772,1.2769196229415123,2.1645477664569985,1.390577823393377,0.5428275735658376,-3.720571915285832,9.600167579328795,333.1377282491107,5,676.2754564982214,True,948,211.6581928730011
mem_short,21,blip_combo,level,0.0,1.0832418657799636,5.655963552986081,0.0,0.0,1.2698571640622387,2.349839576516122,386.35471641152407,3,778.7094328230481,True,92,19.629138231277466
mem_short,21,blip_combo,transient,1.0,0.8453551170842382,0.0,7.343233957287258,0.0,1.6860984547832116,2.290153459322516,361.87363241472474,3,729.7472648294495,True,120,21.665820598602295
mem_short,21,blip_combo,mixed,0.9674910083857489,0.8466514987630096,0.11180652355345942,7.279816451243966,0.0,1.685693303213996,2.291627865774539,361.8693936728308,4,731.7387873456616,True,315,36.07747220993042
mem_short,21,blip_combo,mixed_leaky,0.9656889795651366,0.5125577193992046,0.1226756824071869,7.553912844256627,1.3523299997752818,-0.4370729830699726,2.5658054090368903,361.6311590158647,5,733.2623180317294,True,534,74.16328120231628
mem_short,22,blip_train,level,0.0,0.5043855648008239,8.596845748626514,0.0,0.0,1.9265549666233277,1.6594499780257845,439.4386693155857,3,884.8773386311714,True,164,32.35149526596069
mem_short,22,blip_train,transient,1.0,0.42230537554619224,0.0,6.817797932073032,0.0,2.1380293799281285,1.545811254339087,439.9400533169658,3,885.8801066339316,True,96,25.59509038925171
mem_short,22,blip_train,mixed,0.24465661068639888,0.48561817110080124,5.544347280691251,3.9289164555145017,0.0,2.051809057914482,1.6441567948062463,436.78304866410303,4,881.5660973282061,True,260,56.759676456451416
mem_short,22,blip_train,mixed_leaky,0.24625750474274083,2.2293166899995036,5.455081396092783,3.8992183447397966,0.3109236043803627,1.7422587129905072,1.657688299767948,436.7671195296344,5,883.5342390592688,True,186,50.29254603385925
mem_short,23,roving_ramp,level,0.0,0.28143038071690013,5.257783104381016,0.0,0.0,3.078935607678231,1.6360961772882623,197.3816998493194,3,400.7633996986388,True,196,20.87064027786255
mem_short,23,roving_ramp,transient,1.0,1.2391793269849538,0.0,6.916567889514804,0.0,1.6274655930035664,3.2594933354051223,164.24648466461753,3,334.49296932923505,True,116,18.742780447006226
mem_short,23,roving_ramp,mixed,0.633347161774407,1.1073458172267814,1.6173227781508464,6.112140475040842,0.0,1.811512438001768,3.283466745883107,162.2559259731267,4,332.5118519462534,True,210,44.00681948661804
mem_short,23,roving_ramp,mixed_leaky,0.6332473388340286,138.629436111989,1.6176921795582433,6.110909217880961,0.005000000000000002,1.802531385017412,3.2842698595610194,162.26010114680997,5,334.52020229361995,True,366,71.21705842018127
mem_short,22,roving_ramp,level,0.0,1.831477033839262,7.692635604923355,0.0,0.0,0.9845026472760636,2.6834086385889493,620.1350200129642,3,1246.2700400259284,True,128,22.200933694839478
mem_short,22,roving_ramp,transient,1.0,1.4372808978811964,0.0,5.69619275923863,0.0,1.0407415511198177,2.252386486132995,639.5054494271109,3,1285.0108988542218,True,88,21.541720628738403
mem_short,22,roving_ramp,mixed,0.13504719836865264,1.6852261785741807,6.7530784382117615,2.306772735934739,0.0,1.0967416291578274,2.6000938360998385,617.6670240146652,4,1243.3340480293305,True,245,47.654441356658936
mem_short,22,roving_ramp,mixed_leaky,0.147138685538395,0.6228877274589235,6.980372309344142,2.634734692677877,1.1127963355252573,-1.0227612168087021,3.029860946288459,617.1808805915882,5,1244.3617611831764,True,738,128.0251224040985
mem_short,24,roving_ramp,level,0.0,0.624393517883285,5.376771232123459,0.0,0.0,1.7499189235604566,1.9653882480614806,399.4137795344597,3,804.8275590689194,True,116,21.220301151275635
mem_short,24,roving_ramp,transient,1.0,0.9303514571028323,0.0,8.273906972144006,0.0,1.5772010670769798,2.2396049507995763,390.26475184584217,3,786.5295036916843,True,88,16.436130046844482
mem_short,24,roving_ramp,mixed,0.4524867225345051,1.0517776163688186,3.3621034375259633,6.07899941644998,0.0,1.5816439187107052,2.518109257195096,379.94520180659396,4,767.8904036131879,True,255,44.956483364105225
mem_short,24,roving_ramp,mixed_leaky,0.45243113473124114,115.53958329275302,3.361788993842465,6.077067148917566,0.005999218283518091,1.5731990585061049,2.5186917579182277,379.9456009791563,5,769.8912019583126,True,84,32.15466046333313
mem_short,23,blip_train,level,0.0,0.8793518336481888,8.761411622728428,0.0,0.0,1.9456776772437474,2.9172579925617588,98.0610922299297,3,202.1221844598594,True,172,18.39022994041443
mem_short,23,blip_train,transient,1.0,0.2500037625601553,0.0,0.010000000000000004,0.0,30.0,15.0,116.65660750848065,3,239.3132150169613,True,8,1.8431224822998047
mem_short,23,blip_train,mixed,0.0010447029442428304,0.8791590948617064,8.743799474401825,0.02000584041452337,0.0,1.9462156399827102,2.916990410299808,98.05543732181465,4,204.1108746436293,True,40,4.722766399383545
mem_short,23,blip_train,mixed_leaky,0.09492058644700599,138.629436111989,7.2870557402197464,1.671997654746602,0.005000000000000002,2.0304344797145917,2.839636083896123,97.81718640956672,5,205.63437281913343,True,342,141.0876657962799
mem_short,23,blip_combo,level,0.0,4.86402004801643,7.396238632516855,0.0,0.0,0.8720045249263534,6.1266117384148036,176.46630095218148,3,358.93260190436297,True,124,13.037530183792114
mem_short,23,blip_combo,transient,1.0,0.6905846696908097,0.0,8.49570705989453,0.0,2.341487902311865,2.7042002459827525,160.25607153003745,3,326.5121430600749,True,80,8.974506616592407
mem_short,23,blip_combo,mixed,0.9974286052921689,0.6912625607933786,0.010000000000000004,8.486388701988863,0.0,2.340167531241519,2.70515820022557,160.26405022129578,4,328.52810044259155,True,300,40.726322650909424
mem_short,23,blip_combo,mixed_leaky,0.997490074405202,0.8362079585575827,0.010000000000000004,8.694759665496681,0.828917225035253,0.9357866362057948,2.9017986947934507,160.19709944931802,5,330.39419889863603,True,450,108.53039455413818
mem_short,24,blip_combo,level,0.0,1.5626490772977102,5.878936382087433,0.0,0.0,1.0923414605954278,2.812190765993148,265.7014974122308,3,537.4029948244616,True,140,26.31665301322937
mem_short,24,blip_combo,transient,1.0,0.9052290951433721,0.0,7.09053482907203,0.0,1.6073430612167738,2.330431040205502,257.54885614687197,3,521.0977122937439,True,100,18.728635787963867
mem_short,24,blip_combo,mixed,0.9969225568747093,0.9052345765772499,0.010000000000000004,7.0873068079026496,0.0,1.6075880764175092,2.3305597102452884,257.54940291264893,4,523.0988058252979,True,350,38.89407992362976
mem_short,24,blip_combo,mixed_leaky,0.9969208300544518,115.53143264680158,0.010000000000000004,7.083319926778209,0.005999641523350699,1.5993940147672712,2.3310825847761496,257.54947985576024,5,525.0989597115205,True,72,44.30655646324158
mem_short,24,double_blip,level,0.0,4.157481927278176,6.563182341687908,0.0,0.0,0.7355483109706993,4.328886802606971,230.0287710575404,3,466.0575421150808,True,76,21.625627756118774
mem_short,24,double_blip,transient,1.0,1.1924796186738864,0.0,8.097192380609957,0.0,1.5180061436133887,2.7484689163509954,218.84717143310812,3,443.69434286621623,True,112,19.156246662139893
mem_short,24,double_blip,mixed,0.6784852832672916,1.2090291384102247,1.594023166020695,7.359427824202752,0.0,1.5324884760915727,2.7759506155145335,218.55640957135674,4,445.1128191427135,True,235,25.170154809951782
mem_short,24,double_blip,mixed_leaky,0.713835120959774,0.6233207222878574,1.457583991417954,7.95472217219511,1.11202332246519,-1.9610658083015557,4.351222180956509,218.1638437080093,5,446.3276874160186,True,726,94.81934714317322
mem_short,23,double_blip,level,0.0,1.7946000890835738,5.478103996888005,0.0,0.0,1.1228487437625463,3.3862277897489244,213.61544066916363,3,433.23088133832726,True,84,21.520602703094482
mem_short,23,double_blip,transient,1.0,0.8616408838738154,0.0,6.0177821300264664,0.0,1.7626687120318705,2.5693538245509036,204.9544397115026,3,415.9088794230052,True,200,31.765233039855957
mem_short,23,double_blip,mixed,0.47228319097488625,0.8465296451744158,2.5384872895867767,4.97034346532449,0.0,1.8469007391000298,2.6062242030211125,201.8736909183444,4,411.7473818366888,True,270,52.78821849822998
mem_short,23,double_blip,mixed_leaky,0.47201723751231883,0.6425666577335045,2.6704820970312704,5.223211744045323,1.0787163825226336,-0.022047854260653366,2.8954258319831774,201.6152770692822,5,413.2305541385644,True,420,108.04056906700134
mem_short,25,blip_train,level,0.0,5.483700251456203,7.914722015169382,0.0,0.0,0.6573496760952428,4.366719997631481,352.5568418176596,3,711.1136836353191,True,128,25.739195108413696
mem_short,25,blip_train,transient,1.0,3.2105995199215225,0.0,5.445967413152182,0.0,0.8037456189830149,3.5821298374177846,352.8015949793618,3,711.6031899587236,True,92,17.49656844139099
mem_short,25,blip_train,mixed,0.23803295145200926,3.7607697035417194,4.7808070291225135,3.267472580224596,0.0,0.8199398453653899,3.879979540506294,349.3294170159788,4,706.6588340319576,True,210,42.21264290809631
mem_short,25,blip_train,mixed_leaky,0.23829955181368329,138.629436111989,4.775152419570076,3.26840675450088,0.005000000000000002,0.8095034809123673,3.880813075367276,349.33141686883584,5,708.6628337376717,True,564,72.9391040802002
mem_short,24,blip_train,level,0.0,5.1940640392191435,8.155307751392408,0.0,0.0,0.7357413972582261,4.8685771306344465,223.26654249963207,3,452.53308499926413,True,124,24.931390047073364
mem_short,24,blip_train,transient,1.0,2.6006838844334093,0.0,7.482605200443383,0.0,1.0676496968369147,3.7960089380509734,216.84829900832563,3,439.69659801665125,True,116,19.35926079750061
mem_short,24,blip_train,mixed,0.4876021024019483,2.945820093724703,2.919981160494673,6.079223722256891,0.0,1.0554964431331009,4.038096438438172,216.00946690425565,4,440.0189338085113,True,350,55.45635151863098
mem_short,24,blip_train,mixed_leaky,0.4873996936541274,138.629436111989,2.9210115809773716,6.076444222383779,0.005000000000000002,1.0447115868405403,4.039017809555859,216.01122823516224,5,442.02245647032447,True,330,86.83147931098938
mem_short,25,double_blip,level,0.0,3.967504529469025,7.389481561215735,0.0,0.0,0.7294381115137913,3.8678707889844137,357.49641638115804,3,720.9928327623161,True,84,21.835659980773926
mem_short,25,double_blip,transient,1.0,2.062384895099071,0.0,6.9928738158485615,0.0,1.067030750491898,3.0989486244568822,347.7102129874073,3,701.4204259748146,True,84,15.843937873840332
mem_short,25,double_blip,mixed,0.5663618819612495,2.476370756069186,2.032187646020016,5.806844797342931,0.0,1.0021289454051827,3.3351691412365425,347.1125197646867,4,702.2250395293734,True,230,42.43457055091858
mem_short,25,double_blip,mixed_leaky,0.5668396020153869,138.629436111989,2.028879521386511,5.808681250714211,0.005000000000000002,0.9937929283321937,3.334120664644692,347.1143993304662,5,704.2287986609324,True,600,96.15145325660706
mem_short,25,roving_ramp,level,0.0,0.9352045678713343,5.236265980962741,0.0,0.0,1.376441157807005,2.253770762396819,497.6569308944873,3,1001.3138617889746,True,64,14.239829063415527
mem_short,25,roving_ramp,transient,1.0,1.725822490841254,0.0,8.732095015428863,0.0,1.1987613037339475,2.7768720109313043,475.57135779455007,3,957.1427155891001,True,112,17.84759259223938
mem_short,25,roving_ramp,mixed,0.49790732059364023,1.5886582670780809,3.292084216017688,7.142420338066,0.0,1.3609711425250217,2.9570642772862934,460.2361041687162,4,928.4722083374324,True,265,52.70574235916138
mem_short,25,roving_ramp,mixed_leaky,0.4914441953553669,0.9760270486064958,3.4245337284838273,7.240138739798455,0.7101721018383385,-0.13668597760477302,3.388589186949813,460.02347438603726,5,930.0469487720745,True,648,110.37511706352234
mem_short,25,blip_combo,level,0.0,0.6326583985007352,9.547103237913257,0.0,0.0,1.7793522740551597,1.8558390028343845,422.4387916384564,3,850.8775832769128,True,116,28.609031200408936
mem_short,25,blip_combo,transient,1.0,0.7092886572061406,0.0,8.806287201774516,0.0,1.8025138466990818,1.9929728967818223,412.76122083558744,3,831.5224416711749,True,76,15.709851264953613
mem_short,25,blip_combo,mixed,0.4545140001877794,0.7185009121459768,3.8465548669105485,7.0120569465027565,0.0,1.8463435072675085,2.017234407445987,410.29521805104457,4,828.5904361020891,True,230,27.5674467086792
mem_short,25,blip_combo,mixed_leaky,0.4542753423278328,138.629436111989,3.8493585413608242,7.010416133646622,0.005000000000000002,1.840987739474901,2.0171911203856094,410.29584428446776,5,830.5916885689355,True,456,76.94056534767151
mem_short,27,roving_ramp,level,0.0,0.5130534540265517,3.6166174176123898,0.0,0.0,1.977318864095372,1.9074097312249683,352.5449550760849,3,711.0899101521698,True,136,21.668095588684082
mem_short,27,roving_ramp,transient,1.0,1.1851840011278505,0.0,4.642930035392715,0.0,1.2530912814936204,2.4733908179522053,352.9360626347686,3,711.8721252695372,False,192,25.251749992370605
mem_short,27,roving_ramp,mixed,0.38892972009884846,0.9715137386566546,2.572967263396553,3.582812462876613,0.0,1.5860927941214393,2.603788706590999,333.7908011612369,4,675.5816023224738,True,230,48.43295955657959
mem_short,27,roving_ramp,mixed_leaky,0.3887018999693569,11.71889175506958,2.5699238134002877,3.575145428459327,0.059147843929874225,1.5009988015254574,2.6083434286580442,333.79071386954257,5,677.5814277390851,True,144,38.33192420005798
mem_short,22,blip_combo,level,0.0,1.1644798558089042,8.588011287071245,0.0,0.0,1.2731610425727231,2.3101339718304463,421.8695557556167,3,849.7391115112334,True,160,35.84707832336426
mem_short,22,blip_combo,transient,1.0,0.8577017830433817,0.0,7.2862983648358925,0.0,1.5185568177159217,2.040610010887314,421.0664248129842,3,848.1328496259684,True,72,18.897334575653076
mem_short,22,blip_combo,mixed,0.2814050451942809,0.9401260226082785,5.374422571764346,4.604573106306262,0.0,1.520394232431821,2.136893962329898,417.73419416768894,4,843.4683883353779,True,310,33.32835268974304
mem_short,22,blip_combo,mixed_leaky,0.28891638377174456,0.33481832286781454,5.742620981765981,5.104714972879735,2.07021878200375,-3.9042215736385155,3.5396091635389677,417.10625138760537,5,844.2125027752107,True,1266,240.75692510604858
mem_short,26,double_blip,level,0.0,2.2599962783204286,8.726769452641442,0.0,0.0,1.0234641482188416,3.3342884930244088,291.7588816918549,3,589.5177633837098,True,140,21.67265295982361
mem_short,26,double_blip,transient,1.0,1.229795506325209,0.0,7.228810159277762,0.0,1.381330751273514,2.5947447184783,293.01175952928554,3,592.0235190585711,True,72,19.80742383003235
mem_short,26,double_blip,mixed,0.254195202106529,1.5492982853130057,5.9332588617210344,4.4243076552787715,0.0,1.3411468354382998,2.9346309621894537,286.45977654487166,4,580.9195530897433,True,360,63.96996569633484
mem_short,26,double_blip,mixed_leaky,0.25913801272229964,0.895261293802623,6.050079610118941,4.629826831276072,0.7742400853898219,-0.11677077462647396,3.1787231544003536,286.27694054458436,5,582.5538810891687,True,462,65.81448006629944
mem_short,26,roving_ramp,level,0.0,0.6269422123272022,5.952329414005639,0.0,0.0,1.7903716965585468,2.000499773307217,414.01752957799573,3,834.0350591559915,True,116,19.665687084197998
mem_short,26,roving_ramp,transient,1.0,1.5024035335468506,0.0,11.993406622721599,0.0,1.4942909291123418,2.8629444531089807,385.2141402319209,3,776.4282804638418,True,120,17.332974433898926
mem_short,26,roving_ramp,mixed,0.5767290779806065,1.3727434754198053,3.36763850556318,10.038960082228845,0.0,1.6643726283150595,3.0223091637136013,371.1211713160826,4,750.2423426321652,True,220,39.60514211654663
mem_short,26,roving_ramp,mixed_leaky,0.5560355822570022,0.6509524266342455,4.039862281499098,11.06957192943572,1.0648200270853403,-2.4920835394663543,5.311384639048296,368.08968852459464,5,746.1793770491893,True,564,121.42372822761536
mem_short,28,roving_ramp,level,0.0,0.6395759373261691,5.129519890710545,0.0,0.0,1.6861785919060546,1.9420014444822162,531.3466994235205,3,1068.693398847041,True,76,15.435211896896362
mem_short,28,roving_ramp,transient,1.0,0.988742360991731,0.0,6.2740019301890495,0.0,1.3466235797697048,2.102762585137406,549.7275339888025,3,1105.455067977605,True,128,20.088987350463867
mem_short,28,roving_ramp,mixed,0.30873226211441873,0.8806209829015695,3.9519717067635027,3.86152988035407,0.0,1.5789025262333696,2.2458181005349815,517.7380095915795,4,1043.476019183159,True,210,39.32461142539978
mem_short,28,roving_ramp,mixed_leaky,0.3087833030751279,138.629436111989,3.950650181748011,3.861161885827878,0.005000000000000002,1.5725526980268532,2.246121902762175,517.7386614665987,5,1045.4773229331975,True,516,69.17804598808289
mem_short,28,blip_combo,level,0.0,0.706580060328461,7.738804661535725,0.0,0.0,1.7366744837361052,2.0960561075560022,266.12908173259103,3,538.2581634651821,True,152,25.956783294677734
mem_short,28,blip_combo,transient,1.0,0.48748245565065845,0.0,8.30476386279156,0.0,2.2782686369244423,1.8556587073295878,258.4910168450977,3,522.9820336901954,True,120,22.433232069015503
mem_short,28,blip_combo,mixed,0.5529894081674974,0.49773421912917115,2.5755272274130507,6.9706775095911375,0.0,2.2869733223320163,1.8793471740820868,257.77567831307056,4,523.5513566261411,True,255,32.852840185165405
mem_short,28,blip_combo,mixed_leaky,0.5544984500095981,2.317332900310891,2.5368422297181645,6.908033295692123,0.29911420170444797,1.955288709610798,1.892202865564053,257.77434913973934,5,525.5486982794787,True,180,42.824968338012695
mem_short,26,blip_train,level,0.0,2.2497892273847926,9.86945292132504,0.0,0.0,1.0855844633456557,3.430365321618291,294.14683180481904,3,594.2936636096381,True,120,22.225663423538208
mem_short,26,blip_train,transient,1.0,0.942767661320215,0.0,9.119919846096318,0.0,1.7095407472069126,2.4470024511224837,289.1685221284347,3,584.3370442568694,False,204,31.74012780189514
mem_short,26,blip_train,mixed,0.34357744680303676,1.3567500196468492,5.195901946823748,5.949931244976222,0.0,1.5026751254735589,2.886831787713928,285.08021804551413,4,578.1604360910283,True,330,56.30827498435974
mem_short,26,blip_train,mixed_leaky,0.35418534694368886,0.9669512757207895,5.139435663736072,6.166631196170398,0.716837753839516,0.1293036788416691,3.1741728618076994,284.9400677233333,5,579.8801354466666,True,672,130.55587363243103
mem_short,27,blip_train,level,0.0,3.3200261866740908,6.408258509228013,0.0,0.0,0.8675352997715976,4.3669933575597355,218.4147871807182,3,442.8295743614364,True,76,17.600173473358154
mem_short,27,blip_train,transient,1.0,1.086979454955186,0.0,4.952430146921745,0.0,1.465737671069608,2.700350972807845,222.13833092897735,3,450.2766618579547,True,84,18.253952026367188
mem_short,27,blip_train,mixed,0.19641653065735182,1.9390690235166337,4.189984029318496,2.2406254034173836,0.0,1.14781100827708,3.5268991278774293,216.96206669980361,4,441.92413339960723,True,190,44.60058093070984
mem_short,27,blip_train,mixed_leaky,0.25538465565337004,0.9591788617454703,3.8157682578761607,2.863219582717995,0.7226464304046353,-2.08414444068238,6.021250117799699,216.5036007488138,5,443.0072014976276,True,696,127.79049754142761
mem_short,29,blip_combo,level,0.0,2.5303644291086207,5.921433766335822,0.0,0.0,1.1235902245754859,4.704819099286205,142.23800320244152,3,290.47600640488304,True,92,10.020618438720703
mem_short,29,blip_combo,transient,1.0,0.2500037625601553,0.0,0.010000000000000004,0.0,30.0,15.0,182.2957364470516,3,370.5914728941032,True,8,1.7925615310668945
mem_short,29,blip_combo,mixed,0.4532765345084233,1.4746038793423202,2.3306431975812147,4.2274760962014595,0.0,1.618432425114315,3.9850776533165186,132.09418360779603,4,272.18836721559205,True,230,22.727704524993896
mem_short,29,blip_combo,mixed_leaky,0.45360824301135233,138.629436111989,2.32731893235216,4.227100253131602,0.005000000000000002,1.607517327810754,3.9847929754157394,132.10692108474902,5,274.21384216949804,True,246,73.5083372592926
mem_short,29,roving_ramp,level,0.0,0.25000272907029897,0.010000000000000004,0.0,0.0,30.0,15.0,323.00649124623425,3,652.0129824924685,True,8,1.7032315731048584
mem_short,29,roving_ramp,transient,1.0,1.1673875695314493,0.0,5.0483044195075895,0.0,1.4450794527903374,2.84176757850933,223.87668498986054,3,453.75336997972107,True,80,14.57323169708252
mem_short,29,roving_ramp,mixed,0.4130923617494477,1.085892447582201,2.9102581568025303,4.481452160436964,0.0,1.9508503635845864,3.5904079496850505,203.4213569894275,4,414.842713978855,True,220,20.974392890930176
mem_short,29,roving_ramp,mixed_leaky,0.3846020688291002,0.8631967129316137,3.4826433110576147,4.761835925988789,0.8030002549544689,-1.217183855539711,5.708053910019653,201.67590498122226,5,413.3518099624445,True,474,102.67225456237793
mem_short,29,blip_train,level,0.0,4.444118421504526,5.699079659297417,0.0,0.0,0.8630382673784545,6.012021500573811,134.5723874392561,3,275.1447748785122,True,76,8.553010940551758
mem_short,29,blip_train,transient,1.0,0.2500037625601553,0.0,0.010000000000000004,0.0,30.0,15.0,172.97257741428447,3,351.94515482856895,True,8,1.8385047912597656
mem_short,29,blip_train,mixed,0.22367985635862372,2.2872945673665757,4.267707591864091,2.6902368786068815,0.0,1.371134615432613,5.077379224285566,132.58618968052198,4,273.17237936104397,True,330,32.07873249053955
mem_short,29,blip_train,mixed_leaky,0.26876393627510414,138.629436111989,3.2409054904878554,2.6060911648140848,0.005000000000000002,1.1776239352265638,4.9255195601951804,131.96322922727902,5,273.92645845455803,True,264,72.35913443565369
mem_short,28,double_blip,level,0.0,2.5948567691877447,5.293599362328609,0.0,0.0,0.8180042693625419,3.345532766441409,324.11856386470924,3,654.2371277294185,True,72,18.047446489334106
mem_short,28,double_blip,transient,1.0,1.284841943018956,0.0,5.725800115155469,0.0,1.2741810770196902,2.6099276009571666,319.29603541116643,3,644.5920708223329,True,76,15.48477053642273
mem_short,28,double_blip,mixed,0.4847958896701167,1.3776069123383807,2.21705608003679,4.564215430601328,0.0,1.2593188167862592,2.701870313353131,318.3652861420638,4,644.7305722841276,True,245,52.24126648902893
mem_short,28,double_blip,mixed_leaky,0.48483450992576693,138.629436111989,2.2163473400369833,4.563461924202783,0.005000000000000002,1.2520198129827163,2.7020931527495584,318.36642277294783,5,646.7328455458957,True,492,101.80621290206909
mem_short,27,double_blip,level,0.0,1.3615670493452912,3.878260859909428,0.0,0.0,1.153487635014175,2.795243950887657,223.3405581774096,3,452.6811163548192,True,48,15.98550033569336
mem_short,27,double_blip,transient,1.0,0.7654282469406093,0.0,5.066592948930544,0.0,1.7427692980237226,2.317735732478202,214.38914343245617,3,434.77828686491233,True,160,29.564594268798828
mem_short,27,double_blip,mixed,0.7176009923471477,0.8202674257802658,0.8136453108845664,4.523398364271051,0.0,1.687440585652295,2.389542866692124,214.09833325174154,4,436.1966665034831,True,225,53.610697746276855
mem_short,27,double_blip,mixed_leaky,0.7129757447467252,0.4436726920975342,0.8916268576251166,4.845617677514331,1.5622939903805668,-1.363606506773033,2.9945117502204246,213.78340859250955,5,437.5668171850191,True,774,144.68748831748962
mem_short,28,blip_train,level,0.0,1.182878070016695,7.462177085451459,0.0,0.0,1.3374112020828206,2.585857100371226,278.5905277387695,3,563.181055477539,True,88,19.79711604118347
mem_short,28,blip_train,transient,1.0,0.6709462308884935,0.0,6.78753670928601,0.0,1.8424714894352874,2.061165499891235,277.61731823113087,3,561.2346364622617,True,80,26.28215193748474
mem_short,28,blip_train,mixed,0.2998792863406173,0.929340075081431,4.346619742339079,4.073193447703907,0.0,1.6099220611886447,2.3859356440672514,274.6744221159391,4,557.3488442318782,True,300,60.82726979255676
mem_short,28,blip_train,mixed_leaky,0.2998769536067555,138.629436111989,4.345483237070908,4.0720831903669445,0.005000000000000002,1.603435504357625,2.385873753275733,274.6752331091395,5,559.350466218279,True,468,89.7659342288971
mem_short,26,blip_combo,level,0.0,4.26481370214022,6.730837593241902,0.0,0.0,0.6657636652162365,3.7985750893074903,401.84433397639776,3,809.6886679527955,True,156,27.937683582305908
mem_short,26,blip_combo,transient,1.0,2.6574318215518025,0.0,6.859361282987666,0.0,0.9374547745870815,3.336428623885414,389.54442955514673,3,785.0888591102935,True,124,20.15888261795044
mem_short,26,blip_combo,mixed,0.6492766349754067,2.7910126425587127,1.5084200261266134,6.109381017413951,0.0,0.9359943652074877,3.4092614709939992,389.1558778889103,4,786.3117557778206,True,285,33.684075355529785
mem_short,26,blip_combo,mixed_leaky,0.6811222375973385,1.033714457451299,1.3968491131571565,6.527699723495622,0.6705402788589723,-0.686122242988618,3.9049824435096037,388.75880097206783,5,787.5176019441357,True,762,195.23983645439148
mem_short,29,double_blip,level,0.0,2.528435804842987,6.302951062442083,0.0,0.0,1.1155564213657694,4.597426081359,197.44988914103712,3,400.89977828207424,True,84,14.379168510437012
mem_short,29,double_blip,transient,1.0,0.2500037625601553,0.0,0.010000000000000004,0.0,30.0,15.0,276.145352526219,3,558.290705052438,True,8,1.756596565246582
mem_short,29,double_blip,mixed,0.4102661498634255,1.5610713625963413,3.114740986328894,4.740688430175327,0.0,1.6848453248435766,4.273588929759489,181.35053786519518,4,370.70107573039036,True,220,21.0624737739563
mem_short,29,double_blip,mixed_leaky,0.4106086520804723,138.629436111989,3.1123382349447044,4.743741057243682,0.005000000000000002,1.6739936778615658,4.274502986911061,181.35829054452392,5,372.71658108904785,True,426,100.77685117721558
mem_short,27,blip_combo,level,0.0,18.713733483456025,5.642123646198027,0.0,0.0,0.4243751819578501,8.967777314167586,159.2952497358129,3,324.5904994716258,True,184,17.88355278968811
mem_short,27,blip_combo,transient,1.0,0.2500037625601553,0.0,0.010000000000000004,0.0,30.0,15.0,191.70639912586444,3,389.4127982517289,True,8,1.7994449138641357
mem_short,27,blip_combo,mixed,0.5188167362503927,0.5140558780300654,2.3056824041632935,5.438921559801659,0.0,2.388118552167639,2.125151625254609,153.25961825623895,4,314.5192365124779,True,400,39.74905276298523
mem_short,27,blip_combo,mixed_leaky,0.4985925146797293,0.42821643554333794,2.4251355449455763,5.275951621775249,1.6186842050573158,-4.701555777511803,5.239999775399323,152.8161617602802,5,315.6323235205604,True,1086,193.96817898750305
mem_medium,0,roving_ramp,level,0.0,5.801794119796287,2.820449592960831,0.0,0.0,0.5055011113548971,4.7938560517913125,528.8165719390258,3,1063.6331438780517,True,112,16.834078788757324
mem_medium,0,roving_ramp,transient,1.0,15.725881650783581,0.0,4.148816800758993,0.0,0.3476332256659257,5.042157083424762,535.3168377577238,3,1076.6336755154475,True,132,28.46881365776062
mem_medium,0,roving_ramp,mixed,0.39590284696562733,8.833856853560256,2.5294468893720015,3.626746889120493,0.0,0.5977710142953478,6.204683429960038,505.0170916404878,4,1018.0341832809756,True,230,36.759647369384766
mem_medium,0,roving_ramp,mixed_leaky,0.3949480944789097,115.57402141601246,2.5301852275635732,3.613346017242573,0.0059974306688259935,0.5777492355585071,6.206367549953265,505.0165037091393,5,1020.0330074182785,True,102,69.164475440979
mem_medium,0,blip_combo,level,0.0,15.971689942137132,5.442852025548487,0.0,0.0,0.42195205429579946,7.78482178090253,203.97619797107615,3,413.9523959421523,True,108,11.613743782043457
mem_medium,0,blip_combo,transient,1.0,9.587584600040724,0.0,4.947320423727048,0.0,0.5890483278865855,7.011910701744612,197.13559529818912,3,400.27119059637823,True,164,17.142302751541138
mem_medium,0,blip_combo,mixed,0.7188727559672786,9.92247141665155,0.8376037367076405,4.685948835592849,0.0,0.6037392000587315,7.238207882374461,197.0610674706272,4,402.1221349412544,True,245,30.75169610977173
mem_medium,0,blip_combo,mixed_leaky,0.7288612605329982,138.629436111989,0.7981948755228812,4.694313360612072,0.005000000000000002,0.584033183714392,7.2305200749791405,197.0656600034589,5,404.1313200069178,True,390,91.71065831184387
mem_medium,1,double_blip,level,0.0,8.739454715629732,6.018289565111821,0.0,0.0,0.5950399584570467,6.9557335167995324,159.88971199078668,3,325.77942398157336,True,88,9.082993745803833
mem_medium,1,double_blip,transient,1.0,3.2139472880690545,0.0,5.263060763200461,0.0,0.9886524219225766,4.827509560057999,151.81344343972503,3,309.62688687945007,True,132,14.087653160095215
mem_medium,1,double_blip,mixed,0.9958557878752295,3.220493384550141,0.010000000000000004,5.257318898001134,0.0,0.9879049402507214,4.832088075693419,151.81560279420697,4,311.63120558841393,True,125,37.51666736602783
mem_medium,1,double_blip,mixed_leaky,0.9964335658558601,2.803546588944065,0.010168316415979723,6.215456599217288,0.24723940144009307,-2.1181799878147944,15.0,150.41009506093224,5,310.82019012186447,True,486,71.58475422859192
mem_medium,3,roving_ramp,level,0.0,6.0060734413199794,3.629702639614799,0.0,0.0,0.593047977939271,5.695928355605565,496.8705455406042,3,999.7410910812084,True,112,15.715528011322021
mem_medium,3,roving_ramp,transient,1.0,9.996592077609408,0.0,3.253362693513152,0.0,0.36033943249622263,4.2675445405879735,550.607836684412,3,1107.215673368824,True,80,13.461333274841309
mem_medium,3,roving_ramp,mixed,0.22401557723424106,7.040362412643843,3.426614555084702,2.164214573097331,0.0,0.662709066239376,6.375445910030085,485.5777547780469,4,979.1555095560938,True,215,33.09054446220398
mem_medium,3,roving_ramp,mixed_leaky,0.2234985714035974,138.629436111989,3.427649182682388,2.1584336579313925,0.005000000000000002,0.6462783693206868,6.376141384832655,485.59006146681673,5,981.1801229336335,True,342,67.29031920433044
mem_medium,0,double_blip,level,0.0,17.487585999778425,4.749733608260924,0.0,0.0,0.3513634628980847,6.848728983834968,290.74977454114327,3,587.4995490822865,True,96,29.11089253425598
mem_medium,0,double_blip,transient,1.0,12.541765745564504,0.0,3.8472449528753545,0.0,0.43054088155143205,6.442394253951949,286.9201580087831,3,579.8403160175662,True,164,27.004849195480347
mem_medium,0,double_blip,mixed,0.4114696479789755,13.426931312971368,1.9058399665721337,2.915178928447189,0.0,0.4448403321169775,6.735123468806116,285.9440323447375,4,579.888064689475,True,240,45.081106185913086
mem_medium,0,double_blip,mixed_leaky,0.4114920532283008,115.59017695734195,1.9049208484780114,2.914042639653699,0.005996592433764923,0.42340431464306544,6.743106644529181,285.9438825985436,5,581.8877651970872,True,78,101.599356174469
mem_medium,3,double_blip,level,0.0,18.410298996889956,7.041252559877756,0.0,0.0,0.4957380442944908,9.762896235075454,188.7551354407423,3,383.5102708814846,True,136,20.093528747558594
mem_medium,3,double_blip,transient,1.0,0.2500037625601553,0.0,0.010000000000000004,0.0,30.0,15.0,238.55103715834028,3,483.10207431668056,True,8,1.78076171875
mem_medium,3,double_blip,mixed,0.05317197312135169,16.63690095396684,6.030954599759731,0.7409818618388805,0.0,0.5142111572715251,9.424843053793458,188.46680946299747,4,384.93361892599495,True,275,24.834996700286865
mem_medium,3,double_blip,mixed_leaky,0.07053414546750664,25.349135168803805,5.645290682451323,0.937264407065789,0.02734401690409441,0.3667430334230193,9.509940578827841,188.4354374516549,5,386.8708749033098,True,480,84.55873680114746
mem_medium,0,blip_train,level,0.0,10.893390850770864,5.6019751965312965,0.0,0.0,0.4625656757371304,6.080897069814314,272.38059257585263,3,550.7611851517053,False,200,30.949058771133423
mem_medium,0,blip_train,transient,1.0,6.385081675628289,0.0,4.00407130639656,0.0,0.5815454744528288,5.117789633691483,270.2225754337503,3,546.4451508675006,True,160,25.112273454666138
mem_medium,0,blip_train,mixed,0.33637751775415997,7.946867052306285,2.56281316141227,2.842056208226138,0.0,0.5689543442657786,5.6694083558844905,268.86318841219935,4,545.7263768243987,True,310,52.807085037231445
mem_medium,0,blip_train,mixed_leaky,0.3384696939921027,138.629436111989,2.5452842801738043,2.8491557162970182,0.005000000000000002,0.5541585520129022,5.667561130110415,268.8691531532041,5,547.7383063064082,True,210,104.10352563858032
mem_medium,1,roving_ramp,level,0.0,1.5113855776248963,2.199417237130669,0.0,0.0,1.1088007885043158,3.1339281346637495,253.74084500185978,3,513.4816900037196,True,248,25.845582246780396
mem_medium,1,roving_ramp,transient,1.0,17.681247026625037,0.0,5.85198662635906,0.0,0.48399732011608154,7.771964562915528,236.34513116402545,3,478.6902623280509,True,80,16.320868492126465
mem_medium,1,roving_ramp,mixed,0.6751992589892053,9.447110064770666,1.0693126494901477,4.863282484785136,0.0,0.6389105907127455,7.261328622158679,231.5219359891462,4,471.0438719782924,True,270,50.334574937820435
mem_medium,1,roving_ramp,mixed_leaky,0.6706855801849574,23.81934482774182,1.0868687474697152,4.8427847782810804,0.029100178261521847,0.5139067597829989,7.440098671072399,231.51787245422148,5,473.03574490844295,True,366,86.29473543167114
mem_medium,1,blip_combo,level,0.0,23.92314335799511,7.933690038326426,0.0,0.0,0.4556936203255412,9.372000615544815,211.80189036735587,3,429.60378073471173,True,128,21.7343909740448
mem_medium,1,blip_combo,transient,1.0,11.801299478664241,0.0,5.989732453597521,0.0,0.5940162201425984,7.637318260480883,204.410930708743,3,414.821861417486,True,132,24.70715594291687
mem_medium,1,blip_combo,mixed,0.5037738978375027,13.625557043600658,2.246171651699524,4.988946477673624,0.0,0.6023776741559748,8.272560977993557,203.8190269384163,4,415.6380538768326,True,265,26.056827068328857
mem_medium,1,blip_combo,mixed_leaky,0.5101197913651278,138.629436111989,2.1991533186056653,5.010114299253408,0.005000000000000002,0.5782347502796431,8.303353616149327,203.82503156664268,5,417.65006313328536,True,444,97.19217228889465
mem_medium,2,double_blip,level,0.0,23.279503627199603,6.916074363729842,0.0,0.0,0.40661701845826603,8.38649022312931,232.30725114280233,3,470.61450228560466,True,144,22.99376392364502
mem_medium,2,double_blip,transient,1.0,13.75848808099131,0.0,5.310777479330233,0.0,0.4987429834987079,7.125827940711486,228.12261621882465,3,462.2452324376493,True,168,25.618210792541504
mem_medium,2,double_blip,mixed,0.35273071620875684,17.14446498847646,3.34125098988291,3.983613807551939,0.0,0.5262571163972801,8.12564910580494,226.3769943753749,4,460.7539887507498,True,375,36.84339237213135
mem_medium,2,double_blip,mixed_leaky,0.38203601613415816,14.615064111385436,3.0375590234271694,4.108428329920887,0.04742689975748853,0.31480668288862795,8.144593091491451,226.24789667739753,5,462.49579335479507,True,342,80.08178782463074
mem_medium,1,blip_train,level,0.0,13.326155350964488,6.187875373998075,0.0,0.0,0.4984288175593537,7.883360834720509,191.70932456186222,3,389.41864912372444,True,188,18.873514652252197
mem_medium,1,blip_train,transient,1.0,9.037912018119432,0.0,4.610819365879019,0.0,0.5868438420559683,6.844684664233231,188.54956890625587,3,383.09913781251174,True,112,11.945169925689697
mem_medium,1,blip_train,mixed,0.3579692815029247,10.167335707299737,2.8310441540041436,3.45339647628236,0.0,0.6205955897248226,7.563728759257815,187.36268858995746,4,382.7253771799149,True,290,52.814403772354126
mem_medium,1,blip_train,mixed_leaky,0.36212566559622167,138.629436111989,2.7874187268865303,3.462073136736026,0.005000000000000002,0.5988755141046559,7.562404812443073,187.39657263631267,5,384.79314527262534,True,348,92.34248208999634
mem_medium,2,blip_combo,level,0.0,17.81392690463047,6.128900607788343,0.0,0.0,0.3868221711520378,6.63069826253494,329.76519802941186,3,665.5303960588237,True,176,27.080584287643433
mem_medium,2,blip_combo,transient,1.0,10.393973107200978,0.0,4.815950834666282,0.0,0.5000495868791957,5.874864906780119,323.4289573675787,3,652.8579147351574,True,120,25.58220410346985
mem_medium,2,blip_combo,mixed,0.5220587892257759,11.115681480529224,1.7187572969321727,4.107422083399433,0.0,0.5161823198203622,6.101293952887574,322.9559004861592,4,653.9118009723184,True,320,32.808690547943115
mem_medium,2,blip_combo,mixed_leaky,0.527624036322571,138.629436111989,1.6839640533482425,4.115091005123705,0.005000000000000002,0.4998820822757502,6.093907264026322,322.99221560059897,5,655.9844312011979,True,174,78.25214338302612
mem_medium,2,roving_ramp,level,0.0,1.3198731881314996,3.2460026960358115,0.0,0.0,1.1906995770878286,2.862535434683146,335.43233401512396,3,676.8646680302479,True,112,28.66901922225952
mem_medium,2,roving_ramp,transient,1.0,2.8130933873486246,0.0,5.600772418742125,0.0,0.8732892183101133,3.4905656405016736,326.6296982690708,3,659.2593965381416,True,68,17.040999174118042
mem_medium,2,roving_ramp,mixed,0.49979038901319484,3.7175242663138537,2.239033493385878,4.8944771461498515,0.0,0.923208501278067,4.675884874334969,311.2383918775369,4,630.4767837550738,True,270,42.42031812667847
mem_medium,2,roving_ramp,mixed_leaky,0.4876235448555269,2.0869237808490677,2.4408232265398557,5.0820820958630355,0.3321382347169083,-0.3425037538647691,5.92738008699503,309.50242270502577,5,629.0048454100515,True,582,115.77348446846008
mem_medium,3,blip_train,level,0.0,8.579234290989453,6.376106994456335,0.0,0.0,0.6008314354445267,6.726524352702985,170.77838056277434,3,347.5567611255487,True,132,13.692761898040771
mem_medium,3,blip_train,transient,1.0,3.6741864037573837,0.0,5.507876619467166,0.0,0.920114297206316,4.933943192940379,159.6875979913121,3,325.3751959826242,True,88,9.79402494430542
mem_medium,3,blip_train,mixed,0.9960406351297528,3.673774047459048,0.010000000000000004,5.503783951213926,0.0,0.9203541409994564,4.934103216760219,159.68792604570933,4,327.37585209141866,True,335,34.904741287231445
mem_medium,3,blip_train,mixed_leaky,0.9962371172174195,2.0855818676857947,0.010002487383879932,5.7937518109801625,0.33235194038634214,-0.32453871685077196,5.954440538771498,159.139197468295,5,328.27839493659,True,294,113.8331069946289
mem_medium,2,blip_train,level,0.0,14.257893596144312,4.074685798333525,0.0,0.0,0.3496731040615355,6.166063133076297,264.2415433103235,3,534.483086620647,True,120,20.88994073867798
mem_medium,2,blip_train,transient,1.0,7.268279983786283,0.0,3.4332575649514356,0.0,0.5063327487110177,5.106999137229662,262.19152915008215,3,530.3830583001643,True,140,21.607766151428223
mem_medium,2,blip_train,mixed,0.501821352102309,7.870745068775381,1.266391080567944,2.790883551652366,0.0,0.5027220199687539,5.277194764331631,261.9269490132592,4,531.8538980265184,True,240,51.517138719558716
mem_medium,2,blip_train,mixed_leaky,0.591641380212471,1.72879496301918,1.0168836716742444,3.223279265614946,0.4009423878407351,-2.3768579084070556,9.44109089183661,261.2333228391917,5,532.4666456783834,True,594,137.4081130027771
mem_medium,4,double_blip,level,0.0,13.305255221659232,6.1504438506731685,0.0,0.0,0.5030894126242479,8.027637595871663,128.42818907005972,3,262.85637814011943,True,208,19.90656042098999
mem_medium,4,double_blip,transient,1.0,0.23448427834393162,0.0,0.8925980195938364,0.0,10.977239322068659,5.129080255278846,144.69683755488515,3,295.3936751097703,True,12,2.1713223457336426
mem_medium,4,double_blip,mixed,0.11911047024445126,11.220409624455451,4.5586824149586285,1.3485829832926022,0.0,0.5465410045932282,7.5482495733731705,128.17889640399602,4,264.35779280799204,True,230,21.01863932609558
mem_medium,4,double_blip,mixed_leaky,0.1961896573772227,6.114833164627868,4.044185215831297,2.1595506897378027,0.11335504369433247,-0.45854369750721685,12.329452679617395,127.5567033722641,5,265.1134067445282,True,252,73.83358645439148
mem_medium,5,blip_combo,level,0.0,3.2667185450947422,3.688741740093921,0.0,0.0,0.8089127374752038,4.495736658272486,149.3077515314349,3,304.6155030628698,True,128,13.524248123168945
mem_medium,5,blip_combo,transient,1.0,0.2500037625601553,0.0,0.010000000000000004,0.0,30.0,15.0,172.948243066961,3,351.896486133922,True,8,1.8374049663543701
mem_medium,5,blip_combo,mixed,0.18448886023257083,2.300873114152922,2.586919927941425,1.2803629038070408,0.0,0.9935155739471606,3.9160373691462604,148.40707716553322,4,304.81415433106645,True,215,21.466596603393555
mem_medium,5,blip_combo,mixed_leaky,0.18482865596243783,138.629436111989,2.584144149089654,1.2818788536911925,0.005000000000000002,0.982724937721925,3.9182000601283007,148.40761484183312,5,306.81522968366625,False,720,90.62584900856018
mem_medium,3,blip_combo,level,0.0,9.308878776192143,7.031525460357795,0.0,0.0,0.6288083374050292,7.419856372747838,217.80595526692284,3,441.6119105338457,True,212,37.79128623008728
mem_medium,3,blip_combo,transient,1.0,5.812024250672614,0.0,4.1854095993257,0.0,0.6735981434383143,5.63332453087472,225.79174884358395,3,457.5834976871679,True,224,24.455318689346313
mem_medium,3,blip_combo,mixed,0.13339736668549046,7.223066481728321,5.488149236266583,1.848259771621079,0.0,0.7510941662642495,7.048507794878036,216.05819622310077,4,440.11639244620153,True,195,39.94091820716858
mem_medium,3,blip_combo,mixed_leaky,0.13613775066527684,43.929942748656124,5.459501956268252,1.8823351287248,0.015778467650772197,0.6892556827055792,7.112957001039246,216.05450893055308,5,442.10901786110617,True,402,81.11292052268982
mem_medium,4,roving_ramp,level,0.0,11.72204173163052,2.4907429049560963,0.0,0.0,0.3709911842585129,6.785259895568034,294.5584718656713,3,595.1169437313426,True,112,20.15902328491211
mem_medium,4,roving_ramp,transient,1.0,9.270889556446928,0.0,4.121912666002099,0.0,0.47600063256105685,5.3751894732310594,298.8153650821784,3,603.6307301643568,True,140,20.221556663513184
mem_medium,4,roving_ramp,mixed,0.40068497582134777,9.928710528595202,2.145879425453787,3.138795746556625,0.0,0.560406094480112,6.9186239748907825,283.94007085903667,4,575.8801417180733,True,225,38.41470670700073
mem_medium,4,roving_ramp,mixed_leaky,0.3858693841475984,6.971556523588174,2.220003752166813,3.0517090688116304,0.09942502484412061,0.11901629682290271,7.478905453563796,283.64927193852924,5,577.2985438770585,True,522,102.78022480010986
mem_medium,4,blip_train,level,0.0,12.394446220877015,8.204789803466266,0.0,0.0,0.5986791276071746,8.17995480951938,153.42939321500577,3,312.85878643001155,True,92,9.779782772064209
mem_medium,4,blip_train,transient,1.0,0.23285464343435053,0.0,11.230509519103189,0.0,3.69999601617536,1.4869808956861987,153.09464160803853,3,312.18928321607706,True,108,12.561613321304321
mem_medium,4,blip_train,mixed,0.09259851734273103,11.774720423868931,6.82400781953374,1.5235401742698638,0.0,0.6399812378620083,8.188550561622847,152.86658828146685,4,313.7331765629337,True,270,30.8779034614563
mem_medium,4,blip_train,mixed_leaky,0.09430490308639702,138.629436111989,6.776291483706971,1.5436689969230395,0.005000000000000002,0.6164242033269601,8.208043202260068,152.87396787672296,5,315.7479357534459,True,414,108.07673168182373
mem_medium,6,double_blip,level,0.0,4.572567018013354,3.9956479141170624,0.0,0.0,0.5862262184094043,4.164463566614552,279.2116873584833,3,564.4233747169666,True,100,22.319891452789307
mem_medium,6,double_blip,transient,1.0,3.5565345095883516,0.0,4.334375072439015,0.0,0.748806417422989,3.9343039102298594,272.5974635062584,3,551.1949270125168,True,108,22.831209182739258
mem_medium,6,double_blip,mixed,0.9308547388833169,3.5656878557761416,0.14470975033511577,4.262134333920964,0.0,0.749682236137919,3.9401397443168693,272.59358947872187,4,553.1871789574437,True,255,28.300150632858276
mem_medium,6,double_blip,mixed_leaky,0.9295437537937514,138.629436111989,0.14752502643368454,4.258198312377211,0.005000000000000002,0.7394676462455977,3.939583806448407,272.6007335857517,5,555.2014671715034,True,288,73.79264616966248
mem_medium,6,roving_ramp,level,0.0,17.749321433451136,1.9212840008101273,0.0,0.0,0.23210016319177354,6.005696637397168,358.9350325065683,3,723.8700650131366,True,108,20.03144907951355
mem_medium,6,roving_ramp,transient,1.0,29.84546618357691,0.0,3.8994216459955897,0.0,0.27977716323522406,6.191030736995161,358.3312720422605,3,722.662544084521,True,128,24.844237089157104
mem_medium,6,roving_ramp,mixed,0.4805868198569538,17.06283135640384,1.7082842478405589,3.458030926749504,0.0,0.4008934718187759,6.4435907790751195,352.1187915407622,4,712.2375830815243,True,195,34.668461322784424
mem_medium,6,roving_ramp,mixed_leaky,0.4797697170313522,138.629436111989,1.7054512112187308,3.441013282060739,0.005000000000000002,0.3831845135669948,6.44156740592932,352.1456723390099,5,714.2913446780198,True,402,80.8464093208313
mem_medium,5,blip_train,level,0.0,4.425158503223111,3.214236134771785,0.0,0.0,0.6801910764198902,5.08831018152176,129.96380261854816,3,265.9276052370963,True,144,15.007174730300903
mem_medium,5,blip_train,transient,1.0,0.2500037625601553,0.0,0.010000000000000004,0.0,30.0,15.0,144.77967433975442,3,295.55934867950884,True,8,1.8301301002502441
mem_medium,5,blip_train,mixed,0.3927650920655205,2.055562819470144,1.3589415596021377,1.9230331865886008,0.0,1.04178837794476,3.7430157344201542,128.77156592752826,4,265.5431318550565,True,270,26.806814193725586
mem_medium,5,blip_train,mixed_leaky,0.3928112392398487,138.629436111989,1.358637262700127,1.9229746072215637,0.005000000000000002,1.0314653308861135,3.7450379862677385,128.77240511913953,5,267.54481023827907,True,732,122.7711570262909
mem_medium,5,roving_ramp,level,0.0,3.3080019082552763,1.9397070415255646,0.0,0.0,0.6565187821618492,3.923265870526304,396.1097183460939,3,798.2194366921879,True,156,24.351775407791138
mem_medium,5,roving_ramp,transient,1.0,6.018393075766073,0.0,2.7915170504138733,0.0,0.4679875136678817,4.115983846892132,410.1543528395635,3,826.308705679127,True,120,28.95556640625
mem_medium,5,roving_ramp,mixed,0.3415698464373788,4.5075542304464475,1.6392614825630192,1.8604923716544652,0.0,0.6389089578654142,4.5185915776930345,390.20273848447835,4,788.4054769689567,True,235,38.77074384689331
mem_medium,5,roving_ramp,mixed_leaky,0.3168236708729841,1.8027780545660959,1.761326336743216,1.787040876856102,0.38448836161741295,-0.569813810432619,5.103967405020649,389.81305738770374,5,789.6261147754075,True,366,88.40376710891724
mem_medium,7,blip_train,level,0.0,0.2922891608426876,6.57841623292068,0.0,0.0,2.888727742629158,1.5627500531542684,132.35639017440533,3,270.71278034881067,True,188,21.360313177108765
mem_medium,7,blip_train,transient,1.0,0.2500037625601553,0.0,0.010000000000000004,0.0,30.0,15.0,144.79592501690502,3,295.59185003381003,True,8,1.787477731704712
mem_medium,7,blip_train,mixed,0.0013912895284980283,0.29223517597305365,6.561181053902886,0.019999265001891916,0.0,2.8893969773074506,1.5626546985122878,132.35659103469123,4,272.71318206938247,True,50,6.194759130477905
mem_medium,7,blip_train,mixed_leaky,0.001402533547028681,2.1304709855324577,6.505346639298372,0.019989553220221914,0.3253492703101566,2.6051741864835454,1.5582817342494868,132.34979611801745,5,274.6995922360349,True,204,38.75417351722717
mem_medium,4,blip_combo,level,0.0,10.292470317837555,6.485169644891398,0.0,0.0,0.5450061064462295,6.847099195655416,178.20120229556764,3,362.4024045911353,True,136,13.403287172317505
mem_medium,4,blip_combo,transient,1.0,3.8498009403516473,0.0,4.9742691836548145,0.0,0.8360881880050843,4.708304422884578,174.20808832795748,3,354.41617665591497,True,108,11.579195737838745
mem_medium,4,blip_combo,mixed,0.42683794481564274,6.7348851218223045,2.3661498978831124,3.855118121493078,0.0,0.7005137928176495,6.047485291669954,173.6928994493802,4,355.3857988987604,True,255,54.73177528381348
mem_medium,4,blip_combo,mixed_leaky,0.5618705758044787,3.945461009338379,1.5559244338474978,4.365482141730822,0.17568217729673632,-0.015789027796121242,6.6870754314486796,173.51627358007036,5,357.0325471601407,True,612,126.36248850822449
mem_medium,5,double_blip,level,0.0,11.584155377494387,4.432891464087687,0.0,0.0,0.46153686898368856,7.329674708674601,188.08701233920607,3,382.17402467841214,True,300,37.19335985183716
mem_medium,5,double_blip,transient,1.0,0.2500037625601553,0.0,0.010000000000000004,0.0,30.0,15.0,229.1417078684336,3,464.2834157368672,True,8,1.7491614818572998
mem_medium,5,double_blip,mixed,0.0020702167408499315,11.504766299403421,4.406161914461657,0.019997980036575373,0.0,0.4628956492293266,7.31007345382118,188.08722223156428,4,384.17444446312857,True,60,5.944953680038452
mem_medium,5,double_blip,mixed_leaky,0.09375877624387284,3.5141560417481017,3.4671356595314395,0.7847815739243738,0.19724428065383864,-1.2174410195688499,11.68996282209237,187.65881507985355,5,385.3176301597071,True,756,183.7132613658905
mem_medium,6,blip_train,level,0.0,16.867170297922964,2.8245819548699385,0.0,0.0,0.2762038722711849,6.197102586150598,269.7566036289597,3,545.5132072579194,True,136,26.39496088027954
mem_medium,6,blip_train,transient,1.0,1.8937474189966215,0.0,3.746156844444374,0.0,0.9719748726719696,3.0407361926624494,264.8493451291258,3,535.6986902582516,True,168,24.881861925125122
mem_medium,6,blip_train,mixed,0.9941893516464874,1.8905557669313533,0.010000000000000004,3.743297635425983,0.0,0.9730404921696176,3.038890533978142,264.8557946339269,4,537.7115892678538,True,210,52.66100740432739
mem_medium,6,blip_train,mixed_leaky,0.9945227193006889,0.7533939506941632,0.010000000000000004,3.972460220944037,0.920032845925153,-1.1960190343090495,3.6715616653883463,264.71035720603925,5,539.4207144120785,True,678,91.20436692237854
mem_medium,7,roving_ramp,level,0.0,1.7273395276872707,2.626334389191203,0.0,0.0,1.0919019557495555,3.4750391390947812,244.8803194346764,3,495.7606388693528,True,100,11.191205263137817
mem_medium,7,roving_ramp,transient,1.0,13.86298385103227,0.0,4.58485989898266,0.0,0.4599875630244521,7.0141414948391425,245.0001306247339,3,496.0002612494678,True,120,27.612493991851807
mem_medium,7,roving_ramp,mixed,0.4731676768752284,5.588737516160394,1.6815212140408458,3.3041127118987363,0.0,0.7486167541893106,6.084667007589996,234.73096516591357,4,477.46193033182715,True,230,46.032421588897705
mem_medium,7,roving_ramp,mixed_leaky,0.4627077446164317,8.826794430661487,1.711598852088804,3.224838878010148,0.0785276224573863,0.452669523856445,6.370047785203082,234.71328843842846,5,479.4265768768569,True,450,77.94169759750366
mem_medium,6,blip_combo,level,0.0,39.91734486923003,7.032309857787668,0.0,0.0,0.3275980082684475,7.767955761150231,330.1988046671094,3,666.3976093342188,True,164,25.985464096069336
mem_medium,6,blip_combo,transient,1.0,32.03074948448073,0.0,4.421861851199101,0.0,0.3117697765169672,7.182737128210915,329.64829009271705,3,665.2965801854341,True,96,24.05359983444214
mem_medium,6,blip_combo,mixed,0.2423331752583772,30.898089220604184,3.8279063757691447,2.678586987790926,0.0,0.3672011072000975,7.47144548359233,327.809847286767,4,663.619694573534,True,345,51.650752544403076
mem_medium,6,blip_combo,mixed_leaky,0.2454677334128974,40.0283776245878,3.77142174933935,2.684303042256305,0.017316394560397404,0.29670558720044,7.491075715967529,327.80318042052295,5,665.6063608410459,True,528,88.97366380691528
mem_medium,7,blip_combo,level,0.0,1.4461889656039844,4.75377841159999,0.0,0.0,1.194733962164462,3.0053395082012915,167.61491033936994,3,341.2298206787399,True,76,8.435221910476685
mem_medium,7,blip_combo,transient,1.0,0.2500037625601553,0.0,0.010000000000000004,0.0,30.0,15.0,191.7047323897618,3,389.4094647795236,True,8,1.8066105842590332
mem_medium,7,blip_combo,mixed,0.06990410632001735,1.432386399194194,4.1289467518420855,0.6789285775509493,0.0,1.2129247749790615,2.9995728651748235,167.51559514615326,4,343.0311902923065,True,280,29.0419704914093
mem_medium,7,blip_combo,mixed_leaky,0.08821577615781216,1.117608512583938,3.812713891703746,0.8070459254517479,0.6202057095622618,-1.1924488783620304,5.032338003489288,167.36171266265615,5,344.7234253253123,True,696,96.5848937034607
mem_medium,9,roving_ramp,level,0.0,15.60903673452544,1.7205128088117951,0.0,0.0,0.2762778441834485,6.865904980934153,469.85183053173597,3,945.7036610634719,True,148,22.964784145355225
mem_medium,9,roving_ramp,transient,1.0,116.4497586561081,0.0,0.9268680718232285,0.0,0.06611448829741408,5.651622507771668,502.49137806488477,3,1010.9827561297695,True,120,11.496345520019531
mem_medium,9,roving_ramp,mixed,0.030239121138784613,15.412667750756775,1.700848594210762,0.11603259533919393,0.0,0.28355973323446115,6.862355920718551,469.78946582679765,4,947.5789316535953,True,260,25.439833879470825
mem_medium,9,roving_ramp,mixed_leaky,0.0026103183368783047,5.843288236756993,1.7464716906801652,0.010000000000000004,0.1186227946449275,-0.21859595930540646,7.2292101653436545,469.65216857539224,5,949.3043371507845,True,462,75.6068127155304
mem_medium,8,blip_train,level,0.0,10.44984371542941,3.0371134317842183,0.0,0.0,0.3594907456209178,5.434543186003775,281.04712068631,3,568.09424137262,True,92,18.1485595703125
mem_medium,8,blip_train,transient,1.0,8.332208109666002,0.0,1.3437141970034658,0.0,0.35485070071371866,4.902370422689547,283.3244367743215,3,572.648873548643,True,120,37.78186583518982
mem_medium,8,blip_train,mixed,0.003001689889472083,10.448065527326378,3.036294243511746,0.01999977467775505,0.0,0.36058379313178734,5.43815045869072,281.0521015482896,4,570.1042030965792,True,25,4.801586389541626
mem_medium,8,blip_train,mixed_leaky,0.0015122571936555917,138.629436111989,3.0179165899660734,0.010000000000000004,0.005000000000000002,0.3460960083779339,5.426582151472027,281.05895656581583,5,572.1179131316317,True,396,96.1732656955719
mem_medium,9,double_blip,level,0.0,17.080397341174784,3.7862698475223726,0.0,0.0,0.3692831199463673,8.379250581381804,227.62265838806533,3,461.24531677613066,True,168,23.52082586288452
mem_medium,9,double_blip,transient,1.0,0.2500037625601553,0.0,0.010000000000000004,0.0,30.0,15.0,285.5579319515861,3,577.1158639031722,True,8,1.8119707107543945
mem_medium,9,double_blip,mixed,0.07933795749704713,14.424672808936576,3.225558170185923,0.6081287032402264,0.0,0.413496408257532,8.089564938159574,227.04305285666757,4,462.08610571333514,True,185,17.008777141571045
mem_medium,9,double_blip,mixed_leaky,0.08068901407568965,138.629436111989,3.2117392532420603,0.6167399552296271,0.005000000000000002,0.38864331645714106,8.153146198805919,227.0446858075625,5,464.089371615125,True,564,94.6221694946289
mem_medium,9,blip_train,level,0.0,13.760333732403781,3.364017753698004,0.0,0.0,0.3982190646589904,7.92739915716093,193.21197517642176,3,392.4239503528435,True,108,11.644548416137695
mem_medium,9,blip_train,transient,1.0,0.2500037625601553,0.0,0.010000000000000004,0.0,30.0,15.0,229.33588262580267,3,464.67176525160534,True,8,1.8332743644714355
mem_medium,9,blip_train,mixed,0.0677359050458896,12.898791241697763,2.7706237364977677,0.44042034903023236,0.0,0.4124328303680105,7.7860741406300935,193.0133107549374,4,394.0266215098748,True,185,17.685108423233032
mem_medium,9,blip_train,mixed_leaky,0.07003337050844383,138.629436111989,2.747348317007986,0.4526486546283721,0.005000000000000002,0.3915306301245585,7.795598852945197,193.03440834561468,5,396.06881669122936,True,186,90.05674600601196
mem_medium,8,roving_ramp,level,0.0,4.539287428171294,1.9447926279390237,0.0,0.0,0.5253369194997445,4.191105064303377,402.084648414834,3,810.169296829668,True,100,20.174081087112427
mem_medium,8,roving_ramp,transient,1.0,10.170760494272907,0.0,2.611281286694355,0.0,0.35368304999018724,4.796196830962568,405.99880914158007,3,817.9976182831601,True,144,25.295835494995117
mem_medium,8,roving_ramp,mixed,0.3413175879769592,6.148834939442114,1.5268455904330918,1.7309621293228243,0.0,0.5143071774733947,4.748773292530637,397.6002616547398,4,803.2005233094796,True,260,41.70066428184509
mem_medium,8,roving_ramp,mixed_leaky,0.34074834548740685,138.629436111989,1.5277270863935393,1.7275799396991909,0.005000000000000002,0.5022047522348282,4.747526401786386,397.60687088503136,5,805.2137417700627,True,624,97.04114723205566
mem_medium,9,blip_combo,level,0.0,6.472694869511079,2.4187292630247175,0.0,0.0,0.4921668246901247,5.345890644475039,210.69241004434957,3,427.38482008869914,True,112,12.339529752731323
mem_medium,9,blip_combo,transient,1.0,0.2500037625601553,0.0,0.010000000000000004,0.0,30.0,15.0,248.06662087560693,3,502.13324175121386,True,8,1.8074469566345215
mem_medium,9,blip_combo,mixed,0.1372202479138976,4.89382555040996,1.7356040341921444,0.6039190824558237,0.0,0.5788614544292385,4.842499868553421,210.36052740911438,4,428.72105481822877,True,205,20.10360026359558
mem_medium,9,blip_combo,mixed_leaky,0.20267092281315194,2.66376379480965,1.4826913177783738,0.8245451348087591,0.26021345507831595,-0.14945030562820724,4.982048518838291,210.3044549188382,5,430.6089098376764,True,594,97.03149795532227
mem_medium,7,double_blip,level,0.0,10.384891331704193,2.7685139418211566,0.0,0.0,0.3800499825568668,6.010470664013557,200.9493704999079,3,407.8987409998158,True,120,12.630605936050415
mem_medium,7,double_blip,transient,1.0,0.23450114937568978,0.0,0.8930204996694647,0.0,10.97523519737087,5.128500404845881,229.2142108894332,3,464.4284217788664,True,12,2.2226035594940186
mem_medium,7,double_blip,mixed,0.9923721110821181,5.6506382232025505,0.010000000000000004,2.846295833966579,0.0,0.5752683950483897,5.045234864825956,196.92708231917857,4,401.85416463835713,True,330,31.04828977584839
mem_medium,7,double_blip,mixed_leaky,0.9935326758079305,1.547419089604879,0.010000000000000004,3.360991156270835,0.4479375918368274,-3.1803520553969737,10.645382275475148,195.73256779371454,5,401.4651355874291,True,558,199.65048599243164
mem_medium,8,double_blip,level,0.0,4.602204761912195,5.613019616322412,0.0,0.0,0.6847663211148175,4.610934465541724,233.26075187569947,3,472.52150375139894,True,104,28.418931007385254
mem_medium,8,double_blip,transient,1.0,3.3660810821585345,0.0,3.8690719892459406,0.0,0.7775125952481232,4.058307787480128,232.4474503496406,3,470.8949006992812,True,84,19.05510139465332
mem_medium,8,double_blip,mixed,0.2682371690468731,3.2804379308019325,3.0631477973607657,2.456554531550301,0.0,0.8371696573119792,4.106732109335277,230.18503408697464,4,468.3700681739493,True,265,41.96367621421814
mem_medium,8,double_blip,mixed_leaky,0.27763325726107696,1.5031350728007886,3.122352040177248,2.6254603210757965,0.4611343272487186,-0.9520598245472649,5.668129929399135,229.69965328454376,5,469.3993065690875,True,684,114.84908318519592
mem_medium,10,blip_train,level,0.0,2.829307106088761,5.480082683173774,0.0,0.0,0.7789212690791192,3.39209509356979,375.94530716166133,3,757.8906143233227,True,76,16.3910813331604
mem_medium,10,blip_train,transient,1.0,1.2196272318686958,0.0,5.524841044052916,0.0,1.2826274206714299,2.5201904235370156,366.95400527154766,3,739.9080105430953,True,80,15.54841661453247
mem_medium,10,blip_train,mixed,0.6692770983955502,1.4066505540272192,1.0904174377413587,4.827745072402628,0.0,1.2031348054540845,2.671095462824071,366.7019921839839,4,741.4039843679678,True,400,44.346367597579956
mem_medium,10,blip_train,mixed_leaky,0.6673032298987632,11.817448111837633,1.0966310027215793,4.812214842747587,0.05865455671987374,1.1157885664889542,2.6784771552710964,366.70092149201395,5,743.4018429840279,True,132,43.81308579444885
mem_medium,10,roving_ramp,level,0.0,3.184180038355647,4.387326538943617,0.0,0.0,0.7537175232837755,3.884949421033851,521.9664237683545,3,1049.932847536709,True,96,15.897535562515259
mem_medium,10,roving_ramp,transient,1.0,3.1077298254625556,0.0,6.07210725144544,0.0,0.795109759236064,3.237967695042086,542.6092154206939,3,1091.2184308413878,True,104,21.898580074310303
mem_medium,10,roving_ramp,mixed,0.3439035875761267,3.4576948396514577,3.8393408689596926,4.402866949175644,0.0,0.9462270207370865,4.2993308916546376,501.14663596336453,4,1010.2932719267291,True,205,38.964245319366455
mem_medium,10,roving_ramp,mixed_leaky,0.34375465228069757,138.629436111989,3.8384094768275587,4.3988939924915345,0.005000000000000002,0.9342224324498969,4.301416775928907,501.15340682780663,5,1012.3068136556133,True,354,71.24903297424316
mem_medium,10,double_blip,level,0.0,3.4093329965253156,6.20276422322732,0.0,0.0,0.7686230170862997,3.8559002458039537,297.8361308662117,3,601.6722617324234,True,88,16.715070247650146
mem_medium,10,double_blip,transient,1.0,1.9881704771711681,0.0,5.78661862989308,0.0,1.0667529992945948,3.2028906406044952,292.64908213214017,3,591.2981642642803,True,68,13.710229635238647
mem_medium,10,double_blip,mixed,0.4231589330780571,2.2212268480870625,2.7345897299197928,4.388836143712221,0.0,1.0512716076787807,3.3920879237792376,291.0801699262321,4,590.1603398524642,True,195,39.86600065231323
mem_medium,10,double_blip,mixed_leaky,0.42323206131743524,115.55150869919648,2.733796181898177,4.388877182313943,0.005998599138712633,1.040225905595795,3.3937244280122316,291.0812919023465,5,592.162583804693,True,72,80.84957885742188
mem_medium,8,blip_combo,level,0.0,5.34803695547844,4.823169209394934,0.0,0.0,0.5977726152684802,4.704359265683843,239.8159495056708,3,485.6318990113416,True,104,19.004270553588867
mem_medium,8,blip_combo,transient,1.0,0.5642808173909168,0.0,7.023311372020899,0.0,2.0749285417986223,1.983814686229528,234.23740468338943,3,474.47480936677886,True,140,29.086288452148438
mem_medium,8,blip_combo,mixed,0.6441319910108932,0.9886206431693851,1.3470147784798814,5.334185658914657,0.0,1.5567362173143333,2.514625441968837,233.9852926861302,4,475.9705853722604,False,485,52.102532386779785
mem_medium,8,blip_combo,mixed_leaky,0.6605928666560829,0.848470265524749,1.2060392717009898,5.1355174612527765,0.8169375035567783,-4.151980382379143,7.917376948142032,232.60021088155344,5,475.2004217631069,True,1116,194.47680354118347
mem_medium,11,double_blip,level,0.0,7.626896598793721,3.8442076892029213,0.0,0.0,0.4566816898083616,5.045797793875728,242.57860963796094,3,491.1572192759219,True,124,18.97951316833496
mem_medium,11,double_blip,transient,1.0,5.553089644462801,0.0,3.548018424610508,0.0,0.579014280540568,4.651502209154698,239.07642840076164,3,484.1528568015233,True,112,21.665584325790405
mem_medium,11,double_blip,mixed,0.6976567249908161,5.520648052084065,0.6427839093967765,3.245012058116659,0.0,0.5891637861683813,4.655023183771836,239.01113409360917,4,486.02226818721834,True,295,35.542349338531494
mem_medium,11,double_blip,mixed_leaky,0.6988577539440297,138.629436111989,0.6391818522982721,3.2452741110331536,0.005000000000000002,0.5768230076698166,4.656193918357382,239.0134578990853,5,488.0269157981706,True,510,83.88058805465698
mem_medium,11,roving_ramp,level,0.0,29.938431788278304,3.570166489192812,0.0,0.0,0.253528900861476,8.179859360316053,319.93826273493204,3,645.8765254698641,True,144,24.21358585357666
mem_medium,11,roving_ramp,transient,1.0,105.62377408335345,0.0,3.6805941237558275,0.0,0.20090046757507138,7.334829004808233,336.59572504593467,3,679.1914500918693,True,112,20.87687921524048
mem_medium,11,roving_ramp,mixed,0.20017553083481393,23.52459854421631,3.2916697734188216,1.802363601603731,0.0,0.358816469737639,7.98154224071628,318.28307332776706,4,644.5661466555341,True,195,34.78884935379028
mem_medium,11,roving_ramp,mixed_leaky,0.1385305451628289,3.893067662582497,3.6034300011845586,1.2677440955314458,0.17804652799179468,-0.7312297572458054,9.38780952904837,317.4615112018646,5,644.9230224037292,True,564,119.80273032188416
mem_medium,12,double_blip,level,0.0,16.0549675140432,5.988240113739271,0.0,0.0,0.40983811034788137,6.862930659517199,238.06584488765944,3,482.1316897753189,True,124,21.76250386238098
mem_medium,12,double_blip,transient,1.0,16.440728502534952,0.0,3.459904294284148,0.0,0.35658537197345663,6.588475512414463,239.38777221467427,3,484.77554442934854,True,188,26.589215993881226
mem_medium,12,double_blip,mixed,0.150191877866796,14.33997971626076,4.289606734680556,1.6586429025158531,0.0,0.4485276161697451,6.6870678786267375,237.12793484033455,4,482.2558696806691,True,315,31.230754852294922
mem_medium,12,double_blip,mixed_leaky,0.15201710801782686,13.504348661116707,4.194320975859585,1.6450415985246365,0.05132770176141374,0.2531127227668315,6.771209551956509,237.1177233397866,5,484.2354466795732,True,540,72.66864919662476
mem_medium,12,roving_ramp,level,0.0,14.083594598555065,2.0072028134456588,0.0,0.0,0.2473457826182146,5.115525737134878,466.6443415261433,3,939.2886830522866,True,128,27.006518840789795
mem_medium,12,roving_ramp,transient,1.0,20.94152962980167,0.0,3.5604135393420298,0.0,0.2813326124500886,5.050250506209731,464.6820462341486,3,935.3640924682971,True,92,19.621891260147095
mem_medium,12,roving_ramp,mixed,0.46209954656529,12.48006500928119,1.4350042509228793,2.6970976212118156,0.0,0.3711972121258215,5.052652251619836,460.20694381962204,4,928.4138876392441,True,280,41.97070646286011
mem_medium,12,roving_ramp,mixed_leaky,0.450190426527521,7.8126846722208905,1.456330602302497,2.6088780550092316,0.08872074192684731,0.11356843538721136,5.153201938849185,460.1987635653601,5,930.3975271307202,True,468,70.02917170524597
mem_medium,11,blip_combo,level,0.0,18.546739661613817,8.058535791977079,0.0,0.0,0.4869314432498583,8.272832423956462,194.7695131963222,3,395.5390263926444,True,132,32.3121395111084
mem_medium,11,blip_combo,transient,1.0,0.6570500155096588,0.0,6.431142049141424,0.0,1.8981640042109504,2.1128069658766826,196.65035898973878,3,399.30071797947755,True,144,28.884782314300537
mem_medium,11,blip_combo,mixed,0.2248529402721605,0.13458728919760737,11.931861830911593,7.572382253598711,0.0,4.985935950948565,1.144878124034954,193.65361489418007,4,395.30722978836013,True,485,55.62066888809204
mem_medium,11,blip_combo,mixed_leaky,0.22431985994316736,2.0186822142078538,11.927568360890156,7.546521499186346,0.3433661701091182,4.796229723315067,1.1313098590377353,193.65017315124751,5,397.30034630249503,True,228,44.58745360374451
mem_medium,10,blip_combo,level,0.0,4.3988071878685755,6.748484452308198,0.0,0.0,0.6841537995864504,4.074625218282582,332.00195047339275,3,670.0039009467855,True,148,23.285101413726807
mem_medium,10,blip_combo,transient,1.0,1.2557876177776315,0.0,5.461973201385651,0.0,1.2620300358269487,2.55030803178383,333.2295117400501,3,672.4590234801002,True,128,22.82066035270691
mem_medium,10,blip_combo,mixed,0.2155942035500087,2.603806841556269,4.35662358918775,2.6197278138768283,0.0,0.9170684737624638,3.416792540354681,330.0594719260545,4,668.118943852109,True,300,52.83042001724243
mem_medium,10,blip_combo,mixed_leaky,0.2930807367233263,1.4203149921916591,3.9384952985611563,3.5723798920886085,0.4880235612315575,-3.6644232022421046,10.90607028483238,327.92710556021535,5,665.8542111204307,True,882,131.4329092502594
mem_medium,15,blip_train,level,0.0,0.25000272907029897,0.010000000000000004,0.0,0.0,30.0,15.0,97.81011443561322,3,201.62022887122643,True,8,1.872790813446045
mem_medium,15,blip_train,transient,1.0,0.2500037625601553,0.0,0.010000000000000004,0.0,30.0,15.0,97.81011443561322,3,201.62022887122643,True,8,1.7969532012939453
mem_medium,15,blip_train,mixed,0.4775764455742727,0.25001025446816466,0.010000000000000004,0.02,0.0,30.0,15.0,97.81011443561322,4,203.62022887122643,True,5,1.2609708309173584
mem_medium,15,blip_train,mixed_leaky,0.4775764455742727,115.52453009332424,0.010000000000000004,0.02,0.005999999999999998,30.0,15.0,97.81011443561322,5,205.62022887122643,True,6,2.272440195083618
mem_medium,12,blip_train,level,0.0,87.37345798552839,5.813178719502891,0.0,0.0,0.24395337966544367,9.36304062085012,273.93012344877104,3,553.8602468975421,True,160,28.489746809005737
mem_medium,12,blip_train,transient,1.0,15.75373681635996,0.0,4.0204923798167345,0.0,0.3897315308065859,6.56004913893296,272.6307597871504,3,551.2615195743008,True,124,25.820085525512695
mem_medium,12,blip_train,mixed,0.3532559808938397,16.509749874188266,2.3784826973112914,2.84228056316926,0.0,0.41066077822812674,6.750505964039096,271.9349516086561,4,551.8699032173122,True,310,30.746742486953735
mem_medium,12,blip_train,mixed_leaky,0.3967565195830034,4.467151194897066,2.192407033162449,3.154731977472086,0.15516537281114282,-1.4546598438397333,15.0,270.5272151864156,5,551.0544303728312,True,444,96.944983959198
mem_medium,11,blip_train,level,0.0,14.254864124588929,6.152338697170868,0.0,0.0,0.4272221729486984,6.435854326236497,253.66687086002233,3,513.3337417200446,True,160,24.119327545166016
mem_medium,11,blip_train,transient,1.0,8.225673314174065,0.0,4.136875117262373,0.0,0.5126259697066452,5.360603568465869,252.91929691395507,3,511.83859382791013,True,204,30.274702787399292
mem_medium,11,blip_train,mixed,0.27336349936167154,10.360612379388565,3.2079326102002814,2.6403311435688863,0.0,0.5094013247835261,5.908353163566949,251.8621442454126,4,511.7242884908252,True,215,22.169610500335693
mem_medium,11,blip_train,mixed_leaky,0.44171634826781253,2.417651165181469,1.9876898662896214,3.440701783561722,0.2867027264075616,-1.0047239470092808,7.746848390101902,251.69403428391513,5,513.3880685678303,True,468,131.8912513256073
mem_medium,13,roving_ramp,level,0.0,11.534571885859489,2.756283498477229,0.0,0.0,0.3839366133289848,6.774773158951929,373.35975880307893,3,752.7195176061579,True,128,18.473921537399292
mem_medium,13,roving_ramp,transient,1.0,16.992031132403778,0.0,3.1667372340739752,0.0,0.30869627944202405,5.631769444865395,393.1740768894053,3,792.3481537788106,True,244,33.72754979133606
mem_medium,13,roving_ramp,mixed,0.3026769899321361,11.937841685377412,2.6302672737788484,2.497785487782667,0.0,0.513616740133761,7.513781376570511,365.0274996235322,4,738.0549992470644,True,220,40.18857407569885
mem_medium,13,roving_ramp,mixed_leaky,0.3014693405050329,138.629436111989,2.6328879473778826,2.485992997916655,0.005000000000000002,0.49343172548557074,7.5226796557160425,365.0350010085662,5,740.0700020171324,False,498,97.93024682998657
mem_medium,13,blip_combo,level,0.0,6.772234657119004,6.178398974939289,0.0,0.0,0.6410295598150181,5.9419092086903165,183.58958616243248,3,373.17917232486496,True,104,11.267520666122437
mem_medium,13,blip_combo,transient,1.0,1.5438475465657817,0.0,5.557742689415547,0.0,1.3198485440579537,3.3004873868885864,182.46586353180336,3,370.93172706360673,True,84,9.573463439941406
mem_medium,13,blip_combo,mixed,0.29589187176318943,4.929034643689415,3.3145500137319925,3.0473904360909327,0.0,0.806213541210341,5.521280227765695,181.14751115509043,4,370.29502231018085,True,255,48.93697476387024
mem_medium,13,blip_combo,mixed_leaky,0.2980936187098963,138.629436111989,3.2930516054281624,3.059721311408277,0.005000000000000002,0.7919577192419398,5.520051956492596,181.15402663171858,5,372.30805326343716,True,372,101.76383304595947
mem_medium,13,blip_train,level,0.0,10.564526252515329,6.461891868602269,0.0,0.0,0.540276697755659,6.944264291164538,191.16322269623518,3,388.32644539247036,True,96,35.98741698265076
mem_medium,13,blip_train,transient,1.0,4.39367735801063,0.0,3.9092197059441403,0.0,0.7202755426500741,4.778335967050144,192.73792013078716,3,391.4758402615743,True,96,10.596643447875977
mem_medium,13,blip_train,mixed,0.15767897445484297,7.539175995524528,4.341520581883945,1.77806591125226,0.0,0.6317781741513607,6.171874000704632,190.071868550474,4,388.143737100948,True,245,47.2433397769928
mem_medium,13,blip_train,mixed_leaky,0.15986928174125747,138.629436111989,4.310378391566831,1.7944997520774328,0.005000000000000002,0.6161013941615572,6.165362549046984,190.09062304184326,5,390.1812460836865,True,282,83.40751075744629
mem_medium,13,double_blip,level,0.0,24.714462468256333,4.188361462687207,0.0,0.0,0.3077307779116475,8.431006747483043,197.05191969127495,3,400.1038393825499,True,136,13.874473094940186
mem_medium,13,double_blip,transient,1.0,21.74707254922932,0.0,3.5097584371434256,0.0,0.353129652042854,8.466740346411997,192.2463699547873,3,390.4927399095746,True,192,19.54587745666504
mem_medium,13,double_blip,mixed,0.9937966164300914,21.736572146729372,0.010000000000000004,3.5049249642262637,0.0,0.3533238786333764,8.466346301366746,192.24812727342552,4,392.49625454685105,True,325,31.94062376022339
mem_medium,13,double_blip,mixed_leaky,0.9939297833636074,3.8614710480351575,0.010000000000000004,3.5822951107865055,0.17950339959499145,-1.6945596174916506,15.0,191.7005636561004,5,393.4011273122008,True,732,145.10387253761292
mem_medium,14,blip_combo,level,0.0,50.23217275900601,3.4435289160115627,0.0,0.0,0.21572399269997986,10.343169445683657,173.99059119487836,3,353.9811823897567,True,176,17.03661012649536
mem_medium,14,blip_combo,transient,1.0,0.2500037625601553,0.0,0.010000000000000004,0.0,30.0,15.0,201.11114489147522,3,408.22228978295044,True,8,1.8171451091766357
mem_medium,14,blip_combo,mixed,0.9952324544669433,85.68354699366624,0.010000000000000004,4.567089545684866,0.0,0.29406316160724966,15.0,167.14392967629334,4,342.2878593525867,True,340,30.636332035064697
mem_medium,14,blip_combo,mixed_leaky,0.9948636985826794,17.689793795584,0.010000000000000004,4.237628969080663,0.03918345168799986,-0.05786799911872396,15.0,166.39737049270875,5,342.7947409854175,True,354,51.14205288887024
mem_medium,14,double_blip,level,0.0,10.304000145856486,6.119105640662417,0.0,0.0,0.5807177065903328,7.837763689314433,153.46478170284095,3,312.9295634056819,True,96,9.568398237228394
mem_medium,14,double_blip,transient,1.0,0.2500037625601553,0.0,0.010000000000000004,0.0,30.0,15.0,182.16448097800827,3,370.32896195601654,True,8,1.7388596534729004
mem_medium,14,double_blip,mixed,0.24733080494379275,9.100092040643261,4.119191944422446,2.96139231527662,0.0,0.7226161699335145,8.263099816226244,150.15366256145825,4,308.3073251229165,True,295,26.59910249710083
mem_medium,14,double_blip,mixed_leaky,0.24976056534900487,138.629436111989,4.068265375937655,2.9630781200279226,0.005000000000000002,0.6983997830251361,8.24502014133329,150.19394050088644,5,310.3878810017729,True,192,76.7951078414917
mem_medium,12,blip_combo,level,0.0,11.292227599688355,4.436371736047548,0.0,0.0,0.39520888910671426,5.644407114956202,276.6627890814762,3,559.3255781629524,True,200,27.601772785186768
mem_medium,12,blip_combo,transient,1.0,1.2278766382774238,0.0,5.561881727682817,0.0,1.323953214888578,2.634615658264847,271.20837080600717,3,548.4167416120143,True,124,24.72289252281189
mem_medium,12,blip_combo,mixed,0.9960728092337471,1.2333542763009255,0.010000000000000004,5.549053772938572,0.0,1.3208143715444551,2.639247104589394,271.21060378357373,4,550.4212075671475,True,365,40.02881860733032
mem_medium,12,blip_combo,mixed_leaky,0.9955736292953475,1.3500282547672757,0.010011193092108945,4.926304879713117,0.5134316101253994,-4.806072992859124,12.650128947488147,269.0665085222877,5,548.1330170445754,True,774,156.40557527542114
mem_medium,15,double_blip,level,0.0,12.055157994785041,3.590481706067178,0.0,0.0,0.40050751561059655,6.821403324682724,182.85072210141755,3,371.7014442028351,True,232,22.298601627349854
mem_medium,15,double_blip,transient,1.0,0.2500037625601553,0.0,0.010000000000000004,0.0,30.0,15.0,210.42097003534923,3,426.84194007069846,True,8,1.7386579513549805
mem_medium,15,double_blip,mixed,0.7518174864007062,8.366896643993448,0.4545050459620325,3.0122415826329902,0.0,0.5245248668227668,6.252375695647127,179.27905859991702,4,366.55811719983404,True,250,23.578232526779175
mem_medium,15,double_blip,mixed_leaky,0.7586214589983321,138.629436111989,0.4389265715814121,3.0180621907281986,0.005000000000000002,0.5074372348748638,6.259573486392206,179.2828937297865,5,368.565787459573,True,492,104.75377440452576
mem_medium,15,roving_ramp,level,0.0,7.639706397806399,3.3026704375761313,0.0,0.0,0.5662663202217457,6.999634427944085,292.0741148218663,3,590.1482296437326,True,140,25.501304864883423
mem_medium,15,roving_ramp,transient,1.0,24.473575552612793,0.0,3.0198677901089073,0.0,0.26765149353169077,6.426973122770092,323.0408834087214,3,652.0817668174428,True,120,20.23036813735962
mem_medium,15,roving_ramp,mixed,0.17411743441217611,8.181262879939903,3.140153900499418,1.448387409853723,0.0,0.621001261410283,7.408480786154312,290.06231586758116,4,588.1246317351623,True,180,33.33510613441467
mem_medium,15,roving_ramp,mixed_leaky,0.17303040629402391,138.629436111989,3.139592619305096,1.437196106069646,0.005000000000000002,0.6008336427811838,7.412232936249762,290.07633949138716,5,590.1526789827743,True,540,83.77921390533447
mem_medium,14,blip_train,level,0.0,13.182095350699196,6.5241657913789,0.0,0.0,0.5432980206878254,8.690730524912123,137.5136795974531,3,281.0273591949062,True,116,11.852885961532593
mem_medium,14,blip_train,transient,1.0,0.2500037625601553,0.0,0.010000000000000004,0.0,30.0,15.0,154.1660026712821,3,314.3320053425642,True,8,1.8553156852722168
mem_medium,14,blip_train,mixed,0.47628760967232797,7.851646129783867,1.8791160059842407,3.7388657650384607,0.0,0.6940342529927799,7.2813983604846575,135.19108931335438,4,278.38217862670876,True,350,33.11941576004028
mem_medium,14,blip_train,mixed_leaky,0.4711227102446979,138.629436111989,1.9123472968014907,3.726968599876544,0.005000000000000002,0.6748301187368658,7.306508975774972,135.1929557120384,5,280.3859114240768,True,378,131.78737616539001
mem_medium,14,roving_ramp,level,0.0,10.290867690043937,2.3264316217226733,0.0,0.0,0.4069112414095914,6.806876482025033,300.9893330885756,3,607.9786661771512,False,200,25.600746631622314
mem_medium,14,roving_ramp,transient,1.0,34.103763970711235,0.0,3.7769208707581705,0.0,0.2788457254557514,7.388074924343187,306.8380077906929,3,619.6760155813859,True,156,22.214905500411987
mem_medium,14,roving_ramp,mixed,0.40440997122607064,13.943517450388866,1.9860264724542864,2.9503213109510793,0.0,0.4954701549473657,8.288686649711648,288.2568322270227,4,584.5136644540454,True,195,36.49767756462097
mem_medium,14,roving_ramp,mixed_leaky,0.4030758801432589,138.629436111989,1.9896024059300383,2.9392994072725753,0.005000000000000002,0.47205638097979047,8.321589172041643,288.26525098017834,5,586.5305019603567,True,480,101.62160348892212
mem_medium,16,double_blip,level,0.0,12.855531041896144,6.8346517790700885,0.0,0.0,0.586379033633309,9.321662154918071,141.5309534611528,3,289.0619069223056,True,168,16.499958038330078
mem_medium,16,double_blip,transient,1.0,0.2500037625601553,0.0,0.010000000000000004,0.0,30.0,15.0,172.83548836884907,3,351.67097673769814,True,8,1.803344964981079
mem_medium,16,double_blip,mixed,0.5022022919001253,11.412149109509405,2.736410676152665,6.039721597908106,0.0,0.889666624374704,12.03661349801071,126.12532554614037,4,260.25065109228075,True,245,22.273273468017578
mem_medium,16,double_blip,mixed_leaky,0.5097101250453838,138.629436111989,2.658804804064708,6.047371337759127,0.005000000000000002,0.85071325971363,12.063984641024605,126.1337138567962,5,262.2674277135924,True,414,90.05383467674255
mem_medium,15,blip_combo,level,0.0,0.6891405493181478,6.138605174630674,0.0,0.0,1.8359552668399077,2.2533865568421048,152.16091283059941,3,310.32182566119883,True,104,11.563177824020386
mem_medium,15,blip_combo,transient,1.0,0.2500037625601553,0.0,0.010000000000000004,0.0,30.0,15.0,172.95299326492832,3,351.90598652985665,True,8,1.8605437278747559
mem_medium,15,blip_combo,mixed,0.08561638594201486,0.7067819866198373,5.199682001973693,1.0651605841401008,0.0,1.8368188514616903,2.287775675054424,151.9811309473091,4,311.9622618946182,True,300,32.75812339782715
mem_medium,15,blip_combo,mixed_leaky,0.1200951464979311,1.4254732540551165,3.891346662515289,1.1619822963018374,0.48625758399051977,-1.8032844118504572,7.376335921655757,151.68306324825812,5,313.36612649651624,True,906,114.596435546875
mem_medium,16,blip_combo,level,0.0,14.426442377740388,7.753741406832402,0.0,0.0,0.6077144803162566,10.207896365103158,153.0966158423526,3,312.1932316847052,True,112,11.825525522232056
mem_medium,16,blip_combo,transient,1.0,0.2500037625601553,0.0,0.010000000000000004,0.0,30.0,15.0,191.73740041762224,3,389.4748008352445,True,8,1.842820405960083
mem_medium,16,blip_combo,mixed,0.39209528036316565,10.041591511945558,3.2835995584927105,4.633574334256496,0.0,0.8220741949948782,10.148739372483906,143.02182580800815,4,294.0436516160163,True,295,27.688164234161377
mem_medium,16,blip_combo,mixed_leaky,0.4383745872225845,11.495901640486347,2.921225380137632,4.988540825699373,0.060295155807423985,0.4481631646843615,10.88367530789177,142.6516273677725,5,295.303254735545,True,300,67.52448797225952
mem_medium,16,roving_ramp,level,0.0,35.49943057976051,2.254160566353368,0.0,0.0,0.21718167259723875,10.178490925158085,337.35168044216925,3,680.7033608843385,True,112,23.33566927909851
mem_medium,16,roving_ramp,transient,1.0,45.127609602461725,0.0,4.56803543707456,0.0,0.29739858864467805,8.226907208351994,341.98552807692425,3,689.9710561538485,True,104,19.836440563201904
mem_medium,16,roving_ramp,mixed,0.4711194998292197,14.304056010188122,2.513703516726749,4.898887029029712,0.0,0.6872534201491055,10.978319465739949,308.85445144516603,4,625.7089028903321,True,170,32.19601106643677
mem_medium,16,roving_ramp,mixed_leaky,0.4606753249415252,37.60015215915668,2.5597315619236216,4.783534716279631,0.018434690839173765,0.5759595239605301,11.122964087641918,308.78911506450333,5,627.5782301290067,True,324,70.46064710617065
mem_medium,16,blip_train,level,0.0,17.678596813285314,6.251717173123333,0.0,0.0,0.45209489149602516,8.745977286544468,223.4753583037556,3,452.9507166075112,True,148,32.32281517982483
mem_medium,16,blip_train,transient,1.0,14.152429078375032,0.0,4.865182019081208,0.0,0.5202614822427698,8.508392472020285,212.77936105187175,3,431.5587221037435,True,124,21.326724529266357
mem_medium,16,blip_train,mixed,0.5025893388803129,14.049805112246148,1.8624184801322494,4.117042036463593,0.0,0.5625691893825926,8.87085534788801,211.93921078502717,4,431.87842157005434,True,315,51.05401968955994
mem_medium,16,blip_train,mixed_leaky,0.5092068988903493,138.629436111989,1.8152856370475476,4.120506916195942,0.005000000000000002,0.537553042494074,8.857514338169276,211.9800108667126,5,433.9600217334252,True,234,78.25656032562256
mem_medium,17,blip_train,level,0.0,5.365190319558021,5.548666200562216,0.0,0.0,0.55440238596845,3.9991266782879182,420.91840225805214,3,847.8368045161043,True,136,21.87173867225647
mem_medium,17,blip_train,transient,1.0,5.964280941738375,0.0,3.788206570543767,0.0,0.5129005130153758,4.077931874955464,422.86899612231116,3,851.7379922446223,True,144,21.806262731552124
mem_medium,17,blip_train,mixed,0.18845222878716808,5.212441815695044,3.7979543370492665,1.9295088464405792,0.0,0.5946903357625046,3.994770318270685,419.20048386146436,4,846.4009677229287,True,225,46.49143433570862
mem_medium,17,blip_train,mixed_leaky,0.1887319746134108,138.629436111989,3.7942533686512325,1.9311557392152132,0.005000000000000002,0.5837901807888134,3.9971697097034706,419.20169888424135,5,848.4033977684827,True,654,80.741544008255
mem_medium,17,roving_ramp,level,0.0,16.05561471775037,1.533438177998456,0.0,0.0,0.20862269357230437,5.086576560311565,467.7799940029878,3,941.5599880059756,True,136,26.074690580368042
mem_medium,17,roving_ramp,transient,1.0,14.549932168166151,0.0,3.87167544222621,0.0,0.3422792075062673,4.873438592776736,463.15351055240563,3,932.3070211048113,True,140,24.7652804851532
mem_medium,17,roving_ramp,mixed,0.5955750292682542,11.129838370447047,1.0131066912784465,3.264100696873297,0.0,0.3991618516084711,4.866184738840283,460.9743502910095,4,929.948700582019,True,300,44.82092547416687
mem_medium,17,roving_ramp,mixed_leaky,0.5709145592040548,1.999358229296725,1.094872280154028,3.187136370748043,0.3466848363655972,-0.8333867800414254,5.607659775220479,460.57396890685976,5,931.1479378137195,True,402,97.77787494659424
mem_medium,17,blip_combo,level,0.0,128.26676117059003,3.118466806649467,0.0,0.0,0.1286092476776055,6.794080191760312,394.6574313542432,3,795.3148627084864,True,148,25.248698711395264
mem_medium,17,blip_combo,transient,1.0,281.55222497496095,0.0,4.31480964273829,0.0,0.20802461069799905,7.439044849708075,387.6323638888642,3,781.2647277777284,True,148,25.641153573989868
mem_medium,17,blip_combo,mixed,0.994952320225526,278.80843983491883,0.010000000000000004,4.312412737491271,0.0,0.20837351646459928,7.438839971993751,387.6356176579003,4,783.2712353158006,True,445,58.665858030319214
mem_medium,17,blip_combo,mixed_leaky,0.9949385918209459,138.629436111989,0.010000000000000004,4.300656543118364,0.005000000000000002,0.18898196466464337,7.433636802928384,387.6481562582211,5,785.2963125164422,True,204,98.9253282546997
mem_medium,18,blip_train,level,0.0,17.493280554359806,4.855955395003055,0.0,0.0,0.36697110918498005,7.275312688058124,213.02375411671377,3,432.04750823342755,True,112,21.90388822555542
mem_medium,18,blip_train,transient,1.0,13.940679507305335,0.0,4.446737093083513,0.0,0.4585436174966705,7.187068512261119,207.80385805754952,3,421.60771611509904,True,148,25.375014781951904
mem_medium,18,blip_train,mixed,0.995098282070838,13.939709254812314,0.010000000000000004,4.441477914168297,0.0,0.4586652879751645,7.18745034456709,207.80536783180992,4,423.61073566361983,True,370,36.8272922039032
mem_medium,18,blip_train,mixed_leaky,0.9950598793906554,8.917364215009645,0.010000000000000004,4.406781426455133,0.07773005159901901,0.11173643908858696,7.607272362842449,207.73151598981676,5,425.4630319796335,True,288,74.38743734359741
mem_medium,19,blip_train,level,0.0,12.301963492918157,5.696147120206392,0.0,0.0,0.4904010402173632,7.4761700552993435,288.4732202143736,3,582.9464404287472,True,88,16.951942920684814
mem_medium,19,blip_train,transient,1.0,4.796037824749603,0.0,3.2838163634759057,0.0,0.6609576677943352,4.917792150573594,298.7969517842776,3,603.5939035685552,True,96,10.55118441581726
mem_medium,19,blip_train,mixed,0.06340446059555643,10.083809969441596,4.868356742747637,0.7210410133459203,0.0,0.5424250465871475,7.067514537709446,288.0640989207903,4,584.1281978415806,True,305,52.18869233131409
mem_medium,19,blip_train,mixed_leaky,0.07492430305465808,18.887580850585188,4.707058181186633,0.8340745178188639,0.0366985685484687,0.3874037981200508,7.276174512340296,288.0588543600608,5,586.1177087201216,True,516,70.27709674835205
mem_medium,19,roving_ramp,level,0.0,4.917294986926885,3.105429506288183,0.0,0.0,0.6122664258554074,5.021229990815362,718.1781221674524,3,1442.3562443349049,True,136,18.577589750289917
mem_medium,19,roving_ramp,transient,1.0,12.82698467551391,0.0,2.5850849229273734,0.0,0.2709542090239569,3.9568044900239543,772.2194580425717,3,1550.4389160851433,True,132,20.69690465927124
mem_medium,19,roving_ramp,mixed,0.2351368162536474,5.781828272239629,2.976129055536505,2.001697666576812,0.0,0.682136821117169,5.715873404311613,699.3333106018999,4,1406.6666212037999,True,250,42.59051203727722
mem_medium,19,roving_ramp,mixed_leaky,0.23476320304151005,138.629436111989,2.9762648844524886,1.9976325587129047,0.005000000000000002,0.6673595535564859,5.715530249774468,699.3616359256944,5,1408.7232718513887,True,348,88.90654993057251
mem_medium,17,double_blip,level,0.0,55.14839870636323,4.5504585574723615,0.0,0.0,0.21248356998909712,6.999759167500662,349.9567946501707,3,705.9135893003414,True,108,20.3037052154541
mem_medium,17,double_blip,transient,1.0,59.10803269563191,0.0,2.605778702014131,0.0,0.175034021964502,6.783592861988602,352.21616761547784,3,710.4323352309557,True,152,35.592289447784424
mem_medium,17,double_blip,mixed,0.0020055173608225377,55.059609422668096,4.549113537936751,0.02000022622779299,0.0,0.21347334943073443,7.00289483577545,349.94692190181405,4,707.8938438036281,True,25,4.995998382568359
mem_medium,17,double_blip,mixed_leaky,0.232405040758236,2.1262707729386676,3.0169320510142863,1.9984293744381023,0.32599196178667467,-2.2016089337579032,10.23021207190706,348.13098603420383,5,706.2619720684077,True,768,191.77122044563293
mem_medium,18,double_blip,level,0.0,25.00768507804506,4.980432472148501,0.0,0.0,0.31557081027492806,7.6258028105991285,230.30763941339404,3,466.6152788267881,True,152,22.97195053100586
mem_medium,18,double_blip,transient,1.0,18.392734848939863,0.0,4.333820096086205,0.0,0.3919257285997861,7.219279669507207,226.26461162345075,3,458.5292232469015,True,124,23.209133863449097
mem_medium,18,double_blip,mixed,0.4885300213315099,16.962295539098747,1.7022515923923762,3.5571706921219777,0.0,0.4285575184243539,7.198966100701288,225.80527108956886,4,459.6105421791377,True,215,21.05338764190674
mem_medium,18,double_blip,mixed_leaky,0.5284734357924642,3.896384218363695,1.552984085523262,3.807972901670201,0.1778949769104228,-0.5213016662287515,8.451831746317335,225.06852770879343,5,460.13705541758685,False,450,124.8181824684143
mem_medium,22,double_blip,level,0.0,0.2397223159430033,0.5300914336005274,0.0,0.0,10.712637889444233,5.127793718319435,88.35770001707928,3,182.71540003415856,True,12,2.1342432498931885
mem_medium,22,double_blip,transient,1.0,0.2500037625601553,0.0,0.010000000000000004,0.0,30.0,15.0,88.35770001707928,3,182.71540003415856,True,8,1.806178331375122
mem_medium,22,double_blip,mixed,0.016952888079896308,0.23974255737369315,0.5300914336005274,0.02,0.0,10.712637889444233,5.127793718319435,88.35770001707928,4,184.71540003415856,True,5,1.1169378757476807
mem_medium,22,double_blip,mixed_leaky,0.016952888079896308,115.52453009332424,0.5300914336005274,0.02,0.005999999999999998,10.712637889444233,5.127793718319435,88.35770001707928,5,186.71540003415856,True,6,1.7008142471313477
mem_medium,19,double_blip,level,0.0,6.984725691898668,5.862898179332249,0.0,0.0,0.6511412867646008,6.413937362382568,237.10533126747808,3,480.21066253495616,True,80,15.511723041534424
mem_medium,19,double_blip,transient,1.0,3.906782488076174,0.0,4.1421663393828405,0.0,0.8028860980176272,4.812117699387749,248.5643633003942,3,503.1287266007884,True,120,12.672324419021606
mem_medium,19,double_blip,mixed,0.15191910853157417,5.77973468432264,4.466023969437112,1.7502739187232397,0.0,0.7607026864677636,6.189196763576291,234.56602708671718,4,477.13205417343437,True,240,42.9025297164917
mem_medium,19,double_blip,mixed_leaky,0.152528772828949,115.59178959322165,4.463376656385949,1.7575196852461663,0.005996508774534897,0.7394763441798268,6.21401810824736,234.5659112987261,5,479.1318225974522,True,132,111.0757348537445
mem_medium,19,blip_combo,level,0.0,9.719202046822643,4.074148568244186,0.0,0.0,0.4450561413067052,6.057666524331239,283.7507949910755,3,573.501589982151,True,84,15.115898132324219
mem_medium,19,blip_combo,transient,1.0,4.605298631470759,0.0,2.999962826031854,0.0,0.6430344797444152,4.675170508916812,279.12124785222335,3,564.2424957044467,True,152,15.895439147949219
mem_medium,19,blip_combo,mixed,0.37220921368400567,5.822629390612927,1.6816132852822068,2.181263630136623,0.0,0.6025737686576159,5.22894634337317,277.4192862860965,4,562.838572572193,True,190,36.15357780456543
mem_medium,19,blip_combo,mixed_leaky,0.5896637426248307,1.762424601124689,0.931304256124689,2.927965571370345,0.3932918208912962,-3.0154387867421915,11.48493065842315,276.4615418120607,5,562.9230836241214,True,804,148.53283500671387
mem_medium,18,roving_ramp,level,0.0,474.07553995915407,0.851963717149255,0.0,0.0,0.03703351703743452,8.659459159327248,287.9058694573102,3,581.8117389146204,True,156,29.277155876159668
mem_medium,18,roving_ramp,transient,1.0,51.10244593066449,0.0,4.221419237140556,0.0,0.2674463414319434,7.8543523322739786,278.76055810771356,3,563.5211162154271,True,168,32.8492214679718
mem_medium,18,roving_ramp,mixed,0.8693608672263516,38.08855825227138,0.2769395356157188,4.032010037310987,0.0,0.2926900329150386,7.737710298119383,278.5919132501134,4,565.1838265002268,True,265,39.91657567024231
mem_medium,18,roving_ramp,mixed_leaky,0.7762916465231677,2.623467671286894,0.49030323220340044,3.7223509273049458,0.2642103000338993,-2.766010682220216,14.663237714677722,276.5912124217813,5,563.1824248435626,True,642,192.85460877418518
mem_medium,23,double_blip,level,0.0,0.23968229903717186,0.5296142765268876,0.0,0.0,10.717012482337992,5.12904225003631,97.67469212616884,3,201.34938425233767,True,12,2.14499831199646
mem_medium,23,double_blip,transient,1.0,0.2500037625601553,0.0,0.010000000000000004,0.0,30.0,15.0,97.67469212616884,3,201.34938425233767,True,8,1.7928225994110107
mem_medium,23,double_blip,mixed,0.016967902656017064,0.23970252878430667,0.5296142765268876,0.02,0.0,10.717012482337992,5.12904225003631,97.67469212616884,4,203.34938425233767,True,5,1.1037862300872803
mem_medium,23,double_blip,mixed_leaky,0.016967902656017064,115.52453009332424,0.5296142765268876,0.02,0.005999999999999998,10.717012482337992,5.12904225003631,97.67469212616884,5,205.34938425233767,True,6,1.7229313850402832
mem_medium,20,roving_ramp,level,0.0,31.980339878912027,2.1025615205370287,0.0,0.0,0.18347894539618842,7.331380261670918,318.6538077385359,3,643.3076154770717,True,164,35.48893690109253
mem_medium,20,roving_ramp,transient,1.0,21.870326922355456,0.0,5.045623830074557,0.0,0.37023831710505595,6.2299020481777525,314.20141585740015,3,634.4028317148003,True,120,22.183290719985962
mem_medium,20,roving_ramp,mixed,0.5722478175329482,22.90985486977637,1.4594090301537608,4.271484025280149,0.0,0.3952308301941048,7.0827974093019614,310.39727637673707,4,628.7945527534741,True,190,37.8049635887146
mem_medium,20,roving_ramp,mixed_leaky,0.5457143960590561,2.456814297496096,1.6102059703637144,4.2318251496968715,0.28213250845470006,-1.3455441392409657,9.029019944052378,308.44794176361245,5,626.8958835272249,True,618,131.36723232269287
mem_medium,23,blip_train,level,0.0,0.25000272907029897,0.010000000000000004,0.0,0.0,30.0,15.0,69.66996355906448,3,145.33992711812897,True,8,1.8330965042114258
mem_medium,23,blip_train,transient,1.0,0.2500037625601553,0.0,0.010000000000000004,0.0,30.0,15.0,69.66996355906448,3,145.33992711812897,True,8,1.8596067428588867
mem_medium,23,blip_train,mixed,0.4775764455742727,0.25001025446816466,0.010000000000000004,0.02,0.0,30.0,15.0,69.66996355906448,4,147.33992711812897,True,5,1.2906413078308105
mem_medium,23,blip_train,mixed_leaky,0.4775764455742727,115.52453009332424,0.010000000000000004,0.02,0.005999999999999998,30.0,15.0,69.66996355906448,5,149.33992711812897,True,6,2.3491499423980713
mem_medium,24,roving_ramp,level,0.0,0.25000272907029897,0.010000000000000004,0.0,0.0,30.0,15.0,313.5542435013638,3,633.1084870027277,True,8,1.7251348495483398
mem_medium,24,roving_ramp,transient,1.0,0.2500037625601553,0.0,0.010000000000000004,0.0,30.0,15.0,313.5542435013638,3,633.1084870027277,True,8,1.6735167503356934
mem_medium,24,roving_ramp,mixed,0.4775764455742727,0.25001025446816466,0.010000000000000004,0.02,0.0,30.0,15.0,313.5542435013638,4,635.1084870027277,True,5,1.193253517150879
mem_medium,24,roving_ramp,mixed_leaky,0.4775764455742727,115.52453009332424,0.010000000000000004,0.02,0.005999999999999998,30.0,15.0,313.5542435013638,5,637.1084870027277,True,6,2.193047285079956
mem_medium,20,blip_train,level,0.0,10.305638200208252,3.4926194289012034,0.0,0.0,0.36581221201070335,5.182380064873527,310.1139831280968,3,626.2279662561936,True,148,23.35939908027649
mem_medium,20,blip_train,transient,1.0,8.595403034419167,0.0,1.7205826161151236,0.0,0.3585186852172193,4.827768113282807,311.2278129993132,3,628.4556259986264,True,120,21.099963903427124
mem_medium,20,blip_train,mixed,0.002611209669138327,10.307912661450622,3.4917759795487826,0.020000160545963794,0.0,0.36677980253105635,5.185424683531761,310.10810228819463,4,628.2162045763893,True,25,5.197781085968018
mem_medium,20,blip_train,mixed_leaky,0.06250814476595623,138.629436111989,2.978844253980854,0.4345369877820889,0.005000000000000002,0.3634111680835112,5.125361917946778,310.06006413348774,5,630.1201282669755,True,324,109.18908309936523
mem_medium,18,blip_combo,level,0.0,20.94221217703655,5.360382853061582,0.0,0.0,0.35068836665279707,7.3358032450322845,231.87269765979283,3,469.74539531958567,True,136,22.61238121986389
mem_medium,18,blip_combo,transient,1.0,11.482097212632217,0.0,5.287344933170445,0.0,0.5209831509101316,6.481857519042076,224.331562670919,3,454.663125341838,True,148,27.026215076446533
mem_medium,18,blip_combo,mixed,0.995875617266413,11.469121119852575,0.010000000000000004,5.2827004567489935,0.0,0.5213092375467446,6.479310310983939,224.33299177298122,4,456.66598354596243,True,315,31.20857048034668
mem_medium,18,blip_combo,mixed_leaky,0.9961203509718678,2.4421138923902173,0.010000000000000004,5.617320717410601,0.2838308167034454,-2.8693705915568466,14.804877172060335,222.73447266361936,5,455.4689453272387,True,774,191.56728672981262
mem_medium,22,blip_combo,level,0.0,11.346172825723666,7.350840707868416,0.0,0.0,0.6343479519065095,8.932139473827533,79.76438561631028,3,165.52877123262056,True,136,14.163699388504028
mem_medium,22,blip_combo,transient,1.0,0.2500037625601553,0.0,0.010000000000000004,0.0,30.0,15.0,88.41078556235618,3,182.82157112471236,True,8,1.8241057395935059
mem_medium,22,blip_combo,mixed,0.43330416822904966,9.848422913612634,4.282262475643872,7.163511760694063,0.0,1.0729825523922385,12.00152609881885,78.26023516212406,4,164.52047032424812,True,325,30.116590976715088
mem_medium,22,blip_combo,mixed_leaky,0.4556907789052314,37.78754392598818,4.0527229805297145,7.423031683789944,0.01834327157958623,0.9557573694905468,12.308674384600137,78.23058746936886,5,166.4611749387377,True,360,60.34482002258301
mem_medium,21,blip_train,level,0.0,9.305078428373438,7.1116573931556655,0.0,0.0,0.6466091812571664,7.699266950123953,176.66802599766086,3,359.3360519953217,True,156,22.143069744110107
mem_medium,21,blip_train,transient,1.0,0.23450199563432578,0.0,0.8930416905063201,0.0,10.975134699071571,5.128471329547753,229.30538135494047,3,464.61076270988093,True,12,2.2791383266448975
mem_medium,21,blip_train,mixed,0.5600301049467772,3.8083072618965943,1.9093317537560237,5.317159086383581,0.0,1.0985520405323717,6.062477525241674,166.63582930485725,4,341.2716586097145,True,245,23.25572156906128
mem_medium,21,blip_train,mixed_leaky,0.5618319029204354,138.629436111989,1.8963061332399673,5.3196607753879945,0.005000000000000002,1.081455189711978,6.065031984583821,166.64436188216214,5,343.2887237643243,True,354,90.13351726531982
mem_medium,20,blip_combo,level,0.0,inf,1.6913764274690728,0.0,0.0,0.03847587215322321,7.547788255398014,367.4076875325051,3,740.8153750650102,True,172,27.700222730636597
mem_medium,20,blip_combo,transient,1.0,inf,0.0,1.9105504662218555,0.0,0.08082379631305345,7.4769339309661245,366.20142704326196,3,738.4028540865239,True,212,30.11707639694214
mem_medium,20,blip_combo,mixed,0.9776079471956156,inf,0.01999998689066304,1.9103386886041864,0.0,0.08163845786225818,7.479414310529651,366.20108548049683,4,740.4021709609937,True,75,8.91562795639038
mem_medium,20,blip_combo,mixed_leaky,0.9734140398817946,3.743669704102199,0.023461382554122657,1.879354483870863,0.1851517989956261,-1.005357679577316,8.892452792450968,365.9879160478887,5,741.9758320957774,True,834,128.21706247329712
mem_medium,22,blip_train,level,0.0,9.751929748344779,6.281209625510636,0.0,0.0,0.6000520427232997,7.69138476438281,104.49528603429056,3,214.99057206858112,True,124,13.028876066207886
mem_medium,22,blip_train,transient,1.0,0.2500037625601553,0.0,0.010000000000000004,0.0,30.0,15.0,116.63218982438045,3,239.2643796487609,True,8,1.88149094581604
mem_medium,22,blip_train,mixed,0.6746153580317726,4.7478737149922505,0.9089924752319517,4.123151644297449,0.0,0.8189396824641297,5.726040948248483,101.87946498955384,4,211.75892997910768,True,275,26.570088386535645
mem_medium,22,blip_train,mixed_leaky,0.6173587225151783,4.454469793913571,1.1228134264896816,3.9633571933441933,0.15560711209828765,0.15468136167844224,6.631013932618471,101.82229778676898,5,213.64459557353797,True,462,79.92747569084167
mem_medium,21,roving_ramp,level,0.0,0.984822255033335,2.5960528200804642,0.0,0.0,1.416442368700366,2.6224350625769555,303.535649547911,3,613.071299095822,True,128,20.158578157424927
mem_medium,21,roving_ramp,transient,1.0,10.897234777311278,0.0,4.880730706331461,0.0,0.5056829830736124,6.218349778813911,277.6969681680424,3,561.3939363360848,True,88,17.702203035354614
mem_medium,21,roving_ramp,mixed,0.6211102831044729,6.892880744579143,1.2148333537152975,4.356948779637832,0.0,0.6982555808889422,6.365647133570368,270.20600080356485,4,548.4120016071297,True,195,33.79852795600891
mem_medium,21,roving_ramp,mixed_leaky,0.5868654853965904,3.6090433453454365,1.3789324999886678,4.285484649039148,0.19205842497123052,-0.2889416842724074,7.961317969984816,269.43548758777405,5,548.8709751755481,True,282,100.64641070365906
mem_medium,26,roving_ramp,level,0.0,0.25000272907029897,0.010000000000000004,0.0,0.0,30.0,15.0,154.0379140009412,3,314.0758280018824,True,8,1.794609546661377
mem_medium,26,roving_ramp,transient,1.0,0.2500037625601553,0.0,0.010000000000000004,0.0,30.0,15.0,154.0379140009412,3,314.0758280018824,True,8,1.7307839393615723
mem_medium,26,roving_ramp,mixed,0.4775764455742727,0.25001025446816466,0.010000000000000004,0.02,0.0,30.0,15.0,154.0379140009412,4,316.0758280018824,True,5,1.235011339187622
mem_medium,26,roving_ramp,mixed_leaky,0.4775764455742727,115.52453009332424,0.010000000000000004,0.02,0.005999999999999998,30.0,15.0,154.0379140009412,5,318.0758280018824,True,6,2.199178457260132
mem_medium,21,double_blip,level,0.0,15.993087120706708,5.1007604778375795,0.0,0.0,0.41172212354280346,7.826375192766416,239.43754580968127,3,484.87509161936254,True,172,26.102349996566772
mem_medium,21,double_blip,transient,1.0,11.52417413417121,0.0,5.95001957173251,0.0,0.630288991192623,8.3353281050062,215.89818900676863,3,437.79637801353726,True,156,22.146893739700317
mem_medium,21,double_blip,mixed,0.7988433820236156,12.092210425455235,0.6634439167599334,5.764231031790065,0.0,0.6412603821376033,8.68893816811158,215.7713068378008,4,439.5426136756016,True,290,32.31501030921936
mem_medium,21,double_blip,mixed_leaky,0.805630150036734,138.629436111989,0.6369043454880762,5.775517045711311,0.005000000000000002,0.6153466806500297,8.732021533068163,215.7823258513714,5,441.5646517027428,True,474,88.49248361587524
mem_medium,26,double_blip,level,0.0,0.25000272907029897,0.010000000000000004,0.0,0.0,30.0,15.0,22.606149727477455,3,51.21229945495491,True,8,1.7355246543884277
mem_medium,26,double_blip,transient,1.0,0.2500037625601553,0.0,0.010000000000000004,0.0,30.0,15.0,22.606149727477455,3,51.21229945495491,True,8,1.775883674621582
mem_medium,26,double_blip,mixed,0.4775764455742727,0.25001025446816466,0.010000000000000004,0.02,0.0,30.0,15.0,22.606149727477455,4,53.21229945495491,True,5,1.2385125160217285
mem_medium,26,double_blip,mixed_leaky,0.4775764455742727,115.52453009332424,0.010000000000000004,0.02,0.005999999999999998,30.0,15.0,22.606149727477455,5,55.21229945495491,True,6,2.2447633743286133
mem_medium,26,blip_combo,level,0.0,0.25000272907029897,0.010000000000000004,0.0,0.0,30.0,15.0,69.6694635381897,3,145.3389270763794,True,8,1.8305768966674805
mem_medium,26,blip_combo,transient,1.0,0.2500037625601553,0.0,0.010000000000000004,0.0,30.0,15.0,69.6694635381897,3,145.3389270763794,True,8,1.7989695072174072
mem_medium,26,blip_combo,mixed,0.4775764455742727,0.25001025446816466,0.010000000000000004,0.02,0.0,30.0,15.0,69.6694635381897,4,147.3389270763794,True,5,1.2696869373321533
mem_medium,26,blip_combo,mixed_leaky,0.4775764455742727,115.52453009332424,0.010000000000000004,0.02,0.005999999999999998,30.0,15.0,69.6694635381897,5,149.3389270763794,True,6,2.345247983932495
mem_medium,20,double_blip,level,0.0,inf,1.1802982832284798,0.0,0.0,0.030406050299129572,8.290191769730807,300.5847791628213,3,607.1695583256426,True,164,31.002145767211914
mem_medium,20,double_blip,transient,1.0,226.28051290667386,0.0,2.457730695807221,0.0,0.12938461370345344,8.335254815756816,297.6724669573425,3,601.344933914685,True,176,33.743321895599365
mem_medium,20,double_blip,mixed,0.9911500600293176,227.00137413574737,0.010000000000000004,2.4502417361748168,0.0,0.12931876747883567,8.336745537731248,297.6791412360364,4,603.3582824720728,True,295,33.59219717979431
mem_medium,20,double_blip,mixed_leaky,0.9913337331675104,2.335715115526377,0.010000000000000004,2.5026359238137252,0.29676015535984474,-2.928966829130041,13.324707371386637,297.1993787934822,5,604.3987575869644,True,1074,174.1462438106537
mem_medium,22,roving_ramp,level,0.0,11.391901084064727,3.6827742504576797,0.0,0.0,0.45296364171841685,7.57238713186923,294.95792241425164,3,595.9158448285033,True,144,20.999145984649658
mem_medium,22,roving_ramp,transient,1.0,25.04172297552452,0.0,4.035841482806686,0.0,0.3118430551404845,6.492048716289392,319.5014686751065,3,645.002937350213,True,132,20.862303495407104
mem_medium,22,roving_ramp,mixed,0.25287699600204355,12.85688982652123,3.4568808122834693,2.5598320224010607,0.0,0.5536756015644444,8.35418752008429,290.0643029976193,4,588.1286059952386,True,295,43.07280945777893
mem_medium,22,roving_ramp,mixed_leaky,0.21721761798941777,8.704656960258749,3.609038184496271,2.191065334792013,0.07962946543723892,0.16928732478473932,8.562789899325578,289.86434112770706,5,589.7286822554141,True,402,97.85211038589478
mem_medium,21,blip_combo,level,0.0,16.77333585117663,6.63170132218826,0.0,0.0,0.47345744512268145,8.59731642005389,229.40491131173394,3,464.8098226234679,True,120,25.53387475013733
mem_medium,21,blip_combo,transient,1.0,17.34041992117546,0.0,5.423426752771246,0.0,0.5034002327911246,8.96611677888662,219.51734073905752,3,445.03468147811503,True,204,34.25370907783508
mem_medium,21,blip_combo,mixed,0.366178441440074,14.545840611074356,3.2012755897722607,4.046305546532208,0.0,0.5994845071649197,9.075345199053958,216.11914830140134,4,440.2382966028027,True,345,53.62003445625305
mem_medium,21,blip_combo,mixed_leaky,0.432127964684286,6.163087460106601,2.807092825544905,4.673352178834944,0.11246752298205356,-0.3098456875669239,12.331751643015691,214.04250905526632,5,438.08501811053264,True,270,78.12209177017212
mem_medium,23,blip_combo,level,0.0,7.616459530464418,5.260717700039217,0.0,0.0,0.643713709860357,7.181303312182091,114.32278882198615,3,234.6455776439723,True,80,8.716175556182861
mem_medium,23,blip_combo,transient,1.0,0.2500037625601553,0.0,0.010000000000000004,0.0,30.0,15.0,135.37442855330247,3,276.74885710660493,True,8,1.8345282077789307
mem_medium,23,blip_combo,mixed,0.09923388931150455,5.828589269267979,4.15455170778,1.0013409791360866,0.0,0.736262261279498,6.469692062804615,113.93032725770777,4,235.86065451541555,True,195,18.828279972076416
mem_medium,23,blip_combo,mixed_leaky,0.1345668664868919,4.090197220895724,4.070787112255816,1.3848185058847144,0.16946546660851505,-1.2961872452881782,15.0,113.53343207796257,5,237.06686415592515,True,504,98.97310590744019
mem_medium,24,double_blip,level,0.0,13.198505384568229,2.393406969704095,0.0,0.0,0.34861517936695274,7.133388932747057,240.82561375234155,3,487.6512275046831,True,176,26.589162349700928
mem_medium,24,double_blip,transient,1.0,0.2500037625601553,0.0,0.010000000000000004,0.0,30.0,15.0,294.9345098768428,3,595.8690197536856,True,8,1.736584186553955
mem_medium,24,double_blip,mixed,0.3943311715030847,8.723854877637871,1.0017994518036595,1.4269755186742565,0.0,0.46658462315773547,6.444297686120573,236.12926992565306,4,480.2585398513061,True,235,21.818522214889526
mem_medium,24,double_blip,mixed_leaky,0.4436797105043604,5.816630996297942,0.8693825377040457,1.5169296099773846,0.11916643517546606,-0.05763556506479027,7.158709820197583,235.83572961963748,5,481.67145923927495,True,282,86.44065928459167
mem_medium,24,blip_train,level,0.0,8.661986755079736,3.9692454993922532,0.0,0.0,0.5440912548603255,7.173934934745712,205.91226898856684,3,417.8245379771337,True,128,22.44246482849121
mem_medium,24,blip_train,transient,1.0,0.2500037625601553,0.0,0.010000000000000004,0.0,30.0,15.0,276.2587739188355,3,558.517547837671,True,8,1.8410751819610596
mem_medium,24,blip_train,mixed,0.5318227844110742,4.478560514699534,1.1341447377383638,2.818610033413869,0.0,0.8802724414753784,6.412139210932955,186.35324723951197,4,380.70649447902395,True,245,23.222419023513794
mem_medium,24,blip_train,mixed_leaky,0.6661914387815285,3.061397708194213,0.7116951842138532,3.1074593054827924,0.22641526734819536,-0.2719453891924015,7.786566996751866,186.16456276649748,5,382.32912553299496,True,414,87.9861330986023
mem_medium,23,roving_ramp,level,0.0,2.5853776457668736,3.4182080708487255,0.0,0.0,1.1093628651527707,5.157423665903365,238.34929804310383,3,482.69859608620766,True,220,21.913448572158813
mem_medium,23,roving_ramp,transient,1.0,7.506060062236007,0.0,2.4456617621616816,0.0,0.44928982749617336,5.087128554111699,268.80383310602394,3,543.6076662120479,True,100,10.248080968856812
mem_medium,23,roving_ramp,mixed,0.21830378927256994,3.953469018028286,3.182175930851365,1.9442732471045874,0.0,1.0455319507472691,6.748860114889679,232.10543936140917,4,472.21087872281834,True,245,37.02140760421753
mem_medium,23,roving_ramp,mixed_leaky,0.19938302766738336,3.8288236139870317,3.4863432141080417,1.8995178524701635,0.1810339807840239,0.12683329172437677,8.254323068939803,231.50192251319982,5,473.00384502639963,True,456,95.9149169921875
mem_medium,24,blip_combo,level,0.0,9.050704283717817,2.786635487849195,0.0,0.0,0.42385473658246026,6.0204677240711515,306.56419028531246,3,619.1283805706249,True,116,18.668049812316895
mem_medium,24,blip_combo,transient,1.0,0.2500037625601553,0.0,0.010000000000000004,0.0,30.0,15.0,398.29012594061095,3,802.5802518812219,True,8,1.8300330638885498
mem_medium,24,blip_combo,mixed,0.5732648342109677,4.485064842115337,0.7138023884689798,2.0978996564488317,0.0,0.6799424739225507,5.039833886608971,291.46025185414453,4,590.9205037082891,True,270,25.8335223197937
mem_medium,24,blip_combo,mixed_leaky,0.7079586894902523,2.5778632448860668,0.4325205022501844,2.293930063050213,0.26888438784912355,-0.3574816638329919,5.9872206919867015,291.3132013304819,5,592.6264026609638,False,714,106.83302116394043
mem_medium,26,blip_train,level,0.0,7.559965998613597,11.264252764054671,0.0,0.0,0.9501051288592984,8.787975181514556,69.46422006993618,3,144.92844013987235,True,152,15.47140622138977
mem_medium,26,blip_train,transient,1.0,0.2500037625601553,0.0,0.010000000000000004,0.0,30.0,15.0,79.06912575866093,3,164.13825151732186,True,8,1.7846970558166504
mem_medium,26,blip_train,mixed,0.13416463894956304,5.873659525034893,8.133672690465055,2.757396918599086,0.0,1.0878170307138824,8.187352467363151,68.67007404260656,4,145.34014808521312,True,230,21.924511194229126
mem_medium,26,blip_train,mixed_leaky,0.13539538199985468,138.629436111989,8.087590220548556,2.770864483098307,0.005000000000000002,1.0625780589711784,8.20149876681633,68.6798076262839,5,147.3596152525678,True,420,84.15060472488403
mem_medium,25,roving_ramp,level,0.0,10.403522669440381,2.107287225764282,0.0,0.0,0.3571850716013823,5.996062075658028,340.97849554511447,3,687.9569910902289,True,220,29.777557373046875
mem_medium,25,roving_ramp,transient,1.0,21.912782551761033,0.0,4.483144166063638,0.0,0.3505233532449875,6.490969575963168,335.14359553223863,3,676.2871910644773,True,152,21.507686138153076
mem_medium,25,roving_ramp,mixed,0.5024361186304478,12.523154892444449,1.7562570988610282,3.8799840841484317,0.0,0.5213747074602403,7.230331153811815,321.8709773450545,4,651.741954690109,True,250,44.15964126586914
mem_medium,25,roving_ramp,mixed_leaky,0.5015415743931232,138.629436111989,1.7566020641913165,3.866884787999813,0.005000000000000002,0.5016011567962249,7.236336631831842,321.8914159857919,5,653.7828319715838,True,324,77.78627109527588
mem_medium,25,blip_train,level,0.0,20.649229572306734,4.68964368452844,0.0,0.0,0.3292494689225041,7.254930793053243,275.8573054896135,3,557.714610979227,True,120,25.73198390007019
mem_medium,25,blip_train,transient,1.0,10.786133264038414,0.0,4.898426778353643,0.0,0.5243630526579529,6.540686968274176,262.46630587535685,3,530.9326117507137,True,148,25.22682785987854
mem_medium,25,blip_train,mixed,0.9955494396874642,10.792531156719937,0.010000000000000004,4.893932644725594,0.0,0.5243988096789798,6.54264950439184,262.47328113021064,4,532.9465622604213,True,280,33.95447516441345
mem_medium,25,blip_train,mixed_leaky,0.9956028547760853,4.183786668925146,0.010000000000000004,4.953648313382788,0.16567459945036378,-0.3373048134163926,8.020589780733234,262.1210302971416,5,534.2420605942832,True,342,105.26168203353882
mem_medium,25,double_blip,level,0.0,16.592602223386386,6.081583862721812,0.0,0.0,0.4133858125768215,7.1090389638093185,251.38798506920116,3,508.77597013840233,True,116,18.980120420455933
mem_medium,25,double_blip,transient,1.0,13.5933660959343,0.0,3.619226475067361,0.0,0.395142546185363,6.300098831766612,257.5415353757287,3,521.0830707514574,True,144,32.961203813552856
mem_medium,25,double_blip,mixed,0.08595521402357809,14.607273900469654,5.158034298725646,1.0612038636344048,0.0,0.4538904806270662,6.925579279617131,250.91407554842235,4,509.8281510968447,True,340,49.82581853866577
mem_medium,25,double_blip,mixed_leaky,0.09586391481898211,12.498478789432907,5.063640050470671,1.1746109097416535,0.05545852357216309,0.22170717144080726,7.25188609129242,250.85504703831674,5,511.7100940766335,True,108,93.10364723205566
mem_medium,27,roving_ramp,level,0.0,28.159081542408114,3.501178202365494,0.0,0.0,0.24002728801366946,7.06055191919287,348.6353586552729,3,703.2707173105458,True,136,20.39754557609558
mem_medium,27,roving_ramp,transient,1.0,21.081593698251037,0.0,5.844160315746144,0.0,0.40639640336806715,6.009616818901536,351.06979761841893,3,708.1395952368379,True,124,19.9226553440094
mem_medium,27,roving_ramp,mixed,0.4164850202001259,17.25530547480442,3.0179186722710925,4.712645311288044,0.0,0.5096857719489357,6.835771016438418,339.598502398333,4,687.197004796666,True,280,41.94910526275635
mem_medium,27,roving_ramp,mixed_leaky,0.3964336656682837,4.680424326816625,3.0629451797665133,4.401438022350941,0.14809494442385035,-0.2366888937537265,7.838724378074919,339.379899492749,5,688.759798985498,True,450,102.16609334945679
mem_medium,27,blip_train,level,0.0,15.239825235392294,8.894140361325059,0.0,0.0,0.49994888076742805,6.360470564157236,270.3268575532366,3,546.6537151064732,True,136,23.96759557723999
mem_medium,27,blip_train,transient,1.0,13.498999417153756,0.0,6.860663813168886,0.0,0.5391366122987076,6.192729444741926,267.7358475387641,3,541.4716950775282,True,100,18.396960496902466
mem_medium,27,blip_train,mixed,0.3116944734840201,13.097219168480423,4.874352451513642,4.829193646203964,0.0,0.6192630097872436,6.328498994186288,265.5559298017787,4,539.1118596035574,True,280,28.76416301727295
mem_medium,27,blip_train,mixed_leaky,0.31318512661282627,138.629436111989,4.846499612459528,4.835033262862368,0.005000000000000002,0.6018695113019664,6.331089170462129,265.5889116124744,5,541.1778232249488,True,138,92.50934433937073
mem_medium,28,roving_ramp,level,0.0,1.794247821433135,3.046586406530409,0.0,0.0,1.0880604602209247,3.5464720896886432,141.32548327642567,3,288.65096655285134,True,76,8.535179853439331
mem_medium,28,roving_ramp,transient,1.0,28.248881444506768,0.0,8.80200501991572,0.0,0.6065089972826324,11.81357475668776,133.87417310300594,3,273.7483462060119,True,128,12.713253021240234
mem_medium,28,roving_ramp,mixed,0.7241399496671401,17.99536982683281,1.279457334972142,7.34800344401762,0.0,0.6720335922365623,10.73857983908389,132.1301811821875,4,272.260362364375,True,290,47.90851092338562
mem_medium,28,roving_ramp,mixed_leaky,0.7215433195584341,138.629436111989,1.2822226191588413,7.269056572938404,0.005000000000000002,0.6406319435500846,10.70250338567262,132.13539579215436,5,274.2707915843087,True,534,93.95150375366211
mem_medium,28,blip_train,level,0.0,9.677626943002723,10.980537436716235,0.0,0.0,0.7982084322816522,8.489455418422082,101.129027523971,3,208.258055047942,True,168,16.643837690353394
mem_medium,28,blip_train,transient,1.0,3.512580681288438,0.0,8.673110199910711,0.0,1.183651021194953,5.564347400886403,97.98058926695242,3,201.96117853390484,True,120,12.66522741317749
mem_medium,28,blip_train,mixed,0.38965986009906883,4.228765137559133,5.127506918011214,7.1619261546962925,0.0,1.270432249775763,6.589709169747389,97.26899858851364,4,202.53799717702728,True,325,38.820271253585815
mem_medium,28,blip_train,mixed_leaky,0.3921083760465314,138.629436111989,5.077055599851739,7.16476130096677,0.005000000000000002,1.2506171395058927,6.582841560423507,97.2829167197006,5,204.5658334394012,True,324,74.53080606460571
mem_medium,28,blip_combo,level,0.0,3.7396170072456534,5.70862117515974,0.0,0.0,0.779243023072099,4.429907838864151,160.94388500752163,3,327.88777001504326,True,60,6.648627042770386
mem_medium,28,blip_combo,transient,1.0,4.516377966441301,0.0,5.360843010072169,0.0,0.7914288183264881,4.962474433063098,155.80420227496506,3,317.6084045499301,True,124,12.986470937728882
mem_medium,28,blip_combo,mixed,0.8280247887201009,4.452401723048917,0.48704396876878686,5.130450514103163,0.0,0.8025193205118053,4.9415364312681564,155.7862195576166,4,319.5724391152332,True,325,40.69046092033386
mem_medium,28,blip_combo,mixed_leaky,0.8275965827999646,138.629436111989,0.48820477247638616,5.127252270228055,0.005000000000000002,0.7900499529749463,4.939454907223716,155.79436605792648,5,321.58873211585296,True,372,91.15397834777832
mem_medium,25,blip_combo,level,0.0,21.47646970868692,7.52187817150483,0.0,0.0,0.4333947911281433,8.034977369421458,282.5385052589501,3,571.0770105179002,True,128,21.92600679397583
mem_medium,25,blip_combo,transient,1.0,8.441286244169714,0.0,5.003725645145675,0.0,0.5707576639567595,5.821773452592554,279.5027482739092,3,565.0054965478184,True,132,24.398807048797607
mem_medium,25,blip_combo,mixed,0.31208261202185406,13.339508972527055,3.503854150018955,3.477676268984143,0.0,0.540129885244744,7.15976095292921,277.8201087380457,4,563.6402174760914,True,235,47.19723415374756
mem_medium,25,blip_combo,mixed_leaky,0.6195307496260353,2.9233992907262807,1.380969376688896,4.919683892785442,0.23710315000717602,-1.6191607957354053,12.050604285925122,276.64613349317415,5,563.2922669863483,True,588,154.81007885932922
mem_medium,27,blip_combo,level,0.0,12.62155825816064,9.112111940400544,0.0,0.0,0.5406093139874447,6.113919241040919,318.1545983397619,3,642.3091966795238,False,236,31.39296841621399
mem_medium,27,blip_combo,transient,1.0,11.555470844057442,0.0,7.679254573670308,0.0,0.6091301481943204,6.064576389909795,311.54107192977057,3,629.0821438595411,True,124,20.232179403305054
mem_medium,27,blip_combo,mixed,0.3553871042454662,10.168049893561966,4.670310704629917,5.633240535886708,0.0,0.7064092329018322,6.082986615022989,308.8545900174486,4,625.7091800348971,True,380,36.89795517921448
mem_medium,27,blip_combo,mixed_leaky,0.3558095687700405,138.629436111989,4.65992586650795,5.631086619943272,0.005000000000000002,0.6887672454186269,6.09580249037523,308.85537869724027,5,627.7107573944805,True,444,105.72100806236267
mem_medium,29,roving_ramp,level,0.0,10.34937703845867,1.4589512557263096,0.0,0.0,0.29310812115967483,5.078018636397628,367.2081498646111,3,740.4162997292221,True,108,17.84089732170105
mem_medium,29,roving_ramp,transient,1.0,23.488702010601116,0.0,6.0646200792667315,0.0,0.4163664764133203,6.696564256817982,342.03533459815276,3,690.0706691963055,True,128,18.350273370742798
mem_medium,29,roving_ramp,mixed,0.8547761123116373,19.02388153858784,0.44518460753209194,5.732767179143886,0.0,0.4475327654065154,6.624837035769354,341.5161215099416,4,691.0322430198833,True,215,43.119975328445435
mem_medium,29,roving_ramp,mixed_leaky,0.8537725792260477,138.629436111989,0.4481478187723085,5.724591692343652,0.005000000000000002,0.4295647510446556,6.633742359182771,341.52232503847995,5,693.0446500769599,True,432,77.34628295898438
mem_medium,28,double_blip,level,0.0,7.7873002651327985,7.269231812943302,0.0,0.0,0.6771742876938827,6.839086668414631,117.816135153412,3,241.632270306824,True,124,12.081032514572144
mem_medium,28,double_blip,transient,1.0,0.23655089089858744,0.0,11.314672152989482,0.0,3.698670332968511,1.5081597293835929,118.963899419383,3,243.927798838766,True,160,17.661812782287598
mem_medium,28,double_blip,mixed,0.1820656439921736,6.099069197699214,5.420106189893414,2.6395335887854734,0.0,0.8272981446795392,6.472610584077453,117.03743409807203,4,242.07486819614405,True,325,32.3598268032074
mem_medium,28,double_blip,mixed_leaky,0.18978707457218785,3.36781849584952,5.548094753437323,2.843290148338611,0.20581488622803631,-1.6454788572246037,15.0,116.42634385799138,5,242.85268771598277,True,516,148.49924492835999
mem_medium,29,double_blip,level,0.0,8.168253684924927,7.246392404137334,0.0,0.0,0.5672894236620177,5.3907377370894105,316.6528137141646,3,639.3056274283292,True,164,24.82515597343445
mem_medium,29,double_blip,transient,1.0,8.757161995651137,0.0,6.509441580712675,0.0,0.6251946791692153,5.80237497253926,306.1908089544416,3,618.3816179088832,True,76,14.12907099723816
mem_medium,29,double_blip,mixed,0.4640961660414383,7.850902136482933,2.7707838349566503,5.249689391543866,0.0,0.6932203816753105,5.738345392544388,304.5458349620486,4,617.0916699240972,True,240,43.44361901283264
mem_medium,29,double_blip,mixed_leaky,0.46548925568702,138.629436111989,2.7568161313419024,5.252558154312858,0.005000000000000002,0.6774476942594578,5.7424392065702,304.5671164315298,5,619.1342328630597,True,216,83.62531304359436
mem_medium,27,double_blip,level,0.0,8.243006786125257,5.557453927866202,0.0,0.0,0.48860203411036923,5.054674926155219,293.1188041977437,3,592.2376083954874,True,116,21.566826581954956
mem_medium,27,double_blip,transient,1.0,2.5190884686173183,0.0,6.93071799746748,0.0,1.001791718973122,3.470646467517023,280.13454014440924,3,566.2690802888185,True,96,20.963915586471558
mem_medium,27,double_blip,mixed,0.7676575612281366,2.8746642341209636,0.8900084046400077,6.433435373224674,0.0,0.9565069179922905,3.6616933187143132,280.0106839317843,4,568.0213678635686,True,235,24.860978841781616
mem_medium,27,double_blip,mixed_leaky,0.9242770162324037,1.2513913984677654,0.2724644333440066,7.276023624623169,0.553901186638051,-2.825812531678525,8.417542830158206,278.19963749985305,5,566.3992749997061,True,588,206.79948258399963
mem_medium,29,blip_train,level,0.0,22.617638371048763,6.134644946677944,0.0,0.0,0.3547667383172916,6.960189347083153,333.16291574869274,3,672.3258314973855,True,168,26.00411367416382
mem_medium,29,blip_train,transient,1.0,15.946896912431928,0.0,6.215244489711437,0.0,0.5017363172902984,7.0522844206445425,315.82077754610384,3,637.6415550922077,True,196,27.11825728416443
mem_medium,29,blip_train,mixed,0.9964905995059822,15.957295553272179,0.010000000000000004,6.2122670918194585,0.0,0.501856233154978,7.054548856475267,315.8265411004989,4,639.6530822009978,True,320,31.641072988510132
mem_medium,29,blip_train,mixed_leaky,0.9964816556534002,138.629436111989,0.010000000000000004,6.1964195026733115,0.005000000000000002,0.4828903026709829,7.051789160366637,315.8683560334222,5,641.7367120668443,True,300,82.71162843704224
mem_long,1,double_blip,level,0.0,20.469177830161907,6.40863953983211,0.0,0.0,0.45456425939143086,10.017247861430322,156.6726313715439,3,319.3452627430878,True,100,9.81557321548462
mem_long,1,double_blip,transient,1.0,15.365693562012664,0.0,5.477026930865312,0.0,0.5531268536051862,9.398852273776265,152.30481967119556,3,310.6096393423911,True,180,17.535556316375732
mem_long,1,double_blip,mixed,0.3972327803334392,15.813122091854039,2.9054800358301556,4.189123809171869,0.0,0.6054899197258625,10.158372712629975,151.06062640056746,4,310.1212528011349,True,230,22.018003940582275
mem_long,1,double_blip,mixed_leaky,0.5158764288311245,7.613301022479147,2.118807510712527,4.939588907504886,0.0910442367264014,-0.34628481096482744,15.0,150.15485120138413,5,310.30970240276827,True,528,75.1428325176239
mem_medium,29,blip_combo,level,0.0,28.032983140772995,8.066537718632638,0.0,0.0,0.4083548521959106,8.084036960064573,318.41398894910645,3,642.8279778982129,True,144,28.11251401901245
mem_medium,29,blip_combo,transient,1.0,22.341206393157314,0.0,8.01475420970054,0.0,0.5523648844228172,8.511927807679879,301.7561929846673,3,609.5123859693346,True,124,24.775131464004517
mem_medium,29,blip_combo,mixed,0.6744353235471103,22.847324214506013,1.6284396327775732,7.380478855069192,0.0,0.5792842113770571,8.806562617815016,301.3978096449497,4,610.7956192898994,True,310,35.4834566116333
mem_medium,29,blip_combo,mixed_leaky,0.6869201703167069,138.629436111989,1.5361089868081912,7.373659117449079,0.005000000000000002,0.5530253871322142,8.770571099515019,301.45283063481764,5,612.9056612696353,True,390,98.35842609405518
mem_long,1,blip_train,level,0.0,69.3729692856816,7.478488127418248,0.0,0.0,0.34751041630396307,14.235506985562202,159.49680919758885,3,324.9936183951777,True,168,16.304606914520264
mem_long,1,blip_train,transient,1.0,0.2500037625601553,0.0,0.010000000000000004,0.0,30.0,15.0,191.6957320147503,3,389.3914640295006,True,8,1.7859249114990234
mem_long,1,blip_train,mixed,0.0012266267516635526,69.54060329302088,7.454737118183879,0.020030309315894296,0.0,0.34745661512316334,14.24482109213072,159.47396295232673,4,326.94792590465346,True,75,7.125259160995483
mem_long,1,blip_train,mixed_leaky,0.22228592486393026,101.52215401527728,4.098016815725249,2.5625691157355135,0.006827546039415584,0.2888657145065766,15.0,158.04075038709058,5,326.08150077418117,True,342,105.52153992652893
mem_long,0,blip_train,level,0.0,inf,4.209468853268164,0.0,0.0,0.12048784586334675,9.55629576948202,315.90718458564237,3,637.8143691712847,True,164,26.952964305877686
mem_long,0,blip_train,transient,1.0,inf,0.0,4.482228135966868,0.0,0.19738662125421388,10.37465062773341,308.42072623910775,3,622.8414524782155,False,220,39.926761627197266
mem_long,0,blip_train,mixed,0.9951406847793653,inf,0.010000000000000004,4.480425456373146,0.0,0.19759075216480737,10.37907858692423,308.4263421917546,4,624.8526843835092,True,370,50.270214557647705
mem_long,0,blip_train,mixed_leaky,0.995101898523527,138.629436111989,0.010000000000000004,4.444773377927396,0.005000000000000002,0.16887648742821457,10.37246426512463,308.4333795288652,5,626.8667590577304,True,144,48.79541540145874
mem_long,0,roving_ramp,level,0.0,3.2587858227694233,1.5922559231373308,0.0,0.0,0.6397665963149511,3.829872561288186,273.94176434271714,3,553.8835286854343,True,148,23.911031246185303
mem_long,0,roving_ramp,transient,1.0,1973.5596287045566,0.0,5.814485677103876,0.0,0.265227184053165,10.66870622066975,257.5876124455355,3,521.175224891071,True,184,29.767585515975952
mem_long,0,roving_ramp,mixed,0.8534721115424573,124.39190616719368,0.42859864636527223,5.461723179823747,0.0,0.3025018133401124,10.416285574603592,257.0702477597244,4,522.1404955194488,True,285,52.295525789260864
mem_long,0,roving_ramp,mixed_leaky,0.7339577332797221,5.22996214513933,0.7129649442003191,4.303268398693615,0.1325338809964712,-1.1884810006057638,15.0,256.76811002138953,5,523.5362200427791,False,618,93.28592848777771
mem_long,1,roving_ramp,level,0.0,39.492682766052624,2.5568854875199163,0.0,0.0,0.22878931628681012,11.45723700301437,308.00611263320997,3,622.0122252664199,True,176,25.13488268852234
mem_long,1,roving_ramp,transient,1.0,inf,0.0,5.167666705711134,0.0,0.22804550843272156,11.138392293219999,320.8022094908235,3,647.604418981647,True,172,29.185343265533447
mem_long,1,roving_ramp,mixed,0.47760189978284895,41.266317429385836,2.4470335118218305,4.894566350612762,0.0,0.48287280863035253,15.0,293.82627862799524,4,595.6525572559905,True,360,49.58849596977234
mem_long,1,roving_ramp,mixed_leaky,0.43481373240948645,22.113304389644643,2.550586840981672,4.293007148089129,0.031345255704278034,0.20293090728990096,15.0,293.22097870131245,5,596.4419574026249,True,288,56.94355487823486
mem_long,0,blip_combo,level,0.0,23.783878453102,7.192457252468901,0.0,0.0,0.3998706636744209,7.816741819882808,256.44952440270885,3,518.8990488054177,True,140,25.193552255630493
mem_long,0,blip_combo,transient,1.0,22.919568296260213,0.0,8.366202793226874,0.0,0.5761424209982997,9.0948518999515,235.16685649699636,3,476.3337129939927,True,104,22.04695701599121
mem_long,0,blip_combo,mixed,0.9973912347494801,22.95760187719163,0.010000000000000004,8.364507843553488,0.0,0.5761766464166935,9.099992922223645,235.1726230744824,4,478.3452461489648,True,280,41.00592017173767
mem_long,0,blip_combo,mixed_leaky,0.9973772192653284,138.629436111989,0.010000000000000004,8.319693094878517,0.005000000000000002,0.5515505452042324,9.070565539072579,235.2038555089138,5,480.4077110178276,True,396,79.04562163352966
mem_long,0,double_blip,level,0.0,73.06970886259734,7.05413545812922,0.0,0.0,0.29336684813630665,9.112463645415131,327.2135441462895,3,660.427088292579,True,120,20.05318784713745
mem_long,0,double_blip,transient,1.0,56.697717870925565,0.0,6.687313096986817,0.0,0.38806063406127633,9.766540750135194,306.985311398201,3,619.970622796402,True,132,29.193381309509277
mem_long,0,double_blip,mixed,0.9784910624610621,56.28788927171976,0.0668998674879937,6.658447943412374,0.0,0.38957677741520585,9.766703208656246,306.98470358923754,4,621.9694071784751,True,330,35.608617305755615
mem_long,0,double_blip,mixed_leaky,0.9842466437312282,138.629436111989,0.0487038036804843,6.657383483720001,0.005000000000000002,0.3593130685246659,9.863802277788945,307.0118670677029,5,624.0237341354058,True,498,104.16831159591675
mem_long,1,blip_combo,level,0.0,85.20452572034027,7.899942381325478,0.0,0.0,0.3467346465483574,15.0,198.68511501766196,3,403.3702300353239,True,244,38.6606068611145
mem_long,1,blip_combo,transient,1.0,4.766915058212868,0.0,4.679279860657348,0.0,0.7627232546146137,5.257464660764897,193.0007796631761,3,392.0015593263522,True,140,15.031853199005127
mem_long,1,blip_combo,mixed,0.8851807556556196,55.1653714951344,0.37576380880037474,6.337851729506461,0.0,0.43441482332981085,15.0,190.22450843735893,4,388.44901687471787,True,380,40.35755157470703
mem_long,1,blip_combo,mixed_leaky,0.8753137717303385,45.35827113686652,0.3997441215171759,6.1395594065947074,0.015281604946282128,0.3001964280779617,15.0,190.17670256280616,5,390.3534051256123,True,414,76.55117464065552
mem_long,5,double_blip,level,0.0,0.23964143340801305,0.5291268598249518,0.0,0.0,10.721485207078969,5.130319103398745,107.03518604792019,3,220.07037209584038,True,12,2.1781084537506104
mem_long,5,double_blip,transient,1.0,0.2500037625601553,0.0,0.010000000000000004,0.0,30.0,15.0,107.03518604792019,3,220.07037209584038,True,8,1.788618564605713
mem_long,5,double_blip,mixed,0.016983267553715056,0.23966165122357103,0.5291268598249518,0.02,0.0,10.721485207078969,5.130319103398745,107.03518604792019,4,222.07037209584038,True,5,1.1212382316589355
mem_long,5,double_blip,mixed_leaky,0.016983267553715056,115.52453009332424,0.5291268598249518,0.02,0.005999999999999998,10.721485207078969,5.130319103398745,107.03518604792019,5,224.07037209584038,True,6,1.6908090114593506
mem_long,2,roving_ramp,level,0.0,inf,2.496640334064292,0.0,0.0,0.005282797218047066,12.09978730113829,419.5134316772541,3,845.0268633545082,True,132,24.830280303955078
mem_long,2,roving_ramp,transient,1.0,inf,0.0,5.6543956290103115,0.0,0.22078861680667886,9.00001137585862,423.0849349190795,3,852.169869838159,True,108,19.74050736427307
mem_long,2,roving_ramp,mixed,0.5271569093999994,108.12627657182186,2.2569456630604905,5.504955411097844,0.0,0.3813342855135344,12.731601330915863,391.1220072915936,4,790.2440145831872,True,260,34.02333927154541
mem_long,2,roving_ramp,mixed_leaky,0.523007923270561,138.629436111989,2.2645155796302263,5.43228144458286,0.005000000000000002,0.3474520597759392,12.703462111249163,391.2064599270801,5,792.4129198541602,True,270,83.1299934387207
mem_long,3,roving_ramp,level,0.0,inf,1.2934702917637573,0.0,0.0,0.04192320741276319,10.494914207872629,370.5898942618959,3,747.1797885237918,True,120,12.143863677978516
mem_long,3,roving_ramp,transient,1.0,inf,0.0,2.7669987409681287,0.0,0.012711860370662725,10.948100032210524,374.29825214033724,3,754.5965042806745,True,112,11.171008586883545
mem_long,3,roving_ramp,mixed,0.42537497487563264,452.39386103578875,1.0555570180470462,1.7095387315944015,0.0,0.1238410727396429,10.936560326919954,365.9328050117493,4,739.8656100234986,True,235,34.94651222229004
mem_long,3,roving_ramp,mixed_leaky,0.41990327326413535,138.629436111989,1.0586290948451185,1.676495983721233,0.005000000000000002,0.0948691348211039,10.919724727634609,366.0106784782061,5,742.0213569564122,True,246,64.00716829299927
mem_long,2,double_blip,level,0.0,59.821946142299,6.268031059342188,0.0,0.0,0.2879536184355212,9.892766053963904,311.173019593907,3,628.346039187814,True,104,18.47156286239624
mem_long,2,double_blip,transient,1.0,214.1188615433441,0.0,4.665123184998354,0.0,0.23696186167314906,11.27607836693906,309.8308261335047,3,625.6616522670093,True,244,34.633458614349365
mem_long,2,double_blip,mixed,0.2574584365727273,70.05449140747643,3.856177070712838,2.9251838963802825,0.0,0.3383024130445151,11.20119128035011,306.31980307836625,4,620.6396061567325,True,230,43.19949984550476
mem_long,2,double_blip,mixed_leaky,0.2768069018055758,35.802329736270586,3.5834241923755057,3.0007561818296207,0.01936039318295347,0.2059829767680756,11.39162393461264,306.2215355778161,5,622.4430711556322,True,420,66.22311878204346
mem_long,3,double_blip,level,0.0,124.9240720722016,1.7481716854428708,0.0,0.0,0.09380639191718114,9.133552639901266,257.0124844277705,3,520.024968855541,True,128,26.359548568725586
mem_long,3,double_blip,transient,1.0,0.2500037625601553,0.0,0.010000000000000004,0.0,30.0,15.0,304.310837791673,3,614.621675583346,True,8,1.7704460620880127
mem_long,3,double_blip,mixed,0.9894522011649949,53.423844821397495,0.010000000000000004,2.0523093652614044,0.0,0.17829521033452528,9.114735200268012,253.03349292395208,4,514.0669858479041,True,280,25.63135075569153
mem_long,3,double_blip,mixed_leaky,0.989333876616071,138.629436111989,0.010000000000000004,2.029299384143899,0.005000000000000002,0.15384977426458724,9.090198709629735,253.08163261660562,5,516.1632652332112,True,258,51.992074489593506
mem_long,2,blip_train,level,0.0,72.96818295609418,7.989831708062365,0.0,0.0,0.3418852256957457,11.708523247628976,275.27198068498876,3,556.5439613699775,True,148,23.36212921142578
mem_long,2,blip_train,transient,1.0,99.77961589083296,0.0,5.002539161320829,0.0,0.2831836780057397,11.438500292973867,274.2254627146488,3,554.4509254292976,True,180,29.32385230064392
mem_long,2,blip_train,mixed,0.24287817719624022,60.22687753010232,4.262947920066669,2.9918692076236186,0.0,0.37061306313810133,11.554520556254442,271.66012194716416,4,551.3202438943283,True,325,55.68426203727722
mem_long,2,blip_train,mixed_leaky,0.3490937859044279,9.801669879810634,2.9770502694219756,3.4931699455180234,0.0707172542086611,-0.356668617534762,14.587624047952339,271.2854883398933,5,552.5709766797866,True,474,69.85015535354614
mem_long,2,blip_combo,level,0.0,58.81369271431009,7.5720727609278855,0.0,0.0,0.3441769770726122,11.316114128952394,238.3701289313307,3,482.7402578626614,True,100,23.924001932144165
mem_long,2,blip_combo,transient,1.0,78.87614098901412,0.0,5.091436294611337,0.0,0.30506927982953935,11.861506959025752,236.1930278137208,3,478.3860556274416,True,120,27.778984785079956
mem_long,2,blip_combo,mixed,0.285829991665469,47.02153542337993,3.777016778518866,3.3072341910597807,0.0,0.39434680294800284,11.410570960677818,234.37489410859104,4,476.7497882171821,True,265,51.18282961845398
mem_long,2,blip_combo,mixed_leaky,0.3241645669159821,12.886642002651834,3.3445613487751342,3.5097291091430636,0.05378803728832603,-0.07124099301658456,13.36494977159342,233.58708859823915,5,477.1741771964783,True,444,64.75341963768005
mem_long,4,roving_ramp,level,0.0,inf,2.2859025079023136,0.0,0.0,-0.00473766056736283,15.0,246.998722087623,3,499.997444175246,True,140,23.913451671600342
mem_long,4,roving_ramp,transient,1.0,inf,0.0,4.589408468389659,0.0,0.11029457213548789,13.196443537628003,250.21236040457293,3,506.42472080914587,True,176,28.935127019882202
mem_long,4,roving_ramp,mixed,0.45838770998448547,inf,1.955546446031445,3.6209492354864,0.0,0.18635418854527958,15.0,243.08572167137157,4,494.17144334274315,True,175,17.23144841194153
mem_long,4,roving_ramp,mixed_leaky,0.43573611456299444,12.41589659336007,1.9311248667594525,3.2625825131353556,0.05582739638236318,-0.318368133507674,15.0,241.5868685191624,5,493.1737370383248,True,384,54.83182191848755
mem_long,4,double_blip,level,0.0,68.25524285940449,8.500155515122401,0.0,0.0,0.36066854021644906,11.234992556172786,213.05581867329664,3,432.1116373465933,True,172,36.562156677246094
mem_long,4,double_blip,transient,1.0,67.22403094002908,0.0,6.080621010561288,0.0,0.35760496574637507,11.167883843681578,210.92590709386573,3,427.85181418773146,True,112,30.295453786849976
mem_long,4,double_blip,mixed,0.9928525324996113,67.029926846349,0.020000140750349366,6.078206589555765,0.0,0.3584098812343685,11.170352575327158,210.91529745594218,4,429.83059491188436,True,110,12.161466360092163
mem_long,4,double_blip,mixed_leaky,0.9908353523147947,12.186030378794108,0.025506152345624613,6.033099878570736,0.05688047370751237,-0.04986172706410516,12.021516787861398,210.39041475492974,5,430.7808295098595,True,336,53.056843280792236
mem_long,3,blip_train,level,0.0,44.258132963006275,3.1218990048651456,0.0,0.0,0.19715992911763563,8.40218197400772,296.17490120413765,3,598.3498024082753,True,112,23.89728593826294
mem_long,3,blip_train,transient,1.0,0.2500037625601553,0.0,0.010000000000000004,0.0,30.0,15.0,360.77523054855504,3,727.5504610971101,True,8,1.8186836242675781
mem_long,3,blip_train,mixed,0.09413602293113911,39.57024866485386,2.4377495314884325,0.5542322390803722,0.0,0.2101212028425998,8.330723433795509,295.9144010571635,4,599.828802114327,True,275,26.180839776992798
mem_long,3,blip_train,mixed_leaky,0.09882823765759861,138.629436111989,2.387103959234235,0.5727362287571934,0.005000000000000002,0.18838474504300445,8.306303037122436,295.9760906393717,5,601.9521812787434,True,420,97.43489813804626
mem_long,3,blip_combo,level,0.0,25.985160784321874,3.0693484973983742,0.0,0.0,0.25002162517651627,7.7698285693308655,247.67469731556073,3,501.34939463112147,True,172,27.58943748474121
mem_long,3,blip_combo,transient,1.0,0.2500037625601553,0.0,0.010000000000000004,0.0,30.0,15.0,294.99767917560325,3,595.9953583512065,True,8,1.8259809017181396
mem_long,3,blip_combo,mixed,0.23804479715110394,29.144135687135503,1.8481297645537074,1.2631983878698825,0.0,0.25930648230903275,8.262337386380723,246.69571261882186,4,501.3914252376437,True,230,22.12788677215576
mem_long,3,blip_combo,mixed_leaky,0.24942607948591214,25.18634057370452,1.7636114967114047,1.2822158994629231,0.027520757869986753,0.1330436835064131,8.324113765477781,246.68342235215374,5,503.3668447043075,True,546,95.32264876365662
mem_long,5,roving_ramp,level,0.0,49.16021097083607,2.541741601112839,0.0,0.0,0.21536600584760293,12.990862655098866,192.25826198512587,3,390.51652397025174,True,248,22.260183811187744
mem_long,5,roving_ramp,transient,1.0,108.26132380984484,0.0,4.28502473599231,0.0,0.245438594620533,11.252583769896225,200.61378486911977,3,407.22756973823954,True,200,19.673850536346436
mem_long,5,roving_ramp,mixed,0.4480342144290851,31.077997518774826,2.2845177189694224,4.056984977197785,0.0,0.46946256256052266,13.144440436225336,188.26827631186825,4,384.5365526237365,True,290,41.75213074684143
mem_long,5,roving_ramp,mixed_leaky,0.378386909634033,14.773800562666178,2.497541060195392,3.3261239942231917,0.04691732351603204,0.0025147076248270522,15.0,187.96396482140506,5,385.9279296428101,True,396,51.70814085006714
mem_long,5,blip_combo,level,0.0,83.22871011168081,5.126915142069265,0.0,0.0,0.2510260159789276,13.837157028855273,123.45460245633083,3,252.90920491266166,True,144,14.963292121887207
mem_long,5,blip_combo,transient,1.0,2.554261149212339,0.0,5.1155567130217845,0.0,1.0458883401668049,4.163040761309789,120.88603546313054,3,247.77207092626108,True,100,11.383790016174316
mem_long,5,blip_combo,mixed,0.9971616972137719,44.10305148754148,0.010000000000000004,7.68628902379434,0.0,0.5174200199709045,15.0,116.71388101400416,4,241.42776202800832,True,330,42.135603189468384
mem_long,5,blip_combo,mixed_leaky,0.9971259354824042,138.629436111989,0.010000000000000004,7.590376979799085,0.005000000000000002,0.4720855188716923,15.0,116.76629430348616,5,243.53258860697233,True,198,52.58961367607117
mem_long,4,blip_combo,level,0.0,82.23985152225892,3.142081605499752,0.0,0.0,0.15402641104282075,8.409517479628954,273.1239280634529,3,552.2478561269058,False,244,35.8788845539093
mem_long,4,blip_combo,transient,1.0,63.09386404502981,0.0,5.270489970935855,0.0,0.31419262801446957,9.619263085503823,263.7910424847436,3,533.5820849694873,False,272,44.09822964668274
mem_long,4,blip_combo,mixed,0.9958633028551538,63.05652921316586,0.010000000000000004,5.266909413854512,0.0,0.3144116848021484,9.620284564895714,263.79840518231083,4,535.5968103646217,True,430,55.81024670600891
mem_long,4,blip_combo,mixed_leaky,0.9958201159721217,138.629436111989,0.010000000000000004,5.212265254650912,0.005000000000000002,0.2870749847532396,9.594740083910139,263.8725623202076,5,537.7451246404152,True,276,41.66131019592285
mem_long,5,blip_train,level,0.0,1.2413580286182408,4.267787535230857,0.0,0.0,1.3094377152687187,2.9039687554819937,117.53851376953656,3,241.07702753907313,True,124,14.058489561080933
mem_long,5,blip_train,transient,1.0,0.2500037625601553,0.0,0.010000000000000004,0.0,30.0,15.0,126.02610180533414,3,258.05220361066824,True,8,1.8999354839324951
mem_long,5,blip_train,mixed,0.748178064745838,0.15523926183775308,1.3253636745009076,8.615020671273147,0.0,4.461605934085792,1.2509905406899682,116.51379262902687,4,241.02758525805373,True,525,57.28712296485901
mem_long,5,blip_train,mixed_leaky,0.7455777693843314,0.15532279684178338,1.228354297971605,7.875377682500855,4.462623611304183,1.277992321021752,1.2194554251243732,116.42877890740134,5,242.85755781480268,True,456,76.64386749267578
mem_long,6,double_blip,level,0.0,inf,5.848758439222924,0.0,0.0,0.11315816438967306,15.0,210.0040924938292,3,426.0081849876584,True,144,35.913798093795776
mem_long,6,double_blip,transient,1.0,inf,0.0,3.110293649789239,0.0,0.08483881115653612,12.596677916414958,211.07219557161716,3,428.1443911432343,True,148,28.41437816619873
mem_long,6,double_blip,mixed,0.0015610341709555598,inf,5.846980315114512,0.02000010916768642,0.0,0.11425616258391721,15.0,209.99558193042117,4,427.99116386084233,True,70,12.304195880889893
mem_long,6,double_blip,mixed_leaky,0.002474458689103464,40.65817504379616,5.617061323601025,0.03048422755967303,0.017048162634286983,-0.0313522059594545,15.0,209.95302766582878,5,429.90605533165757,True,294,43.12258505821228
mem_long,4,blip_train,level,0.0,25.850302406140777,6.361398777627109,0.0,0.0,0.35774670022970984,7.725131297170097,259.30314615442853,3,524.6062923088571,True,124,26.524864673614502
mem_long,4,blip_train,transient,1.0,32.45442729420163,0.0,6.506498351064608,0.0,0.4330761298680637,9.042287262012644,249.52937057883474,3,505.0587411576695,True,160,29.528066873550415
mem_long,4,blip_train,mixed,0.9966471129326494,32.4222290432421,0.010000000000000004,6.503278214064782,0.0,0.4333902695991498,9.041878683371564,249.53141843176445,4,507.0628368635289,True,390,43.51522922515869
mem_long,4,blip_train,mixed_leaky,0.9963969891650329,6.719493528996461,0.010000000000000004,6.050296871686694,0.103154676400658,-0.1748271253966238,9.502728052698002,249.2932240140832,5,508.5864480281664,True,498,104.14081931114197
mem_long,6,blip_train,level,0.0,54.76044751663545,6.243484424825613,0.0,0.0,0.2855189812882453,8.877141498616384,247.4952987293129,3,500.9905974586258,True,180,33.22400999069214
mem_long,6,blip_train,transient,1.0,64.18290545022315,0.0,4.934719083382345,0.0,0.29486098599664423,9.249810613117695,243.68641967453863,3,493.37283934907725,True,140,22.364212036132812
mem_long,6,blip_train,mixed,0.7596803656938282,60.14505050672117,0.6685215608259025,4.623457953409939,0.0,0.3072025534133879,9.209429620530619,243.65969438295934,4,495.3193887659187,True,290,33.966885805130005
mem_long,6,blip_train,mixed_leaky,0.847096704417293,11.613541759384866,0.39077013593627424,4.736388941955753,0.05968439214504182,-0.07867215067271699,10.330233543541128,243.56201034661999,5,497.12402069323997,True,462,71.65153741836548
mem_long,6,roving_ramp,level,0.0,103.45185169704013,5.187276507956985,0.0,0.0,0.21560092134629702,9.460768823522915,376.0054682026617,3,758.0109364053234,True,124,21.390860557556152
mem_long,6,roving_ramp,transient,1.0,inf,0.0,3.5673566065097257,0.0,0.11077737102579598,7.918195133508493,395.1953819663164,3,796.3907639326328,True,184,33.501094341278076
mem_long,6,roving_ramp,mixed,0.19969655533425862,60.46645969873086,5.015927055722523,2.738274271947729,0.0,0.3673490134637268,9.608337725220222,372.73481321358616,4,753.4696264271723,True,215,36.689839124679565
mem_long,6,roving_ramp,mixed_leaky,0.19723688326353486,138.629436111989,5.005094550012968,2.6904371626914227,0.005000000000000002,0.3386564903250235,9.619085370792217,372.8139238529763,5,755.6278477059526,True,468,93.7038242816925
mem_long,8,roving_ramp,level,0.0,inf,1.7491417528926045,0.0,0.0,-0.03748882686132705,13.997989083672543,251.99580566235846,3,509.9916113247169,True,212,31.365296363830566
mem_long,8,roving_ramp,transient,1.0,inf,0.0,6.64102181881525,0.0,0.19015794886671095,15.0,243.65536853312673,3,493.31073706625347,True,180,31.127137899398804
mem_long,8,roving_ramp,mixed,0.6823990809563586,inf,1.2471757867309972,5.862653135396858,0.0,0.27372310294374114,15.0,239.54194924411965,4,487.0838984882393,True,280,45.620431661605835
mem_long,8,roving_ramp,mixed_leaky,0.6474358322270148,16.49684902280874,1.2714154642858158,5.108058896754805,0.04201694393890565,-0.11807446609195056,15.0,238.95717916278596,5,487.9143583255719,True,336,37.7854323387146
mem_long,7,roving_ramp,level,0.0,83.46317159908455,1.9743502519346543,0.0,0.0,0.11020160947922472,7.602598155089734,412.10691447039653,3,830.2138289407931,True,148,26.784715175628662
mem_long,7,roving_ramp,transient,1.0,93.26661068849931,0.0,5.697609426630608,0.0,0.29608892893452626,7.245252886380159,402.2035191550633,3,810.4070383101266,True,120,22.064324378967285
mem_long,7,roving_ramp,mixed,0.5963913890118584,25.500048333542896,1.5293638671559986,4.944149708182159,0.0,0.41858745670557823,7.409015414172411,394.459255830446,4,796.918511660892,True,250,41.36673140525818
mem_long,7,roving_ramp,mixed_leaky,0.5674331225373109,7.351955571255558,1.6166663918972974,4.639718992387241,0.09428065415275225,-0.027953988710337597,7.874896101733739,394.0823122839968,5,798.1646245679937,True,384,99.30485820770264
mem_long,6,blip_combo,level,0.0,inf,4.190194409007026,0.0,0.0,0.12747324862581424,9.999506738331519,269.631893002649,3,545.263786005298,True,156,28.167872190475464
mem_long,6,blip_combo,transient,1.0,inf,0.0,2.986817722158339,0.0,0.1346344437423861,9.458504538618914,268.7759456748581,3,543.5518913497162,True,136,24.868290662765503
mem_long,6,blip_combo,mixed,0.9855592764668565,inf,0.02000005703779912,2.986309921643299,0.0,0.13545792266208706,9.461144576432526,268.7708470556591,4,545.5416941113182,True,85,15.965368270874023
mem_long,6,blip_combo,mixed_leaky,0.44747908099956524,5.021088459749639,1.5040579204369438,2.665007400863796,0.13804719556653797,-1.027350468078842,12.609779698527008,267.5076366659369,5,545.0152733318738,True,810,123.3666181564331
mem_long,7,blip_combo,level,0.0,17.58997633075503,4.743278863827361,0.0,0.0,0.31050527219778973,5.458875726779703,413.7767294261419,3,833.5534588522838,True,108,19.358686208724976
mem_long,7,blip_combo,transient,1.0,26.303803729973016,0.0,4.3509230178696034,0.0,0.31270505191607745,6.116196922560109,405.78175021093233,3,817.5635004218647,True,116,23.320138931274414
mem_long,7,blip_combo,mixed,0.827049793967829,24.853304028753442,0.3972375684174879,4.155954032139886,0.0,0.32280435108910427,6.07185710218154,405.7514005873356,4,819.5028011746712,True,340,36.23273777961731
mem_long,7,blip_combo,mixed_leaky,0.8267882846497835,115.57529527019771,0.397366025132687,4.1497088792401735,0.005997364566012755,0.3037824392626643,6.071778878473762,405.7507668591733,5,821.5015337183466,True,72,80.07245254516602
mem_long,8,blip_combo,level,0.0,103.12902779419338,6.2310806623645885,0.0,0.0,0.2590940682838584,11.351537875469846,208.43521900752214,3,422.8704380150443,True,128,26.340748071670532
mem_long,8,blip_combo,transient,1.0,89.68731989385186,0.0,4.294562863730672,0.0,0.25363336163075784,10.714704908494676,206.5294223302057,3,419.0588446604114,False,236,39.37304139137268
mem_long,8,blip_combo,mixed,0.32053086484750554,73.72551149647094,3.059024967366769,3.1571338139982936,0.0,0.31830619533468507,11.144795586017306,205.6438929211827,4,419.2877858423654,True,265,32.319676637649536
mem_long,8,blip_combo,mixed_leaky,0.32458784642606503,138.629436111989,3.001799808155382,3.1561305220345606,0.005000000000000002,0.2853862078051268,11.185858198554522,205.67625110983522,5,421.35250221967044,True,306,47.954700231552124
mem_long,9,roving_ramp,level,0.0,13.875506281767565,1.7967986928025639,0.0,0.0,0.2834534366138741,6.233182671948406,425.2876602931972,3,856.5753205863944,True,140,20.88329815864563
mem_long,9,roving_ramp,transient,1.0,inf,0.0,5.338792560995044,0.0,0.21993474766908122,9.572970610589913,399.75148556654966,3,805.5029711330993,True,100,23.40052556991577
mem_long,9,roving_ramp,mixed,0.6195664690640095,41.05584280397462,1.2982218329727855,4.625597851896313,0.0,0.36953183729362893,9.703228109768348,390.22433259186954,4,788.4486651837391,True,225,31.868093729019165
mem_long,9,roving_ramp,mixed_leaky,0.6147173155535428,138.629436111989,1.311416248644457,4.57768982272226,0.005000000000000002,0.34513926621962376,9.675236309546165,390.2861577770884,5,790.5723155541768,True,348,72.23149013519287
mem_long,9,blip_train,level,0.0,68.32909825141442,8.836315078359183,0.0,0.0,0.3646828455684865,10.291305696294138,332.3506246880945,3,670.701249376189,True,144,24.83881664276123
mem_long,9,blip_train,transient,1.0,136.4549342419574,0.0,7.3734442737182615,0.0,0.37901975137177685,12.583445618900274,322.3040344269508,3,650.6080688539016,True,144,30.53827452659607
mem_long,9,blip_train,mixed,0.38354174119089746,76.18855939926817,4.212928802129617,5.734597305659727,0.0,0.48144442033283347,12.885019657294999,319.8398572534101,4,647.6797145068202,True,220,38.704925775527954
mem_long,9,blip_train,mixed_leaky,0.39053215161608146,138.629436111989,4.055302750432824,5.685113280852869,0.005000000000000002,0.43913946970744744,12.777279788060424,320.06464678811204,5,650.1292935762241,True,252,44.56006145477295
mem_long,8,blip_train,level,0.0,69.51563085005206,3.3040478704288225,0.0,0.0,0.17467587029034856,9.241867400215181,216.00821984406303,3,438.01643968812607,True,140,27.998669385910034
mem_long,8,blip_train,transient,1.0,55.307549567341226,0.0,3.5653569207434805,0.0,0.24763524331184755,9.585819026164415,212.14559006888734,3,430.2911801377747,True,184,35.09415364265442
mem_long,8,blip_train,mixed,0.9878732776137724,55.168880064335156,0.019999870382849724,3.5644688989210738,0.0,0.24849546260692026,9.588856195458408,212.15228279003284,4,432.3045655800657,True,80,40.99319672584534
mem_long,8,blip_train,mixed_leaky,0.9937660995654053,17.64365927007694,0.010000000000000004,3.4876601757701335,0.03928590832262896,0.02745128072935608,9.83622359321885,212.11926486204416,5,434.2385297240883,True,420,79.75793170928955
mem_long,9,blip_combo,level,0.0,inf,5.077304738862141,0.0,0.0,0.06014117064828698,11.785470750283727,414.4486688930418,3,834.8973377860837,True,136,24.758103609085083
mem_long,9,blip_combo,transient,1.0,inf,0.0,4.524454151460966,0.0,0.1127929391495358,12.709166091890406,404.31040460632175,3,814.6208092126435,False,232,33.6239960193634
mem_long,9,blip_combo,mixed,0.9904079380747741,inf,0.020000523891411028,4.518074176533809,0.0,0.11325102804141039,12.715190177703615,404.3082185865318,4,816.6164371730636,True,60,30.68049383163452
mem_long,9,blip_combo,mixed_leaky,0.9898684805248663,138.629436111989,0.020816485550702715,4.44959176591667,0.005000000000000002,0.07683157164485219,12.677654591794193,404.5277797326217,5,819.0555594652434,True,318,44.2091007232666
mem_long,7,double_blip,level,0.0,40.003740655676424,4.563113929802087,0.0,0.0,0.23330497260010366,6.710219418021667,361.3388247212893,3,728.6776494425786,True,152,31.778330326080322
mem_long,7,double_blip,transient,1.0,35.3406294779514,0.0,5.161552356220293,0.0,0.3308835805902811,6.915403001142955,351.8894613350415,3,709.778922670083,True,80,18.172240018844604
mem_long,7,double_blip,mixed,0.7132162959170663,33.310671386217386,0.8773557495918817,4.773669642274754,0.0,0.34830154338041946,6.931156877303137,351.7161107804845,4,711.432221560969,True,415,40.94563388824463
mem_long,7,double_blip,mixed_leaky,0.8323777723952924,2.3584765136037342,0.46516780019904425,5.053687197146407,0.29389615565890104,-1.5184132686831526,9.053739311726083,351.24314625768017,5,712.4862925153603,True,768,199.22331714630127
mem_long,10,roving_ramp,level,0.0,inf,1.9331840841412677,0.0,0.0,0.05176193023665571,9.267721060432608,401.6417620889808,3,809.2835241779616,True,164,28.370254278182983
mem_long,10,roving_ramp,transient,1.0,inf,0.0,4.734299362046205,0.0,0.10868570675120817,9.757356615990927,405.5369183285398,3,817.0738366570796,True,140,23.250136137008667
mem_long,10,roving_ramp,mixed,0.5123178708381775,251.07109608280956,1.6130358362300974,3.707289715641412,0.0,0.24021632518676916,10.046637973034226,392.1126020722417,4,792.2252041444834,True,215,40.3630895614624
mem_long,10,roving_ramp,mixed_leaky,0.4690145203177259,8.609684114419908,1.7247357912039663,3.3330057701899447,0.08050785270960516,-0.2716836449456864,10.563874865550213,391.5117119273019,5,793.0234238546038,True,378,70.32093000411987
mem_long,8,double_blip,level,0.0,5.555411955911339,7.507394053195415,0.0,0.0,0.7286876897780632,5.3646602200080045,181.337836020883,3,368.675672041766,True,164,32.5926251411438
mem_long,8,double_blip,transient,1.0,1.387927427289228,0.0,6.066270635431784,0.0,1.3517346553877958,2.99193372353492,181.1786076302014,3,368.3572152604028,True,96,17.21462607383728
mem_long,8,double_blip,mixed,0.2610622119461001,1.922414066946044,4.665450647775289,3.6061150908613016,0.0,1.2336298501814715,3.5296566349867926,178.45051254648843,4,364.90102509297685,True,230,46.63203406333923
mem_long,8,double_blip,mixed_leaky,0.2676301530023207,1.6299986852880815,4.737454284418351,3.787559513788102,0.42524401204497925,-4.500161847258626,14.976436566153408,176.93013623135886,5,363.8602724627177,True,726,169.15103387832642
mem_long,7,blip_train,level,0.0,31.247974077412973,5.295370189312595,0.0,0.0,0.2747678101355357,6.334117655359407,402.40917158183134,3,810.8183431636627,True,132,27.49221134185791
mem_long,7,blip_train,transient,1.0,40.74740963686718,0.0,4.416395987519062,0.0,0.2825881742329093,6.779367260765063,397.1296959809995,3,800.259391961999,True,140,27.546351432800293
mem_long,7,blip_train,mixed,0.5878559098758153,36.69343866426252,1.2305060554714544,3.839860204766208,0.0,0.3056134824350913,6.7476607293186674,396.8950943171577,4,801.7901886343154,True,295,30.955379962921143
mem_long,7,blip_train,mixed_leaky,0.7950736992265195,1.5282144653729859,0.5801904046447008,4.924816751379188,0.45356669254584714,-4.3999759915819245,12.908277797267306,394.03839032665127,5,798.0767806533025,True,732,201.73106622695923
mem_long,11,roving_ramp,level,0.0,88.72777694015433,1.7269569510009444,0.0,0.0,0.10630457191582206,8.828297788180544,252.78311889182967,3,511.56623778365935,True,124,23.638349294662476
mem_long,11,roving_ramp,transient,1.0,inf,0.0,3.5347636767626645,0.0,0.14722715767522213,9.290317806325325,251.44062861923226,3,508.8812572384645,True,164,25.788740873336792
mem_long,11,roving_ramp,mixed,0.4913446101913996,79.94737711442899,1.4701345526512817,3.1069157526871214,0.0,0.24609728107419335,9.221965498403097,249.19473887760873,4,506.38947775521746,True,175,33.291346073150635
mem_long,11,roving_ramp,mixed_leaky,0.47886631763370024,8.384976293386973,1.4687389084530151,2.952701831384237,0.08266537152962658,-0.24192634673172808,9.775181406507334,249.13281141753967,5,508.26562283507934,True,402,48.45912742614746
mem_long,9,double_blip,level,0.0,88.50654747709719,5.848334516292704,0.0,0.0,0.24416928566327445,9.318886966821232,356.66663952355015,3,719.3332790471003,True,152,26.482741355895996
mem_long,9,double_blip,transient,1.0,27.882468713586853,0.0,4.424171665110557,0.0,0.3413671463608727,7.897185537907636,346.65966863017474,3,699.3193372603495,True,124,21.221171379089355
mem_long,9,double_blip,mixed,0.7697151639828309,28.437282608245127,0.5698269998836492,4.166943110465529,0.0,0.3477308508088207,8.015458813795457,346.58848129068645,4,701.1769625813729,True,290,31.55517053604126
mem_long,9,double_blip,mixed_leaky,0.9950099490554376,7.513770356244247,0.010000000000000004,4.362468360758893,0.09225024823708007,-0.19486341704059523,9.110958423698731,346.13458739857566,5,702.2691747971513,True,606,150.15505242347717
mem_long,12,roving_ramp,level,0.0,0.2396751199116958,0.5295286591453592,0.0,0.0,10.7177978425413,5.129266428135082,313.53174256378776,3,633.0634851275755,True,12,2.077613115310669
mem_long,12,roving_ramp,transient,1.0,145.0046581978151,0.0,4.944209146925788,0.0,0.26324597776450537,11.604643165123248,232.18895770313188,3,470.37791540626375,True,180,16.44927144050598
mem_long,12,roving_ramp,mixed,0.5270810330585043,33.83853648649373,2.026529181789292,4.941438158209381,0.0,0.5111126960212686,15.0,213.81257108432047,4,435.62514216864093,True,170,14.439684867858887
mem_long,12,roving_ramp,mixed_leaky,0.5223698918524597,138.629436111989,2.0431498973308124,4.888735248156912,0.005000000000000002,0.4724305736799922,15.0,213.81139419786612,5,437.62278839573224,True,300,47.26468348503113
mem_long,10,double_blip,level,0.0,inf,2.792097694422637,0.0,0.0,0.06845175508935168,9.089730964436422,313.1558061006939,3,632.3116122013878,True,96,18.32673692703247
mem_long,10,double_blip,transient,1.0,inf,0.0,3.0577845417903435,0.0,0.12055211838228756,9.629256741526705,308.27520757744486,3,622.5504151548897,True,144,25.13557243347168
mem_long,10,double_blip,mixed,0.9928743928879484,inf,0.010000000000000004,3.048472514001177,0.0,0.12050933338024071,9.626105796748435,308.2785964811251,4,624.5571929622502,True,345,37.23567295074463
mem_long,10,double_blip,mixed_leaky,0.992297708206661,3.9209224686111455,0.010000000000000004,2.8185897440603007,0.17678165944593882,-1.9089231724521043,15.0,308.04586483404876,5,626.0917296680975,True,780,79.36975479125977
mem_long,10,blip_combo,level,0.0,inf,1.2016058427138447,0.0,0.0,-0.14775281738471252,10.314661369121504,438.19481700988223,3,882.3896340197645,True,252,36.168132305145264
mem_long,10,blip_combo,transient,1.0,inf,0.0,2.049848548656333,0.0,-0.05251561019114239,10.137161271817165,434.43276216556364,3,874.8655243311273,True,156,27.31048822402954
mem_long,10,blip_combo,mixed,0.989405660742371,inf,0.010000000000000004,2.04319755946989,0.0,-0.052516477226932395,10.136704341678913,434.4425625507583,4,876.8851251015166,True,300,33.18060231208801
mem_long,10,blip_combo,mixed_leaky,0.9891832589501456,13.91589677244494,0.010000000000000004,2.0007377715950674,0.0498097385956797,-0.35842430504076755,10.517676353122871,434.3002440880889,5,878.6004881761778,True,522,63.32351541519165
mem_long,11,blip_train,level,0.0,inf,6.117783747487004,0.0,0.0,0.18628890170655407,11.805699890784354,233.72081970307954,3,473.4416394061591,True,136,35.649192571640015
mem_long,11,blip_train,transient,1.0,inf,0.0,6.012163200317707,0.0,0.26714205362925664,12.267656181792512,230.32570796328412,3,466.65141592656823,True,172,28.38766860961914
mem_long,11,blip_train,mixed,0.9927724146171791,inf,0.020000017809600097,6.010307599393895,0.0,0.2679035565602237,12.269431392321405,230.32342888634957,4,468.64685777269915,False,180,23.613981246948242
mem_long,11,blip_train,mixed_leaky,0.9924754745435533,138.629436111989,0.020388280807592862,5.883437179692378,0.005000000000000002,0.23028571051304203,12.213025411538116,230.40137970637187,5,470.80275941274374,True,306,40.459192514419556
mem_long,11,double_blip,level,0.0,40.03412447490067,1.6843373242056143,0.0,0.0,0.1546940765430111,7.969559458496839,186.29527547673268,3,378.59055095346537,True,148,15.014088153839111
mem_long,11,double_blip,transient,1.0,30.049795666193546,0.0,2.204364027525031,0.0,0.22713187176350122,7.668992881024254,185.23891592376344,3,376.4778318475269,True,208,57.80193734169006
mem_long,11,double_blip,mixed,0.9805343782381726,30.030207424285628,0.019999911938860207,2.2041059882816687,0.0,0.22790120870549443,7.671562624608706,185.2421928080747,4,378.4843856161494,True,85,10.1755850315094
mem_long,11,double_blip,mixed_leaky,0.9901087303590885,138.629436111989,0.010000000000000004,2.189982756287258,0.005000000000000002,0.20671960014196247,7.6760079569476645,185.24572230613094,5,380.4914446122619,True,258,60.69924259185791
mem_long,15,roving_ramp,level,0.0,0.25000272907029897,0.010000000000000004,0.0,0.0,30.0,15.0,323.0587434234423,3,652.1174868468846,True,8,1.7644429206848145
mem_long,15,roving_ramp,transient,1.0,0.2500037625601553,0.0,0.010000000000000004,0.0,30.0,15.0,323.0587434234423,3,652.1174868468846,True,8,1.7412803173065186
mem_long,15,roving_ramp,mixed,0.4775764455742727,0.25001025446816466,0.010000000000000004,0.02,0.0,30.0,15.0,323.0587434234423,4,654.1174868468846,True,5,1.228118658065796
mem_long,15,roving_ramp,mixed_leaky,0.4775764455742727,115.52453009332424,0.010000000000000004,0.02,0.005999999999999998,30.0,15.0,323.0587434234423,5,656.1174868468846,True,6,2.2247354984283447
mem_long,15,double_blip,level,0.0,0.25000272907029897,0.010000000000000004,0.0,0.0,30.0,15.0,135.22058880992546,3,276.4411776198509,True,8,1.8096249103546143
mem_long,15,double_blip,transient,1.0,0.2500037625601553,0.0,0.010000000000000004,0.0,30.0,15.0,135.22058880992546,3,276.4411776198509,True,8,1.7694125175476074
mem_long,15,double_blip,mixed,0.4775764455742727,0.25001025446816466,0.010000000000000004,0.02,0.0,30.0,15.0,135.22058880992546,4,278.4411776198509,True,5,1.2615206241607666
mem_long,15,double_blip,mixed_leaky,0.4775764455742727,115.52453009332424,0.010000000000000004,0.02,0.005999999999999998,30.0,15.0,135.22058880992546,5,280.4411776198509,True,6,2.240602970123291
mem_long,13,double_blip,level,0.0,363.7899596942522,2.8829686733613453,0.0,0.0,0.11502915141697845,15.0,152.00810028594603,3,310.01620057189206,True,256,25.126688957214355
mem_long,13,double_blip,transient,1.0,0.2500037625601553,0.0,0.010000000000000004,0.0,30.0,15.0,172.82182113268044,3,351.6436422653609,True,8,1.7755210399627686
mem_long,13,double_blip,mixed,0.0031685580787885357,352.6830738638948,2.874923755562975,0.01999291510767482,0.0,0.11631763290051579,15.0,152.0100623786052,4,312.0201247572104,True,85,7.696242332458496
mem_long,13,double_blip,mixed_leaky,0.0033534364167597083,138.629436111989,2.700079991047151,0.019876292514713675,0.005000000000000002,0.06572351674789799,15.0,152.0687258638976,5,314.1374517277952,True,270,44.40074276924133
mem_long,11,blip_combo,level,0.0,84.98056375848817,5.89588045164817,0.0,0.0,0.24603617083768262,9.000293520405782,264.5538592886511,3,535.1077185773022,True,160,24.861783742904663
mem_long,11,blip_combo,transient,1.0,85.67766333569872,0.0,3.475751586214994,0.0,0.2052621531307586,8.281915119060653,268.34299332676306,3,542.6859866535261,True,144,26.181756258010864
mem_long,11,blip_combo,mixed,0.0015486430139007414,84.7599543081245,5.893870791922522,0.02000022416838308,0.0,0.2470309191574973,9.00363674267633,264.54058551740644,4,537.0811710348129,True,40,5.966925859451294
mem_long,11,blip_combo,mixed_leaky,0.09640347224280514,138.629436111989,4.98105673583603,1.1626512371341362,0.005000000000000002,0.24949635631056274,8.9808081305453,264.19119549680266,5,538.3823909936053,True,414,95.83621573448181
mem_long,13,blip_combo,level,0.0,36.742800867721,3.975362353572908,0.0,0.0,0.2751101535362473,10.649757885343162,151.59753136726937,3,309.19506273453874,True,108,11.122689008712769
mem_long,13,blip_combo,transient,1.0,0.2500037625601553,0.0,0.010000000000000004,0.0,30.0,15.0,172.88890726132206,3,351.7778145226441,True,8,1.849477767944336
mem_long,13,blip_combo,mixed,0.0023040885265613836,36.57525516667267,3.9569075598653836,0.019992482280072055,0.0,0.275956051523552,10.641252863479046,151.5989039655419,4,311.1978079310838,True,140,13.168734550476074
mem_long,13,blip_combo,mixed_leaky,0.0024209860546157177,13.160282092325867,3.774523170359109,0.020040886368519868,0.05266962939678467,-0.1412757004630513,12.299546965880195,151.46997517708732,5,312.93995035417464,True,210,65.9093987941742
mem_long,12,double_blip,level,0.0,106.15404107189669,6.737986223856149,0.0,0.0,0.27820050739741636,12.216559314383021,257.97630000851706,3,521.9526000170341,True,164,24.93073558807373
mem_long,12,double_blip,transient,1.0,73.99738231476181,0.0,6.381312033095338,0.0,0.38049032644963743,13.67084144430687,241.82435064788706,3,489.6487012957741,True,184,25.851041793823242
mem_long,12,double_blip,mixed,0.8564660633813794,71.49223546096106,0.4733889883235302,6.179930070846295,0.0,0.3906913225921185,13.750022362116844,241.7939731023593,4,491.5879462047186,True,380,35.17976450920105
mem_long,12,double_blip,mixed_leaky,0.8870723596619506,66.2610295973175,0.35904585323429977,6.170474407884147,0.010460857381365027,0.30792492854183484,13.839656417641773,241.73879142201565,5,493.4775828440313,True,372,58.14673352241516
mem_long,13,blip_train,level,0.0,42.50540527526194,5.336029102182682,0.0,0.0,0.3090609911749046,11.418151896186096,185.5360449625187,3,377.0720899250374,True,144,14.677268981933594
mem_long,13,blip_train,transient,1.0,0.2500037625601553,0.0,0.010000000000000004,0.0,30.0,15.0,219.909302617065,3,445.81860523413,True,8,1.8863251209259033
mem_long,13,blip_train,mixed,0.001714529570463284,42.36349576580511,5.320040872262697,0.019990103598540313,0.0,0.3098721145873705,11.416646587875688,185.5420052293767,4,379.0840104587534,True,100,9.874898433685303
mem_long,13,blip_train,mixed_leaky,0.0011101363660693357,7.907599041303093,4.596138708527139,0.011175364492485447,0.08765583294492908,-0.635344633669828,15.0,185.18780478687032,5,380.37560957374063,True,564,77.8520393371582
mem_long,12,blip_combo,level,0.0,116.37551013367327,6.902948303741063,0.0,0.0,0.2831862783469772,13.29594201929071,260.54179170670216,3,527.0835834134043,True,152,26.153037309646606
mem_long,12,blip_combo,transient,1.0,101.66170646227836,0.0,4.985101052582145,0.0,0.29404955084776657,14.023627973217387,254.9461063501122,3,515.8922127002244,True,180,18.071236610412598
mem_long,12,blip_combo,mixed,0.3663957697809908,83.44333287969245,2.928923568874344,3.705529439286649,0.0,0.3498915888505057,14.463894591368854,253.66775579117822,4,515.3355115823565,True,240,27.801255464553833
mem_long,12,blip_combo,mixed_leaky,0.36814309798257366,138.629436111989,2.8509721536241006,3.634132442273234,0.005000000000000002,0.3074975019802912,14.263587869502647,253.9956081414602,5,517.9912162829204,True,426,54.57983469963074
mem_long,12,blip_train,level,0.0,86.34054190236756,9.45577943435656,0.0,0.0,0.39652779521732556,15.0,236.09113509597142,3,478.18227019194285,True,176,31.213027954101562
mem_long,12,blip_train,transient,1.0,107.68610966124352,0.0,5.401032781269164,0.0,0.31350372431702705,15.0,237.94480467621545,3,481.8896093524309,True,172,35.80042791366577
mem_long,12,blip_train,mixed,0.16230026035348932,66.22793032164627,6.138016326125729,2.601768921641487,0.0,0.43172599154913616,15.0,233.83108667572807,4,475.66217335145615,True,360,35.35397291183472
mem_long,12,blip_train,mixed_leaky,0.16491999476435343,138.629436111989,5.995525314302465,2.5904923522747976,0.005000000000000002,0.3835453855526308,15.0,234.0597582825082,5,478.1195165650164,True,186,30.112938165664673
mem_long,13,roving_ramp,level,0.0,255.72435650309174,1.4857839164842566,0.0,0.0,0.0704426746941167,11.142166327566569,286.88723890250355,3,579.7744778050071,True,196,28.723957061767578
mem_long,13,roving_ramp,transient,1.0,inf,0.0,1.6357951598030105,0.0,-0.017865942086902304,9.995559500239063,297.221333303831,3,600.442666607662,True,184,17.439249277114868
mem_long,13,roving_ramp,mixed,0.20219746035413735,173.47847286828568,1.4410767642900968,0.7990560500913771,0.0,0.11598578639723263,11.350796931165533,286.43863581118364,4,580.8772716223673,True,150,19.9682936668396
mem_long,13,roving_ramp,mixed_leaky,0.18751037696591466,138.629436111989,1.441940886755689,0.7280560027753652,0.005000000000000002,0.0833253268144338,11.320388585529317,286.4762888762643,5,582.9525777525286,True,408,64.80366587638855
mem_long,10,blip_train,level,0.0,109.22674631940848,5.310288229777332,0.0,0.0,0.21381125131339393,8.717900219717599,316.61286954427385,3,639.2257390885477,True,152,31.104175329208374
mem_long,10,blip_train,transient,1.0,272.77298706614096,0.0,3.902187048331206,0.0,0.193324534682376,9.350998534237295,315.0724310165229,3,636.1448620330458,True,160,28.30768370628357
mem_long,10,blip_train,mixed,0.33222516510095973,107.74653459372757,2.39083841440161,2.602331081665044,0.0,0.23747719214134674,8.982935266290951,314.3097478911581,4,636.6194957823162,True,285,28.576152801513672
mem_long,10,blip_train,mixed_leaky,0.45233969881558084,3.865469849676275,1.588003396752125,2.869556082978095,0.17931770457813684,-1.8434597744566408,15.0,313.3360908674712,5,636.6721817349425,True,522,172.9752984046936
mem_long,14,roving_ramp,level,0.0,1902.782660358746,1.3345904350801439,0.0,0.0,0.04606369377237489,8.97305671173025,302.53337421136945,3,611.0667484227389,True,156,27.674816131591797
mem_long,14,roving_ramp,transient,1.0,inf,0.0,6.795020374137827,0.0,0.2232302814503666,12.462359123836556,285.7593501783773,3,577.5187003567546,True,172,24.474645853042603
mem_long,14,roving_ramp,mixed,0.9410027014775448,inf,0.1888758556033075,6.590904752103847,0.0,0.2304540303170562,12.420522933093178,285.68879023141193,4,579.3775804628239,True,290,30.03963613510132
mem_long,14,roving_ramp,mixed_leaky,0.9357326826987598,138.629436111989,0.20246924159896407,6.44956656519759,0.005000000000000002,0.19690617637232627,12.27446147122546,285.8723857797961,5,581.7447715595922,True,366,62.67420506477356
mem_long,15,blip_train,level,0.0,64.16834638749738,4.315516743969091,0.0,0.0,0.24469853773135442,13.26640746948368,178.73108142460933,3,363.46216284921866,True,184,18.678768396377563
mem_long,15,blip_train,transient,1.0,0.2500037625601553,0.0,0.010000000000000004,0.0,30.0,15.0,210.52680777860016,3,427.0536155572003,True,8,1.8479769229888916
mem_long,15,blip_train,mixed,0.9941221237707885,36.29585518140757,0.010000000000000004,3.700233651551722,0.0,0.3480768146529819,13.11613328184969,170.2618398530099,4,348.5236797060198,True,325,30.29970693588257
mem_long,15,blip_train,mixed_leaky,0.9940657671741515,138.629436111989,0.010000000000000004,3.6648852657591733,0.005000000000000002,0.3080167687070186,13.211338192112574,170.2919231436944,5,350.5838462873888,True,294,47.87207627296448
mem_long,14,double_blip,level,0.0,11.403061067469263,5.3705920449690305,0.0,0.0,0.4424496014659733,6.079447192883255,254.15109841796647,3,514.3021968359329,True,100,18.438566207885742
mem_long,14,double_blip,transient,1.0,10.457820281586956,0.0,4.2799084756244135,0.0,0.4786551932856803,5.969682402439198,251.65795793108614,3,509.3159158621723,True,108,19.0344340801239
mem_long,14,double_blip,mixed,0.3520971857962846,10.801353006670638,2.6725145196557736,3.1774784029602094,0.0,0.5196088553306395,6.235075974543558,250.4978736099496,4,508.9957472198992,True,295,30.2460834980011
mem_long,14,double_blip,mixed_leaky,0.35381199122360896,138.629436111989,2.651547744584797,3.176310506084498,0.005000000000000002,0.5032108004367455,6.2252154302623754,250.52219096081112,5,511.04438192162223,True,294,80.58704662322998
mem_long,15,blip_combo,level,0.0,52.63494881270896,6.112259373234331,0.0,0.0,0.3426581177740982,15.0,171.2491045448033,3,348.4982090896066,True,160,16.115375995635986
mem_long,15,blip_combo,transient,1.0,0.2500037625601553,0.0,0.010000000000000004,0.0,30.0,15.0,210.48347263965152,3,426.96694527930305,True,8,1.8870813846588135
mem_long,15,blip_combo,mixed,0.001500245738423026,52.45719228549077,6.089562463063185,0.020017524809612487,0.0,0.3433014652364963,15.0,171.23080272146754,4,350.4616054429351,True,65,6.527411222457886
mem_long,15,blip_combo,mixed_leaky,0.10030545016231569,91.7121258709679,4.528753212519552,1.104632821884862,0.007557857524043784,0.287907057858393,15.0,170.74302800520897,5,351.48605601041794,True,480,84.96267986297607
mem_long,14,blip_combo,level,0.0,395.8456262031996,6.940548538337539,0.0,0.0,0.24025076894141148,10.258981966658315,288.772610196151,3,583.545220392302,True,140,24.633740663528442
mem_long,14,blip_combo,transient,1.0,149.91545258816714,0.0,6.915648863776267,0.0,0.34941455563391893,11.145529264597863,279.71574524458754,3,565.4314904891751,True,148,23.213244199752808
mem_long,14,blip_combo,mixed,0.9694552028031324,148.86894110283868,0.09884680610921838,6.863774190479676,0.0,0.3505834310117782,11.149286985279899,279.7149740995601,4,567.4299481991202,True,370,50.131109952926636
mem_long,14,blip_combo,mixed_leaky,0.9692497509399084,138.629436111989,0.09857244871637226,6.7975506480361085,0.005000000000000002,0.31939717590324573,11.109880586347446,279.7856825277592,5,569.5713650555184,True,186,40.09522008895874
mem_long,17,blip_combo,level,0.0,66.23624761793208,5.212582062448113,0.0,0.0,0.25584538994936346,11.278869695538916,228.0632435103586,3,462.1264870207172,True,108,23.057140350341797
mem_long,17,blip_combo,transient,1.0,0.2500037625601553,0.0,0.010000000000000004,0.0,30.0,15.0,276.1961046409033,3,558.3922092818066,True,8,1.8628675937652588
mem_long,17,blip_combo,mixed,0.46427555620497224,70.86198212969413,1.9239854478941325,3.6479257127732168,0.0,0.32187066356492444,13.34459418756966,224.35420927401879,4,456.70841854803757,True,260,23.65695333480835
mem_long,17,blip_combo,mixed_leaky,0.4646614234773526,138.629436111989,1.9060222820341244,3.6194776441874614,0.005000000000000002,0.28441415743796716,13.331118410078735,224.4149966841128,5,458.8299933682256,True,234,45.61317992210388
mem_long,17,double_blip,level,0.0,76.04722695998721,4.957860799828836,0.0,0.0,0.2378800735034536,11.4858139180562,223.66336408555506,3,453.3267281711101,True,148,25.820662021636963
mem_long,17,double_blip,transient,1.0,0.2500037625601553,0.0,0.010000000000000004,0.0,30.0,15.0,276.0845166580242,3,558.1690333160484,True,8,2.126893997192383
mem_long,17,double_blip,mixed,0.49838956284659097,57.46067253103305,1.8910117978673975,4.110611749323866,0.0,0.36195894274804447,13.151239557689859,212.97060362243863,4,433.94120724487726,True,300,26.490721464157104
mem_long,17,double_blip,mixed_leaky,0.7149842436799454,12.982687249338339,0.7635069474920486,4.190351373985167,0.05339011617916556,-0.20668522615837046,15.0,212.00517921258114,5,434.0103584251623,True,366,67.53133392333984
mem_long,16,blip_train,level,0.0,inf,4.878869111170277,0.0,0.0,0.11600047991848116,11.667337325941844,306.04695713069566,3,618.0939142613913,True,160,24.81824278831482
mem_long,16,blip_train,transient,1.0,inf,0.0,4.785571920200071,0.0,0.2109016752514358,11.63430267634902,296.07155990244905,3,598.1431198048981,True,144,23.384888648986816
mem_long,16,blip_train,mixed,0.9954469766250823,inf,0.010000000000000004,4.783305269732177,0.0,0.21096113238433223,11.643214330214358,296.07656938207873,4,600.1531387641575,True,385,42.71938729286194
mem_long,16,blip_train,mixed_leaky,0.995393086462588,16.423385352387925,0.010000000000000004,4.7270958116714095,0.04220489050749596,-0.21536091310849437,14.563283228137902,295.8550662250796,5,601.7101324501592,True,414,60.625168800354004
mem_long,16,double_blip,level,0.0,48.26676617142241,6.667375969346775,0.0,0.0,0.3115842887675135,9.000576067911574,295.24003238215744,3,596.4800647643149,True,128,21.96060872077942
mem_long,16,double_blip,transient,1.0,22.111553649823815,0.0,6.700005562612076,0.0,0.5048936976647441,8.950233439898211,277.52445188520437,3,561.0489037704087,True,152,25.845520496368408
mem_long,16,double_blip,mixed,0.9967437229126228,22.13157881194325,0.010000000000000004,6.69687206529239,0.0,0.5050243011899144,8.955886804347195,277.5280343153001,4,563.0560686306002,True,320,30.916083574295044
mem_long,16,double_blip,mixed_leaky,0.996691983167536,8.711956794647596,0.010000000000000004,6.591786015524913,0.0795627431240014,-0.0819433558659116,10.97690266962762,277.0518681811619,5,564.1037363623238,True,354,86.72501254081726
mem_long,16,roving_ramp,level,0.0,0.8352848107575376,3.027291989486386,0.0,0.0,1.5478952118298979,2.4202477328569802,236.74091617801895,3,479.4818323560379,True,136,15.013854026794434
mem_long,16,roving_ramp,transient,1.0,38.74153168562489,0.0,5.812512513372273,0.0,0.38525809340220646,9.516695109449174,220.89408174376368,3,447.78816348752736,True,132,21.53136134147644
mem_long,16,roving_ramp,mixed,0.8977889313321443,28.661529293404026,0.2895188375302615,5.563690853757214,0.0,0.4211891614460581,9.20075102857309,220.74190695448712,4,449.48381390897424,True,315,43.3574275970459
mem_long,16,roving_ramp,mixed_leaky,0.7896581017157337,6.034641997968199,0.6081597678420261,4.9950614963320525,0.11486135893286141,-0.2279724337371801,9.687826900971782,219.66003918868958,5,449.32007837737916,True,336,104.59384965896606
mem_long,16,blip_combo,level,0.0,52.31538955230188,5.750207932182726,0.0,0.0,0.26905597375562196,8.448450892526065,326.0129167780948,3,658.0258335561896,True,124,23.220765113830566
mem_long,16,blip_combo,transient,1.0,49.77616592807709,0.0,5.223584489387142,0.0,0.32812441614087434,9.186624997849343,316.0853664707989,3,638.1707329415977,True,184,28.35840630531311
mem_long,16,blip_combo,mixed,0.7255176879979872,46.300967275641526,0.8424436279941113,4.871742642228773,0.0,0.34690263097416896,9.200418068162174,315.97835097205285,4,639.9567019441057,True,245,28.668675422668457
mem_long,16,blip_combo,mixed_leaky,0.7354895892992834,138.629436111989,0.7988650937612222,4.859784947274017,0.005000000000000002,0.3201099216064497,9.199286844934287,316.0695633218083,5,642.1391266436166,True,330,84.35632681846619
mem_long,17,roving_ramp,level,0.0,104.94552373515091,2.997291702022094,0.0,0.0,0.1604974955714957,13.084761107537126,307.404902504072,3,620.809805008144,True,124,25.87570357322693
mem_long,17,roving_ramp,transient,1.0,3353.9277370024656,0.0,3.68808738131854,0.0,0.16783780077448068,8.857718712668976,334.2192128526151,3,674.4384257052302,True,100,9.969241380691528
mem_long,17,roving_ramp,mixed,0.33162323659402404,49.27395537890788,3.0804189842648655,3.3438227511258094,0.0,0.397574256541297,14.360545382284203,295.77136086333485,4,599.5427217266697,True,315,49.55505037307739
mem_long,17,roving_ramp,mixed_leaky,0.32688691386078084,138.629436111989,3.0856360364250617,3.278415885715001,0.005000000000000002,0.35721610497140904,14.381328444168563,295.8455864088048,5,601.6911728176096,True,348,82.64868497848511
mem_long,17,blip_train,level,0.0,140.96502663826152,6.021117625498015,0.0,0.0,0.2399185969841269,12.048593809245213,262.36010030559646,3,530.7202006111929,True,300,39.15253305435181
mem_long,17,blip_train,transient,1.0,589.6765357154841,0.0,3.217293947085803,0.0,0.15550799692282893,12.084876891086896,266.0117200187821,3,538.0234400375642,True,180,18.963215589523315
mem_long,17,blip_train,mixed,0.07681665378555165,116.8582077536701,4.9643035912265,0.9037235564906329,0.0,0.2549867565551716,12.062144538565818,262.0002926265764,4,532.0005852531528,True,230,22.690380573272705
mem_long,17,blip_train,mixed_leaky,0.1061725211030605,9.466408646736571,4.099061565182899,1.0652528763113314,0.0732217682995229,-0.5218328370600672,15.0,261.9135499453336,5,533.8270998906672,True,438,82.37898993492126
mem_long,14,blip_train,level,0.0,125.08842175150907,5.37192741305744,0.0,0.0,0.21240271574628675,9.12650767845298,300.38049265383813,3,606.7609853076763,True,160,28.699769973754883
mem_long,14,blip_train,transient,1.0,82.30929572527145,0.0,5.116313211473898,0.0,0.2894916989880946,9.628531675544693,292.06363498032607,3,590.1272699606521,True,188,35.73783731460571
mem_long,14,blip_train,mixed,0.9957373368663089,82.19526779008919,0.010000000000000004,5.110620415727557,0.0,0.28963425246875374,9.627045026789746,292.0654945605899,4,592.1309891211798,True,280,35.22771501541138
mem_long,14,blip_train,mixed_leaky,0.9954451661082325,4.05625530233351,0.010000000000000004,4.781395240588166,0.17088351913184233,-1.6589312478259441,15.0,291.43541659222717,5,592.8708331844543,True,642,163.42311930656433
mem_long,18,blip_train,level,0.0,96.0105702350169,7.216850848767096,0.0,0.0,0.2862797916388427,9.589315307138547,322.64032810065663,3,651.2806562013133,True,124,32.274606466293335
mem_long,18,blip_train,transient,1.0,276.35060163506074,0.0,8.67428580871299,0.0,0.4161104226674067,13.522415880190499,300.2126829554163,3,606.4253659108326,True,160,28.434179306030273
mem_long,18,blip_train,mixed,0.9974825299375261,276.6588994131142,0.010000000000000004,8.668637252786725,0.0,0.41615702978063984,13.523200924709698,300.2156431479851,4,608.4312862959702,True,300,29.13249707221985
mem_long,18,blip_train,mixed_leaky,0.997442981731347,138.629436111989,0.010000000000000004,8.534225114370503,0.005000000000000002,0.3762664546860733,13.388273455488646,300.2725177544092,5,610.5450355088184,True,288,43.767271757125854
mem_long,18,roving_ramp,level,0.0,3.1136467340161507,2.395312434417161,0.0,0.0,0.7299111670453655,4.056884358286673,282.13336595764275,3,570.2667319152855,True,84,25.475178003311157
mem_long,18,roving_ramp,transient,1.0,25.244790979512466,0.0,8.978164806095876,0.0,0.6002390288078696,9.839132425079928,252.2951363026946,3,510.5902726053892,True,96,16.71987247467041
mem_long,18,roving_ramp,mixed,0.7095308937731142,18.917873636763407,1.525570078866151,8.15292355366081,0.0,0.6957897236950505,10.507924190396672,247.12466179510926,4,502.2493235902185,True,285,41.91297888755798
mem_long,18,roving_ramp,mixed_leaky,0.7040445738670582,55.8208863203114,1.5552239487657369,8.094250309541305,0.012417344586442577,0.6195999608890285,10.685618470288125,247.109650816374,5,504.219301632748,True,390,73.86176347732544
mem_long,18,double_blip,level,0.0,845.4043737016831,5.933314874922133,0.0,0.0,0.1996703533646799,9.06827005163326,342.9593232778138,3,691.9186465556276,True,128,21.72426724433899
mem_long,18,double_blip,transient,1.0,120.07969008826664,0.0,6.72901457614481,0.0,0.34447056145594684,9.763744061462969,329.69911495989794,3,665.3982299197959,True,136,20.073917150497437
mem_long,18,double_blip,mixed,0.7549049396462515,107.78010078908079,0.9340172421622928,6.293937825983838,0.0,0.36031794909864984,9.820650978382243,329.56106569050166,4,667.1221313810033,True,275,31.385642528533936
mem_long,18,double_blip,mixed_leaky,0.7875446755870725,16.023570687282433,0.7543362148651678,6.117618418991615,0.043257972526066335,0.08918560525058568,10.14314270615024,329.4295242335956,5,668.8590484671912,True,414,96.80700349807739
mem_long,18,blip_combo,level,0.0,46.156898469941765,6.502403591108879,0.0,0.0,0.30432142307265053,8.43540854735152,332.92557695522754,3,671.8511539104551,True,180,37.61688995361328
mem_long,18,blip_combo,transient,1.0,28.75963250148007,0.0,7.634914836997346,0.0,0.5105553005999499,9.53891279435749,307.5470478316032,3,621.0940956632064,True,108,20.123490571975708
mem_long,18,blip_combo,mixed,0.997041278353013,28.693900411776056,0.010360016807804778,7.637994408051652,0.0,0.5114108664889219,9.538760410474147,307.54915204395206,4,623.0983040879041,True,355,39.703267335891724
mem_long,18,blip_combo,mixed_leaky,0.9971212683135987,138.629436111989,0.010026137203067317,7.597842410356423,0.005000000000000002,0.48306817767206306,9.551092373693427,307.56670979493765,5,625.1334195898753,True,342,78.82760047912598
mem_long,19,roving_ramp,level,0.0,1.137991986922269,2.2330546449418978,0.0,0.0,1.2585227883244852,2.697936903058604,335.67042329360936,3,677.3408465872187,True,104,20.939258098602295
mem_long,19,roving_ramp,transient,1.0,35.65402394424964,0.0,6.151546941230921,0.0,0.4096594616377059,9.406733538953997,303.4028733785533,3,612.8057467571066,True,140,23.19199824333191
mem_long,19,roving_ramp,mixed,0.6914218741116221,21.54492374170721,1.2123863626511298,5.9433166164360305,0.0,0.5563862033864085,10.700992556331796,295.6051472215011,4,599.2102944430022,True,315,53.83246088027954
mem_long,19,roving_ramp,mixed_leaky,0.682608955257458,37.219033530172965,1.2425626255383824,5.846627778065857,0.0186234599562619,0.4401175352843807,10.914082374035031,295.5218166634415,5,601.043633326883,True,402,81.63093996047974
mem_long,19,double_blip,level,0.0,28.156710356123178,5.402507534131461,0.0,0.0,0.31360331793985585,7.6968831512325355,376.41048788040945,3,758.8209757608189,True,128,20.250519037246704
mem_long,19,double_blip,transient,1.0,25.680157600267805,0.0,5.501082193800298,0.0,0.4175791782154758,8.69042645933853,356.56011846197254,3,719.1202369239451,True,152,20.857704877853394
mem_long,19,double_blip,mixed,0.6380901727547033,23.83067071036279,1.2828016159446691,4.948243066611064,0.0,0.45082785446614887,8.83663478191444,355.8977867773973,4,719.7955735547946,True,230,22.725462436676025
mem_long,19,double_blip,mixed_leaky,0.6460306342717507,138.629436111989,1.2387689106982578,4.946381150759998,0.005000000000000002,0.424922091710962,8.838991139696816,355.96656386712306,5,721.9331277342461,True,354,95.02605986595154
mem_long,21,double_blip,level,0.0,34.172650257807355,6.220363161115068,0.0,0.0,0.34333214657110656,9.542690035764414,175.43581617094907,3,356.87163234189813,True,112,11.451946020126343
mem_long,21,double_blip,transient,1.0,0.7811358837692448,0.0,4.934818150909568,0.0,1.6717166503834358,2.263590252321617,178.09974431508925,3,362.1994886301785,True,136,14.809381008148193
mem_long,21,double_blip,mixed,0.0014680134699308761,34.13003123283198,6.218000490581067,0.01999993837439015,0.0,0.34438640462116127,9.546395263321136,175.43726887995223,4,358.87453775990446,True,85,9.68862533569336
mem_long,21,double_blip,mixed_leaky,0.0014445633205687905,138.629436111989,6.133981355171815,0.019414074898150623,0.005000000000000002,0.31538844227028334,9.55262282863955,175.4482311075631,5,360.8964622151262,True,186,56.51519799232483
mem_long,19,blip_train,level,0.0,25.150309915857317,8.588116507097414,0.0,0.0,0.4677324948867457,9.380295036479982,300.38847199047416,3,606.7769439809483,True,152,22.10499668121338
mem_long,19,blip_train,transient,1.0,25.895287332540313,0.0,8.447899243754643,0.0,0.6069336250836602,11.679324421954917,276.5314068424375,3,559.062813684875,True,140,28.777960062026978
mem_long,19,blip_train,mixed,0.7865048223517096,24.334447700081768,0.9811504372370283,7.9078562880193015,0.0,0.6265523665584479,11.553077329905346,276.3922906242244,4,560.7845812484488,True,330,36.00342845916748
mem_long,19,blip_train,mixed_leaky,0.8090182341327039,15.439118236220818,0.87343298787885,8.094794767059524,0.04489551604921277,0.29847496451191763,12.545657133757322,275.6050474555599,5,561.2100949111198,True,324,70.53916096687317
mem_long,20,blip_train,level,0.0,130.48361620341825,4.001643497065129,0.0,0.0,0.163321481127459,8.422382005298386,286.1275184455504,3,578.2550368911008,True,160,25.52634620666504
mem_long,20,blip_train,transient,1.0,353.4067590861291,0.0,4.900473644390498,0.0,0.23443887118748843,9.317412739867864,281.81377033844655,3,569.6275406768931,True,152,26.69171380996704
mem_long,20,blip_train,mixed,0.9911479435647473,349.9672027554244,0.020000068800455552,4.89931819304475,0.0,0.2351750957545882,9.320116496777903,281.8074388104029,4,571.6148776208058,True,105,11.450495719909668
mem_long,20,blip_train,mixed_leaky,0.5825265565993317,138.629436111989,1.4352291010432146,4.381450938680416,0.005000000000000002,0.23739900989731155,9.448423960906084,281.5849587255843,5,573.1699174511685,True,456,82.69598460197449
mem_long,20,double_blip,level,0.0,824.266071424989,5.107440277789669,0.0,0.0,0.17375143968003756,10.69980241648667,217.14134652315627,3,440.28269304631254,True,152,28.741579055786133
mem_long,20,double_blip,transient,1.0,45.18637601316523,0.0,7.099001623442068,0.0,0.4275606046112406,9.67353378267519,210.21969864174326,3,426.4393972834865,True,148,22.603490352630615
mem_long,20,double_blip,mixed,0.9292951066617193,45.33892862002895,0.24248022445750034,6.972529343592182,0.0,0.42962807225569793,9.691397014955276,210.21634650571494,4,428.4326930114299,True,380,39.80349373817444
mem_long,20,double_blip,mixed_leaky,0.9962814928603849,17.11670202815883,0.012048063733176562,7.062208672060953,0.04049536992696625,0.1703114349399264,10.474203130611842,210.087501904956,5,430.175003809912,True,498,79.72027611732483
mem_long,20,roving_ramp,level,0.0,inf,3.347227373772202,0.0,0.0,0.08990196411306346,8.92833182854335,350.8453388762465,3,707.690677752493,True,124,23.238014698028564
mem_long,20,roving_ramp,transient,1.0,inf,0.0,5.941698236693069,0.0,0.14698886284094223,10.34933211749592,344.43734824061914,3,694.8746964812383,True,188,28.373567819595337
mem_long,20,roving_ramp,mixed,0.5149423844764082,inf,2.090376545332153,4.8551168024510964,0.0,0.2224174957966168,10.352932174986767,341.50638457730275,4,691.0127691546055,True,235,37.680185079574585
mem_long,20,roving_ramp,mixed_leaky,0.5118823079749514,138.629436111989,2.0919313417809846,4.799575672743427,0.005000000000000002,0.19431789276103462,10.32546304753463,341.57815921710966,5,693.1563184342193,True,390,89.99176621437073
mem_long,19,blip_combo,level,0.0,20.145417956262822,5.600655939420677,0.0,0.0,0.37390711425529566,7.675166972387361,306.6787915550686,3,619.3575831101372,True,132,25.00127601623535
mem_long,19,blip_combo,transient,1.0,27.96976026800666,0.0,5.848020618132156,0.0,0.43370308762308046,9.490962478001554,288.38716294117256,3,582.7743258823451,True,172,26.131559371948242
mem_long,19,blip_combo,mixed,0.9157647117789591,27.313957429906804,0.24052520870284566,5.720846363731052,0.0,0.43951977447539414,9.469556884743174,288.37321000312477,4,584.7464200062495,True,330,34.72837495803833
mem_long,19,blip_combo,mixed_leaky,0.9962869445195968,12.854034550964645,0.010000000000000004,5.870334480426502,0.05392448400630192,0.11607185650059766,10.128563964530784,287.8683034367786,5,585.7366068735572,True,366,111.21487212181091
mem_long,22,double_blip,level,0.0,479.2547264482871,3.5330294375261317,0.0,0.0,0.1278690323008429,11.662823732578726,196.02545527631398,3,398.05091055262795,True,136,13.42254114151001
mem_long,22,double_blip,transient,1.0,0.2344325648102725,0.0,0.8913027960396069,0.0,10.983389409461758,5.130860060279454,229.1260405489225,3,464.252081097845,True,12,2.1315860748291016
mem_long,22,double_blip,mixed,0.9925967561292649,168.99681174304814,0.010215442913732466,2.996524572700346,0.0,0.1700203277128505,11.624471409985265,193.3557054128587,4,394.7114108257174,True,340,30.889028787612915
mem_long,22,double_blip,mixed_leaky,0.9925780250216628,138.629436111989,0.010078401801875587,2.948809283822859,0.005000000000000002,0.1390827900842843,11.556672770231737,193.39936034183924,5,396.7987206836785,True,360,46.21603465080261
mem_long,22,roving_ramp,level,0.0,inf,1.6670750180181808,0.0,0.0,0.0055326657443848315,14.075461405735414,255.19938528110424,3,516.3987705622085,True,152,15.395126342773438
mem_long,22,roving_ramp,transient,1.0,inf,0.0,4.693069837187439,0.0,0.13945881263301435,13.20086303046434,252.9943319561103,3,511.9886639122206,True,176,16.623273372650146
mem_long,22,roving_ramp,mixed,0.6015718175104723,796.1477100759001,1.1271131963746497,3.7231866857414135,0.0,0.21348750339315165,13.493455382614718,249.52423255053847,4,507.04846510107694,True,250,44.273083448410034
mem_long,22,roving_ramp,mixed_leaky,0.5934776009511217,138.629436111989,1.1342785013149257,3.6228420482714103,0.005000000000000002,0.1735560774153589,13.499374191190833,249.68499537310527,5,509.36999074621053,True,348,44.868470430374146
mem_long,21,blip_train,level,0.0,146.4225338867703,4.502072522179389,0.0,0.0,0.1871227383079945,11.622048175571287,176.59648906395697,3,359.19297812791393,True,160,15.757823467254639
mem_long,21,blip_train,transient,1.0,inf,0.0,1.0803004328453971,0.0,-0.009049100942583162,15.0,177.78311983401667,3,361.56623966803335,True,264,26.21376609802246
mem_long,21,blip_train,mixed,0.002053399115970103,145.1970505623368,4.4343646741238505,0.01996215023297369,0.0,0.18604301704178566,11.593402316263099,176.60233793187288,4,361.20467586374576,True,160,21.047969579696655
mem_long,21,blip_train,mixed_leaky,0.0013050643382151032,5.917153554398986,4.834441626754098,0.013821502033629997,0.11714199643249738,-0.9612790191045545,14.521676303944705,176.01576004578078,5,362.03152009156156,True,654,92.78859877586365
mem_long,20,blip_combo,level,0.0,15.610671574915294,8.03126500803632,0.0,0.0,0.47421949723963963,6.594188913992156,252.1537697807711,3,510.3075395615422,True,128,21.54501724243164
mem_long,20,blip_combo,transient,1.0,12.457281291271508,0.0,6.422826949305074,0.0,0.5397533637782623,6.222722317017348,247.24212949057895,3,500.4842589811579,True,128,24.757644414901733
mem_long,20,blip_combo,mixed,0.4848240439522092,12.645646826352488,2.554110251957259,5.258695822139209,0.0,0.5715551460604974,6.3350027629087275,246.7367682710111,4,501.4735365420222,True,325,32.92974352836609
mem_long,20,blip_combo,mixed_leaky,0.4863139170682133,138.629436111989,2.5381796815801647,5.257158949327634,0.005000000000000002,0.5547078053578933,6.332889729209275,246.74095372922818,5,503.48190745845636,True,648,107.62214303016663
mem_long,22,blip_combo,level,0.0,24.796034897083498,8.764982332106799,0.0,0.0,0.5086681259058735,10.991002346516487,159.1093981016056,3,324.2187962032112,True,160,16.887713193893433
mem_long,22,blip_combo,transient,1.0,35.30916600910114,0.0,5.358751160458361,0.0,0.4051378808669948,11.524208360333033,160.1332855582904,3,326.2665711165808,True,192,19.302653074264526
mem_long,22,blip_combo,mixed,0.17558644099096224,21.894403126555282,6.182198188835925,2.8807038969224164,0.0,0.5865740705711417,11.124657286326899,156.86411654808467,4,321.72823309616933,True,280,26.943785190582275
mem_long,22,blip_combo,mixed_leaky,0.2779534854071726,13.28996943056503,4.401373788965475,3.7068503001445414,0.05215566402777465,0.0011681715464199566,15.0,156.5999047947709,5,323.1998095895418,True,318,65.071044921875
mem_long,21,blip_combo,level,0.0,17.199902711382858,6.2821216357007925,0.0,0.0,0.44385011821114956,8.191286661093656,167.11812136695207,3,340.23624273390413,True,164,16.29019856452942
mem_long,21,blip_combo,transient,1.0,18.923232624488847,0.0,4.837494875789032,0.0,0.4438738222655303,8.532891447650348,165.54451941973588,3,337.08903883947175,True,204,20.44736909866333
mem_long,21,blip_combo,mixed,0.33583907881005715,16.98288748331569,3.233953155043105,3.577679913794861,0.0,0.522703865341434,8.67025302491491,164.85527478542107,4,337.71054957084215,False,595,63.35587811470032
mem_long,21,blip_combo,mixed_leaky,0.26538602686425183,6.1802429596323964,4.130040175700256,3.2642468263691082,0.11215532869619967,-0.4914774849038741,12.99016402003649,164.1512137924872,5,338.3024275849744,True,282,98.98162341117859
mem_long,21,roving_ramp,level,0.0,41.66214749041648,1.4072306214736416,0.0,0.0,0.1377751529684201,7.6400446463684375,253.88301984496678,3,513.7660396899336,False,260,33.18149781227112
mem_long,21,roving_ramp,transient,1.0,68.7979233251368,0.0,3.1419288349805963,0.0,0.19866041039583468,7.815745487006881,253.31296056433223,3,512.6259211286645,True,148,26.942887783050537
mem_long,21,roving_ramp,mixed,0.5359137428507856,39.70214928375476,0.8961816224727924,2.264133686839475,0.0,0.2281299811940507,7.6669342927700495,252.1646226976763,4,512.3292453953526,True,180,41.70038557052612
mem_long,21,roving_ramp,mixed_leaky,0.4378524653805515,3.361599911603193,1.210805758681539,2.0632973162916195,0.2061956207719478,-1.6051031006628749,12.065170357692484,251.49262647341266,5,512.9852529468253,True,534,125.95863795280457
mem_long,23,double_blip,level,0.0,inf,6.207248104561519,0.0,0.0,0.17250614275407866,10.371934350861514,371.6054682224055,3,749.210936444811,True,116,20.574721813201904
mem_long,23,double_blip,transient,1.0,81.40358869445005,0.0,6.2736000196657935,0.0,0.3376840720321379,8.861719292900148,359.4164026170819,3,724.8328052341639,True,100,18.262083053588867
mem_long,23,double_blip,mixed,0.6517662909053064,73.92397892902659,1.369650247609635,5.6084210842767215,0.0,0.3590881805265766,9.020759668750173,358.9616190226288,4,725.9232380452576,True,270,27.509448528289795
mem_long,23,double_blip,mixed_leaky,0.6558749981768002,138.629436111989,1.3417865528125297,5.5949747491040895,0.005000000000000002,0.33420080242303474,9.010925920214449,358.99704330988015,5,727.9940866197603,True,252,81.34321022033691
mem_long,22,blip_train,level,0.0,186.1967642102105,4.932821887022344,0.0,0.0,0.19032554145415959,10.71863736460152,251.23490216540495,3,508.4698043308099,True,220,33.47334671020508
mem_long,22,blip_train,transient,1.0,38.207586985397356,0.0,4.414943751883181,0.0,0.319298752574401,9.167058867499355,246.58750202229467,3,499.17500404458934,True,104,19.556986093521118
mem_long,22,blip_train,mixed,0.9950627277401451,38.224166762311945,0.010000000000000004,4.409336353441787,0.0,0.319338802061793,9.168417611682337,246.58846846134466,4,501.1769369226893,True,360,36.85974717140198
mem_long,22,blip_train,mixed_leaky,0.9948239375219943,5.672819590145442,0.010000000000000004,4.204908629967711,0.12218741836318014,-1.0604810211022593,15.0,245.5195909131319,5,501.0391818262638,True,678,114.26358270645142
mem_long,23,blip_combo,level,0.0,33.49857762657951,3.6152757559580335,0.0,0.0,0.2195006081060704,6.773800998244678,378.18885517083083,3,762.3777103416617,True,128,22.470163106918335
mem_long,23,blip_combo,transient,1.0,33.62993713060595,0.0,5.218515361787576,0.0,0.3546883306362284,8.008777236814748,359.8056311041872,3,725.6112622083745,True,92,21.42684555053711
mem_long,23,blip_combo,mixed,0.9958216629164411,33.65521080372075,0.010000000000000004,5.214203089772068,0.0,0.35477613882036946,8.01176856894308,359.81668345645005,4,727.6333669129001,True,380,38.67194843292236
mem_long,23,blip_combo,mixed_leaky,0.9958019272430125,138.629436111989,0.010000000000000004,5.1895876067562865,0.005000000000000002,0.33341602841728823,7.993418011258702,359.869137206933,5,729.738274413866,True,402,72.89956879615784
mem_long,25,double_blip,level,0.0,57.95244489445977,5.383249420964219,0.0,0.0,0.2640238452668184,10.168402794824434,182.4861854882192,3,370.9723709764384,True,148,14.767523050308228
mem_long,25,double_blip,transient,1.0,70.59903298811508,0.0,2.5090707694081837,0.0,0.18235276468675649,9.752284004862146,184.9412229021801,3,375.8824458043602,True,164,16.57030177116394
mem_long,25,double_blip,mixed,0.0016957865047362956,57.843594803879974,5.38161227611323,0.020000024258174008,0.0,0.26506786197332866,10.171819888984059,182.4835946828185,4,372.967189365637,True,50,7.138014793395996
mem_long,25,double_blip,mixed_leaky,0.0021229304985606406,5.3264694236512815,5.299855206262864,0.024667923017008063,0.13013257477498005,-1.1507870070850619,15.0,181.72904228612407,5,373.45808457224814,True,558,88.72278428077698
mem_long,23,roving_ramp,level,0.0,inf,1.5237938332493162,0.0,0.0,0.025180991918716446,8.917696457081838,395.56131716228106,3,797.1226343245621,True,200,37.038289308547974
mem_long,23,roving_ramp,transient,1.0,271.3426269961056,0.0,5.996854817692045,0.0,0.2857118052393089,8.115074491747256,379.9323347667826,3,765.8646695335652,True,144,24.465869665145874
mem_long,23,roving_ramp,mixed,0.6658872492463986,30.758159396230162,1.2865988749590787,5.609971599566017,0.0,0.43189953120623686,8.39543410560312,371.1681409475583,4,750.3362818951166,True,380,51.20651435852051
mem_long,23,roving_ramp,mixed_leaky,0.5644789755766959,4.33300696839076,1.6988854341024873,4.8173986335848475,0.1599690897375533,-0.9613780714364981,12.08060550915453,368.3426479367003,5,746.6852958734006,True,378,108.00174474716187
mem_long,24,blip_combo,level,0.0,36.7301481202216,8.354441075505289,0.0,0.0,0.3890200159332519,8.479134016760558,254.20391124127104,3,514.4078224825421,True,100,21.345059871673584
mem_long,24,blip_combo,transient,1.0,15.232813307582887,0.0,8.338213177019455,0.0,0.6285091804928893,7.678510909004584,237.55242047277224,3,481.1048409455445,True,128,24.854374647140503
mem_long,24,blip_combo,mixed,0.9973814408345776,15.248777543511629,0.010000000000000004,8.333141147136725,0.0,0.6284278210072713,7.6810733724664555,237.55536717830222,4,483.11073435660444,True,290,33.558815717697144
mem_long,24,blip_combo,mixed_leaky,0.9973739759922319,138.629436111989,0.010000000000000004,8.309390830543494,0.005000000000000002,0.6071261845979147,7.682354040195037,237.60491202128614,5,485.2098240425723,True,288,68.59916853904724
mem_long,24,double_blip,level,0.0,21.779815099675854,7.61391849340975,0.0,0.0,0.4031844147778367,6.701218338856898,307.45392899781353,3,620.9078579956271,True,144,23.181428909301758
mem_long,24,double_blip,transient,1.0,17.12269013354441,0.0,6.663272833858125,0.0,0.4927861590383133,6.57302775655463,297.6162837829527,3,601.2325675659054,True,112,18.34252381324768
mem_long,24,double_blip,mixed,0.6723398731307114,17.310920869614954,1.3396752275637145,6.014155403897499,0.0,0.507216515928023,6.640635749389888,297.4024320842545,4,602.804864168509,True,250,25.20232391357422
mem_long,24,double_blip,mixed_leaky,0.6788516340338769,138.629436111989,1.302799273471739,6.024992424691535,0.005000000000000002,0.4885356286663142,6.649067946269619,297.41442733215024,5,604.8288546643005,True,306,92.84698486328125
mem_long,23,blip_train,level,0.0,79.31025758676083,6.8547483968433545,0.0,0.0,0.2787558926233313,8.60885247035142,321.662559574778,3,649.325119149556,True,128,25.595295906066895
mem_long,23,blip_train,transient,1.0,49.41179486065793,0.0,5.763530967692788,0.0,0.3467399613028702,8.549850748204994,313.34581102641204,3,632.6916220528241,True,120,23.537582635879517
mem_long,23,blip_train,mixed,0.6360387575544472,46.57189124828183,1.3378162800770848,5.1148719383980525,0.0,0.366719627824411,8.56657202938378,313.1127481214192,4,634.2254962428384,True,260,29.82227325439453
mem_long,23,blip_train,mixed_leaky,0.7414399715293543,9.609647953305547,0.8389265456249518,5.263182042925143,0.07213034066679988,-0.03136025474063059,9.102878347925442,312.9090437355855,5,635.818087471171,True,546,120.74662828445435
mem_long,24,blip_train,level,0.0,33.74482427167017,7.657809330414411,0.0,0.0,0.3636060998870132,7.614481634180741,292.9271320787365,3,591.854264157473,True,140,26.864962339401245
mem_long,24,blip_train,transient,1.0,25.704675498193087,0.0,8.57965952638673,0.0,0.5449487056503225,8.100916636573293,274.6733133319073,3,555.3466266638146,True,96,18.871275424957275
mem_long,24,blip_train,mixed,0.9974555802485909,25.718597618234394,0.010000000000000004,8.576590063778307,0.0,0.5450841643307159,8.102555446312738,274.67806327942145,4,557.3561265588429,True,290,34.290873765945435
mem_long,24,blip_train,mixed_leaky,0.997533803991768,8.634738007717674,0.010000000000000004,8.849319548407369,0.08027425730119601,0.07061528676523017,9.520813686072092,274.17159047821303,5,558.3431809564261,True,234,85.22381043434143
mem_long,25,roving_ramp,level,0.0,inf,2.652821261809307,0.0,0.0,0.0689021526204164,11.059637621687449,244.84696987025984,3,495.6939397405197,True,164,27.392999172210693
mem_long,25,roving_ramp,transient,1.0,inf,0.0,5.10060058916721,0.0,0.17494043256897251,11.451270189589733,242.63975049338902,3,491.27950098677803,True,152,29.95213747024536
mem_long,25,roving_ramp,mixed,0.4777050431711964,134.83492784269896,2.237521450041613,4.477350026143508,0.0,0.31679457465413646,11.15532270240126,239.65651752198107,4,487.31303504396215,True,325,50.24874496459961
mem_long,25,roving_ramp,mixed_leaky,0.4284154148939112,7.573618356538951,2.2042893431972415,3.6146231722246913,0.09152127133016838,-0.7088745421888779,15.0,239.42989881078245,5,488.8597976215649,True,330,53.52763605117798
mem_long,25,blip_train,level,0.0,14.74582446576779,12.397082164317343,0.0,0.0,0.7368202794777458,9.756858071863451,116.44973772228064,3,238.8994754445613,True,112,11.59678864479065
mem_long,25,blip_train,transient,1.0,21.533116248980022,0.0,3.8760804823235815,0.0,0.3866673946073113,9.1154933741098,123.76539434586886,3,253.5307886917377,True,180,18.624737977981567
mem_long,25,blip_train,mixed,0.0003693852402332635,14.75670135932711,12.369443577193767,0.010000000000000004,0.0,0.7360708967663296,9.75532605662437,116.45668533392296,4,240.91337066784592,True,170,42.53216290473938
mem_long,25,blip_train,mixed_leaky,0.0003697328980710429,138.629436111989,12.357808358640284,0.010000000000000004,0.005000000000000002,0.7074892251942817,9.814347663842009,116.45870899049321,5,242.91741798098641,True,468,55.10082459449768
mem_long,24,roving_ramp,level,0.0,23370.97736373796,2.4117985217613094,0.0,0.0,0.07918604692637726,9.502479061215038,296.37272620762553,3,598.7454524152511,True,136,28.679899215698242
mem_long,24,roving_ramp,transient,1.0,54.636483320930786,0.0,9.151540539690492,0.0,0.4912423504356515,8.528744944310862,278.56249737808025,3,563.1249947561605,True,116,23.583219289779663
mem_long,24,roving_ramp,mixed,0.6944507789101947,23.458637443116892,1.648320175742045,8.196184185165874,0.0,0.5985070055476931,8.185607787951126,274.7487878009233,4,557.4975756018466,True,210,37.25177717208862
mem_long,24,roving_ramp,mixed_leaky,0.6184231462909996,3.8619565988868856,2.0022578521007315,7.099594840737768,0.17948083123454261,-1.4777515638429093,14.733140100185874,272.45231932668617,5,554.9046386533723,True,444,121.79521036148071
mem_long,25,blip_combo,level,0.0,91.03730725702603,7.508204951043917,0.0,0.0,0.32695993840345744,14.762171483414503,113.69671629405454,3,233.39343258810908,False,252,23.6450514793396
mem_long,25,blip_combo,transient,1.0,0.3185287806787367,0.0,8.419171487542215,0.0,2.9655424680986977,1.6470591426435859,115.3926351949238,3,236.7852703898476,True,188,21.08596968650818
mem_long,25,blip_combo,mixed,0.001216644066500538,90.61402477735179,7.504771084538093,0.020000439629192374,0.0,0.3281308357594654,14.762460605125128,113.67859662016954,4,235.3571932403391,True,70,8.197142839431763
mem_long,25,blip_combo,mixed_leaky,0.9969606258055853,138.629436111989,0.010000000000000004,7.176351147953834,0.005000000000000002,0.4191214498842766,15.0,110.41014869723325,5,230.8202973944665,True,564,115.42197608947754
mem_long,26,double_blip,level,0.0,inf,4.807158759871339,0.0,0.0,0.13868910417291333,10.82621660326246,251.16087867048367,3,508.32175734096734,True,164,26.03058362007141
mem_long,26,double_blip,transient,1.0,inf,0.0,3.40001702956861,0.0,0.13494157091175366,10.712603034437718,251.3414879341,3,508.6829758682,True,172,27.88006901741028
mem_long,26,double_blip,mixed,0.0018987048505558172,inf,4.805568432377853,0.020000343436768233,0.0,0.1397860122274003,10.828701111193167,251.14733318889407,4,510.29466637778813,True,25,6.782083988189697
mem_long,26,double_blip,mixed_leaky,0.22153177413088077,138.629436111989,2.9140748519748167,1.8142857269684298,0.005000000000000002,0.14093557168257473,10.769178784596534,250.57783660621405,5,511.1556732124281,True,618,94.4993805885315
mem_long,26,blip_train,level,0.0,64.52587527946194,2.695843086916802,0.0,0.0,0.1572104584004331,8.894979475489347,224.04640995720493,3,454.09281991440986,True,216,32.76375150680542
mem_long,26,blip_train,transient,1.0,25.029697246737165,0.0,4.436352775246439,0.0,0.36639191382689656,8.314384763553932,217.9406756727467,3,441.8813513454934,True,104,19.78926682472229
mem_long,26,blip_train,mixed,0.995088857115531,25.055256095854993,0.010000000000000004,4.432912304887956,0.0,0.3664560473812134,8.317462289338188,217.9466811588791,4,443.8933623177582,True,230,27.612927436828613
mem_long,26,blip_train,mixed_leaky,0.9950352082429489,138.629436111989,0.010000000000000004,4.384774438253385,0.005000000000000002,0.3441666026314329,8.269198480541036,217.97141454217635,5,445.9428290843527,True,252,61.71222996711731
mem_long,29,blip_combo,level,0.0,0.42448464178677164,1.9886620679255629,0.0,0.0,4.289930733429112,3.586729726170263,107.20294300843673,3,220.40588601687347,True,16,2.633770227432251
mem_long,29,blip_combo,transient,1.0,0.2500037625601553,0.0,0.010000000000000004,0.0,30.0,15.0,107.20294303789045,3,220.4058860757809,True,8,1.8051238059997559
mem_long,29,blip_combo,mixed,0.004575803356633884,0.42457538962740204,1.9886620679255629,0.02,0.0,4.289930733429112,3.586729726170263,107.20294300823215,4,222.4058860164643,True,5,1.1411406993865967
mem_long,29,blip_combo,mixed_leaky,0.004575803356633884,115.52453009332424,1.9886620679255629,0.02,0.005999999999999998,4.289930733429112,3.586729726170263,107.20294301026408,5,224.40588602052816,True,6,1.8700411319732666
mem_long,26,blip_combo,level,0.0,inf,4.7345137438394485,0.0,0.0,0.08149094661769897,12.746622414818706,293.3863951433712,3,592.7727902867424,True,112,26.182419776916504
mem_long,26,blip_combo,transient,1.0,inf,0.0,3.3473842393815314,0.0,0.08853408392331615,12.474707159162906,291.8473470002782,3,589.6946940005564,True,196,53.49766945838928
mem_long,26,blip_combo,mixed,0.9870935517427138,inf,0.020000018593463866,3.3465076032713164,0.0,0.08948270184777972,12.476208085553626,291.84426961312835,4,591.6885392262567,True,90,10.175560712814331
mem_long,26,blip_combo,mixed_leaky,0.9866850737964422,138.629436111989,0.020283128263945637,3.2883995346088133,0.005000000000000002,0.05391937039624454,12.459288753855567,291.90716559303064,5,593.8143311860613,True,264,39.40769815444946
mem_long,26,roving_ramp,level,0.0,inf,0.704273506417362,0.0,0.0,-0.045357910722286225,11.459584475016056,229.37745843077528,3,464.75491686155056,True,164,42.20759892463684
mem_long,26,roving_ramp,transient,1.0,inf,0.0,2.4143616908829264,0.0,0.05117567993450063,10.909288970370529,228.05332925491163,3,462.10665850982326,True,168,26.038323402404785
mem_long,26,roving_ramp,mixed,0.7267890083425519,inf,0.36088357893311374,2.1003281371057456,0.0,0.07474518168479993,10.666089400200248,227.8229662639786,4,463.6459325279572,True,265,41.665178298950195
mem_long,26,roving_ramp,mixed_leaky,0.5612890023048531,5.792194617121906,0.6220320834591715,1.7411277738977147,0.11966918005672338,-1.2131333541888492,15.0,226.4153075044403,5,462.8306150088806,True,606,101.38231182098389
mem_long,27,roving_ramp,level,0.0,36.11530504399498,2.7394078126148176,0.0,0.0,0.19345354616549196,7.493354272101358,405.0436363211813,3,816.0872726423626,True,108,17.39239001274109
mem_long,27,roving_ramp,transient,1.0,43.59910263652119,0.0,4.6390592619658335,0.0,0.2811206214159018,6.249224996427031,416.78421638977863,3,839.5684327795573,True,96,16.9293794631958
mem_long,27,roving_ramp,mixed,0.4153759816171874,22.832165430348695,2.528402222460201,3.9302550709655386,0.0,0.4275804407597303,7.640917174773266,393.8694598367034,4,795.7389196734068,True,180,31.866883516311646
mem_long,27,roving_ramp,mixed_leaky,0.4133562801517935,115.63505200226273,2.532553211937235,3.9040784868070344,0.005994265307602248,0.4017271503491638,7.660107191078789,393.8723487263191,5,797.7446974526382,True,186,89.13085293769836
mem_long,27,blip_train,level,0.0,114.92379218654483,8.06749218087784,0.0,0.0,0.30546467809874456,9.485010531076743,349.5866007334046,3,705.1732014668092,True,176,24.68255925178528
mem_long,27,blip_train,transient,1.0,125.42133329095653,0.0,5.812259201813473,0.0,0.30185471916201595,9.890969681609935,341.2922788346335,3,688.584557669267,True,136,21.838379383087158
mem_long,27,blip_train,mixed,0.5485164308898497,98.06374487211384,1.8651353558916282,4.957559017699443,0.0,0.3353156213494665,9.88507309513806,340.91773909757796,4,689.8354781951559,True,345,34.43723225593567
mem_long,27,blip_train,mixed_leaky,0.6225156359770877,10.723822935407544,1.4412682916925774,5.200031513865652,0.06463620154258014,-0.09440380418500986,10.849111978719268,340.3214387339382,5,690.6428774678764,True,432,67.04332256317139
mem_long,27,blip_combo,level,0.0,19.935197740650537,6.245045413598179,0.0,0.0,0.3754735980331692,6.816155700098966,306.47634284051696,3,618.9526856810339,True,100,22.49072527885437
mem_long,27,blip_combo,transient,1.0,22.23499180045539,0.0,5.319698666370805,0.0,0.40668044946838033,7.404066804021316,300.17325529466586,3,606.3465105893317,True,196,31.002726554870605
mem_long,27,blip_combo,mixed,0.43552302261329195,21.282413517758858,2.521567408431246,4.256428211015178,0.0,0.45145704943247134,7.52127390299039,299.28739443757314,4,606.5747888751463,True,215,22.450368881225586
mem_long,27,blip_combo,mixed_leaky,0.4392000586486593,138.629436111989,2.4804553778223095,4.250066202298001,0.005000000000000002,0.43113137510577376,7.4968074436037115,299.3389262620643,5,608.6778525241286,True,354,74.38506412506104
mem_long,29,roving_ramp,level,0.0,83.98440099958312,4.458136190459941,0.0,0.0,0.23091800102809726,14.264043357783953,230.84865011656353,3,467.69730023312707,True,152,24.04409909248352
mem_long,29,roving_ramp,transient,1.0,inf,0.0,2.594673309803921,0.0,0.047470073082971305,11.100899742008577,256.98834047574707,3,519.9766809514941,True,116,26.102895736694336
mem_long,29,roving_ramp,mixed,0.12291792573400061,60.39319483279168,4.463276099225949,1.3684804183442851,0.0,0.32656887982529803,14.327246193050666,230.30995276634064,4,468.6199055326813,True,265,25.090386390686035
mem_long,29,roving_ramp,mixed_leaky,0.04125404699703803,10.03827865495224,4.507308920796886,0.4243167601115297,0.06905040240320397,-0.3356826651532843,15.0,228.76907134640152,5,467.53814269280304,True,366,47.05253314971924
mem_long,27,double_blip,level,0.0,22.307387347779546,9.420163936064178,0.0,0.0,0.48460604482620456,7.857105167268383,289.72578597159423,3,585.4515719431885,True,160,24.954251527786255
mem_long,27,double_blip,transient,1.0,59.486539071257376,0.0,6.642966900677027,0.0,0.37677466246498764,9.142417852528341,290.08128130975547,3,586.1625626195109,True,192,35.380220890045166
mem_long,27,double_blip,mixed,0.2236609141985988,23.07088186686748,6.637558903548856,4.18366477464951,0.0,0.5924286082442888,8.59002578997602,283.4424659370213,4,574.8849318740426,True,285,44.75474691390991
mem_long,27,double_blip,mixed_leaky,0.22613564733236893,138.629436111989,6.553683633638566,4.189859945925278,0.005000000000000002,0.5657398268445838,8.598382112864346,283.5037907134398,5,577.0075814268796,True,264,68.46699094772339
mem_long,28,roving_ramp,level,0.0,1187.8762270925529,3.721864979366124,0.0,0.0,0.12604307915947657,9.877513053945096,374.7916708943978,3,755.5833417887956,True,116,17.998653888702393
mem_long,28,roving_ramp,transient,1.0,275.18390323059447,0.0,5.057069532939636,0.0,0.24201270183211498,7.5322227796640195,387.8880793383146,3,781.7761586766292,True,128,25.862049341201782
mem_long,28,roving_ramp,mixed,0.36557338414803714,59.541309430207825,3.4384838338798422,4.334809413771104,0.0,0.3923388448189869,10.00494964714807,364.86646050576337,4,737.7329210115267,True,250,44.14827823638916
mem_long,28,roving_ramp,mixed_leaky,0.36474842367094285,138.629436111989,3.4240898061447105,4.3013290325690114,0.005000000000000002,0.36487294374198603,9.9819430713932,364.8933730251226,5,739.7867460502453,True,348,82.89950942993164
mem_long,28,blip_combo,level,0.0,inf,7.878107830777443,0.0,0.0,0.2561646893007364,11.003806140582638,278.33278173368217,3,562.6655634673643,True,136,21.214277744293213
mem_long,28,blip_combo,transient,1.0,1858.3115089542832,0.0,7.2896677217767225,0.0,0.33229544656936294,11.76920805853904,271.686707402642,3,549.373414805284,True,120,24.850865125656128
mem_long,28,blip_combo,mixed,0.5293687158307778,322.86740790695325,2.463227086360607,6.061662854887645,0.0,0.37243122741939283,11.674843403016888,271.1813082016327,4,550.3626164032654,True,290,28.5061297416687
mem_long,28,blip_combo,mixed_leaky,0.5620746784529347,8.092869202310247,2.072343886909769,5.819231491111542,0.08564912680932427,-0.43797326473455894,13.87509139539027,270.3267494550613,5,550.6534989101226,True,342,94.1614179611206
mem_long,28,double_blip,level,0.0,24.47555460519108,9.89188498261226,0.0,0.0,0.5146405445022832,9.334794755511801,190.36910690429065,3,386.7382138085813,True,144,29.481510639190674
mem_long,28,double_blip,transient,1.0,37.32816039042249,0.0,6.794431046034933,0.0,0.4422818109019154,10.116899121250343,189.91274358950542,3,385.82548717901085,True,160,29.5488338470459
mem_long,28,double_blip,mixed,0.2243970048526507,25.715503070852055,6.590696302956524,4.171754323503243,0.0,0.6002000593606287,10.08098373554539,187.03718720913594,4,382.0743744182719,True,270,31.163127422332764
mem_long,28,double_blip,mixed_leaky,0.23390204592428693,25.51835202529357,6.22963025775555,4.161231099184624,0.027162693730100745,0.4351984070746609,10.10144482877566,186.9984092219039,5,383.9968184438078,True,558,130.03346514701843
mem_long,28,blip_train,level,0.0,32.23710786854179,8.313268762417078,0.0,0.0,0.4056026793000988,8.598004998168575,254.80927766544178,3,515.6185553308835,True,128,21.653985738754272
mem_long,28,blip_train,transient,1.0,74.73457869572263,0.0,5.441417592419013,0.0,0.31050429637478777,9.689197875507958,253.34907544918602,3,512.698150898372,False,224,34.04533076286316
mem_long,28,blip_train,mixed,0.2505675613719316,37.09210532577251,4.75197464457088,3.4759724055723704,0.0,0.4357063236309516,9.135492273328806,251.34001055711218,4,510.68002111422436,True,320,38.05906939506531
mem_long,28,blip_train,mixed_leaky,0.29580110168903534,4.418761243884579,4.234157553494479,3.8911798686977876,0.15686459220199742,-0.9753843907839294,12.726674392796037,250.11744532321254,5,510.2348906464251,True,402,135.9697904586792
mem_long_leaky,0,roving_ramp,level,0.0,2.377191382964163,1.436168723628862,0.0,0.0,0.7486833954930635,3.3359176313633525,429.8926542344108,3,865.7853084688217,True,168,24.085612058639526
mem_long_leaky,0,roving_ramp,transient,1.0,inf,0.0,5.043029006684672,0.0,0.19034770875235,10.328304632426406,371.6659177188171,3,749.3318354376343,True,116,10.897017002105713
mem_long_leaky,0,roving_ramp,mixed,0.8055533560485958,145.60436303300767,0.5332137029168574,4.832868825303651,0.0,0.2716981192717658,10.492816984000635,368.80481339774144,4,745.6096267954829,True,245,32.98337364196777
mem_long_leaky,0,roving_ramp,mixed_leaky,0.7640689987929473,13.296131358412323,0.6439744282849243,4.562743309794435,0.05213149312949577,-0.04207314257927926,10.796818278465212,368.1023732057492,5,746.2047464114984,True,162,66.80381989479065
mem_long,29,double_blip,level,0.0,43.843335835013384,3.4903909295815887,0.0,0.0,0.24661895010762208,11.602168249530985,108.09919419816266,3,222.19838839632533,True,244,23.658432006835938
mem_long,29,double_blip,transient,1.0,0.2500037625601553,0.0,0.010000000000000004,0.0,30.0,15.0,116.54851967144077,3,239.09703934288154,True,8,1.8040904998779297
mem_long,29,double_blip,mixed,0.002613003205246908,43.72760366402415,3.4894391366185644,0.020000539686876397,0.0,0.24788497142152488,11.606014151139917,108.08831197307396,4,224.1766239461479,True,25,2.855724811553955
mem_long,29,double_blip,mixed_leaky,0.6598103061466934,5.295796016162048,0.688767249979362,2.922673337526427,0.1308863065051136,-1.0372470123527509,15.0,106.67960574603266,5,223.35921149206533,True,726,153.38450169563293
mem_long_leaky,1,roving_ramp,level,0.0,inf,2.671815912590086,0.0,0.0,-0.06592621841452387,15.0,309.5728339312367,3,625.1456678624734,True,148,27.52754020690918
mem_long_leaky,1,roving_ramp,transient,1.0,inf,0.0,5.059512798877007,0.0,0.0036917628909188256,14.748154736956915,315.7408172490899,3,637.4816344981798,True,188,28.368491411209106
mem_long_leaky,1,roving_ramp,mixed,0.41686984287220713,inf,2.323662140437204,3.634275154960884,0.0,0.12530535687973435,15.0,305.80217526071596,4,619.6043505214319,True,170,17.2779598236084
mem_long_leaky,1,roving_ramp,mixed_leaky,0.42081448324459375,18.196635355470345,2.2968669235940578,3.651057439216115,0.03809205202057141,-0.18735844188120385,15.0,304.8973238635584,5,619.7946477271169,True,306,40.30224943161011
mem_long,29,blip_train,level,0.0,0.9172354281199655,4.743097039888055,0.0,0.0,1.5227677555579413,2.5085260907996183,125.54423225528248,3,257.08846451056496,True,240,26.03217387199402
mem_long,29,blip_train,transient,1.0,0.2500037625601553,0.0,0.010000000000000004,0.0,30.0,15.0,135.38492899084858,3,276.76985798169716,True,8,1.8214707374572754
mem_long,29,blip_train,mixed,0.0020756721488422317,0.9483256539305783,4.674609113426187,0.021272390445881254,0.0,1.4953611986685218,2.5440056688754744,125.5417715744886,4,259.08354314897724,True,155,16.579369068145752
mem_long,29,blip_train,mixed_leaky,0.0823390132233757,138.629436111989,4.984828916299081,0.9785510636036401,0.005000000000000002,0.24995155970192415,15.0,122.3500108995859,5,254.7000217991718,True,1074,140.45073318481445
mem_long_leaky,0,double_blip,level,0.0,19.98717095861277,5.023383756566908,0.0,0.0,0.3475189033215701,7.31573190512445,426.63789099897866,3,859.2757819979573,True,76,14.589333057403564
mem_long_leaky,0,double_blip,transient,1.0,42.62793115885148,0.0,5.626350423763273,0.0,0.3769596924312525,10.480480353351851,385.1374398224158,3,776.2748796448316,True,120,26.297396421432495
mem_long_leaky,0,double_blip,mixed,0.6155416796340024,28.676290606661844,1.4160597762837102,4.960205094769933,0.0,0.4478482990408558,10.181288434446651,383.5500925671453,4,775.1001851342907,True,315,37.54896402359009
mem_long_leaky,0,double_blip,mixed_leaky,0.9962923157512973,6.136541236344126,0.010000000000000004,5.878870385034681,0.11295404917263964,-0.5247391212290115,12.800045650824824,379.07524239272146,5,768.1504847854429,True,498,96.53442716598511
mem_long_leaky,1,blip_train,level,0.0,138.95338519491665,8.408831556714356,0.0,0.0,0.3104212422768818,9.73917022270586,290.8080612107134,3,587.6161224214268,True,200,34.35332679748535
mem_long_leaky,1,blip_train,transient,1.0,169.03263524533097,0.0,7.145466502840009,0.0,0.35505714959661044,10.966510946549574,279.3832953460523,3,564.7665906921046,True,120,19.725621700286865
mem_long_leaky,1,blip_train,mixed,0.9969448048315808,170.7104020392541,0.010000000000000004,7.139075952188395,0.0,0.3547947269083927,10.972465891159585,279.3841261986853,4,566.7682523973706,True,345,35.48133659362793
mem_long_leaky,1,blip_train,mixed_leaky,0.9969188425671784,138.629436111989,0.010000000000000004,7.078736749519334,0.005000000000000002,0.32247638329068773,10.985370679736961,279.45889838213753,5,568.9177967642751,True,228,43.80243635177612
mem_long_leaky,1,double_blip,level,0.0,inf,6.2685817470402,0.0,0.0,0.15985782933751513,11.977552665784517,267.46623962547363,3,540.9324792509473,True,148,24.540929794311523
mem_long_leaky,1,double_blip,transient,1.0,inf,0.0,5.9986545648865475,0.0,0.20568938070563716,12.696410761804064,260.98249879505835,3,527.9649975901167,True,196,31.424821138381958
mem_long_leaky,1,double_blip,mixed,0.5056846498825202,inf,2.3072537337229186,5.163936315899404,0.0,0.259639359547119,12.885332625297409,260.39883738446713,4,528.7976747689343,True,245,27.625477075576782
mem_long_leaky,1,double_blip,mixed_leaky,0.5867887101222025,8.264941054203902,1.6632857966870487,5.16756913764601,0.0838659557296396,-0.5964691180476891,15.0,258.50739332490633,5,527.0147866498127,True,336,67.13465428352356
mem_long_leaky,0,blip_train,level,0.0,36.67060802394082,6.222281821259965,0.0,0.0,0.32226600413542555,8.69061832561392,426.005686524356,3,858.011373048712,True,132,19.92717957496643
mem_long_leaky,0,blip_train,transient,1.0,26.11449477079069,0.0,5.572586730133725,0.0,0.4270063842703692,9.16116623561977,403.11389277474285,3,812.2277855494857,True,140,21.61812663078308
mem_long_leaky,0,blip_train,mixed,0.48472408998487587,24.02953218347252,2.2051428203467798,4.53838498861013,0.0,0.4743062729879164,9.476426143792494,400.0327513855693,4,808.0655027711387,True,300,50.5565710067749
mem_long_leaky,0,blip_train,mixed_leaky,0.49441588514151436,138.629436111989,2.1389282997104613,4.576200756453159,0.005000000000000002,0.44658904182751247,9.52374498488302,400.0365972793848,5,810.0731945587696,True,690,96.45838022232056
mem_long_leaky,2,double_blip,level,0.0,30.486063383568023,7.691783452684562,0.0,0.0,0.39033596939190474,8.441085244258261,305.39517852449177,3,616.7903570489835,True,132,26.44572162628174
mem_long_leaky,2,double_blip,transient,1.0,33.07513813528635,0.0,9.30027389061461,0.0,0.5852111484745717,10.934864817636983,285.9133753972639,3,577.8267507945278,True,124,20.458481550216675
mem_long_leaky,2,double_blip,mixed,0.7159115903798986,28.586284105054194,1.6077937344266642,8.864332873884162,0.0,0.6454376321073565,11.009139257036367,285.6986404092439,4,579.3972808184878,True,375,34.96788239479065
mem_long_leaky,2,double_blip,mixed_leaky,0.726890511900026,138.629436111989,1.5163675814490145,8.829712221715482,0.005000000000000002,0.6086656088201536,11.015307947316328,285.7314572599693,5,581.4629145199386,True,324,65.7252345085144
mem_long_leaky,0,blip_combo,level,0.0,23.35011757429939,6.157743739652592,0.0,0.0,0.3782777245354534,8.248239397189128,360.55750108539274,3,727.1150021707855,True,96,27.181929349899292
mem_long_leaky,0,blip_combo,transient,1.0,72.78633585576497,0.0,5.717983067101254,0.0,0.3368723164351055,11.457317337016107,341.50802173655006,3,689.0160434731001,True,148,24.705219984054565
mem_long_leaky,0,blip_combo,mixed,0.4805152868513749,38.103539191939795,2.177788197236724,4.4071712137338155,0.0,0.4086676106210791,10.544344939143546,339.38566361212366,4,686.7713272242473,True,265,45.47815251350403
mem_long_leaky,0,blip_combo,mixed_leaky,0.7500448963356023,6.860897668887119,0.7624603468273108,5.005556412609753,0.10102864289949076,-0.42922739607147,12.435609883285823,337.16740441713006,5,684.3348088342601,True,486,105.64647626876831
mem_long_leaky,1,blip_combo,level,0.0,105.503414689428,7.330968479137068,0.0,0.0,0.29244674703567924,11.050138095262538,215.0757726992768,3,436.1515453985536,True,156,27.162895441055298
mem_long_leaky,1,blip_combo,transient,1.0,4.124202090159022,0.0,5.384788048780126,0.0,0.7882640670641811,4.496540487636651,213.0408456392907,3,432.0816912785814,True,120,22.040603637695312
mem_long_leaky,1,blip_combo,mixed,0.5360682437190687,125.18327808430156,1.9909029658244184,5.032988285368894,0.0,0.3404881412337409,12.029975055713232,209.77609230601655,4,427.5521846120331,True,245,39.95763683319092
mem_long_leaky,1,blip_combo,mixed_leaky,0.6576439696684236,6.66624274003816,1.1652730661332795,4.897229026351548,0.10397868898425043,-0.7106403456553808,14.479310218853481,209.43548592016919,5,428.87097184033837,True,612,91.51757907867432
mem_long_leaky,2,roving_ramp,level,0.0,inf,0.8502610654667518,0.0,0.0,-0.0046809453263623535,9.42984244248672,300.45742843030155,3,606.9148568606031,True,192,32.116370677948
mem_long_leaky,2,roving_ramp,transient,1.0,67.08471665386382,0.0,8.866052883781036,0.0,0.47550533131394734,10.089899373375069,261.0283441345084,3,528.0566882690168,True,120,24.358394384384155
mem_long_leaky,2,roving_ramp,mixed,0.99753442054351,65.7409889042518,0.010000000000000004,8.85153791227186,0.0,0.4765555960220931,10.068994994708147,261.0300473680152,4,530.0600947360304,True,380,42.32829475402832
mem_long_leaky,2,roving_ramp,mixed_leaky,0.9974188884289343,5.232448193366706,0.010043917142588782,8.491487572287603,0.13247091131043853,-0.9858263398693745,15.0,257.6074917439237,5,525.2149834878473,True,288,97.94288730621338
mem_long_leaky,2,blip_train,level,0.0,360.3816353772358,6.440449286411724,0.0,0.0,0.2260201623854196,10.88727225929739,283.99484273209947,3,573.9896854641989,True,128,24.07011103630066
mem_long_leaky,2,blip_train,transient,1.0,563.6968334055504,0.0,6.440185939509812,0.0,0.30139100420793175,11.96879034660274,274.3533250294001,3,554.7066500588002,True,140,23.692457675933838
mem_long_leaky,2,blip_train,mixed,0.897822690095988,450.50226234536575,0.3278217948389325,6.302078122144043,0.0,0.30856153151330024,11.97143984372092,274.3434791491458,4,556.6869582982916,True,285,41.898685455322266
mem_long_leaky,2,blip_train,mixed_leaky,0.8974083604607919,11.751316922214066,0.30804070773055936,5.895166827439839,0.05898463850035877,-0.17966042624143572,12.939526704251756,273.88476171633164,5,557.7695234326633,True,348,57.31952428817749
mem_long_leaky,3,double_blip,level,0.0,60.97042623041199,8.331349022102613,0.0,0.0,0.37285062547420517,12.195494621601709,163.59463261116431,3,333.18926522232863,True,124,12.449251651763916
mem_long_leaky,3,double_blip,transient,1.0,0.36340820572146754,0.0,7.254077593569786,0.0,2.637330169796235,1.678806550128781,167.89003735860672,3,341.78007471721344,True,204,22.433380842208862
mem_long_leaky,3,double_blip,mixed,0.0010966384673206796,60.76540192187335,8.326946135930577,0.0200002582257503,0.0,0.37396434804689616,12.19761605053253,163.5772464119933,4,335.1544928239866,True,85,39.5789110660553
mem_long_leaky,3,double_blip,mixed_leaky,0.1745632216011284,138.629436111989,5.74131840266625,2.6563812853060833,0.005000000000000002,0.37645049521783247,12.7204192874731,162.46859509730183,5,334.93719019460366,True,660,100.35381841659546
mem_long_leaky,3,roving_ramp,level,0.0,26.417067711077024,3.350653870789125,0.0,0.0,0.26498137650755044,8.20263344862762,364.1716489258978,3,734.3432978517956,True,96,16.509082317352295
mem_long_leaky,3,roving_ramp,transient,1.0,21.27236876994071,0.0,2.9149077599940707,0.0,0.2585174520982188,5.399320447769295,398.38341389858124,3,802.7668277971625,True,128,20.922242879867554
mem_long_leaky,3,roving_ramp,mixed,0.09900395172773253,23.24922060839131,3.2421704392826873,0.7794267948418896,0.0,0.3141798112428556,8.035511170611288,363.81642485263853,4,735.6328497052771,False,385,37.84973406791687
mem_long_leaky,3,roving_ramp,mixed_leaky,0.042057706060621834,4.555549158293654,3.380130879710033,0.324675558531079,0.15215447281433211,-0.5652359430631321,9.054033895285025,363.24352307284954,5,736.4870461456991,True,540,122.75374054908752
mem_long_leaky,4,blip_combo,level,0.0,62.01324154057442,5.5040075980650345,0.0,0.0,0.2567336423148191,9.486255603739618,284.1423571471209,3,574.2847142942418,True,180,27.542867183685303
mem_long_leaky,4,blip_combo,transient,1.0,67.98602856372591,0.0,6.145168758010172,0.0,0.36318095062285954,11.656384214299951,267.61150096336917,3,541.2230019267383,True,112,26.921191215515137
mem_long_leaky,4,blip_combo,mixed,0.9964505939067674,67.96322252773423,0.010000000000000004,6.14200161417891,0.0,0.3634069599736936,11.658117883932352,267.6171661724557,4,543.2343323449114,True,315,34.77434730529785
mem_long_leaky,4,blip_combo,mixed_leaky,0.99642560474599,138.629436111989,0.010000000000000004,6.0989089591839765,0.005000000000000002,0.329337915769184,11.693495815680127,267.64686826361714,5,545.2937365272343,True,174,45.98651099205017
mem_long_leaky,4,blip_train,level,0.0,52.19286377152735,4.807114469462614,0.0,0.0,0.2475993845673014,9.412843438516456,239.61539717130142,3,485.23079434260285,True,216,37.91470170021057
mem_long_leaky,4,blip_train,transient,1.0,37.31227600991397,0.0,4.767965691897203,0.0,0.3461847082004617,9.769163932376768,232.47046507663913,3,470.94093015327826,True,128,23.665904998779297
mem_long_leaky,4,blip_train,mixed,0.9954230438280959,37.3449193385178,0.010000000000000004,4.7581790779915645,0.0,0.3459550120194478,9.769097805038886,232.47125032465766,4,472.9425006493153,True,310,30.3907413482666
mem_long_leaky,4,blip_train,mixed_leaky,0.9953055581991398,11.10913700248261,0.010000000000000004,4.638550792187774,0.062394331837391556,-0.06980680329664407,10.773211324045073,232.12220482192814,5,474.2444096438563,True,342,57.28700232505798
mem_long_leaky,4,double_blip,level,0.0,28.497070375570033,6.814195342637075,0.0,0.0,0.3760841554943415,8.71608966896536,240.479293257289,3,486.958586514578,True,100,21.945802211761475
mem_long_leaky,4,double_blip,transient,1.0,36.47015488712394,0.0,3.8722343292254786,0.0,0.2934307654105028,8.650663953619318,242.2658308695324,3,490.5316617390648,True,176,28.014742612838745
mem_long_leaky,4,double_blip,mixed,0.0013406244562716876,28.42235682681319,6.8099937914878055,0.02000075161831772,0.0,0.37731999219178985,8.719977392656642,240.45453482083616,4,488.9090696416723,True,25,4.3731369972229
mem_long_leaky,4,double_blip,mixed_leaky,0.14435880740546475,138.629436111989,4.953885923832846,1.8285525640743698,0.005000000000000002,0.3866835045731106,8.830564107143813,239.4202051765006,5,488.8404103530012,True,378,104.48484325408936
mem_long_leaky,3,blip_train,level,0.0,44.13665731815424,4.136387012163865,0.0,0.0,0.2396458902108687,9.196797449553358,206.37471073973455,3,418.7494214794691,True,144,23.05543088912964
mem_long_leaky,3,blip_train,transient,1.0,36.34097006454946,0.0,2.4768435694939046,0.0,0.2310694303740611,8.666582790567947,206.1361020558851,3,418.2722041117702,True,228,22.28919553756714
mem_long_leaky,3,blip_train,mixed,0.26567493118377894,36.356459789629056,1.9706937543175904,1.5598800678872042,0.0,0.2566834857808414,8.850441889339622,205.8927983097807,4,419.7855966195614,True,310,36.19331073760986
mem_long_leaky,3,blip_train,mixed_leaky,0.6150900048170159,3.9253467953286094,0.7009048701859181,2.450464442560304,0.1765824057596212,-1.752252915723847,15.0,204.63428483483872,5,419.26856966967745,True,576,118.30427050590515
mem_long_leaky,5,blip_combo,level,0.0,2477.4063572324153,0.1334808101237181,0.0,0.0,0.006396916567197576,10.03657819900199,201.55540911137697,3,409.11081822275395,True,104,10.467153787612915
mem_long_leaky,5,blip_combo,transient,1.0,0.2500037625601553,0.0,0.010000000000000004,0.0,30.0,15.0,229.23529510126707,3,464.47059020253414,True,8,1.77951979637146
mem_long_leaky,5,blip_combo,mixed,0.06409904906310472,1960.5358534072147,0.1334788891666622,0.020000650838636558,0.0,0.007834771487881783,10.039942177330271,201.5346146604826,4,411.0692293209652,True,25,2.85024094581604
mem_long_leaky,5,blip_combo,mixed_leaky,0.9780748272790287,119.59618615359878,0.010000000000000004,0.9759754753684222,0.00579572980420737,0.04498587217401385,10.09718850267916,201.00522781423103,5,412.01045562846207,True,510,75.61313796043396
mem_long_leaky,5,double_blip,level,0.0,534.4922872715645,2.4102774477119357,0.0,0.0,0.08969478074007782,11.504244434148498,190.7167496725593,3,387.4334993451186,True,140,13.662734031677246
mem_long_leaky,5,double_blip,transient,1.0,0.2500037625601553,0.0,0.010000000000000004,0.0,30.0,15.0,219.80121478006527,3,445.60242956013053,True,8,1.7494707107543945
mem_long_leaky,5,double_blip,mixed,0.0037793992524554664,504.919494914116,2.40965887672118,0.02000012302305071,0.0,0.0912106381994141,11.507066389948259,190.71138693024434,4,389.4227738604887,True,25,2.7670323848724365
mem_long_leaky,5,double_blip,mixed_leaky,0.11335148417784933,5.824834205155319,1.6361930551886548,0.45763592619643456,0.11899861114441154,-1.1733523177095702,15.0,190.2882637418391,5,390.5765274836782,True,594,99.09888625144958
mem_long_leaky,2,blip_combo,level,0.0,75.082139440518,5.100946448659121,0.0,0.0,0.22487309506712808,8.683222579334679,281.8869750890463,3,569.7739501780926,True,172,29.494408130645752
mem_long_leaky,2,blip_combo,transient,1.0,76.17725316523371,0.0,6.0673221475884676,0.0,0.34109277431998486,10.23105034684889,265.6682182330995,3,537.336436466199,True,192,33.69901514053345
mem_long_leaky,2,blip_combo,mixed,0.9964042045376849,76.16130111177617,0.010000000000000004,6.06248138156092,0.0,0.3412180576814786,10.231399782707259,265.6788260936362,4,539.3576521872724,True,275,27.979899168014526
mem_long_leaky,2,blip_combo,mixed_leaky,0.9964628693209415,4.470766559542835,0.010000000000000004,6.163393013996152,0.1550398955813126,-1.2622872015295692,14.408784752674743,264.02878081261997,5,538.0575616252399,True,450,135.03281950950623
mem_long_leaky,5,blip_train,level,0.0,88.3354348874193,4.401919842851201,0.0,0.0,0.20938931956475224,11.524790068897154,197.07977110465862,3,400.15954220931724,True,104,10.897319793701172
mem_long_leaky,5,blip_train,transient,1.0,0.2500037625601553,0.0,0.010000000000000004,0.0,30.0,15.0,229.3008811673838,3,464.6017623347676,True,8,1.7981655597686768
mem_long_leaky,5,blip_train,mixed,0.16161646698110602,90.86803125880867,2.8376427419423425,1.1967692794687141,0.0,0.21158465619013103,11.744142137366731,196.72156134841785,4,401.4431226968357,True,275,25.185306787490845
mem_long_leaky,5,blip_train,mixed_leaky,0.16568292861566514,6.68436190499743,2.5670289000000386,1.1152885331642153,0.10369683604978475,-0.8790492708730718,15.0,196.35962944155452,5,402.71925888310903,True,426,89.96003437042236
mem_long_leaky,5,roving_ramp,level,0.0,inf,1.4213163444962442,0.0,0.0,-0.016412819127680004,11.817106055008912,358.77807316610654,3,723.5561463322131,True,112,31.50020956993103
mem_long_leaky,5,roving_ramp,transient,1.0,inf,0.0,2.2818075593322225,0.0,-0.011891153235443139,10.133861848035593,365.0888716015186,3,736.1777432030372,True,148,14.193265199661255
mem_long_leaky,5,roving_ramp,mixed,0.344232333610192,inf,1.2451552101722125,1.4299965782780444,0.0,0.08004686416552427,11.421083169427158,357.0489182915662,4,722.0978365831324,True,230,37.33555483818054
mem_long_leaky,5,roving_ramp,mixed_leaky,0.3388265069775512,115.40389299953239,1.2467557027161005,1.3978261291347394,0.0060062720809839045,0.04209340854659742,11.448106630416488,357.04488166103147,5,724.0897633220629,True,210,55.15282416343689
mem_long_leaky,4,roving_ramp,level,0.0,31.797015814097296,2.7385954063606808,0.0,0.0,0.22596266275261156,8.666455306225519,354.5408916521971,3,715.0817833043942,True,136,20.46950364112854
mem_long_leaky,4,roving_ramp,transient,1.0,195.98667870318314,0.0,5.3201837181802185,0.0,0.26140862092481704,8.310658622419911,365.9287213070931,3,737.8574426141862,True,208,34.75365209579468
mem_long_leaky,4,roving_ramp,mixed,0.42656623542344285,24.107113048404965,2.511067710581625,4.086688022094558,0.0,0.461142065785781,9.372568925701891,343.06207359876583,4,694.1241471975317,True,205,39.65900421142578
mem_long_leaky,4,roving_ramp,mixed_leaky,0.42401227632265553,138.629436111989,2.517537708867296,4.054628179418957,0.005000000000000002,0.43471442038443886,9.397538769345283,343.0703538959648,5,696.1407077919296,True,552,107.80357599258423
mem_long_leaky,3,blip_combo,level,0.0,36.37426135166034,7.548525367163187,0.0,0.0,0.3832601297420803,9.897971339768844,210.34007770276153,3,426.68015540552307,True,132,23.561360836029053
mem_long_leaky,3,blip_combo,transient,1.0,38.670982931910416,0.0,3.9117158077774317,0.0,0.29363110976760415,9.050322917420585,214.23611773637603,3,434.47223547275206,True,184,34.256534814834595
mem_long_leaky,3,blip_combo,mixed,0.0012103278012640588,36.27594165491825,7.543949809196542,0.020000350331045823,0.0,0.3844271660313736,9.90124358824275,210.3275527028459,4,428.6551054056918,True,25,4.4412171840667725
mem_long_leaky,3,blip_combo,mixed_leaky,0.14293394933019038,4.683192586101314,4.917421478826492,1.7941897915780212,0.14800740473860796,-1.2567786880408534,15.0,208.61597325654586,5,427.2319465130917,True,768,152.40528464317322
mem_long_leaky,6,roving_ramp,level,0.0,112.72710148389424,2.7166166465485757,0.0,0.0,0.1342182444266545,10.202515558897616,359.9784031832795,3,725.956806366559,True,128,21.704883813858032
mem_long_leaky,6,roving_ramp,transient,1.0,inf,0.0,4.29071382782702,0.0,0.15310559387299066,8.786898527906217,371.0385072116949,3,748.0770144233898,True,108,25.57615613937378
mem_long_leaky,6,roving_ramp,mixed,0.3831870341942731,86.81359635188173,2.348596653259028,3.1920934375659233,0.0,0.2832440415634361,10.800983535009571,351.8847496023937,4,711.7694992047874,True,185,30.107901096343994
mem_long_leaky,6,roving_ramp,mixed_leaky,0.35530115426510245,17.471466452932116,2.41843135032141,2.915971910687703,0.03967309684205811,0.036532377225720426,10.923192646196918,351.64948278021683,5,713.2989655604337,True,390,80.69388723373413
mem_long_leaky,6,double_blip,level,0.0,53.919046637653196,7.2804088681826675,0.0,0.0,0.35683097820899345,12.76895868827257,173.81959425771035,3,353.6391885154207,True,220,20.081161975860596
mem_long_leaky,6,double_blip,transient,1.0,43.970475239617286,0.0,5.5563720552116225,0.0,0.38893788302948773,12.141782735338793,169.84365270280333,3,345.68730540560665,True,256,23.41771626472473
mem_long_leaky,6,double_blip,mixed,0.37807255864431877,29.0159314158677,3.161208802812445,4.204346158648987,0.0,0.4916327992886568,11.506650013735644,168.955106152998,4,345.910212305996,True,305,34.371164321899414
mem_long_leaky,6,double_blip,mixed_leaky,0.4620663878641323,10.857482171072343,2.3591795104084508,4.43349813747624,0.06384050829083575,-0.029690752889819018,12.793384577140577,168.23669692179905,5,346.4733938435981,True,402,63.831403970718384
mem_long_leaky,7,roving_ramp,level,0.0,51.412968474943284,1.6666005041419212,0.0,0.0,0.134514791503021,8.21950932098034,391.03832136447755,3,788.0766427289551,True,200,35.849138259887695
mem_long_leaky,7,roving_ramp,transient,1.0,57.60302315871389,0.0,6.437830185720392,0.0,0.36387651575712937,8.434028462672426,354.4069763066937,3,714.8139526133874,True,108,17.102969646453857
mem_long_leaky,7,roving_ramp,mixed,0.6353090097992731,32.63314983809011,2.2001881470552007,8.385513210874915,0.0,0.6569783956215887,13.465696487941441,331.37921535781646,4,670.7584307156329,True,230,36.16728377342224
mem_long_leaky,7,roving_ramp,mixed_leaky,0.6131180454496561,24.709277257548422,2.32946973354149,8.07667381560749,0.028052102590260756,0.4565472845345468,13.598563341458437,330.9308186731196,5,671.8616373462391,True,324,63.29936766624451
mem_long_leaky,6,blip_train,level,0.0,37.2337229270957,7.898960684255985,0.0,0.0,0.39639445090990616,10.25531757545161,247.59409765004438,3,501.18819530008875,True,108,19.34350323677063
mem_long_leaky,6,blip_train,transient,1.0,41.734545140509425,0.0,5.571634819250217,0.0,0.3760087995778246,10.38766581394667,244.42797875317933,3,494.85595750635866,True,172,26.611109495162964
mem_long_leaky,6,blip_train,mixed,0.322959137664915,34.58064013301122,3.663672819422025,3.8234835380937673,0.0,0.44463386372885566,10.514152456644203,242.76418941633926,4,493.5283788326785,True,265,27.5446994304657
mem_long_leaky,6,blip_train,mixed_leaky,0.5412870406487391,5.668140515633224,1.9176754595247831,4.950756617980981,0.12228828460553953,-0.8721184310416811,15.0,240.43958104453836,5,490.8791620890767,True,426,93.56375336647034
mem_long_leaky,6,blip_combo,level,0.0,26.6397209303439,6.37261441705555,0.0,0.0,0.3887910648832271,9.595499088986763,205.47417473971046,3,416.9483494794209,True,124,25.90412712097168
mem_long_leaky,6,blip_combo,transient,1.0,22.719859024677188,0.0,6.095964955445868,0.0,0.5064765510349872,10.507638312315114,197.47291263012715,3,400.9458252602543,True,184,18.64048671722412
mem_long_leaky,6,blip_combo,mixed,0.5228221266561741,21.57459844082736,2.263580784821603,5.4259964721270615,0.0,0.5758551677210884,11.078226354050798,196.9220810275845,4,401.844162055169,True,290,33.11417007446289
mem_long_leaky,6,blip_combo,mixed_leaky,0.5288198176438907,138.629436111989,2.179162949704871,5.35081898071951,0.005000000000000002,0.5382084741618732,10.978827374467246,197.06763155374534,5,404.1352631074907,True,510,91.33164978027344
mem_long_leaky,7,double_blip,level,0.0,23.643065473338936,6.167298364020339,0.0,0.0,0.3769349207346864,8.273429061076783,267.14549442161115,3,540.2909888432223,True,124,19.490737438201904
mem_long_leaky,7,double_blip,transient,1.0,14.810259346107339,0.0,5.5587256249845405,0.0,0.5152947185309725,7.829236887105645,250.7613856342725,3,507.522771268545,True,132,23.64062523841858
mem_long_leaky,7,double_blip,mixed,0.6732681199145167,13.557112620950821,1.119733326058334,5.04801909786443,0.0,0.5495632742329548,7.726887914703902,250.454588404202,4,508.909176808404,True,215,23.584978103637695
mem_long_leaky,7,double_blip,mixed_leaky,0.7120585748693689,9.961294724069631,0.9525651615353029,5.153664124509283,0.06958404502228842,0.19986208901930583,8.347191037302794,250.12325638749093,5,510.24651277498185,True,354,92.36575984954834
mem_long_leaky,8,double_blip,level,0.0,22.28012973835748,4.971801631488512,0.0,0.0,0.34003853698852715,7.89694959519232,264.97987986509605,3,535.9597597301921,True,116,21.43167018890381
mem_long_leaky,8,double_blip,transient,1.0,32.698746251779575,0.0,5.409355478069117,0.0,0.3954160788265651,9.887018533828885,253.2671792133271,3,512.5343584266542,True,132,27.06026029586792
mem_long_leaky,8,double_blip,mixed,0.5834304418970001,25.689990008609033,1.509104437135867,4.6241370650292275,0.0,0.44373002607557893,9.5324843333313,252.66517330957666,4,513.3303466191533,True,260,42.42387676239014
mem_long_leaky,8,double_blip,mixed_leaky,0.6541946079653955,9.014322879304181,1.162386529984509,4.811002853124243,0.07689398192639951,-0.05927144000001704,10.619286790820329,251.85032271036448,5,513.700645420729,True,228,64.40373945236206
mem_long_leaky,7,blip_combo,level,0.0,16.86518500269173,5.359143676724746,0.0,0.0,0.38109525898902946,6.934674558749959,322.68073487063737,3,651.3614697412747,False,208,27.412745714187622
mem_long_leaky,7,blip_combo,transient,1.0,13.12639436348012,0.0,6.114748629186926,0.0,0.5670980719687062,7.640005518137495,299.8194458143215,3,605.638891628643,True,148,28.039849281311035
mem_long_leaky,7,blip_combo,mixed,0.8215248837926278,12.37255351254577,0.5788380200803983,5.829213271532404,0.0,0.5882837405459133,7.575428602078941,299.6953843328433,4,607.3907686656866,True,255,27.256067752838135
mem_long_leaky,7,blip_combo,mixed_leaky,0.9138626110677266,9.000443774036244,0.2603418440361014,6.042866913087541,0.07701255604301208,0.1671522584691004,8.516387771010026,299.3938944601553,5,608.7877889203106,True,342,87.32126688957214
mem_long_leaky,7,blip_train,level,0.0,43.98131251522014,7.324067274759772,0.0,0.0,0.3497467091428954,9.666616949785372,334.32716006312273,3,674.6543201262455,True,204,32.01252198219299
mem_long_leaky,7,blip_train,transient,1.0,37.02548197062834,0.0,6.844098033468194,0.0,0.45299473161949744,10.662110716657049,313.57252152393454,3,633.1450430478691,True,128,23.84063696861267
mem_long_leaky,7,blip_train,mixed,0.6927722283350627,34.515555060116284,1.2581704072849955,6.206965209677604,0.0,0.47648300255820514,10.702243985185438,313.2132075047284,4,634.4264150094568,True,265,26.702377319335938
mem_long_leaky,7,blip_train,mixed_leaky,0.7105393014500659,45.88936512851668,1.1609177080242705,6.234617022879278,0.015104745481196646,0.3841809981919595,10.83812417379029,313.1623315061736,5,636.3246630123472,True,336,92.39703917503357
mem_long_leaky,9,double_blip,level,0.0,54.30515445915578,6.757582196940094,0.0,0.0,0.3032556911494131,8.901169220370516,319.57216578832936,3,645.1443315766587,True,148,22.478702783584595
mem_long_leaky,9,double_blip,transient,1.0,70.8858530791655,0.0,7.941999324279049,0.0,0.4369327981674985,11.107982222803605,292.40030503174523,3,590.8006100634905,True,140,20.118653535842896
mem_long_leaky,9,double_blip,mixed,0.9972506799610267,70.66919988198337,0.010000000000000004,7.935766668572645,0.0,0.437194896876381,11.10456386165049,292.40236107682125,4,592.8047221536425,True,450,45.28193020820618
mem_long_leaky,9,double_blip,mixed_leaky,0.9973783116939042,10.2917636942032,0.010000291635161621,8.323411668388212,0.06734969837583407,-0.15798028271673392,13.932814529272578,291.0671666454335,5,592.134333290867,True,378,65.2698438167572
mem_long_leaky,8,blip_combo,level,0.0,12.228294249027893,5.60860250750886,0.0,0.0,0.4570582037954476,6.686063530874546,307.2673047996562,3,620.5346095993124,True,96,16.813992023468018
mem_long_leaky,8,blip_combo,transient,1.0,12.96235715371478,0.0,5.688255829085754,0.0,0.562113155919515,7.91450844274018,290.42534039430933,3,586.8506807886187,True,128,24.470773935317993
mem_long_leaky,8,blip_combo,mixed,0.5794094033744268,11.432312326602913,1.654247103200996,4.985815572486936,0.0,0.621338888372851,7.820959549180304,289.50118688888676,4,587.0023737777735,True,275,28.003027200698853
mem_long_leaky,8,blip_combo,mixed_leaky,0.6596442345532598,6.780234081316437,1.2140500599720339,5.1478170076205485,0.10223056788997543,0.08850165794131955,8.470067131004756,289.2318785156378,5,588.4637570312756,True,558,103.79208779335022
mem_long_leaky,8,blip_train,level,0.0,14.895807948730038,9.269354660475784,0.0,0.0,0.6072886288241466,9.048646124504613,273.08651324187315,3,552.1730264837463,True,148,23.14625382423401
mem_long_leaky,8,blip_train,transient,1.0,13.958397923168588,0.0,6.586971914805334,0.0,0.6221898649126545,9.067034818697794,271.97119532061754,3,549.9423906412351,True,172,33.11001777648926
mem_long_leaky,8,blip_train,mixed,0.2480463158363803,11.41607436872515,6.057494157584028,4.371641497643897,0.0,0.821826581180826,9.72816254854039,263.0099462604151,4,534.0198925208302,True,295,47.1266074180603
mem_long_leaky,8,blip_train,mixed_leaky,0.25108421212996707,138.629436111989,5.976849068972274,4.383979906606819,0.005000000000000002,0.7920779856632426,9.720853601358744,263.0695889912424,5,536.1391779824849,True,366,98.10387516021729
mem_long_leaky,8,roving_ramp,level,0.0,2.29150705702953,2.3685643146529656,0.0,0.0,0.8284876831355839,3.4414805681540357,483.8451197043796,3,973.6902394087592,True,144,22.179627895355225
mem_long_leaky,8,roving_ramp,transient,1.0,41.28571365624088,0.0,4.518105396485012,0.0,0.28435889671356457,6.6359557015355675,460.25876722700195,3,926.5175344540039,True,192,27.322493314743042
mem_long_leaky,8,roving_ramp,mixed,0.5553468156006809,17.283103321753813,1.549959957134058,4.235192977939017,0.0,0.4649543501433615,7.707447135021828,442.92766283961197,4,893.8553256792239,True,305,47.86677384376526
mem_long_leaky,8,roving_ramp,mixed_leaky,0.43727086088128864,2.590617646009145,2.227558062833943,3.78695385102836,0.26756058796547644,-1.9151112355018765,12.217493108150975,435.6697402603472,5,881.3394805206945,True,438,122.09458017349243
mem_long_leaky,9,blip_combo,level,0.0,inf,6.9152503150429085,0.0,0.0,0.18930567799005316,11.644696746133084,327.0781668334269,3,660.1563336668538,True,140,22.791655778884888
mem_long_leaky,9,blip_combo,transient,1.0,inf,0.0,7.6275718510172785,0.0,0.2949630292881365,13.959829712344805,307.0787200881514,3,620.1574401763028,True,136,20.974675178527832
mem_long_leaky,9,blip_combo,mixed,0.9971382549831094,inf,0.010000000000000004,7.623146909132598,0.0,0.2951572299124265,13.960158401576699,307.08461770675655,4,622.1692354135131,True,335,31.080074310302734
mem_long_leaky,9,blip_combo,mixed_leaky,0.9969262513654236,9.724324586521957,0.010000000000000004,7.095851689347605,0.07127972481715146,-0.3936996362356608,15.0,305.1822587005291,5,620.3645174010582,True,378,54.69155216217041
mem_long_leaky,9,roving_ramp,level,0.0,0.9384175965198834,2.3870561533194623,0.0,0.0,1.344949780111538,2.377532227512541,317.0748081206197,3,640.1496162412394,True,120,25.94597053527832
mem_long_leaky,9,roving_ramp,transient,1.0,18.062649032952475,0.0,7.8370322253641005,0.0,0.5695978237714242,7.794231275117727,275.80818384291706,3,557.6163676858341,True,152,24.430130004882812
mem_long_leaky,9,roving_ramp,mixed,0.8131105135972166,12.383908436797238,0.7845695161189288,7.468028770213825,0.0,0.6709110855670561,7.629374445217822,273.4024604582328,4,554.8049209164656,True,320,47.30822038650513
mem_long_leaky,9,roving_ramp,mixed_leaky,0.7646443386755745,3.777425472097305,0.9796120174403448,6.963038213527446,0.18349724850430885,-0.6638267971349966,10.402399931017062,271.20499353924,5,552.40998707848,False,546,125.944655418396
mem_long_leaky,10,blip_combo,level,0.0,153.65022237579223,7.003545824794216,0.0,0.0,0.2665799781470752,11.439091601757502,289.6982472482842,3,585.3964944965684,True,164,25.006067037582397
mem_long_leaky,10,blip_combo,transient,1.0,74.40341835006119,0.0,7.659246360852668,0.0,0.4299090439229382,12.513724388640123,280.38977897543464,3,566.7795579508693,True,212,34.09609580039978
mem_long_leaky,10,blip_combo,mixed,0.4492811006083138,63.27210508162582,3.5423072724719917,6.322433156111673,0.0,0.507673687770068,13.440306445226945,278.3168662736898,4,564.6337325473796,True,260,25.20630145072937
mem_long_leaky,10,blip_combo,mixed_leaky,0.4563260144788176,138.629436111989,3.4220029127381735,6.283865726745517,0.005000000000000002,0.46359235434105733,13.405567250777848,278.32680502860416,5,566.6536100572083,True,396,54.20123553276062
mem_long_leaky,10,blip_train,level,0.0,29.42425561501067,7.492685306517396,0.0,0.0,0.39999747883903525,9.099355611710257,247.79824222734703,3,501.59648445469406,True,168,26.497917890548706
mem_long_leaky,10,blip_train,transient,1.0,41.0586477594312,0.0,7.655328171408321,0.0,0.4861576106612528,11.539058278822354,228.40222426032904,3,462.80444852065807,True,136,24.69534659385681
mem_long_leaky,10,blip_train,mixed,0.9971484532548881,41.04722020248865,0.010000000000000004,7.650488576617926,0.0,0.48631538052446166,11.539852322859621,228.40666860728874,4,464.8133372145775,True,345,36.516024589538574
mem_long_leaky,10,blip_train,mixed_leaky,0.9971188957097756,8.950442760584613,0.010000000000000004,7.571776977979988,0.07744278122333595,-0.1572527038848032,13.210080145133748,227.4922339100805,5,464.984467820161,True,444,63.30109429359436
mem_long_leaky,10,roving_ramp,level,0.0,0.9433077110881308,2.5693507683032792,0.0,0.0,1.3489625717948035,2.3862293406579442,382.2088146852903,3,770.4176293705806,True,156,23.239060640335083
mem_long_leaky,10,roving_ramp,transient,1.0,321.37032502596577,0.0,7.871148945758988,0.0,0.3714258019032845,10.31154847545982,343.5699871245466,3,693.1399742490933,True,104,16.49112057685852
mem_long_leaky,10,roving_ramp,mixed,0.768956341905512,49.552770712428924,0.9701187313636902,7.0638646240543785,0.0,0.45550301235646945,10.386191930305968,338.4753001839005,4,684.950600367801,True,210,41.608943939208984
mem_long_leaky,10,roving_ramp,mixed_leaky,0.6905742362743356,7.332706827967338,1.317345758396186,6.43225901180639,0.09452814585689484,-0.23726028379464523,11.849650700959115,335.560266700238,5,681.120533400476,True,420,77.5370500087738
mem_long_leaky,9,blip_train,level,0.0,inf,6.749914776134986,0.0,0.0,0.21186554315243036,9.400902471494211,396.74358678492877,3,799.4871735698575,True,124,22.389424800872803
mem_long_leaky,9,blip_train,transient,1.0,288.83897137860464,0.0,6.499866272797068,0.0,0.3114327934133309,10.377150053533306,385.03987544399797,3,776.0797508879959,True,172,26.787855863571167
mem_long_leaky,9,blip_train,mixed,0.680270835063899,218.5886071601958,1.2643925289739433,5.885608443831438,0.0,0.33092267563776434,10.396189580439602,384.78981750818133,4,777.5796350163627,True,295,36.65892839431763
mem_long_leaky,9,blip_train,mixed_leaky,0.9963763878810508,5.780990599574502,0.010128674107406808,6.093182244185137,0.11990110840362947,-0.7228560143567077,12.488623576355005,383.1161621855757,5,776.2323243711514,True,516,157.56423354148865
mem_long_leaky,10,double_blip,level,0.0,61.05569190286284,7.601072558529028,0.0,0.0,0.33099005246611507,10.021245754702004,296.9564401766026,3,599.9128803532052,True,120,21.401649236679077
mem_long_leaky,10,double_blip,transient,1.0,43.806566118496676,0.0,8.091911019366123,0.0,0.4947825799512,11.339982776348858,274.9630319807482,3,555.9260639614964,True,160,26.552236080169678
mem_long_leaky,10,double_blip,mixed,0.9973017901405232,43.7658349951079,0.010000000000000004,8.086502406079969,0.0,0.4949774362371836,11.339204873807336,274.96770031167983,4,557.9354006233597,True,300,33.71585464477539
mem_long_leaky,10,double_blip,mixed_leaky,0.9971999041860393,29.04369668337693,0.010000000000000004,7.7914660418562125,0.023865666554652665,0.3366481976722352,11.220118477977065,274.9164692449716,5,559.8329384899432,True,330,96.48562359809875
mem_long_leaky,12,double_blip,level,0.0,0.836986501428251,9.624068887437364,0.0,0.0,1.7650966476191254,2.4271318937235185,171.0292495976184,3,348.0584991952368,True,124,13.277969360351562
mem_long_leaky,12,double_blip,transient,1.0,1.136571231394385,0.0,5.074114218654683,0.0,1.3935596033894393,2.6469905906934916,176.61936904222426,3,359.2387380844485,True,128,14.10256314277649
mem_long_leaky,12,double_blip,mixed,0.035796227575077375,0.8480245285910897,8.958056655689779,0.7275989863960912,0.0,1.7637142842256914,2.438071139338782,170.97995448331415,4,349.9599089666283,True,310,35.01432228088379
mem_long_leaky,12,double_blip,mixed_leaky,0.039062119443470586,2.4891698779036497,8.814805292342824,0.7839404249935494,0.27846519705746475,1.3622535315646722,2.4773113793396484,170.96927065300903,5,351.93854130601807,True,180,49.4402072429657
mem_long_leaky,11,double_blip,level,0.0,30.374433920724417,8.392447704920546,0.0,0.0,0.4256718630623086,9.162867529039868,381.5533478521192,3,769.1066957042384,True,136,21.73081350326538
mem_long_leaky,11,double_blip,transient,1.0,20.442407216443925,0.0,6.6127340979991915,0.0,0.5098923734663785,8.640071268603004,362.87966805553253,3,731.7593361110651,True,100,19.211275815963745
mem_long_leaky,11,double_blip,mixed,0.44263158961104415,19.033897534192743,3.097915758282503,5.382443809675074,0.0,0.5844279568852239,9.134684905397917,359.17010462761243,4,726.3402092552249,True,305,51.63735890388489
mem_long_leaky,11,double_blip,mixed_leaky,0.5933794289828412,6.389294403479191,1.8894521063615577,6.032382546920192,0.10848571638560006,-0.129151512653397,10.332017392153773,357.1150662644526,5,724.2301325289052,True,420,85.39206123352051
mem_long_leaky,12,blip_combo,level,0.0,43.51127721375336,4.9434167098004265,0.0,0.0,0.2714614812823107,9.535241242038893,170.1953755919792,3,346.3907511839584,True,180,17.805315494537354
mem_long_leaky,12,blip_combo,transient,1.0,46.06608373011422,0.0,3.03746139019279,0.0,0.23635155789465057,9.140436710731713,171.2398075367122,3,348.4796150734244,True,208,21.426303386688232
mem_long_leaky,12,blip_combo,mixed,0.0018462779200782231,43.49658162570639,4.9422294693433235,0.02000011061979452,0.0,0.2723990112275886,9.538406473789566,170.1887802192976,4,348.3775604385952,True,105,26.37587833404541
mem_long_leaky,12,blip_combo,mixed_leaky,0.0019511726874732586,138.629436111989,4.877331126025161,0.020861042459173494,0.005000000000000002,0.24539615854977406,9.529977451522443,170.2206902607845,5,350.441380521569,True,294,48.75458765029907
mem_long_leaky,11,blip_combo,level,0.0,25.13076821382088,7.691347862088713,0.0,0.0,0.4274838745447335,8.826120611542331,333.6316071876583,3,673.2632143753166,True,124,21.767743349075317
mem_long_leaky,11,blip_combo,transient,1.0,69.74213995533961,0.0,6.978029870085911,0.0,0.4003061693178919,11.890731512362592,318.84321012053977,3,643.6864202410795,True,140,23.732560396194458
mem_long_leaky,11,blip_combo,mixed,0.4119610569826488,29.222730331392356,3.3006667732109007,5.058964165887808,0.0,0.514962442824296,10.430069170641756,316.3834041925431,4,640.7668083850862,True,245,27.234699487686157
mem_long_leaky,11,blip_combo,mixed_leaky,0.6438068441984137,4.926596608431298,1.494303773601056,5.909064881838112,0.14069493316617487,-0.7690073401726788,13.1585367910421,312.5345641154888,5,635.0691282309776,True,420,102.45107364654541
mem_long_leaky,11,blip_train,level,0.0,34.6690080993961,10.199785671450597,0.0,0.0,0.4939013122756858,11.085330264156402,285.3634192224457,3,576.7268384448914,True,136,23.988690853118896
mem_long_leaky,11,blip_train,transient,1.0,6.645980462773841,0.0,6.6577164812843,0.0,0.764605714394298,6.167596586330972,280.2991786624001,3,566.5983573248002,True,116,25.300914764404297
mem_long_leaky,11,blip_train,mixed,0.33987271848434275,8.412727783542131,4.279131402596346,4.820078298430597,0.0,0.792380989405291,7.312665615650281,273.3493190611588,4,554.6986381223176,True,195,42.3956093788147
mem_long_leaky,11,blip_train,mixed_leaky,0.5717152814857838,3.684680552501835,2.3770492572540873,6.942170082635337,0.18811594945165877,-1.1934078420694074,13.996568560371825,269.544835741615,5,549.08967148323,True,582,96.51632881164551
mem_long_leaky,11,roving_ramp,level,0.0,0.4147985112255173,2.7735684006457495,0.0,0.0,2.1745592775990636,1.7286554664068565,315.73203082003533,3,637.4640616400707,True,148,26.83128046989441
mem_long_leaky,11,roving_ramp,transient,1.0,5.964022180280212,0.0,6.527032991407292,0.0,0.7664160001180815,5.6266992825816295,250.3121604146937,3,506.6243208293874,True,144,20.18683934211731
mem_long_leaky,11,roving_ramp,mixed,0.9649028543355298,5.945400470663172,0.10737406605221482,6.4583419917862575,0.0,0.7712931300661342,5.662189863249675,250.2753854444781,4,508.5507708889562,True,315,32.62530970573425
mem_long_leaky,11,roving_ramp,mixed_leaky,0.8944603566284035,2.861526451030216,0.399229774750947,7.402497080480718,0.24222987011369274,-1.1627021546136957,10.964057643353312,243.6329586741038,5,497.2659173482076,True,618,141.44649291038513
mem_long_leaky,12,blip_train,level,0.0,14.319886360682977,5.323628920110114,0.0,0.0,0.4190304069117699,7.007855082326532,162.80004928736176,3,331.6000985747235,True,152,15.49929690361023
mem_long_leaky,12,blip_train,transient,1.0,0.6024102817333865,0.0,4.232867497271479,0.0,1.8600619855443101,2.0107826755446396,165.23229262021167,3,336.46458524042333,True,84,9.622589826583862
mem_long_leaky,12,blip_train,mixed,0.001714683457834199,14.323301936974804,5.32215922794706,0.019999861346438306,0.0,0.4199273870871768,7.010733068577854,162.8023247682882,4,333.6046495365764,True,25,4.963855504989624
mem_long_leaky,12,blip_train,mixed_leaky,0.0015291906919053819,3.064443304068978,5.91088710399726,0.01980563559461076,0.22619024461623494,-2.2517387906027344,15.0,161.7024497952733,5,333.4048995905466,True,540,146.2792944908142
mem_long_leaky,12,roving_ramp,level,0.0,33.66131542700068,5.722207146472341,0.0,0.0,0.3179649112299043,8.790402760464673,334.96868582712193,3,675.9373716542439,True,108,17.918459177017212
mem_long_leaky,12,roving_ramp,transient,1.0,59.19639734909019,0.0,4.22319713734571,0.0,0.24463634755003508,6.388335258076934,366.0131197456324,3,738.0262394912648,True,108,18.575259923934937
mem_long_leaky,12,roving_ramp,mixed,0.163551344801852,27.723607333830717,5.564900560105841,2.3805761972963513,0.0,0.44617219265491886,8.674550832464885,333.3800465350428,4,674.7600930700856,True,270,45.38804340362549
mem_long_leaky,12,roving_ramp,mixed_leaky,0.10390283901062622,3.279820171596517,6.121780513323946,1.5529587278715948,0.2113369466297728,-1.6581634593036632,13.336479230406542,331.19742895756326,5,672.3948579151265,True,612,157.32785534858704
mem_long_leaky,13,blip_train,level,0.0,inf,5.464174839441746,0.0,0.0,0.1600354239190454,12.176756551869092,245.53259921646003,3,497.06519843292006,True,156,28.104490995407104
mem_long_leaky,13,blip_train,transient,1.0,inf,0.0,3.22432780271807,0.0,0.11012496939268482,12.185769824184863,246.68415995122442,3,499.36831990244883,True,288,41.45235085487366
mem_long_leaky,13,blip_train,mixed,0.0016707853002317413,inf,5.46230023629871,0.020000105164065106,0.0,0.1612297887269169,12.178475258931002,245.52228031807167,4,499.04456063614333,True,80,15.121185779571533
mem_long_leaky,13,blip_train,mixed_leaky,0.00984644814854146,138.629436111989,5.570377928315421,0.12119133131163805,0.005000000000000002,0.1266548880750113,12.654739964515684,245.57131072235558,5,501.14262144471115,True,294,47.52632260322571
mem_long_leaky,14,blip_combo,level,0.0,1270.0795873306402,7.069290459432524,0.0,0.0,0.23741370207268606,15.0,180.5217701486677,3,367.0435402973354,True,116,11.713778972625732
mem_long_leaky,14,blip_combo,transient,1.0,207.35009071904162,0.0,6.518964213379212,0.0,0.3305022202765359,15.0,176.56027846218953,3,359.12055692437906,True,208,20.634318351745605
mem_long_leaky,14,blip_combo,mixed,0.9933298707343573,205.5856266776168,0.01999997898570433,6.516263395293146,0.0,0.3313456868468567,15.0,176.56044413527601,4,361.12088827055203,True,70,23.27974271774292
mem_long_leaky,14,blip_combo,mixed_leaky,0.9932252674888503,138.629436111989,0.019999700951882603,6.414886182033901,0.005000000000000002,0.2861466666474969,15.0,176.6261418185238,5,363.2522836370476,True,228,37.71772742271423
mem_long_leaky,14,roving_ramp,level,0.0,inf,2.6527214534527013,0.0,0.0,-0.04095502328517849,15.0,313.8294389387971,3,633.6588778775943,True,180,26.09890341758728
mem_long_leaky,14,roving_ramp,transient,1.0,inf,0.0,5.0565707385033996,0.0,0.03383576204508949,13.78523147902539,320.6217539453703,3,647.2435078907406,True,164,23.012264728546143
mem_long_leaky,14,roving_ramp,mixed,0.4337278794142207,inf,2.380911264109774,3.989745692730148,0.0,0.1840575259530632,15.0,305.8725746729096,4,619.7451493458192,True,240,36.95955419540405
mem_long_leaky,14,roving_ramp,mixed_leaky,0.42449301789798083,62.064613193663,2.401386111380658,3.875179244334188,0.011168154361924193,0.09379432381860983,15.0,305.8086778463034,5,621.6173556926068,True,420,49.160348653793335
mem_long_leaky,13,roving_ramp,level,0.0,860.8107839065165,2.831165257181264,0.0,0.0,0.09912296730357298,11.029725659935941,359.4107167669724,3,724.8214335339449,True,120,20.986258029937744
mem_long_leaky,13,roving_ramp,transient,1.0,inf,0.0,3.3327673551543917,0.0,0.04565607295426552,9.362617787660184,378.75247648399073,3,763.5049529679815,True,160,29.642481327056885
mem_long_leaky,13,roving_ramp,mixed,0.23164176826643354,204.51077583669144,2.646486148526249,1.745551211501082,0.0,0.19227531106464724,10.959808192031986,358.0535875306777,4,724.1071750613554,True,265,24.632050037384033
mem_long_leaky,13,roving_ramp,mixed_leaky,0.13680027677964882,4.866772159913569,2.854080019360899,0.9895817451535641,0.14242441556422794,-1.377419590478836,15.0,357.8598746506024,5,725.7197493012048,True,684,132.73976945877075
mem_long_leaky,14,double_blip,level,0.0,inf,2.1422117782929213,0.0,0.0,-0.06788866678177341,15.0,228.36567800682656,3,462.7313560136531,True,256,33.51853561401367
mem_long_leaky,14,double_blip,transient,1.0,inf,0.0,5.337352245165507,0.0,0.17055835436714764,15.0,221.1692342869138,3,448.3384685738276,True,152,26.795304775238037
mem_long_leaky,14,double_blip,mixed,0.9959124490595088,inf,0.010000000000000004,5.330498549826865,0.0,0.17067332574925553,15.0,221.17513040133375,4,450.3502608026675,True,225,24.876673936843872
mem_long_leaky,14,double_blip,mixed_leaky,0.9956227873485602,16.97794920747854,0.010000000000000004,4.976305435386523,0.04082631960370243,-0.19353469427228645,15.0,220.61941794999655,5,451.2388358999931,True,384,52.990675926208496
mem_long_leaky,13,double_blip,level,0.0,77.17672554013775,4.395755245147085,0.0,0.0,0.20866060905037997,9.987637550885553,202.2752380971763,3,410.5504761943526,True,180,31.390259742736816
mem_long_leaky,13,double_blip,transient,1.0,751.0981678082882,0.0,2.0496401154356136,0.0,0.09950968438286524,10.46782439748922,205.285763235618,3,416.571526471236,True,308,45.31654071807861
mem_long_leaky,13,double_blip,mixed,0.0020759771040105624,76.93481276382285,4.394345526475997,0.019999960167942945,0.0,0.20974135460746157,9.990784356722257,202.27536483325522,4,412.55072966651045,True,25,4.468838214874268
mem_long_leaky,13,double_blip,mixed_leaky,0.0017445423370618177,5.336094412890925,5.276247398026817,0.02017320108936308,0.1298978479251495,-1.1612959874975761,15.0,199.25114591355208,5,408.50229182710416,True,486,92.7754340171814
mem_long_leaky,14,blip_train,level,0.0,168.88938618328473,10.394497559445902,0.0,0.0,0.3848118227797746,15.0,234.9809551039582,3,475.9619102079164,True,176,28.730284690856934
mem_long_leaky,14,blip_train,transient,1.0,359.47025474369616,0.0,6.1035679949735995,0.0,0.29644038849075316,15.0,237.29777112752768,3,480.59554225505536,True,152,40.428869009017944
mem_long_leaky,14,blip_train,mixed,0.0008795053589559846,167.1149172843262,10.385448774304244,0.020001185456751905,0.0,0.3858900761222788,15.0,234.96189928263294,4,477.9237985652659,True,30,9.447455644607544
mem_long_leaky,14,blip_train,mixed_leaky,0.1356754313978459,138.629436111989,7.164024176093474,2.460317990205369,0.005000000000000002,0.36016985963952663,15.0,233.9654887859278,5,477.9309775718556,True,480,81.06859064102173
mem_long_leaky,15,double_blip,level,0.0,93.17763645785263,3.8279041877216025,0.0,0.0,0.17256509364873912,8.797278321814415,366.5416648938012,3,739.0833297876025,True,156,25.40462875366211
mem_long_leaky,15,double_blip,transient,1.0,35.56617964180342,0.0,4.58214163361768,0.0,0.3460991975496537,9.902713360752278,340.3837984180017,3,686.7675968360033,True,148,14.593656063079834
mem_long_leaky,15,double_blip,mixed,0.9952441164947746,35.52812019984811,0.010000000000000004,4.578342274748828,0.0,0.34641172456881486,9.903242672550068,340.3889817919897,4,688.7779635839794,True,305,31.192713737487793
mem_long_leaky,15,double_blip,mixed_leaky,0.9952318174646994,138.629436111989,0.010000000000000004,4.566476485535886,0.005000000000000002,0.3190535321193975,9.92485820869913,340.42913075949815,5,690.8582615189963,True,240,74.6554958820343
mem_long_leaky,15,roving_ramp,level,0.0,0.8522792667205655,1.9963423537396798,0.0,0.0,1.4124013826024573,2.2960815825682293,377.2920160795341,3,760.5840321590682,True,80,8.913618326187134
mem_long_leaky,15,roving_ramp,transient,1.0,37.4514824442542,0.0,4.43323380809961,0.0,0.30477223609026943,7.835714652250114,343.85330889173724,3,693.7066177834745,True,92,9.13437557220459
mem_long_leaky,15,roving_ramp,mixed,0.8019630320235475,21.897623966833667,0.46351744290108227,4.106615188146454,0.0,0.37623887295807645,7.692439481658235,341.96581157902176,4,691.9316231580435,True,335,45.278788805007935
mem_long_leaky,15,roving_ramp,mixed_leaky,0.7860819799334902,23.668884968732268,0.5006799094630797,4.025227970137685,0.02928516410788366,0.2541935669456401,7.772080462362854,341.9233206998344,5,693.8466413996688,True,372,98.52021288871765
mem_long_leaky,13,blip_combo,level,0.0,201.0697862210592,4.659640902439499,0.0,0.0,0.17891703574719456,10.584655542516122,232.64802824161737,3,471.29605648323474,True,112,22.13637924194336
mem_long_leaky,13,blip_combo,transient,1.0,199.67734303305863,0.0,2.15776485613523,0.0,0.12150132645113024,9.615722764041188,234.43981867961313,3,474.87963735922625,True,232,36.23567771911621
mem_long_leaky,13,blip_combo,mixed,0.001958660969508235,198.33799867171004,4.658101308633115,0.01999997786967135,0.0,0.1801390452773479,10.587393235857146,232.6471246258286,4,473.2942492516572,True,50,11.73212718963623
mem_long_leaky,13,blip_combo,mixed_leaky,0.18088010460152842,4.300004033127131,2.8114615276150965,1.3582675253303946,0.16119686754243848,-1.5959948971809326,15.0,231.70753598662432,5,473.41507197324864,True,1002,152.3071994781494
mem_long_leaky,15,blip_combo,level,0.0,99.91649570569761,4.349413297152547,0.0,0.0,0.18792222075188234,9.08950750026895,395.4939739425436,3,796.9879478850872,True,128,22.836992502212524
mem_long_leaky,15,blip_combo,transient,1.0,43.44717504130155,0.0,4.298304713898786,0.0,0.30716740425558786,9.82764362888074,372.7282609853775,3,751.456521970755,True,224,21.2293701171875
mem_long_leaky,15,blip_combo,mixed,0.7235883790808406,41.007482975286365,0.7048374964549702,4.036771174803145,0.0,0.32718938118632823,9.993247272684986,372.4790280561102,4,752.9580561122204,True,220,22.73628830909729
mem_long_leaky,15,blip_combo,mixed_leaky,0.743475804299803,138.629436111989,0.637416873413555,4.041772893545295,0.005000000000000002,0.29805587765014935,9.975355449647914,372.5829603602083,5,755.1659207204166,True,270,90.9143373966217
mem_long_leaky,15,blip_train,level,0.0,37.378556578052795,4.95386707726149,0.0,0.0,0.27999104414996107,8.803352570322463,292.69393781659284,3,591.3878756331857,True,168,24.563957929611206
mem_long_leaky,15,blip_train,transient,1.0,16.427477091963357,0.0,3.8936462086072194,0.0,0.40275295041465703,7.456584930560853,280.44399968542524,3,566.8879993708505,True,148,23.846597909927368
mem_long_leaky,15,blip_train,mixed,0.9944042674419321,16.444889059230775,0.010000000000000004,3.887907073494341,0.0,0.40266283941966985,7.459276221156036,280.44677497994735,4,568.8935499598947,True,350,35.74094080924988
mem_long_leaky,15,blip_train,mixed_leaky,0.9945544651227481,9.686517967411001,0.010000000000000004,3.9957460058721486,0.07155793060952827,-0.06113517763057602,9.429948585177812,280.2539200445394,5,570.5078400890789,True,240,95.40549945831299
mem_long_leaky,16,blip_train,level,0.0,31.16978931492401,9.083189267419668,0.0,0.0,0.4675742513777077,10.604807272157764,173.10493891923923,3,352.20987783847846,True,116,11.726722717285156
mem_long_leaky,16,blip_train,transient,1.0,33.35115394818637,0.0,6.367283187219296,0.0,0.45148718467084337,10.93945058365044,170.69481745576317,3,347.38963491152634,True,156,15.787424325942993
mem_long_leaky,16,blip_train,mixed,0.29802086538462697,29.553023798073994,4.670677209472188,4.338225957697032,0.0,0.5384800118088506,11.209539855873457,169.04065190552188,4,346.08130381104377,True,245,31.66630458831787
mem_long_leaky,16,blip_train,mixed_leaky,0.4179134124533986,9.361820320772813,3.357081866301515,5.273154496046495,0.07403978679466115,-0.17621230703466884,14.418364850086943,168.89892648653168,5,347.79785297306336,True,342,55.02436065673828
mem_long_leaky,17,blip_train,level,0.0,5.011846524277566,5.920070618284945,0.0,0.0,0.7347228189631427,5.421309059042042,135.63672570563463,3,277.27345141126926,True,116,11.965474605560303
mem_long_leaky,17,blip_train,transient,1.0,0.40231285863715976,0.0,3.9875178746226796,0.0,4.63799561508727,3.5869884693792846,154.16625245822942,3,314.33250491645884,True,16,2.6090610027313232
mem_long_leaky,17,blip_train,mixed,0.4018661219843703,2.17751806515116,2.5973893134276214,3.817946956745465,0.0,1.1732883997375358,3.9885483650905957,133.583539289815,4,275.16707857963,True,325,31.975436687469482
mem_long_leaky,17,blip_train,mixed_leaky,0.4019877710135304,138.629436111989,2.595149936659048,3.816586215011679,0.005000000000000002,1.161716200063134,3.9915620581518327,133.5857178387161,5,277.1714356774322,True,312,75.45904064178467
mem_long_leaky,16,blip_combo,level,0.0,124.30235019424164,7.012135602460021,0.0,0.0,0.27860150121549593,12.172848590212942,235.03490929810386,3,476.0698185962077,True,140,22.3832368850708
mem_long_leaky,16,blip_combo,transient,1.0,173.0466906381355,0.0,5.627449221165154,0.0,0.2916562465972489,13.00503884375031,231.6223290037951,3,469.2446580075902,True,176,28.984837293624878
mem_long_leaky,16,blip_combo,mixed,0.3369519943829909,96.3194249848065,3.809975321268049,4.235991375186258,0.0,0.3851392361545863,13.313872409063947,230.13074957134415,4,468.2614991426883,True,330,35.95261549949646
mem_long_leaky,16,blip_combo,mixed_leaky,0.3385321659869229,138.629436111989,3.7724126195284056,4.223964360980673,0.005000000000000002,0.3471992329476038,13.356510001958753,230.12965924796922,5,470.25931849593843,True,426,57.210553884506226
mem_long_leaky,16,double_blip,level,0.0,73.65892359835541,8.329932567842535,0.0,0.0,0.3576165965166335,12.496076642417695,193.9492992604797,3,393.8985985209594,True,172,28.703327178955078
mem_long_leaky,16,double_blip,transient,1.0,65.04729573632538,0.0,6.756878002200776,0.0,0.3989673850472037,12.215109004253833,190.12503375054533,3,386.25006750109065,True,164,24.474242210388184
mem_long_leaky,16,double_blip,mixed,0.36208037069304627,43.56076851023845,4.136276933698275,5.136395653792216,0.0,0.5095710604710079,12.389185390751445,188.9197447143899,4,385.8394894287798,True,245,38.52288031578064
mem_long_leaky,16,double_blip,mixed_leaky,0.42774518148140167,8.834468505882455,2.9011149331245325,4.744281487623541,0.07845940931233286,-0.3647487440336562,15.0,188.20617193302309,5,386.41234386604617,True,426,69.69807648658752
mem_long_leaky,16,roving_ramp,level,0.0,42.153533335290795,4.063673942725021,0.0,0.0,0.2572959542866511,10.472352747122539,414.1235727243435,3,834.247145448687,True,124,23.61964464187622
mem_long_leaky,16,roving_ramp,transient,1.0,105.63638644131794,0.0,4.8051987480793334,0.0,0.24934017887474477,6.842121974812206,447.8952414039815,3,901.790482807963,True,116,18.470633268356323
mem_long_leaky,16,roving_ramp,mixed,0.36293157089513955,22.202196417987835,4.351121952893524,5.423126903760521,0.0,0.6437981204298714,11.38755335873271,395.61681377187017,4,799.2336275437403,True,310,44.01504635810852
mem_long_leaky,16,roving_ramp,mixed_leaky,0.25853085799860337,5.6851280759090015,4.936438144289038,3.7656751451466786,0.12192287865900316,-0.60085638212775,14.458567253657707,392.4879269133262,5,794.9758538266524,True,486,113.78359580039978
mem_long_leaky,17,roving_ramp,level,0.0,52.58837842076673,2.8731720368985876,0.0,0.0,0.18138282902817016,9.180962670363172,367.0357601533723,3,740.0715203067446,True,136,21.288860082626343
mem_long_leaky,17,roving_ramp,transient,1.0,813.4475152357523,0.0,3.801255306271492,0.0,0.17613061715558204,7.3271758612195805,386.87047508545845,3,779.7409501709169,False,232,33.852503299713135
mem_long_leaky,17,roving_ramp,mixed,0.3441611284109854,32.21075967921861,2.728283992472555,3.1323052944563226,0.0,0.3758790004162409,9.348085132730267,358.2045692229378,4,724.4091384458756,True,180,29.173752307891846
mem_long_leaky,17,roving_ramp,mixed_leaky,0.28167850609877554,7.357627294753639,2.9971052302683496,2.5712640925277483,0.094207976673974,-0.26025965695432035,10.63292261628611,357.479662047226,5,724.959324094452,True,426,80.29806089401245
mem_long_leaky,18,roving_ramp,level,0.0,1.3226936452294604,2.3556289650505358,0.0,0.0,1.0802243409482855,2.653537883558262,407.1829777204451,3,820.3659554408902,True,84,16.04740285873413
mem_long_leaky,18,roving_ramp,transient,1.0,37.73544448325199,0.0,7.3084296216064235,0.0,0.42926020964832023,7.4930745898281685,366.92766290172705,3,739.8553258034541,True,124,18.404410362243652
mem_long_leaky,18,roving_ramp,mixed,0.8061343634419356,20.700140982030256,0.7531448883969468,6.851646974388972,0.0,0.5133049293097738,7.422591280863376,364.25566410957174,4,736.5113282191435,True,190,35.47864627838135
mem_long_leaky,18,roving_ramp,mixed_leaky,0.8045975789118808,138.629436111989,0.7582023933783106,6.830362897765079,0.005000000000000002,0.49424220987814516,7.416079048787799,364.3052018845284,5,738.6104037690568,True,390,76.48978877067566
mem_long_leaky,17,blip_combo,level,0.0,19.037530277927083,7.229115749014589,0.0,0.0,0.46495964629403,8.68937798720743,205.40575371303248,3,416.81150742606496,True,116,21.535252332687378
mem_long_leaky,17,blip_combo,transient,1.0,14.628009900933936,0.0,5.159549950649701,0.0,0.5126661820555659,8.183268099211709,202.02207074236213,3,410.04414148472426,True,188,46.544421434402466
mem_long_leaky,17,blip_combo,mixed,0.42344149714426166,14.878863771014103,2.483020417018132,3.989699370503404,0.0,0.5447769761395357,8.431159369388132,201.50232297458112,4,411.00464594916224,True,270,42.93090319633484
mem_long_leaky,17,blip_combo,mixed_leaky,0.5783797238171108,6.571228806524637,1.4428896197085412,4.3304649377685775,0.10548212533274032,-0.22109906390795372,10.505948399731048,201.43134606618477,5,412.86269213236955,True,216,62.97144603729248
mem_long_leaky,17,double_blip,level,0.0,0.1790967678296836,11.957398720943795,0.0,0.0,4.194299513209298,1.3621071455978426,91.2557798439357,3,188.5115596878714,True,196,21.523589611053467
mem_long_leaky,17,double_blip,transient,1.0,0.2500037625601553,0.0,0.010000000000000004,0.0,30.0,15.0,97.73194451171739,3,201.46388902343477,True,8,1.7781271934509277
mem_long_leaky,17,double_blip,mixed,0.0007652312556398532,0.17909963938610085,11.93922526848559,0.02000373793036581,0.0,4.194644151650021,1.3621421029380296,91.25424054101282,4,190.50848108202564,True,45,5.4407525062561035
mem_long_leaky,17,double_blip,mixed_leaky,0.22219984705853854,0.13862943611198908,6.586472686865061,4.116598136294918,4.999999999999999,-4.040301773284284,2.177389191219609,90.91255885744303,5,191.82511771488606,True,1224,167.1411600112915
mem_long_leaky,18,blip_train,level,0.0,16.12284749155769,8.397584563455549,0.0,0.0,0.49030674225057247,6.942451726152116,367.1335830635166,3,740.2671661270332,True,152,23.951250076293945
mem_long_leaky,18,blip_train,transient,1.0,19.12482295771085,0.0,8.814633199075262,0.0,0.6174677256654056,8.395287161133696,343.64669235904273,3,693.2933847180855,True,112,20.260760068893433
mem_long_leaky,18,blip_train,mixed,0.7069075946898006,17.910339864357525,1.508507259775737,7.960041528593168,0.0,0.6415508878057006,8.337383088055393,343.1916679090113,4,694.3833358180226,True,265,28.21747922897339
mem_long_leaky,18,blip_train,mixed_leaky,0.7350651957258446,22.425597526026387,1.3118688889841768,7.963190849418855,0.030908749689077503,0.49055317082597477,8.417945473609564,343.13267732611047,5,696.2653546522209,True,384,69.91194486618042
mem_long_leaky,19,roving_ramp,level,0.0,inf,3.8847489483015685,0.0,0.0,0.08048175636175588,12.516769662970338,408.1266813258686,3,822.2533626517372,True,128,20.822249174118042
mem_long_leaky,19,roving_ramp,transient,1.0,inf,0.0,5.138566609208526,0.0,0.07967319584023554,10.406369214612726,426.7773472354702,3,859.5546944709404,True,100,20.79513430595398
mem_long_leaky,19,roving_ramp,mixed,0.3057879618676573,inf,3.2598460678666883,3.141486394756748,0.0,0.24241884501108174,11.945481323196475,403.7427400118289,4,815.4854800236578,True,235,22.626645803451538
mem_long_leaky,19,roving_ramp,mixed_leaky,0.3012064783514606,138.629436111989,3.2622654983530355,3.07641264532064,0.005000000000000002,0.2094237595355391,11.933823572321458,403.8461626531265,5,817.692325306253,True,204,54.1899209022522
mem_long_leaky,19,double_blip,level,0.0,inf,2.7180402507969617,0.0,0.0,0.0164298072105805,12.133908809088533,253.69209939389395,3,513.3841987877879,True,168,28.158066272735596
mem_long_leaky,19,double_blip,transient,1.0,inf,0.0,3.3456255891085136,0.0,0.0883034535342631,12.428213550785312,251.19006057000482,3,508.38012114000963,True,160,31.25411820411682
mem_long_leaky,19,double_blip,mixed,0.9870873277167946,inf,0.019999982034168785,3.3448673508321485,0.0,0.08924598749343214,12.429846054856405,251.18983223019515,4,510.3796644603903,True,110,11.596286058425903
mem_long_leaky,19,double_blip,mixed_leaky,0.9868893525917043,115.73893316703933,0.02000136834975498,3.2939263167715755,0.00598888517107347,0.04785361993188848,12.427879579130007,251.18972817207742,5,512.3794563441548,True,108,54.80065608024597
mem_long_leaky,18,double_blip,level,0.0,19.93279023848535,7.146530817020337,0.0,0.0,0.40738634602784807,6.91062984400023,368.36908334262057,3,742.7381666852411,True,144,25.693843841552734
mem_long_leaky,18,double_blip,transient,1.0,29.874506398586977,0.0,7.020196155981341,0.0,0.4491213023006363,7.896378660477945,351.74646472004684,3,709.4929294400937,True,132,20.80683159828186
mem_long_leaky,18,double_blip,mixed,0.5199707453840821,21.9398756817088,2.528730200573664,5.99271392524819,0.0,0.5313639237206295,7.809742300095138,350.21476615948103,4,708.4295323189621,True,300,44.0279016494751
mem_long_leaky,18,double_blip,mixed_leaky,0.5782330196789658,6.280786411219426,2.070267689627432,6.209643425365444,0.11035993507465405,-0.008129431617958706,8.223020509208427,349.4478912014999,5,708.8957824029998,True,420,99.47560286521912
mem_long_leaky,18,blip_combo,level,0.0,28.54593353387492,9.582141973444198,0.0,0.0,0.45726971284236523,8.190917053007954,374.0556155766381,3,754.1112311532762,True,100,21.011224508285522
mem_long_leaky,18,blip_combo,transient,1.0,37.13599075472753,0.0,8.678642798302757,0.0,0.5208923823433043,9.58489521090467,348.2500699162098,3,702.5001398324196,True,100,17.047248125076294
mem_long_leaky,18,blip_combo,mixed,0.5471416900333536,29.69329032336559,2.85837643769806,7.555561339279606,0.0,0.5969537761453878,9.633237441406482,346.9632631449074,4,701.9265262898148,True,300,34.162537574768066
mem_long_leaky,18,blip_combo,mixed_leaky,0.997645771427487,5.21764154563194,0.010000000000000004,9.271234933097475,0.13284683788602308,-0.5673629398008695,12.582204850928923,344.28773659435865,5,698.5754731887173,True,384,109.26588821411133
mem_long_leaky,19,blip_train,level,0.0,inf,6.952444755048994,0.0,0.0,0.22238418059881293,10.324248585858308,309.2178060526381,3,624.4356121052762,True,152,24.44251012802124
mem_long_leaky,19,blip_train,transient,1.0,inf,0.0,4.0287473122839685,0.0,0.15656052390626432,10.187613382527076,312.17039500955525,3,630.3407900191105,True,156,25.887804746627808
mem_long_leaky,19,blip_train,mixed,0.0013201976251902526,inf,6.922610627156259,0.020021307308290884,0.0,0.2222585630754648,10.322354746012254,309.20371592386925,4,626.4074318477385,True,50,11.607471227645874
mem_long_leaky,19,blip_train,mixed_leaky,0.13531916052342957,5.517651738996101,4.880951768735242,1.6711591916357242,0.12562358288420333,-0.8590662142044472,12.753639001956957,307.9079974984824,5,625.8159949969648,False,942,111.98118615150452
mem_long_leaky,20,roving_ramp,level,0.0,1.2448491217087196,2.3773822057805574,0.0,0.0,1.1765368979208255,2.7353847279327,406.3268938485783,3,818.6537876971566,True,184,25.177417039871216
mem_long_leaky,20,roving_ramp,transient,1.0,47.046169971953844,0.0,6.411440172826582,0.0,0.3783312917005566,8.360527481625834,353.5152422765092,3,713.0304845530184,True,108,21.199268579483032
mem_long_leaky,20,roving_ramp,mixed,0.6846870270654289,27.904385127023623,1.4282702553240003,6.785322563844771,0.0,0.5427284450903135,10.58118408732487,340.0458651237763,4,688.0917302475526,True,185,40.6833279132843
mem_long_leaky,20,roving_ramp,mixed_leaky,0.647030563884319,9.915012285879275,1.6311616148903052,6.5417589037296064,0.06990885745518531,0.10930735856282384,11.223119821331089,338.00335397502676,5,686.0067079500535,True,204,56.78108310699463
mem_long_leaky,20,double_blip,level,0.0,24.179856090345012,7.489936807460251,0.0,0.0,0.42661121271666935,8.768927397423445,336.67759011530336,3,679.3551802306067,True,92,16.41751194000244
mem_long_leaky,20,double_blip,transient,1.0,28.920287095959612,0.0,5.998477112468108,0.0,0.43546181528656086,9.522312218331711,325.50474135731935,3,657.0094827146387,True,120,30.782440423965454
mem_long_leaky,20,double_blip,mixed,0.34144171577754806,23.920396774045376,3.9030549251007645,4.427278803869768,0.0,0.5387464678042911,10.096105901244917,320.31744872454874,4,648.6348974490975,True,275,26.829506874084473
mem_long_leaky,20,double_blip,mixed_leaky,0.3682023198685524,21.956826050006974,3.5854512386246458,4.5715361729266215,0.03156864197863995,0.3434352096287849,10.43299904629452,320.1909349847614,5,650.3818699695228,True,366,66.01010918617249
mem_long_leaky,19,blip_combo,level,0.0,358.5733639235522,4.6605440402020655,0.0,0.0,0.16644954615846697,9.913681790132925,273.20534406105577,3,552.4106881221115,True,164,30.8614444732666
mem_long_leaky,19,blip_combo,transient,1.0,3467.8238555587495,0.0,4.0812531771920755,0.0,0.18579603995338553,10.59271893189031,269.7509171772207,3,545.5018343544414,True,212,33.44125771522522
mem_long_leaky,19,blip_combo,mixed,0.650514370102746,663.133035146254,0.8940817140927513,3.6409492934059093,0.0,0.20163663138605215,10.567414879800452,269.66234402362653,4,547.3246880472531,True,260,41.28264617919922
mem_long_leaky,19,blip_combo,mixed_leaky,0.7489484441153947,7.094150062830889,0.5362393191989584,3.499915080652815,0.09770686754874593,-0.5778847756103029,12.009580971071898,269.42311209987,5,548.84622419974,True,576,80.25757813453674
mem_long_leaky,20,blip_train,level,0.0,33.69195938187768,8.338449888300618,0.0,0.0,0.41642861838330264,9.659956991592159,340.968241835239,3,687.936483670478,True,168,27.738457441329956
mem_long_leaky,20,blip_train,transient,1.0,25.74817911096158,0.0,6.975512180584343,0.0,0.5126718035925754,10.182227284812459,318.7902243059622,3,643.5804486119245,True,144,21.807527542114258
mem_long_leaky,20,blip_train,mixed,0.8120761866492741,24.244536884683217,0.7007338593986385,6.624878356510292,0.0,0.5303521330633347,10.099819320523881,318.6729989005194,4,645.3459978010388,True,270,31.038455963134766
mem_long_leaky,20,blip_train,mixed_leaky,0.9967172834869812,7.407960760115559,0.010000000000000004,6.64275837773535,0.09356787961024954,-0.06356556845454087,10.367205079537051,317.54802866144496,5,645.0960573228899,True,450,98.14028573036194
mem_long_leaky,20,blip_combo,level,0.0,18.79473528164694,7.446962262647405,0.0,0.0,0.45969769406578515,8.112595395407903,370.2657631508876,3,746.5315263017752,True,140,21.62010431289673
mem_long_leaky,20,blip_combo,transient,1.0,16.615541580284656,0.0,6.953751095575696,0.0,0.5842757484333774,8.982813455698702,348.05934480874583,3,702.1186896174917,True,140,25.905446767807007
mem_long_leaky,20,blip_combo,mixed,0.4086118535736943,14.404621474536219,3.6180570289757115,5.469197418501302,0.0,0.6922650709550534,9.416147954386268,341.9197105679365,4,691.839421135873,True,275,44.473867654800415
mem_long_leaky,20,blip_combo,mixed_leaky,0.4126235234060514,138.629436111989,3.569797549986576,5.486442941775137,0.005000000000000002,0.6650671471966432,9.43900192483698,342.02161601515184,5,694.0432320303037,True,222,78.76265835762024
mem_long_leaky,21,double_blip,level,0.0,15.114526472643185,9.636949257340286,0.0,0.0,0.5891986539528398,8.270764264224637,188.1811925746565,3,382.362385149313,True,124,23.72603130340576
mem_long_leaky,21,double_blip,transient,1.0,13.346817597862078,0.0,7.898839085665509,0.0,0.6538569206969508,7.933989067648835,184.06606321098695,3,374.1321264219739,True,180,26.158936500549316
mem_long_leaky,21,double_blip,mixed,0.2968593523052322,13.035436623212787,6.067287610458159,5.604191405818946,0.0,0.7861540748769615,8.718885050499209,180.18537518598598,4,368.37075037197195,True,320,30.211260080337524
mem_long_leaky,21,double_blip,mixed_leaky,0.2993086971171289,138.629436111989,6.0081935551241585,5.61495617611324,0.005000000000000002,0.7607085193429873,8.725239562523134,180.1871398448781,5,370.3742796897562,True,420,95.80736970901489
mem_long_leaky,22,roving_ramp,level,0.0,23.11559070260705,2.957837214899974,0.0,0.0,0.2686417502601656,7.941456392219835,404.8236650931674,3,815.6473301863348,True,136,28.01130485534668
mem_long_leaky,22,roving_ramp,transient,1.0,23.635820673707226,0.0,4.4945765848738555,0.0,0.32895811790137436,5.957540714363008,432.1084043873435,3,870.216808774687,True,92,16.577330112457275
mem_long_leaky,22,roving_ramp,mixed,0.39553498951730887,17.12429860055487,2.8269522709256476,4.047082555352602,0.0,0.5270667311977824,8.622508182500994,389.75834666992176,4,787.5166933398435,True,290,44.8674955368042
mem_long_leaky,22,roving_ramp,mixed_leaky,0.38679060743742344,37.67423539825423,2.8478370892504836,3.9299960087977066,0.01839844055845297,0.4355962993925049,8.678749329548571,389.7467738464919,5,789.4935476929838,True,432,76.15618014335632
mem_long_leaky,21,blip_combo,level,0.0,42.94860525911643,9.667963342133401,0.0,0.0,0.44147817119251015,10.72572768194834,185.3230837963587,3,376.6461675927174,True,160,22.77410888671875
mem_long_leaky,21,blip_combo,transient,1.0,43.69251222240862,0.0,8.235497300819755,0.0,0.498822055000681,11.0969371437167,178.38258185138227,3,362.76516370276454,True,100,18.255205154418945
mem_long_leaky,21,blip_combo,mixed,0.5918840152757281,36.39919139767792,2.212599510579359,7.020461541321278,0.0,0.5379675804658915,10.813046658922381,178.11327724533524,4,364.2265544906705,True,360,48.613415241241455
mem_long_leaky,21,blip_combo,mixed_leaky,0.8039821971713814,7.207607094046045,0.8683586080024931,7.7921961345233335,0.09616883544228294,-0.4787505446721354,15.0,177.09073299081874,5,364.1814659816375,True,600,83.87547183036804
mem_long_leaky,22,double_blip,level,0.0,6.155782207902824,6.199513278510561,0.0,0.0,0.65895559460878,5.613222893257007,188.18177708641144,3,382.3635541728229,True,92,16.777252674102783
mem_long_leaky,22,double_blip,transient,1.0,2.6851539950327976,0.0,4.808032423994441,0.0,0.9629201053369835,4.005375677446998,187.10808850239238,3,380.21617700478475,True,132,21.872180461883545
mem_long_leaky,22,double_blip,mixed,0.3252658546766958,3.686536020612178,3.027928149455176,3.193457923374544,0.0,0.8786546559717565,4.684185164285159,184.9247880461384,4,377.8495760922768,True,290,47.55281853675842
mem_long_leaky,22,double_blip,mixed_leaky,0.4031990586667291,1.774540166481546,2.5847244907782896,3.8204464290941123,0.3906066448381818,-0.6280865164491163,5.936420150309298,184.33772452356956,5,378.6754490471391,True,546,87.01031136512756
mem_long_leaky,21,blip_train,level,0.0,15.19433191828058,11.619414116389597,0.0,0.0,0.6394560605159698,7.868774940292841,250.48805628740715,3,506.9761125748143,True,152,24.67055606842041
mem_long_leaky,21,blip_train,transient,1.0,5.551570064935416,0.0,8.452925414483433,0.0,0.8794912237632316,5.527601531635938,241.16109108454583,3,488.32218216909166,True,132,20.903040885925293
mem_long_leaky,21,blip_train,mixed,0.3640050496348749,7.249337037920011,5.021141491148826,6.287326979573101,0.0,0.8909500361621352,6.417724620172952,238.21959135454787,4,484.43918270909575,True,370,37.031511306762695
mem_long_leaky,21,blip_train,mixed_leaky,0.43207901990829267,4.523265661993354,4.441483496700188,7.392871638318922,0.15324043121855524,-0.9752697155995161,15.0,236.6886578035001,5,483.3773156070002,True,678,130.5888602733612
mem_long_leaky,21,roving_ramp,level,0.0,2.7332520644909204,3.3567539675077596,0.0,0.0,0.8394234989362338,3.987786818980283,229.14256741712975,3,464.2851348342595,True,104,21.695751190185547
mem_long_leaky,21,roving_ramp,transient,1.0,7.758301436172106,0.0,6.531798720813854,0.0,0.6617828931802452,5.692605644822422,221.58372167648378,3,449.16744335296755,True,196,35.53795003890991
mem_long_leaky,21,roving_ramp,mixed,0.5222232225494936,5.2945469788510735,2.4023635749102734,5.744863634755786,0.0,0.8793826382016634,5.73217338959466,212.6210467733776,4,433.2420935467552,True,225,40.3309531211853
mem_long_leaky,21,roving_ramp,mixed_leaky,0.46285827413969477,2.439459250186283,2.923092500624722,5.510760623769582,0.2841396840332606,-2.2203355914101954,13.517070432747035,210.84637511973258,5,431.69275023946517,True,504,153.72373986244202
mem_long_leaky,22,blip_combo,level,0.0,12.446440628535068,6.0819461175107685,0.0,0.0,0.475810830616569,6.886274635745585,250.88554856526207,3,507.77109713052414,True,132,21.327449798583984
mem_long_leaky,22,blip_combo,transient,1.0,1.5532197514620032,0.0,5.190089940378183,0.0,1.2401288350287651,3.12444459542632,248.4610681233085,3,502.922136246617,True,136,21.504098415374756
mem_long_leaky,22,blip_combo,mixed,0.6062937242152062,1.9011023518402228,1.276851714062928,4.301907277677934,0.0,1.133227769908202,3.411267770891658,248.09305185387322,4,504.18610370774644,True,240,48.35753774642944
mem_long_leaky,22,blip_combo,mixed_leaky,0.6055394936093242,138.629436111989,1.2796255266526466,4.297656364371067,0.005000000000000002,1.1235226189624408,3.4131446049936454,248.09411495163042,5,506.18822990326083,True,498,89.92800402641296
mem_long_leaky,23,roving_ramp,level,0.0,34.844257434235374,1.6942583913958578,0.0,0.0,0.17309853785363397,8.19635477756467,257.4202873176871,3,520.8405746353742,True,160,25.735024452209473
mem_long_leaky,23,roving_ramp,transient,1.0,23.954079796649086,0.0,4.97046058189075,0.0,0.3787626504292712,7.394439732206353,250.8117593394235,3,507.623518678847,True,92,18.154886722564697
mem_long_leaky,23,roving_ramp,mixed,0.5960842566238257,13.15574373556848,1.3347071913364852,4.309359418732918,0.0,0.5066084231402965,7.060188350024466,247.6264206365836,4,503.2528412731672,True,270,39.32108974456787
mem_long_leaky,23,roving_ramp,mixed_leaky,0.5952418389410412,138.629436111989,1.3352874651293254,4.296179853142039,0.005000000000000002,0.4860798939977007,7.081124065955352,247.62991852543882,5,505.25983705087765,True,768,93.69370484352112
mem_long_leaky,23,blip_train,level,0.0,33.361036145764594,7.574211474846858,0.0,0.0,0.3855799557579686,9.176686706813465,242.77189330992786,3,491.5437866198557,True,116,21.107472896575928
mem_long_leaky,23,blip_train,transient,1.0,33.608307354996626,0.0,5.780971162239991,0.0,0.400631580650053,9.384816539650696,237.71777247983567,3,481.43554495967135,True,140,22.193203449249268
mem_long_leaky,23,blip_train,mixed,0.49995325789976053,32.9669655053606,2.1979764401921575,4.807858528446316,0.0,0.4352543498301796,9.639470348648095,237.29666176381897,4,482.59332352763795,True,260,27.565218448638916
mem_long_leaky,23,blip_train,mixed_leaky,0.5026019464578246,138.629436111989,2.1643421082218994,4.784712419937802,0.005000000000000002,0.40915973057204197,9.588854828580288,237.3702011743898,5,484.7404023487796,True,336,94.13336277008057
mem_long_leaky,23,double_blip,level,0.0,14.728553067716552,5.338843717770377,0.0,0.0,0.4112980234570471,6.965397099572534,195.7178598748211,3,397.4357197496422,True,124,21.642515182495117
mem_long_leaky,23,double_blip,transient,1.0,14.551701981646223,0.0,7.922114878343131,0.0,0.6445333987244688,8.348299101864312,181.02076763087535,3,368.0415352617507,True,148,22.125483989715576
mem_long_leaky,23,double_blip,mixed,0.9972443713194502,14.53560380759546,0.010000000000000004,7.917548710155488,0.0,0.6448942637988073,8.34602739443653,181.0235055673117,4,370.0470111346234,True,320,32.24325942993164
mem_long_leaky,23,double_blip,mixed_leaky,0.9973464845179061,5.520994036620479,0.010000000000000004,8.22307557525729,0.1255475329193139,-0.15997543154504526,10.235569616155168,180.17851495876334,5,370.3570299175267,True,504,94.94358086585999
mem_long_leaky,24,roving_ramp,level,0.0,23.218963356805315,4.178262689455031,0.0,0.0,0.32795650878236005,8.875436260193299,447.4219701728063,3,900.8439403456126,True,144,18.52836036682129
mem_long_leaky,24,roving_ramp,transient,1.0,26.6763950616372,0.0,2.5296021545163563,0.0,0.20872398054306457,5.042496834782304,514.5390169573685,3,1035.078033914737,True,96,15.870161056518555
mem_long_leaky,24,roving_ramp,mixed,0.04914430046153607,22.060945153418956,4.111834611826613,0.46494761880203095,0.0,0.3560284358748003,8.841129933423467,447.1610277769972,4,902.3220555539943,True,310,30.0000958442688
mem_long_leaky,24,roving_ramp,mixed_leaky,0.022681850280580104,9.263697041560182,4.204193095982002,0.21346909868716543,0.07482403380100243,-0.025429015696859826,9.056404075690965,446.4429471005372,5,902.8858942010744,True,300,79.98175287246704
mem_long_leaky,25,double_blip,level,0.0,inf,2.156531453773526,0.0,0.0,0.01918978803192471,15.0,174.57724190961488,3,355.15448381922977,True,180,16.701751470565796
mem_long_leaky,25,double_blip,transient,1.0,0.2500037625601553,0.0,0.010000000000000004,0.0,30.0,15.0,200.95972191542737,3,407.91944383085473,True,8,1.7806396484375
mem_long_leaky,25,double_blip,mixed,0.9940148477123164,291.9621536757074,0.010000000000000004,3.633519646623934,0.0,0.1900693117456911,15.0,169.99479484671832,4,347.98958969343664,True,260,22.297661066055298
mem_long_leaky,25,double_blip,mixed_leaky,0.9934427731949572,12.610501710652716,0.010000000000000004,3.314610453630846,0.054965868643783576,-0.3097972513520546,15.0,169.23963430517566,5,348.4792686103513,True,366,48.72080755233765
mem_long_leaky,22,blip_train,level,0.0,59.82031978139333,4.448658256970895,0.0,0.0,0.22221676955413883,9.156091742483312,254.04409199435375,3,514.0881839887074,True,184,27.174433946609497
mem_long_leaky,22,blip_train,transient,1.0,2.1602123809407856,0.0,3.4830649071323436,0.0,0.9228958339757387,3.307869734312051,254.00174506244159,3,514.0034901248832,True,168,23.71281337738037
mem_long_leaky,22,blip_train,mixed,0.4079142222986912,77.39032479337776,1.599559313980734,2.410984475273412,0.0,0.2247190490999284,9.825452727567502,252.35308589632638,4,512.7061717926528,True,350,67.5891592502594
mem_long_leaky,22,blip_train,mixed_leaky,0.3757629509059242,2.7559239128515074,1.7746108941891543,2.337100598046719,0.25151172618650336,-2.6677324700111456,15.0,250.5789895459968,5,511.1579790919936,True,738,117.04633784294128
mem_long_leaky,24,double_blip,level,0.0,9.031515266473242,7.05499200691614,0.0,0.0,0.6108249185654797,6.86006102296604,183.844047334605,3,373.68809466921,True,144,21.541141271591187
mem_long_leaky,24,double_blip,transient,1.0,1.525850741571667,0.0,3.4791560242365147,0.0,1.1266524431178038,2.958833328258055,196.52822312194638,3,399.05644624389276,True,144,15.88524866104126
mem_long_leaky,24,double_blip,mixed,0.0006486555534131049,9.026100306448742,7.041970704792238,0.010000000000000004,0.0,0.6108912363072071,6.856692553518414,183.85173552261094,4,375.7034710452219,True,175,45.17091464996338
mem_long_leaky,24,double_blip,mixed_leaky,0.0006417966428644727,13.726305149816179,7.11727742109696,0.010000000000000004,0.050497724842524565,0.39225811482031714,7.271518772305342,183.7871589709089,5,377.5743179418178,True,300,68.03549575805664
mem_long_leaky,24,blip_train,level,0.0,4.371518648580344,8.598706115682678,0.0,0.0,0.9406578194091365,5.762214241384833,108.02240525717195,3,222.0448105143439,True,112,12.065444946289062
mem_long_leaky,24,blip_train,transient,1.0,0.2344759992538866,0.0,0.8923906834480861,0.0,10.978223212489633,5.129364946831246,126.02268499616486,3,258.0453699923297,True,12,2.1781556606292725
mem_long_leaky,24,blip_train,mixed,0.0010643731849334648,4.367776445615724,8.584381027107506,0.02001129778683529,0.0,0.9415200909518772,5.761019361753761,108.01749763602025,4,224.0349952720405,True,70,7.045564889907837
mem_long_leaky,24,blip_train,mixed_leaky,0.06596730682275016,4.245120930255294,7.528174253779723,1.1632315843037575,0.1632809034060334,0.37616202668845006,6.157089253975463,107.88067117835527,5,225.76134235671054,True,840,136.9241087436676
mem_long_leaky,25,roving_ramp,level,0.0,30.192282937024075,2.6458180670865685,0.0,0.0,0.27077955338648596,11.118792306917184,193.1825289978039,3,392.3650579956078,True,152,14.69772720336914
mem_long_leaky,25,roving_ramp,transient,1.0,85.67050177140877,0.0,3.9795934152981225,0.0,0.24007610841526866,10.348533513680962,203.41210849148527,3,412.82421698297054,True,188,27.784534215927124
mem_long_leaky,25,roving_ramp,mixed,0.3049477496500348,26.304080169046266,2.344692656764794,2.25062816147795,0.0,0.392058830301939,11.240140571839587,191.08102456468308,4,390.16204912936615,True,185,31.63730216026306
mem_long_leaky,25,roving_ramp,mixed_leaky,0.22916093392900058,5.794846956679217,2.667782047008292,1.7351501374998837,0.11961440668610146,-0.8349308315371086,15.0,188.16701594322282,5,386.33403188644564,True,522,81.86221432685852
mem_long_leaky,24,blip_combo,level,0.0,13.89893913530279,6.104453020179567,0.0,0.0,0.5072789030456697,8.544159017423235,123.49052582033828,3,252.98105164067655,True,224,21.84708309173584
mem_long_leaky,24,blip_combo,transient,1.0,0.2500037625601553,0.0,0.010000000000000004,0.0,30.0,15.0,135.3446773136737,3,276.6893546273474,True,8,1.7969257831573486
mem_long_leaky,24,blip_combo,mixed,0.001496077939421502,13.889400151816723,6.101257006071146,0.020000166434919853,0.0,0.5084721992838026,8.549266380704342,123.4839674063684,4,254.9679348127368,True,100,9.667307376861572
mem_long_leaky,24,blip_combo,mixed_leaky,0.11568168685301781,6.579667724216865,4.580092668683923,1.3108110855340982,0.10534683659005685,-0.6767983273967708,15.0,122.77346541136407,5,255.54693082272814,True,804,143.83939862251282
mem_long_leaky,25,blip_train,level,0.0,48.22159588468952,5.4969788689010235,0.0,0.0,0.2945543433021856,11.046275976970596,194.92514942426845,3,395.8502988485369,True,132,13.738679885864258
mem_long_leaky,25,blip_train,transient,1.0,0.8056532763078122,0.0,4.9976243938056735,0.0,1.682297530978533,2.3471170663912946,196.5497005189137,3,399.0994010378274,True,152,16.953803777694702
mem_long_leaky,25,blip_train,mixed,0.596178239502123,52.973065699194976,1.3664947513729562,4.413714289448588,0.0,0.3620673330863874,12.50559653059452,190.74899052222145,4,389.4979810444429,True,330,64.16790652275085
mem_long_leaky,25,blip_train,mixed_leaky,0.5829913088979283,138.629436111989,1.4127237566754762,4.320998035282875,0.005000000000000002,0.3273735034133536,12.431507921476202,190.80786197893352,5,391.61572395786703,True,252,40.30411672592163
mem_long_leaky,26,double_blip,level,0.0,inf,7.175746754584133,0.0,0.0,0.11026593193245234,13.957214164530077,283.7398560793104,3,573.4797121586208,True,128,23.143792152404785
mem_long_leaky,26,double_blip,transient,1.0,inf,0.0,4.090088670621886,0.0,0.05649058513045402,12.734497617543555,288.37879632630984,3,582.7575926526197,True,104,21.931906700134277
mem_long_leaky,26,double_blip,mixed,0.001272925904207652,inf,7.172449941464998,0.02000016937838197,0.0,0.11142835585524188,13.95789532687023,283.7248408049376,4,575.4496816098753,True,85,9.316179990768433
mem_long_leaky,26,double_blip,mixed_leaky,0.0020625871312859,14.25725239883441,6.391279933637661,0.02890058842854945,0.04861716417509821,-0.36880417251299846,15.0,283.1571223537461,5,576.3142447074922,True,402,55.403316259384155
mem_long_leaky,25,blip_combo,level,0.0,25.07362108704806,6.329344857514471,0.0,0.0,0.39477306144087176,9.40243737577215,193.29092265972153,3,392.58184531944306,True,156,15.43557333946228
mem_long_leaky,25,blip_combo,transient,1.0,21.907727824766,0.0,5.0546102227542615,0.0,0.43956809590613927,9.260494273760491,187.412299110378,3,380.824598220756,True,164,16.922199487686157
mem_long_leaky,25,blip_combo,mixed,0.6374567644666702,20.965828198792373,1.1888685848012377,4.573351958938436,0.0,0.46821352580529846,9.342073019504904,187.29404969784477,4,382.58809939568954,True,305,35.539873123168945
mem_long_leaky,25,blip_combo,mixed_leaky,0.719172774798353,6.25610337751898,0.7987152594460923,4.475029036189526,0.11079535275116102,-0.7840801579367243,15.0,187.23806595058045,5,384.4761319011609,True,336,79.13236117362976
mem_long_leaky,26,blip_train,level,0.0,inf,6.684146064566683,0.0,0.0,0.1953552089101118,10.56334484158595,327.60958994842423,3,661.2191798968485,True,132,23.375827312469482
mem_long_leaky,26,blip_train,transient,1.0,186.9941810085298,0.0,6.079033601053608,0.0,0.30051144438026417,9.739711549024003,319.2826652663182,3,644.5653305326364,True,132,25.49541735649109
mem_long_leaky,26,blip_train,mixed,0.5790574608187987,177.7991113473841,1.7587509578931064,5.293135827059004,0.0,0.3247103756449898,10.002493547093694,318.82824641511814,4,645.6564928302363,True,245,24.102591514587402
mem_long_leaky,26,blip_train,mixed_leaky,0.6482276564488016,16.81710356635433,1.3246301503721913,5.340357689326141,0.04121679918453449,0.057688031060130616,10.47789489711719,318.7198161105805,5,647.439632221161,True,348,71.30303525924683
mem_long_leaky,27,blip_train,level,0.0,44.43318870733328,8.273967430896256,0.0,0.0,0.4260620218989003,13.78336304748305,193.7590112961122,3,393.5180225922244,True,132,22.08544921875
mem_long_leaky,27,blip_train,transient,1.0,0.2500037625601553,0.0,0.010000000000000004,0.0,30.0,15.0,248.05762050051993,3,502.11524100103986,True,8,1.8192086219787598
mem_long_leaky,27,blip_train,mixed,0.17392828320645234,36.487610357199856,5.667310370704755,2.610593793131969,0.0,0.4925055466590382,13.795329969704314,191.1351649657733,4,390.2703299315466,True,330,29.500269412994385
mem_long_leaky,27,blip_train,mixed_leaky,0.23795408757578737,13.017790928985049,4.280610254281838,2.9243379855800438,0.05324614478302944,-0.05398806879469474,15.0,190.33360001989132,5,390.66720003978264,True,414,59.32949352264404
mem_long_leaky,23,blip_combo,level,0.0,30.085845972692457,5.176003008764577,0.0,0.0,0.31095108605921473,8.510974346496779,226.6084580664865,3,459.216916132973,True,172,32.87533664703369
mem_long_leaky,23,blip_combo,transient,1.0,7.223110965460204,0.0,3.805220299469078,0.0,0.54775753852516,5.431081417211727,224.57183809673253,3,455.14367619346507,True,156,25.62455725669861
mem_long_leaky,23,blip_combo,mixed,0.9942730971487186,7.267883992401024,0.010000000000000004,3.798356459046189,0.0,0.546285956935113,5.443100267700853,224.57189713306184,4,457.1437942661237,True,525,60.78179740905762
mem_long_leaky,23,blip_combo,mixed_leaky,0.9945906536951714,2.9795788965172427,0.010000000000000004,4.022623945123103,0.2326325983078173,-2.3706721530943953,15.0,222.30364861657873,5,454.60729723315745,True,780,164.45670199394226
mem_long_leaky,28,roving_ramp,level,0.0,0.25000272907029897,0.010000000000000004,0.0,0.0,30.0,15.0,445.1284303758183,3,896.2568607516366,True,8,1.996720552444458
mem_long_leaky,28,roving_ramp,transient,1.0,53.96064076796708,0.0,4.872470568731802,0.0,0.30537385009470236,9.214491431978967,299.4937741913307,3,604.9875483826614,True,144,13.687246799468994
mem_long_leaky,28,roving_ramp,mixed,0.7921667332551492,20.56811150314621,0.5396066903131839,4.4997533453941285,0.0,0.4296197909280192,8.588603063958265,297.37847698840324,4,602.7569539768065,True,250,21.984489917755127
mem_long_leaky,28,roving_ramp,mixed_leaky,0.6430958082978465,4.653972741445312,0.9205426150955655,3.628923181364384,0.14893666531116925,-1.2739740850943437,15.0,295.21502254218126,5,600.4300450843625,True,474,73.25562787055969
mem_long_leaky,27,roving_ramp,level,0.0,inf,2.502364567554989,0.0,0.0,0.05732422175703298,12.707268728314178,408.8371422867113,3,823.6742845734226,True,164,22.809199810028076
mem_long_leaky,27,roving_ramp,transient,1.0,inf,0.0,3.4360446796635222,0.0,0.10822498439498887,7.785371727326494,437.6153850949142,3,881.2307701898284,True,96,20.80820608139038
mem_long_leaky,27,roving_ramp,mixed,0.39081113470320034,62.1222909988234,2.484545012583875,3.4871585015471482,0.0,0.3401466821942763,12.590478828199512,394.5706407814146,4,797.1412815628292,True,245,38.08131647109985
mem_long_leaky,27,roving_ramp,mixed_leaky,0.3424939527008624,12.09687216195406,2.633196065989816,3.000863216786663,0.05729970287195117,-0.1238684270290283,13.414837995049243,393.7904747867107,5,797.5809495734214,True,252,80.18664574623108
mem_long_leaky,27,double_blip,level,0.0,inf,4.640258567085291,0.0,0.0,0.05879173195967807,14.139042963465073,285.6433172964265,3,577.286634592853,True,120,18.405036211013794
mem_long_leaky,27,double_blip,transient,1.0,inf,0.0,3.801977307598326,0.0,0.0829123886225196,15.0,280.46381007006573,3,566.9276201401315,True,164,28.4373197555542
mem_long_leaky,27,double_blip,mixed,0.7136227623705119,inf,0.6401130905010612,3.4897695894328087,0.0,0.09497062062542076,15.0,280.39740966616,4,568.79481933232,True,410,36.10607719421387
mem_long_leaky,27,double_blip,mixed_leaky,0.684288398485389,11.806108323837746,0.6714181516428748,3.183842386652656,0.058710894525710045,-0.43692220969559453,15.0,278.5020397743725,5,567.004079548745,True,474,70.74750304222107
mem_long_leaky,26,roving_ramp,level,0.0,34.74463951530531,2.5538653746783564,0.0,0.0,0.2012187927169585,8.17079736636771,294.2315242361667,3,594.4630484723334,True,112,19.536268711090088
mem_long_leaky,26,roving_ramp,transient,1.0,161.67421225838095,0.0,4.65705367254356,0.0,0.23563995974640373,8.20457477178712,295.68228193660764,3,597.3645638732153,True,92,20.439181804656982
mem_long_leaky,26,roving_ramp,mixed,0.4372353746939157,32.1767108187632,2.0823068753770566,3.5395094856968,0.0,0.36135794347946704,8.581949811843575,287.14993703331425,4,582.2998740666285,True,255,38.95949840545654
mem_long_leaky,26,roving_ramp,mixed_leaky,0.4344490472211538,115.61764136314136,2.087799312054993,3.508857306794105,0.0059951679725315605,0.33362270677967987,8.587195408713413,287.1495117446002,5,584.2990234892004,True,198,120.51138424873352
mem_long_leaky,26,blip_combo,level,0.0,46.42289598367353,5.893693802488055,0.0,0.0,0.2848356063841308,8.525662970404104,285.1315159215925,3,576.263031843185,True,132,23.427881002426147
mem_long_leaky,26,blip_combo,transient,1.0,47.74379886888648,0.0,6.125726213223909,0.0,0.3758455417524829,9.47893387925203,276.1873113621228,3,558.3746227242456,True,108,23.143158197402954
mem_long_leaky,26,blip_combo,mixed,0.9961941563626923,47.70063622452989,0.010686446972442417,6.119785918226137,0.0,0.37600701359088806,9.477969049943525,276.1873769090621,4,560.3747538181242,True,365,38.84568929672241
mem_long_leaky,26,blip_combo,mixed_leaky,0.9962966145209543,5.188460834796558,0.010662838137888138,6.275847736426737,0.13359398916752618,-0.777750346563433,12.631082319231188,274.86702079392364,5,559.7340415878473,True,486,113.96296215057373
mem_long_leaky,27,blip_combo,level,0.0,95.23533973691818,6.9111320676100405,0.0,0.0,0.28275523551734577,10.747522005528069,326.039404001619,3,658.078808003238,True,96,17.390502214431763
mem_long_leaky,27,blip_combo,transient,1.0,56.727946007299415,0.0,4.852801317563794,0.0,0.306530201571621,9.918996698011213,324.97134174481357,3,655.9426834896271,True,160,24.745184898376465
mem_long_leaky,27,blip_combo,mixed,0.25487248130407386,58.425167551482225,3.9654150729279123,2.967500792755797,0.0,0.3563785467521585,10.812677976314534,321.0648537111766,4,650.1297074223532,True,365,56.65581917762756
mem_long_leaky,27,blip_combo,mixed_leaky,0.2603723894462031,138.629436111989,3.864716122008951,2.9765231096977613,0.005000000000000002,0.32510179567045244,10.770992680094308,321.13845117333483,5,652.2769023466697,True,246,67.13185381889343
mem_long_leaky,28,double_blip,level,0.0,75.57835114310215,6.393605840060641,0.0,0.0,0.28898734557863504,12.033045986947894,323.7186725385279,3,653.4373450770559,True,108,18.61407995223999
mem_long_leaky,28,double_blip,transient,1.0,162.0346952668782,0.0,4.88879783973803,0.0,0.26204651852539007,13.38960386636311,314.55764881576,3,635.11529763152,True,124,12.504327535629272
mem_long_leaky,28,double_blip,mixed,0.36399186736504163,63.40830736944764,2.8276791675599653,3.5405357994100246,0.0,0.3548588553108319,12.986186482541815,312.31450716883245,4,632.6290143376649,True,265,45.66102075576782
mem_long_leaky,28,double_blip,mixed_leaky,0.5861264542601998,10.035873011355555,1.2499587917056287,3.8728368102595647,0.06906695409314682,-0.38851015956941437,15.0,310.82415845990005,5,631.6483169198001,True,270,59.54368996620178
mem_long_leaky,28,blip_train,level,0.0,inf,4.1895109502660395,0.0,0.0,0.10706969826975044,11.006607222826444,360.80639806743113,3,727.6127961348623,True,92,17.610013961791992
mem_long_leaky,28,blip_train,transient,1.0,inf,0.0,3.0330533736981082,0.0,0.12296998161227382,10.934026998400205,356.3380135244848,3,718.6760270489696,True,148,14.970296382904053
mem_long_leaky,28,blip_train,mixed,0.40695756120835297,inf,1.5035320845587319,2.2572824004510115,0.0,0.15055800388827065,10.938779497844882,355.38832873503355,4,718.7766574700671,True,305,54.541627168655396
mem_long_leaky,28,blip_train,mixed_leaky,0.6143862483157023,4.573743563192176,0.783490937526166,2.731069782115777,0.1515492005581908,-1.4920220723984667,15.0,348.9498639837302,5,707.8997279674604,True,438,61.14190912246704
mem_long_leaky,29,blip_combo,level,0.0,528.4266255292282,4.881765056345488,0.0,0.0,0.17090205404369044,11.658823511363043,322.24251268824156,3,650.4850253764831,True,156,26.93066668510437
mem_long_leaky,29,blip_combo,transient,1.0,114.36109019939578,0.0,4.213063767591697,0.0,0.24276361202483424,12.017887791430454,309.1426572057405,3,624.285314411481,True,132,13.407034873962402
mem_long_leaky,29,blip_combo,mixed,0.9948286170061056,114.08295089540658,0.010000000000000004,4.208733367262482,0.0,0.24302597206614368,12.018410130669219,309.144160419723,4,626.288320839446,True,355,33.72636270523071
mem_long_leaky,29,blip_combo,mixed_leaky,0.9948044189983819,138.629436111989,0.010000000000000004,4.1890296287921105,0.005000000000000002,0.20563403295061644,12.170098496114552,309.1519518925861,5,628.3039037851722,True,318,42.71703886985779
mem_long_leaky,28,blip_combo,level,0.0,45.32096806701359,4.249646833831504,0.0,0.0,0.2341219725657609,8.606675931301204,346.949466258119,3,699.898932516238,True,84,16.71291446685791
mem_long_leaky,28,blip_combo,transient,1.0,59.87042688198652,0.0,2.710693662497253,0.0,0.19513327806039174,8.71058964770847,348.0338820250277,3,702.0677640500554,True,164,16.47815465927124
mem_long_leaky,28,blip_combo,mixed,0.19404946672195325,40.42661211933014,2.680227910296204,1.4118405080213783,0.0,0.2594874979319183,8.729676757569736,344.52014907076125,4,697.0402981415225,True,235,37.922590255737305
mem_long_leaky,28,blip_combo,mixed_leaky,0.2503207866100283,13.42285861174965,2.226667526080801,1.6266220961108988,0.05163931175980662,-0.030299706101105283,9.21144065578267,344.4544605341054,5,698.9089210682108,True,174,91.47753167152405
mem_long_leaky,29,roving_ramp,level,0.0,49.820904183727656,2.335837474914336,0.0,0.0,0.1670701799355466,9.025060665508201,469.65662292033613,3,945.3132458406723,True,120,20.684138536453247
mem_long_leaky,29,roving_ramp,transient,1.0,122.92572059899953,0.0,3.0736127744555013,0.0,0.16431217586940636,6.278659563867491,490.2198751762627,3,986.4397503525254,True,208,25.820146083831787
mem_long_leaky,29,roving_ramp,mixed,0.3771234784868116,34.985221905986215,2.449037595790669,3.244045288343064,0.0,0.3754917367921687,10.413049098078037,442.1364020941833,4,892.2728041883666,True,185,39.95994591712952
mem_long_leaky,29,roving_ramp,mixed_leaky,0.30954252222100165,6.1893697664824145,2.735527468736351,2.6830842260579844,0.11198994513360275,-0.4179647649709561,11.522864882696082,439.66218116890127,5,889.3243623378025,True,360,88.12832808494568
mem_long_leaky,29,blip_train,level,0.0,68.43441992840765,5.6540512349407726,0.0,0.0,0.26266088830365686,10.607235181402798,327.4577273388993,3,660.9154546777986,True,132,24.781609773635864
mem_long_leaky,29,blip_train,transient,1.0,65.87955996970763,0.0,3.7282650462217912,0.0,0.2468805543992144,10.3495773760089,324.7600837315563,3,655.5201674631126,True,160,16.04670810699463
mem_long_leaky,29,blip_train,mixed,0.2675645480974613,48.84097249005425,2.974313541856869,2.3771457320964373,0.0,0.31379629036537526,10.653563547420923,321.62136583707644,4,651.2427316741529,True,265,43.90254855155945
mem_long_leaky,29,blip_train,mixed_leaky,0.3084190725410695,15.475215906668371,2.5950884291307665,2.5319797430675495,0.044790792240983444,-0.005547027813501563,11.490420254045302,321.30459896190865,5,652.6091979238173,True,432,58.75429558753967
mem_long_leaky,29,double_blip,level,0.0,13.792471534438043,4.971713654659319,0.0,0.0,0.4208420114856671,7.117630202935803,324.3904527707188,3,654.7809055414376,True,112,18.77681875228882
mem_long_leaky,29,double_blip,transient,1.0,24.656940478434286,0.0,3.593030390703611,0.0,0.33322810698406713,8.43280347222773,322.2946437918773,3,650.5892875837546,True,156,15.349803924560547
mem_long_leaky,29,double_blip,mixed,0.24757752877577485,14.145723634457646,3.0406080340182595,2.1888689033749924,0.0,0.47459320128282506,7.813825223490792,317.1681842776038,4,642.3363685552076,True,230,40.04853272438049
mem_long_leaky,29,double_blip,mixed_leaky,0.26199700396838216,28.62112899400237,2.9421030823229057,2.2851037948916986,0.024218023709169405,0.3561405592000908,8.11366149948669,317.1520782910271,5,644.3041565820542,False,468,83.46092391014099
