gen,pid,design,m50,m50_hat,true_s,true_k,true_c,true_vL,true_vT,true_delta,true_a,true_lam,n_step,n_ramp,n_null,n_return,n_blip_single,n_blip_pair,n_blip,n_bump_single,n_bump_pair,n_bump,hit_step,hit_ramp,hit_blip_single,hit_blip_pair,hit_blip,hit_bump_single,hit_bump_pair,hit_bump,null_fa,return_press,late,stable_fa,extra,n_change,hit,hit_rate,hit_rate_step,hit_rate_ramp,hit_rate_blip_single,hit_rate_blip_pair,hit_rate_bump_single,hit_rate_bump_pair,stable_fa_per_min,settled_min,median_rt_breaths,median_ramp_mag_at_detect,n_presses,pairn_g8_s1,pairhit_g8_s1,pairn_g4_s0,pairhit_g4_s0,pairn_g2_s1,pairhit_g2_s1,pairn_g2_s0,pairhit_g2_s0,pairn_g0_s1,pairhit_g0_s1,pairn_g8_s0,pairhit_g8_s0,pairn_g0_s0,pairhit_g0_s0,pairn_g4_s1,pairhit_g4_s1,true_memory,kernel_n,kernel_base,kernel_0,kernel_1,kernel_2,kernel_3,kernel_4,kernel_5,kernel_6,kernel_7,kernel_8,kernel_9,kernel_10,kernel_11,kernel_12
mem_short,3,double_bump,0.17221367431253495,0.1557175527567398,0.7005449087378821,1.490319381165873,1.213749325045033,1.718440684811984,8.795259802261965,1.6671320084210626,3.0067429029312844,0.0,0,0,0,0,0,0,0,4,26,0,0,0,0,0,0,1,2,0,0,0,2,0,0,0,0,,,,,,0.25,0.07692307692307693,0.0,1.3333333333333333,7.615001311303443,,5,2.0,0.0,8.0,1.0,2.0,0.0,3.0,0.0,3.0,0.0,3.0,1.0,4.0,0.0,1.0,0.0,1.2386177445741222,0,0.0,0.0,0.0,0.0,0.0,0.0,0.0,0.0,0.0,0.0,0.0,0.0,0.0,0.0
mem_short,0,roving_ramp_bump,0.15049612365777384,0.15731413614447357,0.7802304929594872,1.1135433990268035,0.9624950562021303,0.9423192811452182,7.31919653958214,1.323816619768205,2.7558562152115633,0.0,32,8,3,0,0,0,0,1,5,0,16,4,0,0,0,1,4,0,3,0,7,1,11,40,20,0.5,0.5,0.5,,,1.0,0.8,0.60790273556231,1.645,0.9059980334316561,0.236,47,2.0,2.0,1.0,0.0,1.0,1.0,,,,,1.0,1.0,,,,,1.4316209716888229,0,0.0,0.0,0.0,0.0,0.0,0.0,0.0,0.0,0.0,0.0,0.0,0.0,0.0,0.0
mem_short,2,roving_bump,0.1657958160917791,0.15969759842099057,0.5747270525275181,0.9040805408029435,0.5728810610179528,1.480465783796098,4.377257582513555,0.8189974393573904,3.6095532981771328,0.0,40,0,0,0,0,0,0,0,7,0,24,0,0,0,0,0,5,0,0,0,17,1,16,40,24,0.6,0.6,,,,,0.7142857142857143,0.505050505050505,1.9800000000000002,0.7391544625587367,,63,1.0,1.0,2.0,1.0,1.0,0.0,1.0,1.0,,,1.0,1.0,,,1.0,1.0,3.150351393850684,0,0.0,0.0,0.0,0.0,0.0,0.0,0.0,0.0,0.0,0.0,0.0,0.0,0.0,0.0
mem_short,3,bump_train,0.17221367431253495,0.1557175527567398,0.7005449087378821,1.490319381165873,1.213749325045033,1.718440684811984,8.795259802261965,1.6671320084210626,3.0067429029312844,0.0,0,0,0,0,0,0,0,0,0,42,0,0,0,0,0,0,0,13,0,0,4,0,2,0,0,,,,,,,,0.0,6.966666666666667,2.4583821805392563,,19,,,,,,,,,,,,,,,,,1.2386177445741222,19,0.2525597269624573,9.0,12.0,10.0,6.0,5.0,3.0,4.0,5.0,6.0,6.0,6.0,5.0,6.0
mem_short,1,roving_bump,0.05305808673119643,0.061367664870135716,0.6646483079621067,1.3103868618654042,0.726254684805101,1.6920902682685834,7.3371056999807704,1.1129387124686259,2.614559243800405,0.0,34,0,0,0,0,0,0,1,6,0,27,0,0,0,0,0,3,0,0,0,19,6,15,34,27,0.7941176470588235,0.7941176470588235,,,,0.0,0.5,2.2929936305732483,2.6166666666666667,1.0821494159795533,,70,1.0,1.0,1.0,0.0,,,1.0,1.0,1.0,0.0,1.0,1.0,1.0,0.0,,,1.8000291760610485,0,0.0,0.0,0.0,0.0,0.0,0.0,0.0,0.0,0.0,0.0,0.0,0.0,0.0,0.0
mem_short,0,double_bump,0.15049612365777384,0.15731413614447357,0.7802304929594872,1.1135433990268035,0.9624950562021303,0.9423192811452182,7.31919653958214,1.323816619768205,2.7558562152115633,0.0,0,0,0,0,0,0,0,7,24,0,0,0,0,0,0,5,14,0,0,0,9,0,11,0,0,,,,,,0.7142857142857143,0.5833333333333334,0.0,2.1666666666666665,3.895585514142224,,39,6.0,5.0,3.0,0.0,2.0,1.0,1.0,0.0,1.0,1.0,3.0,2.0,7.0,4.0,1.0,1.0,1.4316209716888229,0,0.0,0.0,0.0,0.0,0.0,0.0,0.0,0.0,0.0,0.0,0.0,0.0,0.0,0.0
mem_short,1,roving_ramp_bump,0.05305808673119643,0.061367664870135716,0.6646483079621067,1.3103868618654042,0.726254684805101,1.6920902682685834,7.3371056999807704,1.1129387124686259,2.614559243800405,0.0,36,9,3,0,0,0,0,2,4,0,20,8,0,0,0,1,2,0,3,0,32,0,12,45,28,0.6222222222222222,0.5555555555555556,0.8888888888888888,,,0.5,0.5,0.0,0.9483333333333335,2.583114087538867,0.09975,78,,,,,1.0,1.0,1.0,0.0,1.0,0.0,1.0,1.0,,,,,1.8000291760610485,0,0.0,0.0,0.0,0.0,0.0,0.0,0.0,0.0,0.0,0.0,0.0,0.0,0.0,0.0
mem_short,1,double_bump,0.05305808673119643,0.061367664870135716,0.6646483079621067,1.3103868618654042,0.726254684805101,1.6920902682685834,7.3371056999807704,1.1129387124686259,2.614559243800405,0.0,0,0,0,0,0,0,0,9,24,0,0,0,0,0,0,2,22,0,0,0,17,3,24,0,0,,,,,,0.2222222222222222,0.9166666666666666,2.1176470588235294,1.4166666666666667,1.9750330981715534,,68,,,3.0,3.0,2.0,2.0,3.0,3.0,4.0,4.0,6.0,6.0,2.0,1.0,4.0,3.0,1.8000291760610485,0,0.0,0.0,0.0,0.0,0.0,0.0,0.0,0.0,0.0,0.0,0.0,0.0,0.0,0.0
mem_short,2,roving_ramp_bump,0.1657958160917791,0.15969759842099057,0.5747270525275181,0.9040805408029435,0.5728810610179528,1.480465783796098,4.377257582513555,0.8189974393573904,3.6095532981771328,0.0,31,7,4,0,0,0,0,2,5,0,21,7,0,0,0,1,5,0,1,0,12,1,13,38,28,0.7368421052631579,0.6774193548387096,1.0,,,0.5,1.0,0.7054673721340387,1.4175000000000002,1.2601052921117042,0.23950000000000005,61,,,2.0,2.0,,,1.0,1.0,,,1.0,1.0,1.0,1.0,,,3.150351393850684,0,0.0,0.0,0.0,0.0,0.0,0.0,0.0,0.0,0.0,0.0,0.0,0.0,0.0,0.0
mem_short,1,bump_train,0.05305808673119643,0.061367664870135716,0.6646483079621067,1.3103868618654042,0.726254684805101,1.6920902682685834,7.3371056999807704,1.1129387124686259,2.614559243800405,0.0,0,0,0,0,0,0,0,0,0,46,0,0,0,0,0,0,0,25,0,0,22,5,9,0,0,,,,,,,,0.8797653958944281,5.683333333333334,2.611474980351062,,61,,,,,,,,,,,,,,,,,1.8000291760610485,54,0.2847341337907376,18.0,16.0,18.0,21.0,20.0,25.0,22.0,23.0,23.0,19.0,23.0,20.0,20.0
mem_short,0,bump_train,0.15049612365777384,0.15731413614447357,0.7802304929594872,1.1135433990268035,0.9624950562021303,0.9423192811452182,7.31919653958214,1.323816619768205,2.7558562152115633,0.0,0,0,0,0,0,0,0,0,0,40,0,0,0,0,0,0,0,14,0,0,6,0,2,0,0,,,,,,,,0.0,8.583333333333334,2.3546603007605933,,22,,,,,,,,,,,,,,,,,1.4316209716888229,21,0.24310344827586206,10.0,10.0,8.0,7.0,6.0,3.0,6.0,7.0,8.0,8.0,6.0,3.0,4.0
mem_short,0,roving_bump,0.15049612365777384,0.15731413614447357,0.7802304929594872,1.1135433990268035,0.9624950562021303,0.9423192811452182,7.31919653958214,1.323816619768205,2.7558562152115633,0.0,45,0,0,0,0,0,0,2,6,0,28,0,0,0,0,1,3,0,0,0,10,2,7,45,28,0.6222222222222222,0.6222222222222222,,,,0.5,0.5,1.37378362907842,1.4558333333333335,0.6878202677505679,,51,1.0,1.0,,,1.0,1.0,1.0,0.0,1.0,0.0,2.0,1.0,,,,,1.4316209716888229,0,0.0,0.0,0.0,0.0,0.0,0.0,0.0,0.0,0.0,0.0,0.0,0.0,0.0,0.0
mem_short,6,double_bump,0.4103061665490578,0.4009739201996771,0.2748598739022084,0.745834813042788,1.3580869600516854,2.08251474128746,1.726980110504984,1.5042593902190387,2.9181257737047868,0.0,0,0,0,0,0,0,0,8,22,0,0,0,0,0,0,1,4,0,0,0,2,0,0,0,0,,,,,,0.125,0.18181818181818182,0.0,1.4166666666666667,2.681526325444868,,7,3.0,0.0,1.0,0.0,1.0,0.0,5.0,1.0,3.0,1.0,5.0,1.0,,,4.0,1.0,1.0743515914451203,0,0.0,0.0,0.0,0.0,0.0,0.0,0.0,0.0,0.0,0.0,0.0,0.0,0.0,0.0
mem_short,6,bump_train,0.4103061665490578,0.4009739201996771,0.2748598739022084,0.745834813042788,1.3580869600516854,2.08251474128746,1.726980110504984,1.5042593902190387,2.9181257737047868,0.0,0,0,0,0,0,0,0,0,0,32,0,0,0,0,0,0,0,5,0,0,1,1,0,0,0,,,,,,,,0.08368784434060952,11.949166666666667,1.5363016446048894,,7,,,,,,,,,,,,,,,,,1.0743515914451203,6,0.19861830742659758,4.0,4.0,2.0,2.0,2.0,1.0,1.0,0.0,0.0,0.0,1.0,1.0,2.0
mem_short,3,roving_bump,0.17221367431253495,0.1557175527567398,0.7005449087378821,1.490319381165873,1.213749325045033,1.718440684811984,8.795259802261965,1.6671320084210626,3.0067429029312844,0.0,40,0,0,0,0,0,0,2,7,0,23,0,0,0,0,0,3,0,0,0,1,0,8,40,23,0.575,0.575,,,,0.0,0.42857142857142855,0.0,1.2008333333333332,0.42420296954415526,,35,1.0,1.0,1.0,0.0,2.0,1.0,1.0,1.0,,,1.0,0.0,,,1.0,0.0,1.2386177445741222,0,0.0,0.0,0.0,0.0,0.0,0.0,0.0,0.0,0.0,0.0,0.0,0.0,0.0,0.0
mem_short,2,double_bump,0.1657958160917791,0.15969759842099057,0.5747270525275181,0.9040805408029435,0.5728810610179528,1.480465783796098,4.377257582513555,0.8189974393573904,3.6095532981771328,0.0,0,0,0,0,0,0,0,6,27,0,0,0,0,0,0,3,17,0,0,0,9,1,10,0,0,,,,,,0.5,0.6296296296296297,1.6216216216216215,0.6166666666666667,3.386865563598783,,40,3.0,2.0,5.0,4.0,3.0,1.0,5.0,4.0,3.0,2.0,2.0,1.0,5.0,3.0,1.0,0.0,3.150351393850684,0,0.0,0.0,0.0,0.0,0.0,0.0,0.0,0.0,0.0,0.0,0.0,0.0,0.0,0.0
mem_short,2,bump_train,0.1657958160917791,0.15969759842099057,0.5747270525275181,0.9040805408029435,0.5728810610179528,1.480465783796098,4.377257582513555,0.8189974393573904,3.6095532981771328,0.0,0,0,0,0,0,0,0,0,0,45,0,0,0,0,0,0,0,21,0,0,3,4,3,0,0,,,,,,,,0.718562874251497,5.566666666666666,2.495726495726512,,31,,,,,,,,,,,,,,,,,3.150351393850684,26,0.2674616695059625,16.0,18.0,13.0,12.0,6.0,4.0,4.0,3.0,6.0,7.0,7.0,7.0,6.0
mem_short,3,roving_ramp_bump,0.17221367431253495,0.1557175527567398,0.7005449087378821,1.490319381165873,1.213749325045033,1.718440684811984,8.795259802261965,1.6671320084210626,3.0067429029312844,0.0,39,11,1,0,0,0,0,1,4,0,13,7,0,0,0,0,2,0,0,0,2,0,9,50,20,0.4,0.3333333333333333,0.6363636363636364,,,0.0,0.5,0.0,2.3133333333333335,0.8748933409761657,0.23350000000000004,33,1.0,1.0,,,1.0,1.0,,,,,2.0,0.0,,,,,1.2386177445741222,0,0.0,0.0,0.0,0.0,0.0,0.0,0.0,0.0,0.0,0.0,0.0,0.0,0.0,0.0
mem_short,5,roving_bump,0.147074015508366,0.14366203587401366,0.8794928644738119,1.0418004548172053,0.8055620212904311,0.483415756407108,7.718807408727615,1.1698976368203646,3.074355806239385,0.0,42,0,0,0,0,0,0,3,5,0,28,0,0,0,0,1,3,0,0,0,10,3,10,42,28,0.6666666666666666,0.6666666666666666,,,,0.3333333333333333,0.6,2.3346303501945522,1.2850000000000001,0.5793911536432905,,55,1.0,1.0,,,2.0,2.0,,,1.0,0.0,,,1.0,0.0,,,1.9082055291748794,0,0.0,0.0,0.0,0.0,0.0,0.0,0.0,0.0,0.0,0.0,0.0,0.0,0.0,0.0
mem_short,6,roving_ramp_bump,0.4103061665490578,0.4009739201996771,0.2748598739022084,0.745834813042788,1.3580869600516854,2.08251474128746,1.726980110504984,1.5042593902190387,2.9181257737047868,0.0,31,8,3,0,0,0,0,0,5,0,16,5,0,0,0,0,2,0,0,0,2,1,7,39,21,0.5384615384615384,0.5161290322580645,0.625,,,,0.4,0.49916805324459235,2.0033333333333334,0.7260034904013907,0.44999999999999996,33,2.0,2.0,,,2.0,0.0,,,,,1.0,0.0,,,,,1.0743515914451203,0,0.0,0.0,0.0,0.0,0.0,0.0,0.0,0.0,0.0,0.0,0.0,0.0,0.0,0.0
mem_short,4,roving_ramp_bump,0.13011782021170418,0.18971293246547205,0.7565892792300842,1.5532074091361328,0.9393481661954989,1.4557696185562652,9.899721535561492,1.433995263836675,3.095899385786801,0.0,27,11,2,0,0,0,0,1,6,0,18,10,0,0,0,0,5,0,1,0,4,1,31,38,28,0.7368421052631579,0.6666666666666666,0.9090909090909091,,,0.0,0.8333333333333334,0.40595399188092013,2.4633333333333334,0.8431887866841878,0.21349999999999997,70,,,1.0,1.0,1.0,1.0,,,2.0,1.0,1.0,1.0,,,1.0,1.0,1.6478977109870017,0,0.0,0.0,0.0,0.0,0.0,0.0,0.0,0.0,0.0,0.0,0.0,0.0,0.0,0.0
mem_short,4,double_bump,0.13011782021170418,0.18971293246547205,0.7565892792300842,1.5532074091361328,0.9393481661954989,1.4557696185562652,9.899721535561492,1.433995263836675,3.095899385786801,0.0,0,0,0,0,0,0,0,7,26,0,0,0,0,0,0,4,21,0,0,0,7,0,21,0,0,,,,,,0.5714285714285714,0.8076923076923077,0.0,1.0,1.8727272727273059,,53,3.0,2.0,2.0,1.0,5.0,5.0,5.0,4.0,2.0,2.0,1.0,1.0,5.0,3.0,3.0,3.0,1.6478977109870017,0,0.0,0.0,0.0,0.0,0.0,0.0,0.0,0.0,0.0,0.0,0.0,0.0,0.0,0.0
mem_short,4,bump_train,0.13011782021170418,0.18971293246547205,0.7565892792300842,1.5532074091361328,0.9393481661954989,1.4557696185562652,9.899721535561492,1.433995263836675,3.095899385786801,0.0,0,0,0,0,0,0,0,0,0,39,0,0,0,0,0,0,0,15,0,0,6,6,6,0,0,,,,,,,,0.6896551724137931,8.7,3.326000000000022,,33,,,,,,,,,,,,,,,,,1.6478977109870017,27,0.231433506044905,16.0,17.0,13.0,10.0,7.0,7.0,7.0,9.0,6.0,7.0,4.0,6.0,4.0
mem_short,5,bump_train,0.147074015508366,0.14366203587401366,0.8794928644738119,1.0418004548172053,0.8055620212904311,0.483415756407108,7.718807408727615,1.1698976368203646,3.074355806239385,0.0,0,0,0,0,0,0,0,0,0,35,0,0,0,0,0,0,0,18,0,0,12,11,5,0,0,,,,,,,,0.9308885754583921,11.816666666666666,2.3048588122133022,,46,,,,,,,,,,,,,,,,,1.9082055291748794,34,0.21808510638297873,17.0,15.0,13.0,11.0,7.0,7.0,7.0,5.0,7.0,9.0,13.0,14.0,11.0
mem_short,5,roving_ramp_bump,0.147074015508366,0.14366203587401366,0.8794928644738119,1.0418004548172053,0.8055620212904311,0.483415756407108,7.718807408727615,1.1698976368203646,3.074355806239385,0.0,33,8,4,0,0,0,0,1,5,0,17,5,0,0,0,1,3,0,1,0,10,1,10,41,22,0.5365853658536586,0.5151515151515151,0.625,,,1.0,0.6,0.9892827699917558,1.0108333333333335,0.9835067307567866,0.14375000000000004,48,2.0,2.0,,,,,1.0,1.0,1.0,0.0,,,1.0,0.0,,,1.9082055291748794,0,0.0,0.0,0.0,0.0,0.0,0.0,0.0,0.0,0.0,0.0,0.0,0.0,0.0,0.0
mem_short,6,roving_bump,0.4103061665490578,0.4009739201996771,0.2748598739022084,0.745834813042788,1.3580869600516854,2.08251474128746,1.726980110504984,1.5042593902190387,2.9181257737047868,0.0,36,0,0,0,0,0,0,5,4,0,17,0,0,0,0,1,2,0,0,0,6,0,12,36,17,0.4722222222222222,0.4722222222222222,,,,0.2,0.5,0.0,2.8508333333333336,0.6491106316071338,,38,,,1.0,1.0,,,1.0,0.0,1.0,1.0,1.0,0.0,,,,,1.0743515914451203,0,0.0,0.0,0.0,0.0,0.0,0.0,0.0,0.0,0.0,0.0,0.0,0.0,0.0,0.0
mem_short,5,double_bump,0.147074015508366,0.14366203587401366,0.8794928644738119,1.0418004548172053,0.8055620212904311,0.483415756407108,7.718807408727615,1.1698976368203646,3.074355806239385,0.0,0,0,0,0,0,0,0,7,23,0,0,0,0,0,0,3,16,0,0,0,5,1,5,0,0,,,,,,0.42857142857142855,0.6956521739130435,0.6451612903225806,1.55,5.435749999999999,,30,6.0,3.0,2.0,2.0,3.0,2.0,1.0,0.0,2.0,1.0,4.0,3.0,3.0,3.0,2.0,2.0,1.9082055291748794,0,0.0,0.0,0.0,0.0,0.0,0.0,0.0,0.0,0.0,0.0,0.0,0.0,0.0,0.0
mem_short,4,roving_bump,0.13011782021170418,0.18971293246547205,0.7565892792300842,1.5532074091361328,0.9393481661954989,1.4557696185562652,9.899721535561492,1.433995263836675,3.095899385786801,0.0,38,0,0,0,0,0,0,4,5,0,34,0,0,0,0,2,3,0,0,0,12,5,31,38,34,0.8947368421052632,0.8947368421052632,,,,0.5,0.6,2.525252525252525,1.9800000000000002,0.37634838194167286,,87,2.0,1.0,,,,,1.0,0.0,,,,,1.0,1.0,1.0,1.0,1.6478977109870017,0,0.0,0.0,0.0,0.0,0.0,0.0,0.0,0.0,0.0,0.0,0.0,0.0,0.0,0.0
mem_short,7,double_bump,0.12350555090534761,0.1256564423034058,0.6163801216648069,1.353967517389806,0.76896500613386,2.0000131187207266,7.030564739767876,1.151892703650185,3.155722421393171,0.0,0,0,0,0,0,0,0,5,25,0,0,0,0,0,0,3,18,0,0,0,6,0,11,0,0,,,,,,0.6,0.72,0.0,0.7166666666666667,3.30275000000006,,38,6.0,5.0,3.0,3.0,2.0,1.0,3.0,1.0,3.0,2.0,3.0,2.0,1.0,1.0,4.0,3.0,2.0519284988397954,0,0.0,0.0,0.0,0.0,0.0,0.0,0.0,0.0,0.0,0.0,0.0,0.0,0.0,0.0
mem_short,7,bump_train,0.12350555090534761,0.1256564423034058,0.6163801216648069,1.353967517389806,0.76896500613386,2.0000131187207266,7.030564739767876,1.151892703650185,3.155722421393171,0.0,0,0,0,0,0,0,0,0,0,36,0,0,0,0,0,0,0,19,0,0,11,12,6,0,0,,,,,,,,1.0810810810810811,11.1,3.4575000000000102,,48,,,,,,,,,,,,,,,,,2.0519284988397954,36,0.2171628721541156,10.0,11.0,11.0,16.0,13.0,13.0,11.0,10.0,9.0,9.0,11.0,10.0,8.0
mem_short,7,roving_bump,0.12350555090534761,0.1256564423034058,0.6163801216648069,1.353967517389806,0.76896500613386,2.0000131187207266,7.030564739767876,1.151892703650185,3.155722421393171,0.0,44,0,0,0,0,0,0,0,7,0,27,0,0,0,0,0,4,0,0,0,13,1,9,44,27,0.6136363636363636,0.6136363636363636,,,,,0.5714285714285714,0.5738880918220947,1.7425000000000002,0.7738277658596401,,54,3.0,3.0,2.0,0.0,,,,,1.0,1.0,,,,,1.0,0.0,2.0519284988397954,0,0.0,0.0,0.0,0.0,0.0,0.0,0.0,0.0,0.0,0.0,0.0,0.0,0.0,0.0
mem_short,7,roving_ramp_bump,0.12350555090534761,0.1256564423034058,0.6163801216648069,1.353967517389806,0.76896500613386,2.0000131187207266,7.030564739767876,1.151892703650185,3.155722421393171,0.0,31,9,1,0,0,0,0,4,4,0,21,6,0,0,0,1,4,0,1,0,14,3,13,40,27,0.675,0.6774193548387096,0.6666666666666666,,,0.25,1.0,2.2346368715083793,1.3425000000000002,2.1098292870222775,0.3142499999999999,63,,,,,2.0,2.0,,,1.0,1.0,1.0,1.0,,,,,2.0519284988397954,0,0.0,0.0,0.0,0.0,0.0,0.0,0.0,0.0,0.0,0.0,0.0,0.0,0.0,0.0
mem_short,11,bump_train,0.3429002282772907,0.3390171657413589,0.8017708217294893,0.792705230402369,1.4533136910495008,0.6050660702276585,5.354208917311372,1.7148714481751501,3.071913637676193,0.0,0,0,0,0,0,0,0,0,0,41,0,0,0,0,0,0,0,8,0,0,1,0,1,0,0,,,,,,,,0.0,7.616666666666666,1.8576987730334091,,10,,,,,,,,,,,,,,,,,1.0568653060227593,10,0.2469775474956822,9.0,8.0,4.0,1.0,1.0,2.0,2.0,2.0,0.0,1.0,1.0,1.0,1.0
mem_short,8,double_bump,0.28253435805611377,0.39055251978459754,0.5423535454471101,0.8488307989005109,0.8503846022280678,1.4958041261752937,3.8782603009217484,1.074473539666021,3.9998086705279423,0.0,0,0,0,0,0,0,0,3,27,0,0,0,0,0,0,0,20,0,0,0,3,0,15,0,0,,,,,,0.0,0.7407407407407407,0.0,0.48333333333333334,2.128740709703406,,38,6.0,5.0,5.0,2.0,3.0,3.0,5.0,4.0,,,5.0,4.0,2.0,1.0,1.0,1.0,2.3517645192823116,0,0.0,0.0,0.0,0.0,0.0,0.0,0.0,0.0,0.0,0.0,0.0,0.0,0.0,0.0
mem_short,8,roving_bump,0.28253435805611377,0.39055251978459754,0.5423535454471101,0.8488307989005109,0.8503846022280678,1.4958041261752937,3.8782603009217484,1.074473539666021,3.9998086705279423,0.0,41,0,0,0,0,0,0,1,5,0,28,0,0,0,0,1,3,0,0,0,2,1,14,41,28,0.6829268292682927,0.6829268292682927,,,,1.0,0.6,0.3757044458359423,2.661666666666667,0.5877905317670298,,49,1.0,1.0,,,1.0,0.0,,,,,1.0,0.0,,,2.0,2.0,2.3517645192823116,0,0.0,0.0,0.0,0.0,0.0,0.0,0.0,0.0,0.0,0.0,0.0,0.0,0.0,0.0
mem_short,8,roving_ramp_bump,0.28253435805611377,0.39055251978459754,0.5423535454471101,0.8488307989005109,0.8503846022280678,1.4958041261752937,3.8782603009217484,1.074473539666021,3.9998086705279423,0.0,37,8,4,0,0,0,0,4,3,0,31,5,0,0,0,2,2,0,0,0,2,0,22,45,36,0.8,0.8378378378378378,0.625,,,0.5,0.6666666666666666,0.0,0.5166666666666667,0.5457033356131544,0.44999999999999996,64,1.0,1.0,,,,,,,,,1.0,1.0,,,1.0,0.0,2.3517645192823116,0,0.0,0.0,0.0,0.0,0.0,0.0,0.0,0.0,0.0,0.0,0.0,0.0,0.0,0.0
mem_short,9,roving_ramp_bump,0.18358144003128934,0.19405828450166748,0.4370897169319639,1.4247641474044703,1.0007251281542375,3.08820168773206,5.2462249606509195,1.3387263373088203,3.2970536165466777,0.0,30,8,4,0,0,0,0,2,5,0,17,5,0,0,0,2,2,0,1,0,10,0,15,38,22,0.5789473684210527,0.5666666666666667,0.625,,,1.0,0.4,0.0,2.1516666666666664,1.5143850073804463,0.2909999999999999,52,,,3.0,1.0,1.0,1.0,,,1.0,0.0,,,,,,,1.6473322812568152,0,0.0,0.0,0.0,0.0,0.0,0.0,0.0,0.0,0.0,0.0,0.0,0.0,0.0,0.0
mem_short,9,double_bump,0.18358144003128934,0.19405828450166748,0.4370897169319639,1.4247641474044703,1.0007251281542375,3.08820168773206,5.2462249606509195,1.3387263373088203,3.2970536165466777,0.0,0,0,0,0,0,0,0,5,28,0,0,0,0,0,0,1,10,0,0,0,3,0,5,0,0,,,,,,0.2,0.35714285714285715,0.0,0.8166666666666667,4.6790000000000305,,19,1.0,1.0,6.0,2.0,4.0,2.0,4.0,1.0,5.0,2.0,2.0,1.0,5.0,0.0,1.0,1.0,1.6473322812568152,0,0.0,0.0,0.0,0.0,0.0,0.0,0.0,0.0,0.0,0.0,0.0,0.0,0.0,0.0
mem_short,11,double_bump,0.3429002282772907,0.3390171657413589,0.8017708217294893,0.792705230402369,1.4533136910495008,0.6050660702276585,5.354208917311372,1.7148714481751501,3.071913637676193,0.0,0,0,0,0,0,0,0,4,27,0,0,0,0,0,0,1,8,0,0,0,2,0,4,0,0,,,,,,0.25,0.2962962962962963,0.0,1.1,2.066267635741758,,15,2.0,1.0,4.0,0.0,4.0,2.0,4.0,1.0,3.0,0.0,4.0,1.0,2.0,0.0,4.0,3.0,1.0568653060227593,0,0.0,0.0,0.0,0.0,0.0,0.0,0.0,0.0,0.0,0.0,0.0,0.0,0.0,0.0
mem_short,10,roving_bump,0.12063263171846247,0.11590929087754787,0.2712435233482894,2.1470021087151645,0.9142595957687382,6.024741173486093,4.905973410676884,1.3330656555542153,3.440517103468736,0.0,46,0,0,0,0,0,0,0,8,0,26,0,0,0,0,0,4,0,0,0,8,0,11,46,26,0.5652173913043478,0.5652173913043478,,,,,0.5,0.0,0.8675,1.040132957786272,,49,,,1.0,1.0,,,2.0,0.0,1.0,1.0,1.0,1.0,3.0,1.0,,,1.8815865424829594,0,0.0,0.0,0.0,0.0,0.0,0.0,0.0,0.0,0.0,0.0,0.0,0.0,0.0,0.0
mem_short,8,bump_train,0.28253435805611377,0.39055251978459754,0.5423535454471101,0.8488307989005109,0.8503846022280678,1.4958041261752937,3.8782603009217484,1.074473539666021,3.9998086705279423,0.0,0,0,0,0,0,0,0,0,0,45,0,0,0,0,0,0,0,19,0,0,0,0,2,0,0,,,,,,,,0.0,6.283333333333333,1.7653342522398359,,21,,,,,,,,,,,,,,,,,2.3517645192823116,21,0.26791808873720135,17.0,16.0,5.0,7.0,8.0,5.0,6.0,6.0,5.0,7.0,6.0,5.0,9.0
mem_short,11,roving_bump,0.3429002282772907,0.3390171657413589,0.8017708217294893,0.792705230402369,1.4533136910495008,0.6050660702276585,5.354208917311372,1.7148714481751501,3.071913637676193,0.0,40,0,0,0,0,0,0,4,4,0,22,0,0,0,0,1,0,0,0,0,0,0,5,40,22,0.55,0.55,,,,0.25,0.0,0.0,1.1691666666666667,0.5462139585017634,,28,,,,,1.0,0.0,1.0,0.0,,,1.0,0.0,,,1.0,0.0,1.0568653060227593,0,0.0,0.0,0.0,0.0,0.0,0.0,0.0,0.0,0.0,0.0,0.0,0.0,0.0,0.0
mem_short,10,double_bump,0.12063263171846247,0.11590929087754787,0.2712435233482894,2.1470021087151645,0.9142595957687382,6.024741173486093,4.905973410676884,1.3330656555542153,3.440517103468736,0.0,0,0,0,0,0,0,0,7,26,0,0,0,0,0,0,2,9,0,0,0,3,0,2,0,0,,,,,,0.2857142857142857,0.34615384615384615,0.0,0.9166666666666666,2.856528626386053,,16,5.0,3.0,3.0,0.0,5.0,1.0,2.0,0.0,1.0,0.0,2.0,1.0,5.0,2.0,3.0,2.0,1.8815865424829594,0,0.0,0.0,0.0,0.0,0.0,0.0,0.0,0.0,0.0,0.0,0.0,0.0,0.0,0.0
mem_short,12,double_bump,0.09336582398284489,0.07424392048865631,0.6066742929344839,1.4172639932872968,0.6024089843772408,2.146478690706383,7.243353627050185,0.9997406349125223,3.278140591472488,0.0,0,0,0,0,0,0,0,5,25,0,0,0,0,0,0,1,19,0,0,0,12,0,12,0,0,,,,,,0.2,0.76,0.0,1.0166666666666666,4.7451620460638555,,44,2.0,2.0,4.0,2.0,3.0,1.0,1.0,1.0,4.0,3.0,3.0,3.0,1.0,1.0,7.0,6.0,2.720859645595566,0,0.0,0.0,0.0,0.0,0.0,0.0,0.0,0.0,0.0,0.0,0.0,0.0,0.0,0.0
mem_short,9,roving_bump,0.18358144003128934,0.19405828450166748,0.4370897169319639,1.4247641474044703,1.0007251281542375,3.08820168773206,5.2462249606509195,1.3387263373088203,3.2970536165466777,0.0,41,0,0,0,0,0,0,3,6,0,23,0,0,0,0,1,4,0,0,0,6,0,13,41,23,0.5609756097560976,0.5609756097560976,,,,0.3333333333333333,0.6666666666666666,0.0,1.6075000000000002,0.742790679546294,,47,,,2.0,2.0,,,1.0,0.0,,,1.0,0.0,1.0,1.0,1.0,1.0,1.6473322812568152,0,0.0,0.0,0.0,0.0,0.0,0.0,0.0,0.0,0.0,0.0,0.0,0.0,0.0,0.0
mem_short,9,bump_train,0.18358144003128934,0.19405828450166748,0.4370897169319639,1.4247641474044703,1.0007251281542375,3.08820168773206,5.2462249606509195,1.3387263373088203,3.2970536165466777,0.0,0,0,0,0,0,0,0,0,0,40,0,0,0,0,0,0,0,11,0,0,1,3,3,0,0,,,,,,,,0.335195530726257,8.95,1.7538932146829846,,18,,,,,,,,,,,,,,,,,1.6473322812568152,15,0.24486301369863014,12.0,12.0,5.0,5.0,7.0,6.0,3.0,2.0,2.0,5.0,6.0,5.0,4.0
mem_short,10,roving_ramp_bump,0.12063263171846247,0.11590929087754787,0.2712435233482894,2.1470021087151645,0.9142595957687382,6.024741173486093,4.905973410676884,1.3330656555542153,3.440517103468736,0.0,31,8,4,0,0,0,0,3,3,0,21,5,0,0,0,0,0,0,1,0,9,0,18,39,26,0.6666666666666666,0.6774193548387096,0.625,,,0.0,0.0,0.0,1.1975000000000002,0.8933936253360752,0.28974999999999995,54,1.0,0.0,,,1.0,0.0,,,,,1.0,0.0,,,,,1.8815865424829594,0,0.0,0.0,0.0,0.0,0.0,0.0,0.0,0.0,0.0,0.0,0.0,0.0,0.0,0.0
mem_short,15,double_bump,0.37404019739484634,0.23709019995312708,0.24514215445640034,0.7490241632124641,1.170786959913713,2.17713067514535,1.546846321065791,1.311924870454642,3.1385825657835458,0.0,0,0,0,0,0,0,0,5,25,0,0,0,0,0,0,0,3,0,0,0,0,0,0,0,0,,,,,,0.0,0.12,0.0,0.7666666666666667,6.19200554528651,,3,6.0,0.0,3.0,1.0,5.0,1.0,2.0,0.0,2.0,0.0,3.0,0.0,2.0,0.0,2.0,1.0,1.3403730453296385,0,0.0,0.0,0.0,0.0,0.0,0.0,0.0,0.0,0.0,0.0,0.0,0.0,0.0,0.0
mem_short,15,bump_train,0.37404019739484634,0.23709019995312708,0.24514215445640034,0.7490241632124641,1.170786959913713,2.17713067514535,1.546846321065791,1.311924870454642,3.1385825657835458,0.0,0,0,0,0,0,0,0,0,0,45,0,0,0,0,0,0,0,4,0,0,2,0,0,0,0,,,,,,,,0.0,6.716666666666667,3.6788107126113756,,6,,,,,,,,,,,,,,,,,1.3403730453296385,6,0.2672413793103448,2.0,4.0,3.0,3.0,2.0,0.0,2.0,3.0,4.0,2.0,3.0,1.0,1.0
mem_short,15,roving_bump,0.37404019739484634,0.23709019995312708,0.24514215445640034,0.7490241632124641,1.170786959913713,2.17713067514535,1.546846321065791,1.311924870454642,3.1385825657835458,0.0,42,0,0,0,0,0,0,1,7,0,14,0,0,0,0,0,1,0,0,0,2,0,2,42,14,0.3333333333333333,0.3333333333333333,,,,0.0,0.14285714285714285,0.0,1.3533333333333333,1.014186633039115,,19,1.0,1.0,,,2.0,0.0,1.0,0.0,1.0,0.0,1.0,0.0,1.0,0.0,,,1.3403730453296385,0,0.0,0.0,0.0,0.0,0.0,0.0,0.0,0.0,0.0,0.0,0.0,0.0,0.0,0.0
mem_short,10,bump_train,0.12063263171846247,0.11590929087754787,0.2712435233482894,2.1470021087151645,0.9142595957687382,6.024741173486093,4.905973410676884,1.3330656555542153,3.440517103468736,0.0,0,0,0,0,0,0,0,0,0,41,0,0,0,0,0,0,0,9,0,0,5,2,0,0,0,,,,,,,,0.30456852791878175,6.566666666666666,2.449037776193894,,16,,,,,,,,,,,,,,,,,1.8815865424829594,14,0.23519458544839256,6.0,7.0,6.0,4.0,4.0,3.0,2.0,4.0,5.0,5.0,5.0,4.0,4.0
mem_short,11,roving_ramp_bump,0.3429002282772907,0.3390171657413589,0.8017708217294893,0.792705230402369,1.4533136910495008,0.6050660702276585,5.354208917311372,1.7148714481751501,3.071913637676193,0.0,33,8,4,0,0,0,0,2,5,0,19,2,0,0,0,0,2,0,0,0,0,0,5,41,21,0.5121951219512195,0.5757575757575758,0.25,,,0.0,0.4,0.0,1.6858333333333335,0.4387177875550016,0.47924999999999995,28,,,,,,,1.0,1.0,,,,,3.0,0.0,1.0,1.0,1.0568653060227593,0,0.0,0.0,0.0,0.0,0.0,0.0,0.0,0.0,0.0,0.0,0.0,0.0,0.0,0.0
mem_short,15,roving_ramp_bump,0.37404019739484634,0.23709019995312708,0.24514215445640034,0.7490241632124641,1.170786959913713,2.17713067514535,1.546846321065791,1.311924870454642,3.1385825657835458,0.0,36,8,2,0,0,0,0,0,7,0,8,5,0,0,0,0,1,0,0,0,3,0,2,44,13,0.29545454545454547,0.2222222222222222,0.625,,,,0.14285714285714285,0.0,1.0258333333333334,1.977015064093718,0.41500000000000004,19,,,2.0,0.0,1.0,0.0,1.0,0.0,1.0,0.0,1.0,0.0,,,1.0,1.0,1.3403730453296385,0,0.0,0.0,0.0,0.0,0.0,0.0,0.0,0.0,0.0,0.0,0.0,0.0,0.0,0.0
mem_short,16,double_bump,0.5019832334727348,0.5455639770912972,0.23785103405404656,0.618875545366663,0.9800943251474532,1.8162125922286656,1.2400571704851033,1.0955611717286087,4.624189059727604,0.0,0,0,0,0,0,0,0,10,23,0,0,0,0,0,0,0,2,0,0,0,0,0,0,0,0,,,,,,0.0,0.08695652173913043,0.0,0.8166666666666667,8.734576704545484,,2,,,2.0,0.0,,,3.0,1.0,4.0,0.0,6.0,1.0,3.0,0.0,5.0,0.0,2.3590530733008293,0,0.0,0.0,0.0,0.0,0.0,0.0,0.0,0.0,0.0,0.0,0.0,0.0,0.0,0.0
mem_short,16,roving_bump,0.5019832334727348,0.5455639770912972,0.23785103405404656,0.618875545366663,0.9800943251474532,1.8162125922286656,1.2400571704851033,1.0955611717286087,4.624189059727604,0.0,40,0,0,0,0,0,0,0,7,0,20,0,0,0,0,0,1,0,0,0,2,0,7,40,20,0.5,0.5,,,,,0.14285714285714285,0.0,1.896666666666667,0.805111058036803,,30,1.0,0.0,,,1.0,1.0,2.0,0.0,2.0,0.0,,,,,1.0,0.0,2.3590530733008293,0,0.0,0.0,0.0,0.0,0.0,0.0,0.0,0.0,0.0,0.0,0.0,0.0,0.0,0.0
mem_short,16,bump_train,0.5019832334727348,0.5455639770912972,0.23785103405404656,0.618875545366663,0.9800943251474532,1.8162125922286656,1.2400571704851033,1.0955611717286087,4.624189059727604,0.0,0,0,0,0,0,0,0,0,0,38,0,0,0,0,0,0,0,2,0,0,1,0,0,0,0,,,,,,,,0.0,11.683333333333334,2.524540000958505,,3,,,,,,,,,,,,,,,,,2.3590530733008293,3,0.23235800344234078,2.0,2.0,1.0,1.0,0.0,0.0,0.0,0.0,0.0,1.0,2.0,2.0,1.0
mem_short,16,roving_ramp_bump,0.5019832334727348,0.5455639770912972,0.23785103405404656,0.618875545366663,0.9800943251474532,1.8162125922286656,1.2400571704851033,1.0955611717286087,4.624189059727604,0.0,31,9,3,0,0,0,0,3,5,0,11,2,0,0,0,0,1,0,0,0,0,0,4,40,13,0.325,0.3548387096774194,0.2222222222222222,,,0.0,0.2,0.0,2.2641666666666667,1.2882865062654054,0.566,18,1.0,0.0,,,,,,,1.0,1.0,,,1.0,0.0,2.0,0.0,2.3590530733008293,0,0.0,0.0,0.0,0.0,0.0,0.0,0.0,0.0,0.0,0.0,0.0,0.0,0.0,0.0
mem_short,12,bump_train,0.09336582398284489,0.07424392048865631,0.6066742929344839,1.4172639932872968,0.6024089843772408,2.146478690706383,7.243353627050185,0.9997406349125223,3.278140591472488,0.0,0,0,0,0,0,0,0,0,0,37,0,0,0,0,0,0,0,17,0,0,13,8,2,0,0,,,,,,,,0.7960199004975124,10.05,3.18375,,40,,,,,,,,,,,,,,,,,2.720859645595566,31,0.2268041237113402,8.0,11.0,9.0,12.0,9.0,13.0,14.0,12.0,10.0,10.0,10.0,7.0,7.0
mem_short,12,roving_ramp_bump,0.09336582398284489,0.07424392048865631,0.6066742929344839,1.4172639932872968,0.6024089843772408,2.146478690706383,7.243353627050185,0.9997406349125223,3.278140591472488,0.0,29,8,3,0,0,0,0,5,2,0,14,6,0,0,0,3,2,0,1,0,19,3,9,37,20,0.5405405405405406,0.4827586206896552,0.75,,,0.6,1.0,0.8137432188065099,3.686666666666667,2.3496774193548435,0.12987500000000002,57,1.0,1.0,,,,,,,,,,,1.0,1.0,,,2.720859645595566,0,0.0,0.0,0.0,0.0,0.0,0.0,0.0,0.0,0.0,0.0,0.0,0.0,0.0,0.0
mem_short,13,roving_ramp_bump,0.0100013373778227,0.04,0.7170729874190037,1.0562317729986592,0.727428848908451,1.1506868157337085,6.380517913193917,1.0531927540546409,2.153144228791056,0.0,35,9,2,0,0,0,0,1,5,0,19,8,0,0,0,1,4,0,0,0,47,3,18,44,27,0.6136363636363636,0.5428571428571428,0.8888888888888888,,,1.0,0.8,1.906779661016949,1.5733333333333335,1.857212333753552,0.040000000000000036,100,,,,,2.0,2.0,,,,,,,2.0,1.0,1.0,1.0,1.4799689564291911,0,0.0,0.0,0.0,0.0,0.0,0.0,0.0,0.0,0.0,0.0,0.0,0.0,0.0,0.0
mem_short,13,roving_bump,0.0100013373778227,0.04,0.7170729874190037,1.0562317729986592,0.727428848908451,1.1506868157337085,6.380517913193917,1.0531927540546409,2.153144228791056,0.0,39,0,0,0,0,0,0,1,7,0,22,0,0,0,0,0,7,0,0,0,45,4,28,39,22,0.5641025641025641,0.5641025641025641,,,,0.0,1.0,2.8639618138424816,1.396666666666667,1.871745152354584,,106,2.0,2.0,3.0,3.0,,,,,2.0,2.0,,,,,,,1.4799689564291911,0,0.0,0.0,0.0,0.0,0.0,0.0,0.0,0.0,0.0,0.0,0.0,0.0,0.0,0.0
mem_short,13,bump_train,0.0100013373778227,0.04,0.7170729874190037,1.0562317729986592,0.727428848908451,1.1506868157337085,6.380517913193917,1.0531927540546409,2.153144228791056,0.0,0,0,0,0,0,0,0,0,0,50,0,0,0,0,0,0,0,40,0,0,47,18,21,0,0,,,,,,,,3.6241610738255035,4.966666666666667,2.6259866823769356,,126,,,,,,,,,,,,,,,,,1.4799689564291911,106,0.293015332197615,38.0,38.0,38.0,32.0,40.0,39.0,42.0,34.0,35.0,36.0,39.0,43.0,38.0
mem_short,12,roving_bump,0.09336582398284489,0.07424392048865631,0.6066742929344839,1.4172639932872968,0.6024089843772408,2.146478690706383,7.243353627050185,0.9997406349125223,3.278140591472488,0.0,46,0,0,0,0,0,0,1,6,0,23,0,0,0,0,1,5,0,0,0,21,0,7,46,23,0.5,0.5,,,,1.0,0.8333333333333334,0.0,1.32,1.0033222591362199,,57,1.0,1.0,2.0,2.0,,,,,,,,,3.0,2.0,,,2.720859645595566,0,0.0,0.0,0.0,0.0,0.0,0.0,0.0,0.0,0.0,0.0,0.0,0.0,0.0,0.0
mem_short,17,double_bump,0.2899601673617658,0.32022118106542685,0.33288745944942855,0.9496834790490949,1.2382970915612794,2.439503712146889,2.6632360429411617,1.4384323650720185,2.8455276393185924,0.0,0,0,0,0,0,0,0,7,26,0,0,0,0,0,0,3,9,0,0,0,3,0,3,0,0,,,,,,0.42857142857142855,0.34615384615384615,0.0,0.85,4.236787109924128,,18,3.0,2.0,4.0,1.0,3.0,1.0,3.0,1.0,6.0,3.0,3.0,1.0,2.0,0.0,2.0,0.0,1.1489680702273442,0,0.0,0.0,0.0,0.0,0.0,0.0,0.0,0.0,0.0,0.0,0.0,0.0,0.0,0.0
mem_short,14,roving_ramp_bump,0.12393572091776338,0.10276582370328677,0.7234933306535897,1.2725343618911638,0.9838083001463696,1.3548731144373916,7.755992713205946,1.3783617429209238,2.575047670465783,0.0,36,9,2,0,0,0,0,0,5,0,16,8,0,0,0,0,2,0,1,0,13,3,7,45,24,0.5333333333333333,0.4444444444444444,0.8888888888888888,,,,0.4,1.0013908205841446,2.995833333333333,1.0999353951490813,0.1027499999999999,50,1.0,0.0,1.0,0.0,,,1.0,1.0,1.0,1.0,,,1.0,0.0,,,1.3087141418113017,0,0.0,0.0,0.0,0.0,0.0,0.0,0.0,0.0,0.0,0.0,0.0,0.0,0.0,0.0
mem_short,18,double_bump,0.1766926770514076,0.22691843518295393,0.41736661588790525,1.3244522691639191,1.134754051259602,2.9713593172906494,4.65679759273613,1.4423161790500232,2.7266353277444826,0.0,0,0,0,0,0,0,0,10,23,0,0,0,0,0,0,3,11,0,0,0,2,0,3,0,0,,,,,,0.3,0.4782608695652174,0.0,1.4166666666666667,3.612559283727424,,19,2.0,0.0,2.0,1.0,4.0,2.0,1.0,0.0,5.0,3.0,5.0,1.0,1.0,1.0,3.0,3.0,1.2014212792269203,0,0.0,0.0,0.0,0.0,0.0,0.0,0.0,0.0,0.0,0.0,0.0,0.0,0.0,0.0
mem_short,17,roving_bump,0.2899601673617658,0.32022118106542685,0.33288745944942855,0.9496834790490949,1.2382970915612794,2.439503712146889,2.6632360429411617,1.4384323650720185,2.8455276393185924,0.0,33,0,0,0,0,0,0,3,5,0,22,0,0,0,0,0,4,0,0,0,5,1,17,33,22,0.6666666666666666,0.6666666666666666,,,,0.0,0.8,0.34873583260680036,2.8675,0.5587697421103893,,49,1.0,1.0,,,1.0,0.0,,,1.0,1.0,1.0,1.0,1.0,1.0,,,1.1489680702273442,0,0.0,0.0,0.0,0.0,0.0,0.0,0.0,0.0,0.0,0.0,0.0,0.0,0.0,0.0
mem_short,13,double_bump,0.0100013373778227,0.04,0.7170729874190037,1.0562317729986592,0.727428848908451,1.1506868157337085,6.380517913193917,1.0531927540546409,2.153144228791056,0.0,0,0,0,0,0,0,0,4,26,0,0,0,0,0,0,4,21,0,0,0,34,3,50,0,0,,,,,,1.0,0.8076923076923077,2.9508196721311477,1.0166666666666666,3.346888172576246,,112,5.0,5.0,3.0,3.0,3.0,2.0,3.0,2.0,3.0,1.0,2.0,2.0,3.0,3.0,4.0,3.0,1.4799689564291911,0,0.0,0.0,0.0,0.0,0.0,0.0,0.0,0.0,0.0,0.0,0.0,0.0,0.0,0.0
mem_short,14,roving_bump,0.12393572091776338,0.10276582370328677,0.7234933306535897,1.2725343618911638,0.9838083001463696,1.3548731144373916,7.755992713205946,1.3783617429209238,2.575047670465783,0.0,41,0,0,0,0,0,0,1,6,0,18,0,0,0,0,0,3,0,0,0,10,1,6,41,18,0.43902439024390244,0.43902439024390244,,,,0.0,0.5,0.44133872747333575,2.2658333333333336,0.9325174825175327,,38,1.0,1.0,1.0,1.0,2.0,1.0,1.0,0.0,,,,,,,1.0,0.0,1.3087141418113017,0,0.0,0.0,0.0,0.0,0.0,0.0,0.0,0.0,0.0,0.0,0.0,0.0,0.0,0.0
mem_short,14,double_bump,0.12393572091776338,0.10276582370328677,0.7234933306535897,1.2725343618911638,0.9838083001463696,1.3548731144373916,7.755992713205946,1.3783617429209238,2.575047670465783,0.0,0,0,0,0,0,0,0,5,26,0,0,0,0,0,0,1,15,0,0,0,11,0,7,0,0,,,,,,0.2,0.5769230769230769,0.0,0.8333333333333334,4.857874999999993,,34,5.0,3.0,4.0,2.0,2.0,2.0,3.0,0.0,5.0,2.0,2.0,2.0,3.0,2.0,2.0,2.0,1.3087141418113017,0,0.0,0.0,0.0,0.0,0.0,0.0,0.0,0.0,0.0,0.0,0.0,0.0,0.0,0.0
mem_short,17,roving_ramp_bump,0.2899601673617658,0.32022118106542685,0.33288745944942855,0.9496834790490949,1.2382970915612794,2.439503712146889,2.6632360429411617,1.4384323650720185,2.8455276393185924,0.0,30,8,3,0,0,0,0,0,5,0,14,6,0,0,0,0,4,0,0,0,2,0,14,38,20,0.5263157894736842,0.4666666666666667,0.75,,,,0.8,0.0,2.6950000000000003,1.7937587744216663,0.425125,40,1.0,1.0,1.0,0.0,,,,,,,2.0,2.0,,,1.0,1.0,1.1489680702273442,0,0.0,0.0,0.0,0.0,0.0,0.0,0.0,0.0,0.0,0.0,0.0,0.0,0.0,0.0
mem_short,18,roving_ramp_bump,0.1766926770514076,0.22691843518295393,0.41736661588790525,1.3244522691639191,1.134754051259602,2.9713593172906494,4.65679759273613,1.4423161790500232,2.7266353277444826,0.0,29,9,4,0,0,0,0,0,6,0,21,8,0,0,0,0,5,0,2,0,7,0,26,38,29,0.7631578947368421,0.7241379310344828,0.8888888888888888,,,,0.8333333333333334,0.0,1.6791666666666667,0.8596638877861702,0.39525,69,,,1.0,1.0,2.0,2.0,1.0,0.0,,,,,,,2.0,2.0,1.2014212792269203,0,0.0,0.0,0.0,0.0,0.0,0.0,0.0,0.0,0.0,0.0,0.0,0.0,0.0,0.0
mem_short,18,bump_train,0.1766926770514076,0.22691843518295393,0.41736661588790525,1.3244522691639191,1.134754051259602,2.9713593172906494,4.65679759273613,1.4423161790500232,2.7266353277444826,0.0,0,0,0,0,0,0,0,0,0,34,0,0,0,0,0,0,0,11,0,0,2,4,3,0,0,,,,,,,,0.3256445047489824,12.283333333333333,1.4671107410490607,,20,,,,,,,,,,,,,,,,,1.2014212792269203,16,0.21453287197231835,12.0,12.0,5.0,2.0,4.0,3.0,4.0,4.0,2.0,2.0,2.0,2.0,1.0
mem_short,17,bump_train,0.2899601673617658,0.32022118106542685,0.33288745944942855,0.9496834790490949,1.2382970915612794,2.439503712146889,2.6632360429411617,1.4384323650720185,2.8455276393185924,0.0,0,0,0,0,0,0,0,0,0,40,0,0,0,0,0,0,0,10,0,0,2,1,1,0,0,,,,,,,,0.09008332707754672,11.100833333333334,2.1310024986830953,,14,,,,,,,,,,,,,,,,,1.1489680702273442,13,0.23407917383820998,7.0,9.0,6.0,5.0,4.0,5.0,5.0,4.0,3.0,4.0,4.0,5.0,3.0
mem_short,19,double_bump,0.12729520265940325,0.14837830167782384,0.15100365381354408,0.9775876807674287,0.8641924167629691,3.195840064155922,1.2435879870044722,1.0249993909417467,2.6605705556578663,0.0,0,0,0,0,0,0,0,6,26,0,0,0,0,0,0,5,18,0,0,0,8,4,14,0,0,,,,,,0.8333333333333334,0.6923076923076923,3.8095238095238093,1.05,3.3160523186682673,,49,3.0,3.0,7.0,5.0,,,1.0,1.0,4.0,3.0,2.0,1.0,3.0,1.0,6.0,4.0,1.5393392166200923,0,0.0,0.0,0.0,0.0,0.0,0.0,0.0,0.0,0.0,0.0,0.0,0.0,0.0,0.0
mem_short,18,roving_bump,0.1766926770514076,0.22691843518295393,0.41736661588790525,1.3244522691639191,1.134754051259602,2.9713593172906494,4.65679759273613,1.4423161790500232,2.7266353277444826,0.0,42,0,0,0,0,0,0,0,7,0,24,0,0,0,0,0,7,0,0,0,7,1,21,42,24,0.5714285714285714,0.5714285714285714,,,,,1.0,0.7326007326007326,1.365,0.5605714285714904,,60,,,1.0,1.0,2.0,2.0,,,1.0,1.0,1.0,1.0,1.0,1.0,1.0,1.0,1.2014212792269203,0,0.0,0.0,0.0,0.0,0.0,0.0,0.0,0.0,0.0,0.0,0.0,0.0,0.0,0.0
mem_short,20,double_bump,0.14833817192603113,0.07809593398255132,0.5831461842792209,1.2193066635559493,1.0248875195699836,1.9571324785148958,5.9899573143383344,1.3594274717146584,2.5522995189717417,0.0,0,0,0,0,0,0,0,7,24,0,0,0,0,0,0,1,12,0,0,0,8,0,5,0,0,,,,,,0.14285714285714285,0.5,0.0,0.6833333333333333,5.315750000000094,,26,1.0,1.0,5.0,1.0,1.0,1.0,3.0,2.0,1.0,1.0,6.0,4.0,5.0,1.0,2.0,1.0,1.2451607958123154,0,0.0,0.0,0.0,0.0,0.0,0.0,0.0,0.0,0.0,0.0,0.0,0.0,0.0,0.0
mem_short,19,bump_train,0.12729520265940325,0.14837830167782384,0.15100365381354408,0.9775876807674287,0.8641924167629691,3.195840064155922,1.2435879870044722,1.0249993909417467,2.6605705556578663,0.0,0,0,0,0,0,0,0,0,0,47,0,0,0,0,0,0,0,18,0,0,13,5,3,0,0,,,,,,,,0.6802721088435374,7.35,2.3800180763208925,,39,,,,,,,,,,,,,,,,,1.5393392166200923,34,0.2830188679245283,12.0,15.0,13.0,9.0,11.0,11.0,14.0,13.0,10.0,8.0,9.0,11.0,13.0
mem_short,14,bump_train,0.12393572091776338,0.10276582370328677,0.7234933306535897,1.2725343618911638,0.9838083001463696,1.3548731144373916,7.755992713205946,1.3783617429209238,2.575047670465783,0.0,0,0,0,0,0,0,0,0,0,41,0,0,0,0,0,0,0,12,0,0,8,7,0,0,0,,,,,,,,0.7228915662650602,9.683333333333334,3.109282906646026,,27,,,,,,,,,,,,,,,,,1.3087141418113017,19,0.2508591065292096,8.0,10.0,9.0,6.0,5.0,5.0,7.0,5.0,10.0,8.0,9.0,8.0,8.0
mem_short,19,roving_ramp_bump,0.12729520265940325,0.14837830167782384,0.15100365381354408,0.9775876807674287,0.8641924167629691,3.195840064155922,1.2435879870044722,1.0249993909417467,2.6605705556578663,0.0,35,10,2,0,0,0,0,1,5,0,14,9,0,0,0,0,3,0,1,0,15,0,26,45,23,0.5111111111111111,0.4,0.9,,,0.0,0.6,0.0,0.3866666666666667,1.1624503015203653,0.14850000000000008,68,,,2.0,2.0,,,,,1.0,0.0,2.0,1.0,,,,,1.5393392166200923,0,0.0,0.0,0.0,0.0,0.0,0.0,0.0,0.0,0.0,0.0,0.0,0.0,0.0,0.0
mem_short,23,bump_train,0.2615184655607088,0.25329265053439703,0.6521276506913266,0.9946542285370374,1.2128104964299093,1.332341449301593,5.464344734775608,1.5031580580173753,3.0972068433811506,0.0,0,0,0,0,0,0,0,0,0,47,0,0,0,0,0,0,0,6,0,0,0,0,1,0,0,,,,,,,,0.0,6.35,1.5407409067239106,,7,,,,,,,,,,,,,,,,,1.276871717592421,7,0.2842465753424658,6.0,5.0,3.0,1.0,0.0,0.0,0.0,1.0,2.0,3.0,4.0,3.0,1.0
mem_short,20,roving_ramp_bump,0.14833817192603113,0.07809593398255132,0.5831461842792209,1.2193066635559493,1.0248875195699836,1.9571324785148958,5.9899573143383344,1.3594274717146584,2.5522995189717417,0.0,30,8,3,0,0,0,0,1,5,0,13,4,0,0,0,1,2,0,0,0,10,1,5,38,17,0.4473684210526316,0.43333333333333335,0.5,,,1.0,0.4,0.8163265306122448,1.225,1.498667093466104,0.08774999999999994,36,,,1.0,1.0,,,1.0,0.0,,,1.0,0.0,2.0,1.0,,,1.2451607958123154,0,0.0,0.0,0.0,0.0,0.0,0.0,0.0,0.0,0.0,0.0,0.0,0.0,0.0,0.0
mem_short,21,roving_ramp_bump,0.18545676382600157,0.22489772625324145,0.7532128084043612,0.9733772267458113,0.9898787036930259,0.9249692446994807,6.176354569940357,1.2990327165094675,2.772132182478057,0.0,29,9,3,0,0,0,0,2,4,0,21,6,0,0,0,0,2,0,1,0,14,0,17,38,27,0.7105263157894737,0.7241379310344828,0.6666666666666666,,,0.0,0.5,0.0,2.171666666666667,0.48563464837050063,0.19687499999999997,61,1.0,1.0,2.0,1.0,,,1.0,0.0,,,,,,,,,1.4002383181574793,0,0.0,0.0,0.0,0.0,0.0,0.0,0.0,0.0,0.0,0.0,0.0,0.0,0.0,0.0
mem_short,21,bump_train,0.18545676382600157,0.22489772625324145,0.7532128084043612,0.9733772267458113,0.9898787036930259,0.9249692446994807,6.176354569940357,1.2990327165094675,2.772132182478057,0.0,0,0,0,0,0,0,0,0,0,41,0,0,0,0,0,0,0,18,0,0,7,7,3,0,0,,,,,,,,0.6402439024390244,10.933333333333334,1.827369135661157,,35,,,,,,,,,,,,,,,,,1.4002383181574793,28,0.24440619621342513,13.0,15.0,10.0,8.0,11.0,8.0,9.0,6.0,7.0,7.0,7.0,4.0,4.0
mem_short,21,double_bump,0.18545676382600157,0.22489772625324145,0.7532128084043612,0.9733772267458113,0.9898787036930259,0.9249692446994807,6.176354569940357,1.2990327165094675,2.772132182478057,0.0,0,0,0,0,0,0,0,4,24,0,0,0,0,0,0,2,17,0,0,0,6,1,7,0,0,,,,,,0.5,0.7083333333333334,0.9230769230769231,1.0833333333333333,3.8568432092291633,,33,1.0,0.0,3.0,3.0,,,1.0,1.0,2.0,2.0,8.0,6.0,6.0,2.0,3.0,3.0,1.4002383181574793,0,0.0,0.0,0.0,0.0,0.0,0.0,0.0,0.0,0.0,0.0,0.0,0.0,0.0,0.0
mem_short,22,bump_train,0.042189697552887234,0.04750857856801956,0.16526404815286852,2.092973733086738,0.8551822549668553,6.727231800445426,2.9139057914582303,1.2070518819212812,2.391909007885532,0.0,0,0,0,0,0,0,0,0,0,43,0,0,0,0,0,0,0,22,0,0,21,15,8,0,0,,,,,,,,2.255639097744361,6.65,2.23029630260824,,66,,,,,,,,,,,,,,,,,1.3984790926106367,49,0.257679180887372,25.0,19.0,13.0,11.0,11.0,14.0,14.0,17.0,15.0,14.0,17.0,15.0,16.0
mem_short,20,roving_bump,0.14833817192603113,0.07809593398255132,0.5831461842792209,1.2193066635559493,1.0248875195699836,1.9571324785148958,5.9899573143383344,1.3594274717146584,2.5522995189717417,0.0,38,0,0,0,0,0,0,3,5,0,8,0,0,0,0,0,2,0,0,0,12,1,1,38,8,0.21052631578947367,0.21052631578947367,,,,0.0,0.4,0.5747126436781609,1.74,0.8822073805902215,,24,,,2.0,0.0,1.0,1.0,,,,,1.0,1.0,1.0,0.0,,,1.2451607958123154,0,0.0,0.0,0.0,0.0,0.0,0.0,0.0,0.0,0.0,0.0,0.0,0.0,0.0,0.0
mem_short,22,roving_bump,0.042189697552887234,0.04750857856801956,0.16526404815286852,2.092973733086738,0.8551822549668553,6.727231800445426,2.9139057914582303,1.2070518819212812,2.391909007885532,0.0,42,0,0,0,0,0,0,1,7,0,26,0,0,0,0,1,5,0,0,0,27,2,14,42,26,0.6190476190476191,0.6190476190476191,,,,1.0,0.7142857142857143,2.166064981949458,0.9233333333333335,1.4777775324323028,,75,1.0,1.0,1.0,1.0,,,1.0,1.0,,,1.0,0.0,2.0,1.0,1.0,1.0,1.3984790926106367,0,0.0,0.0,0.0,0.0,0.0,0.0,0.0,0.0,0.0,0.0,0.0,0.0,0.0,0.0
mem_short,20,bump_train,0.14833817192603113,0.07809593398255132,0.5831461842792209,1.2193066635559493,1.0248875195699836,1.9571324785148958,5.9899573143383344,1.3594274717146584,2.5522995189717417,0.0,0,0,0,0,0,0,0,0,0,39,0,0,0,0,0,0,0,11,0,0,7,7,2,0,0,,,,,,,,0.7792207792207793,8.983333333333333,1.693916349809965,,27,,,,,,,,,,,,,,,,,1.2451607958123154,19,0.24054982817869416,7.0,6.0,6.0,6.0,6.0,7.0,5.0,4.0,4.0,3.0,7.0,7.0,7.0
mem_short,22,roving_ramp_bump,0.042189697552887234,0.04750857856801956,0.16526404815286852,2.092973733086738,0.8551822549668553,6.727231800445426,2.9139057914582303,1.2070518819212812,2.391909007885532,0.0,32,6,5,0,0,0,0,1,5,0,20,5,0,0,0,0,5,0,4,0,23,1,14,38,25,0.6578947368421053,0.625,0.8333333333333334,,,0.0,1.0,0.8438818565400843,1.185,2.4619126384271777,0.03574999999999995,72,1.0,1.0,1.0,1.0,1.0,1.0,,,,,2.0,2.0,,,,,1.3984790926106367,0,0.0,0.0,0.0,0.0,0.0,0.0,0.0,0.0,0.0,0.0,0.0,0.0,0.0,0.0
mem_short,22,double_bump,0.042189697552887234,0.04750857856801956,0.16526404815286852,2.092973733086738,0.8551822549668553,6.727231800445426,2.9139057914582303,1.2070518819212812,2.391909007885532,0.0,0,0,0,0,0,0,0,9,22,0,0,0,0,0,0,6,18,0,0,0,14,2,20,0,0,,,,,,0.6666666666666666,0.8181818181818182,1.9354838709677418,1.0333333333333334,2.79483978029846,,60,2.0,2.0,3.0,2.0,6.0,6.0,1.0,1.0,,,6.0,4.0,,,4.0,3.0,1.3984790926106367,0,0.0,0.0,0.0,0.0,0.0,0.0,0.0,0.0,0.0,0.0,0.0,0.0,0.0,0.0
mem_short,19,roving_bump,0.12729520265940325,0.14837830167782384,0.15100365381354408,0.9775876807674287,0.8641924167629691,3.195840064155922,1.2435879870044722,1.0249993909417467,2.6605705556578663,0.0,39,0,0,0,0,0,0,2,5,0,18,0,0,0,0,1,3,0,0,0,12,3,5,39,18,0.46153846153846156,0.46153846153846156,,,,0.5,0.6,1.0876132930513596,2.7583333333333333,1.9699709268014376,,42,,,1.0,1.0,,,2.0,1.0,,,2.0,1.0,,,,,1.5393392166200923,0,0.0,0.0,0.0,0.0,0.0,0.0,0.0,0.0,0.0,0.0,0.0,0.0,0.0,0.0
mem_short,23,roving_bump,0.2615184655607088,0.25329265053439703,0.6521276506913266,0.9946542285370374,1.2128104964299093,1.332341449301593,5.464344734775608,1.5031580580173753,3.0972068433811506,0.0,37,0,0,0,0,0,0,0,8,0,21,0,0,0,0,0,1,0,0,0,0,0,5,37,21,0.5675675675675675,0.5675675675675675,,,,,0.125,0.0,2.4575000000000005,0.594174069053373,,27,,,3.0,0.0,,,,,1.0,1.0,1.0,0.0,2.0,0.0,1.0,0.0,1.276871717592421,0,0.0,0.0,0.0,0.0,0.0,0.0,0.0,0.0,0.0,0.0,0.0,0.0,0.0,0.0
mem_short,21,roving_bump,0.18545676382600157,0.22489772625324145,0.7532128084043612,0.9733772267458113,0.9898787036930259,0.9249692446994807,6.176354569940357,1.2990327165094675,2.772132182478057,0.0,42,0,0,0,0,0,0,1,6,0,26,0,0,0,0,1,3,0,0,0,10,2,14,42,26,0.6190476190476191,0.6190476190476191,,,,1.0,0.5,0.890207715133531,2.246666666666667,0.6355373325150044,,56,1.0,1.0,1.0,0.0,1.0,1.0,,,2.0,0.0,,,1.0,1.0,,,1.4002383181574793,0,0.0,0.0,0.0,0.0,0.0,0.0,0.0,0.0,0.0,0.0,0.0,0.0,0.0,0.0
mem_short,23,roving_ramp_bump,0.2615184655607088,0.25329265053439703,0.6521276506913266,0.9946542285370374,1.2128104964299093,1.332341449301593,5.464344734775608,1.5031580580173753,3.0972068433811506,0.0,29,7,3,0,0,0,0,2,4,0,17,2,0,0,0,2,0,0,0,0,4,0,4,36,19,0.5277777777777778,0.5862068965517241,0.2857142857142857,,,1.0,0.0,0.0,2.751666666666667,0.565335506655797,0.506625,29,,,,,,,2.0,0.0,,,1.0,0.0,1.0,0.0,,,1.276871717592421,0,0.0,0.0,0.0,0.0,0.0,0.0,0.0,0.0,0.0,0.0,0.0,0.0,0.0,0.0
mem_short,23,double_bump,0.2615184655607088,0.25329265053439703,0.6521276506913266,0.9946542285370374,1.2128104964299093,1.332341449301593,5.464344734775608,1.5031580580173753,3.0972068433811506,0.0,0,0,0,0,0,0,0,8,21,0,0,0,0,0,0,2,9,0,0,0,1,1,5,0,0,,,,,,0.25,0.42857142857142855,0.5172413793103449,1.9333333333333333,2.458398047481702,,18,6.0,4.0,3.0,1.0,1.0,1.0,2.0,1.0,2.0,2.0,4.0,0.0,2.0,0.0,1.0,0.0,1.276871717592421,0,0.0,0.0,0.0,0.0,0.0,0.0,0.0,0.0,0.0,0.0,0.0,0.0,0.0,0.0
mem_short,24,double_bump,0.13537166720262278,0.11291543687144107,0.5092113449251696,1.6143379802582773,1.0584062306453565,3.050791131475754,6.925097262587895,1.470983456241882,2.7065124402710783,0.0,0,0,0,0,0,0,0,4,25,0,0,0,0,0,0,1,13,0,0,0,4,0,3,0,0,,,,,,0.25,0.52,0.0,1.2666666666666666,4.358250000000027,,21,6.0,4.0,4.0,1.0,4.0,2.0,5.0,2.0,,,3.0,3.0,1.0,1.0,2.0,0.0,1.2785792269102574,0,0.0,0.0,0.0,0.0,0.0,0.0,0.0,0.0,0.0,0.0,0.0,0.0,0.0,0.0
mem_short,24,bump_train,0.13537166720262278,0.11291543687144107,0.5092113449251696,1.6143379802582773,1.0584062306453565,3.050791131475754,6.925097262587895,1.470983456241882,2.7065124402710783,0.0,0,0,0,0,0,0,0,0,0,49,0,0,0,0,0,0,0,10,0,0,9,2,0,0,0,,,,,,,,0.25477707006369427,7.85,3.1016398763524107,,21,,,,,,,,,,,,,,,,,1.2785792269102574,19,0.29930795847750863,5.0,6.0,5.0,5.0,5.0,5.0,8.0,7.0,8.0,7.0,9.0,10.0,13.0
mem_short,24,roving_bump,0.13537166720262278,0.11291543687144107,0.5092113449251696,1.6143379802582773,1.0584062306453565,3.050791131475754,6.925097262587895,1.470983456241882,2.7065124402710783,0.0,35,0,0,0,0,0,0,3,6,0,10,0,0,0,0,2,2,0,0,0,12,1,6,35,10,0.2857142857142857,0.2857142857142857,,,,0.6666666666666666,0.3333333333333333,0.3825310806503028,2.614166666666667,0.9892544455193646,,33,,,2.0,1.0,2.0,1.0,,,,,1.0,0.0,,,1.0,0.0,1.2785792269102574,0,0.0,0.0,0.0,0.0,0.0,0.0,0.0,0.0,0.0,0.0,0.0,0.0,0.0,0.0
mem_short,25,bump_train,0.10810383245140187,0.11910954569146219,0.5400327662534677,1.6942055254073953,1.0311441825746723,3.0006578981238823,7.707606726889924,1.4774099561239764,2.5396762598713445,0.0,0,0,0,0,0,0,0,0,0,45,0,0,0,0,0,0,0,17,0,0,7,10,4,0,0,,,,,,,,1.0988004761468728,9.100833333333334,4.078233102714235,,38,,,,,,,,,,,,,,,,,1.231484550264351,27,0.2754385964912281,12.0,12.0,15.0,14.0,14.0,11.0,10.0,11.0,7.0,6.0,7.0,7.0,8.0
mem_short,25,double_bump,0.10810383245140187,0.11910954569146219,0.5400327662534677,1.6942055254073953,1.0311441825746723,3.0006578981238823,7.707606726889924,1.4774099561239764,2.5396762598713445,0.0,0,0,0,0,0,0,0,6,25,0,0,0,0,0,0,2,17,0,0,0,15,0,14,0,0,,,,,,0.3333333333333333,0.68,0.0,1.4666666666666666,2.6360125512913877,,48,6.0,5.0,1.0,0.0,3.0,3.0,2.0,1.0,4.0,2.0,1.0,1.0,4.0,1.0,4.0,4.0,1.231484550264351,0,0.0,0.0,0.0,0.0,0.0,0.0,0.0,0.0,0.0,0.0,0.0,0.0,0.0,0.0
mem_short,26,roving_bump,0.114901188429914,0.12024071702070922,0.48671309777178606,1.788812749393357,0.9577017606042671,3.53548142220697,7.334512569173723,1.4046369778765473,2.8109876289620184,0.0,36,0,0,0,0,0,0,0,8,0,24,0,0,0,0,0,5,0,0,0,15,1,15,36,24,0.6666666666666666,0.6666666666666666,,,,,0.625,0.357355568790947,2.7983333333333333,0.6403481504507135,,60,,,2.0,2.0,2.0,2.0,1.0,1.0,,,,,1.0,0.0,2.0,0.0,1.4675694170116231,0,0.0,0.0,0.0,0.0,0.0,0.0,0.0,0.0,0.0,0.0,0.0,0.0,0.0,0.0
mem_short,26,double_bump,0.114901188429914,0.12024071702070922,0.48671309777178606,1.788812749393357,0.9577017606042671,3.53548142220697,7.334512569173723,1.4046369778765473,2.8109876289620184,0.0,0,0,0,0,0,0,0,4,29,0,0,0,0,0,0,2,19,0,0,0,4,0,11,0,0,,,,,,0.5,0.6551724137931034,0.0,0.4666666666666667,3.5279081898799913,,36,3.0,2.0,6.0,4.0,1.0,1.0,2.0,2.0,6.0,3.0,3.0,3.0,3.0,1.0,5.0,3.0,1.4675694170116231,0,0.0,0.0,0.0,0.0,0.0,0.0,0.0,0.0,0.0,0.0,0.0,0.0,0.0,0.0
mem_short,25,roving_ramp_bump,0.10810383245140187,0.11910954569146219,0.5400327662534677,1.6942055254073953,1.0311441825746723,3.0006578981238823,7.707606726889924,1.4774099561239764,2.5396762598713445,0.0,31,9,1,0,0,0,0,4,4,0,20,8,0,0,0,1,3,0,1,0,24,0,26,40,28,0.7,0.6451612903225806,0.8888888888888888,,,0.25,0.75,0.0,1.0733333333333335,1.2336380145858459,0.19362499999999994,83,,,,,1.0,1.0,1.0,1.0,1.0,0.0,,,,,1.0,1.0,1.231484550264351,0,0.0,0.0,0.0,0.0,0.0,0.0,0.0,0.0,0.0,0.0,0.0,0.0,0.0,0.0
mem_short,29,bump_train,0.32521383001379783,0.3555615627862601,0.45035033529132606,1.0445249034321862,1.310258826224253,2.210692113107229,3.962804352297284,1.5615764304621194,3.584703826786896,0.0,0,0,0,0,0,0,0,0,0,49,0,0,0,0,0,0,0,8,0,0,0,0,0,0,0,,,,,,,,0.0,5.616666666666666,3.5691250000000423,,8,,,,,,,,,,,,,,,,,1.367937294159226,8,0.2917369308600337,5.0,7.0,5.0,7.0,3.0,4.0,2.0,3.0,3.0,2.0,2.0,0.0,1.0
mem_short,26,roving_ramp_bump,0.114901188429914,0.12024071702070922,0.48671309777178606,1.788812749393357,0.9577017606042671,3.53548142220697,7.334512569173723,1.4046369778765473,2.8109876289620184,0.0,37,9,1,0,0,0,0,1,5,0,22,7,0,0,0,0,4,0,0,0,6,2,19,46,29,0.6304347826086957,0.5945945945945946,0.7777777777777778,,,0.0,0.8,1.683029453015428,1.1883333333333332,1.0782414307004606,0.21050000000000002,60,2.0,2.0,,,,,1.0,0.0,,,1.0,1.0,,,1.0,1.0,1.4675694170116231,0,0.0,0.0,0.0,0.0,0.0,0.0,0.0,0.0,0.0,0.0,0.0,0.0,0.0,0.0
mem_short,27,double_bump,0.2471026572744093,0.26768909352174114,0.41109695640511806,0.9683578647632682,1.2397828998690157,2.1958525725398697,3.353617194283076,1.4631097056389122,2.6557278506357784,0.0,0,0,0,0,0,0,0,10,24,0,0,0,0,0,0,4,8,0,0,0,9,0,2,0,0,,,,,,0.4,0.3333333333333333,0.0,0.8833333333333333,2.2689108824623827,,23,4.0,2.0,4.0,0.0,2.0,0.0,2.0,1.0,1.0,0.0,1.0,0.0,8.0,4.0,2.0,1.0,1.0710455237430516,0,0.0,0.0,0.0,0.0,0.0,0.0,0.0,0.0,0.0,0.0,0.0,0.0,0.0,0.0
mem_short,24,roving_ramp_bump,0.13537166720262278,0.11291543687144107,0.5092113449251696,1.6143379802582773,1.0584062306453565,3.050791131475754,6.925097262587895,1.470983456241882,2.7065124402710783,0.0,34,9,2,0,0,0,0,2,5,0,21,7,0,0,0,0,2,0,0,0,4,1,15,43,28,0.6511627906976745,0.6176470588235294,0.7777777777777778,,,0.0,0.4,1.073345259391771,0.9316666666666668,1.4563277132970007,0.22575,50,,,,,,,2.0,0.0,,,3.0,2.0,,,,,1.2785792269102574,0,0.0,0.0,0.0,0.0,0.0,0.0,0.0,0.0,0.0,0.0,0.0,0.0,0.0,0.0
mem_short,25,roving_bump,0.10810383245140187,0.11910954569146219,0.5400327662534677,1.6942055254073953,1.0311441825746723,3.0006578981238823,7.707606726889924,1.4774099561239764,2.5396762598713445,0.0,36,0,0,0,0,0,0,0,7,0,22,0,0,0,0,0,5,0,0,0,15,3,19,36,22,0.6111111111111112,0.6111111111111112,,,,,0.7142857142857143,0.9758742206560042,3.074166666666667,0.5602657386903106,,64,1.0,1.0,,,2.0,2.0,,,2.0,1.0,2.0,1.0,,,,,1.231484550264351,0,0.0,0.0,0.0,0.0,0.0,0.0,0.0,0.0,0.0,0.0,0.0,0.0,0.0,0.0
mem_short,26,bump_train,0.114901188429914,0.12024071702070922,0.48671309777178606,1.788812749393357,0.9577017606042671,3.53548142220697,7.334512569173723,1.4046369778765473,2.8109876289620184,0.0,0,0,0,0,0,0,0,0,0,40,0,0,0,0,0,0,0,16,0,0,10,5,4,0,0,,,,,,,,0.7159904534606205,6.983333333333333,1.7902738379140977,,35,,,,,,,,,,,,,,,,,1.4675694170116231,29,0.22797927461139897,14.0,13.0,9.0,7.0,8.0,7.0,5.0,6.0,7.0,7.0,8.0,8.0,10.0
mem_short,27,roving_bump,0.2471026572744093,0.26768909352174114,0.41109695640511806,0.9683578647632682,1.2397828998690157,2.1958525725398697,3.353617194283076,1.4631097056389122,2.6557278506357784,0.0,40,0,0,0,0,0,0,2,6,0,27,0,0,0,0,1,4,0,0,0,11,0,9,40,27,0.675,0.675,,,,0.5,0.6666666666666666,0.0,1.3225000000000002,0.7305774314675775,,52,1.0,1.0,1.0,1.0,,,,,1.0,0.0,,,1.0,0.0,2.0,2.0,1.0710455237430516,0,0.0,0.0,0.0,0.0,0.0,0.0,0.0,0.0,0.0,0.0,0.0,0.0,0.0,0.0
mem_short,29,roving_bump,0.32521383001379783,0.3555615627862601,0.45035033529132606,1.0445249034321862,1.310258826224253,2.210692113107229,3.962804352297284,1.5615764304621194,3.584703826786896,0.0,40,0,0,0,0,0,0,1,6,0,22,0,0,0,0,0,0,0,0,0,0,0,6,40,22,0.55,0.55,,,,0.0,0.0,0.0,1.2558333333333336,0.5589615921211002,,28,,,1.0,0.0,1.0,0.0,2.0,0.0,,,1.0,0.0,,,1.0,0.0,1.367937294159226,0,0.0,0.0,0.0,0.0,0.0,0.0,0.0,0.0,0.0,0.0,0.0,0.0,0.0,0.0
mem_short,28,roving_bump,0.13464947663691393,0.157991483097171,0.3714634787001472,1.508591449304655,1.026105613835765,3.6511162002438815,4.7208598263031165,1.358821163014564,2.6952995003949933,0.0,34,0,0,0,0,0,0,3,6,0,24,0,0,0,0,1,4,0,0,0,7,0,27,34,24,0.7058823529411765,0.7058823529411765,,,,0.3333333333333333,0.6666666666666666,0.0,2.754166666666667,0.5086716594403097,,63,,,1.0,0.0,3.0,3.0,1.0,0.0,,,,,,,1.0,1.0,1.3133635875548355,0,0.0,0.0,0.0,0.0,0.0,0.0,0.0,0.0,0.0,0.0,0.0,0.0,0.0,0.0
mem_short,29,double_bump,0.32521383001379783,0.3555615627862601,0.45035033529132606,1.0445249034321862,1.310258826224253,2.210692113107229,3.962804352297284,1.5615764304621194,3.584703826786896,0.0,0,0,0,0,0,0,0,8,23,0,0,0,0,0,0,2,7,0,0,0,0,0,4,0,0,,,,,,0.25,0.30434782608695654,0.0,0.9333333333333333,6.309930178432974,,13,,,5.0,1.0,3.0,3.0,4.0,1.0,3.0,1.0,4.0,0.0,1.0,0.0,3.0,1.0,1.367937294159226,0,0.0,0.0,0.0,0.0,0.0,0.0,0.0,0.0,0.0,0.0,0.0,0.0,0.0,0.0
mem_short,27,roving_ramp_bump,0.2471026572744093,0.26768909352174114,0.41109695640511806,0.9683578647632682,1.2397828998690157,2.1958525725398697,3.353617194283076,1.4631097056389122,2.6557278506357784,0.0,35,7,5,0,0,0,0,2,5,0,23,6,0,0,0,0,3,0,1,0,4,1,8,42,29,0.6904761904761905,0.6571428571428571,0.8571428571428571,,,0.0,0.6,0.6198347107438016,1.6133333333333335,0.7405097427248516,0.368,46,3.0,2.0,1.0,1.0,1.0,0.0,,,,,,,,,,,1.0710455237430516,0,0.0,0.0,0.0,0.0,0.0,0.0,0.0,0.0,0.0,0.0,0.0,0.0,0.0,0.0
mem_short,27,bump_train,0.2471026572744093,0.26768909352174114,0.41109695640511806,0.9683578647632682,1.2397828998690157,2.1958525725398697,3.353617194283076,1.4631097056389122,2.6557278506357784,0.0,0,0,0,0,0,0,0,0,0,43,0,0,0,0,0,0,0,16,0,0,2,3,2,0,0,,,,,,,,0.3742203742203742,8.016666666666667,3.016070610864118,,23,,,,,,,,,,,,,,,,,1.0710455237430516,20,0.2624356775300172,12.0,12.0,8.0,10.0,7.0,6.0,4.0,3.0,5.0,6.0,7.0,7.0,3.0
mem_short,28,bump_train,0.13464947663691393,0.157991483097171,0.3714634787001472,1.508591449304655,1.026105613835765,3.6511162002438815,4.7208598263031165,1.358821163014564,2.6952995003949933,0.0,0,0,0,0,0,0,0,0,0,47,0,0,0,0,0,0,0,15,0,0,5,3,8,0,0,,,,,,,,0.46035805626598464,6.516666666666667,1.756436216372646,,31,,,,,,,,,,,,,,,,,1.3133635875548355,28,0.2857142857142857,13.0,14.0,10.0,12.0,10.0,8.0,9.0,8.0,12.0,11.0,10.0,9.0,7.0
mem_short,28,roving_ramp_bump,0.13464947663691393,0.157991483097171,0.3714634787001472,1.508591449304655,1.026105613835765,3.6511162002438815,4.7208598263031165,1.358821163014564,2.6952995003949933,0.0,33,9,2,0,0,0,0,0,6,0,19,9,0,0,0,0,2,0,0,0,12,0,23,42,28,0.6666666666666666,0.5757575757575758,1.0,,,,0.3333333333333333,0.0,0.7366666666666667,1.4392416891437367,0.237,65,2.0,1.0,1.0,0.0,,,,,1.0,1.0,,,2.0,0.0,,,1.3133635875548355,0,0.0,0.0,0.0,0.0,0.0,0.0,0.0,0.0,0.0,0.0,0.0,0.0,0.0,0.0
mem_short,28,double_bump,0.13464947663691393,0.157991483097171,0.3714634787001472,1.508591449304655,1.026105613835765,3.6511162002438815,4.7208598263031165,1.358821163014564,2.6952995003949933,0.0,0,0,0,0,0,0,0,4,28,0,0,0,0,0,0,3,18,0,0,0,13,0,11,0,0,,,,,,0.75,0.6428571428571429,0.0,1.1666666666666667,3.8150782361308666,,45,3.0,3.0,5.0,4.0,3.0,1.0,4.0,3.0,6.0,3.0,1.0,1.0,5.0,3.0,1.0,0.0,1.3133635875548355,0,0.0,0.0,0.0,0.0,0.0,0.0,0.0,0.0,0.0,0.0,0.0,0.0,0.0,0.0
mem_medium,0,double_bump,0.17443880055521202,0.20807863156723633,0.3945930530537157,0.9152516591494702,0.32767673399328734,2.133592227453958,3.042448964949781,0.5349153489871563,5.7584178266940285,0.0,0,0,0,0,0,0,0,3,26,0,0,0,0,0,0,0,18,0,0,0,4,0,9,0,0,,,,,,0.0,0.6923076923076923,0.0,1.1166666666666667,2.3846692220969903,,31,5.0,4.0,3.0,2.0,4.0,4.0,2.0,1.0,2.0,1.0,3.0,3.0,4.0,1.0,3.0,2.0,8.786735873063225,0,0.0,0.0,0.0,0.0,0.0,0.0,0.0,0.0,0.0,0.0,0.0,0.0,0.0,0.0
mem_medium,0,roving_bump,0.17443880055521202,0.20807863156723633,0.3945930530537157,0.9152516591494702,0.32767673399328734,2.133592227453958,3.042448964949781,0.5349153489871563,5.7584178266940285,0.0,46,0,0,0,0,0,0,2,7,0,29,0,0,0,0,2,4,0,0,0,11,0,9,46,29,0.6304347826086957,0.6304347826086957,,,,1.0,0.5714285714285714,0.0,1.06,1.3657232704402906,,55,,,1.0,0.0,1.0,0.0,,,,,,,3.0,2.0,2.0,2.0,8.786735873063225,0,0.0,0.0,0.0,0.0,0.0,0.0,0.0,0.0,0.0,0.0,0.0,0.0,0.0,0.0
mem_medium,0,roving_ramp_bump,0.17443880055521202,0.20807863156723633,0.3945930530537157,0.9152516591494702,0.32767673399328734,2.133592227453958,3.042448964949781,0.5349153489871563,5.7584178266940285,0.0,25,10,2,0,0,0,0,1,5,0,14,9,0,0,0,0,2,0,1,0,12,0,18,35,23,0.6571428571428571,0.56,0.9,,,0.0,0.4,0.0,3.6275,1.731537976015167,0.26,56,,,1.0,0.0,2.0,2.0,,,,,2.0,0.0,,,,,8.786735873063225,0,0.0,0.0,0.0,0.0,0.0,0.0,0.0,0.0,0.0,0.0,0.0,0.0,0.0,0.0
mem_short,29,roving_ramp_bump,0.32521383001379783,0.3555615627862601,0.45035033529132606,1.0445249034321862,1.310258826224253,2.210692113107229,3.962804352297284,1.5615764304621194,3.584703826786896,0.0,32,7,4,0,0,0,0,1,5,0,16,6,0,0,0,0,1,0,0,0,2,0,6,39,22,0.5641025641025641,0.5,0.8571428571428571,,,0.0,0.2,0.0,2.6,0.5398034890715876,0.57775,31,,,,,,,1.0,0.0,1.0,0.0,1.0,0.0,,,2.0,1.0,1.367937294159226,0,0.0,0.0,0.0,0.0,0.0,0.0,0.0,0.0,0.0,0.0,0.0,0.0,0.0,0.0
mem_medium,1,double_bump,0.24703657660817388,0.2443074544904984,0.7018325241811765,0.8775753126864716,0.3003357566688082,1.0075536064285058,5.188612407708381,0.567597681856935,7.391941976756671,0.0,0,0,0,0,0,0,0,8,26,0,0,0,0,0,0,4,17,0,0,0,2,0,5,0,0,,,,,,0.5,0.6538461538461539,0.0,0.9,2.639703788094587,,28,,,2.0,1.0,5.0,4.0,3.0,2.0,5.0,4.0,3.0,1.0,6.0,4.0,2.0,1.0,12.30613041008642,0,0.0,0.0,0.0,0.0,0.0,0.0,0.0,0.0,0.0,0.0,0.0,0.0,0.0,0.0
mem_medium,3,bump_train,0.1949681792663863,0.2765660361733375,0.29749905470011445,1.0303198401283773,0.41877007188761906,2.787035312707378,2.5822066483148154,0.6266279985887593,5.877629140227279,0.0,0,0,0,0,0,0,0,0,0,39,0,0,0,0,0,0,0,11,0,0,5,1,0,0,0,,,,,,,,0.10601643254704478,9.432500000000001,2.8539448539448347,,17,,,,,,,,,,,,,,,,,7.0177282652192465,16,0.23448275862068965,7.0,10.0,6.0,5.0,4.0,4.0,3.0,3.0,3.0,5.0,4.0,5.0,4.0
mem_medium,0,bump_train,0.17443880055521202,0.20807863156723633,0.3945930530537157,0.9152516591494702,0.32767673399328734,2.133592227453958,3.042448964949781,0.5349153489871563,5.7584178266940285,0.0,0,0,0,0,0,0,0,0,0,45,0,0,0,0,0,0,0,16,0,0,7,3,1,0,0,,,,,,,,0.37113402061855666,8.083333333333334,3.4724721156153175,,27,,,,,,,,,,,,,,,,,8.786735873063225,23,0.28034188034188035,12.0,12.0,10.0,9.0,5.0,7.0,5.0,4.0,5.0,6.0,7.0,9.0,9.0
mem_medium,1,bump_train,0.24703657660817388,0.2443074544904984,0.7018325241811765,0.8775753126864716,0.3003357566688082,1.0075536064285058,5.188612407708381,0.567597681856935,7.391941976756671,0.0,0,0,0,0,0,0,0,0,0,53,0,0,0,0,0,0,0,14,0,0,3,0,1,0,0,,,,,,,,0.0,4.816666666666666,3.1708347976571027,,18,,,,,,,,,,,,,,,,,12.30613041008642,17,0.3162393162393162,9.0,12.0,10.0,8.0,4.0,1.0,3.0,3.0,4.0,6.0,4.0,6.0,6.0
mem_medium,1,roving_ramp_bump,0.24703657660817388,0.2443074544904984,0.7018325241811765,0.8775753126864716,0.3003357566688082,1.0075536064285058,5.188612407708381,0.567597681856935,7.391941976756671,0.0,29,11,2,0,0,0,0,0,6,0,13,7,0,0,0,0,4,0,0,0,2,2,9,40,20,0.5,0.4482758620689655,0.6363636363636364,,,,0.6666666666666666,0.6785411365564037,2.9475000000000002,1.912561731525159,0.36650000000000005,37,1.0,1.0,1.0,0.0,,,2.0,1.0,1.0,1.0,,,,,1.0,1.0,12.30613041008642,0,0.0,0.0,0.0,0.0,0.0,0.0,0.0,0.0,0.0,0.0,0.0,0.0,0.0,0.0
mem_medium,2,double_bump,0.16043032128843052,0.16803614626860716,0.5994311464906898,0.9988363514440064,0.35607576429214893,1.540618159486678,5.043906029028786,0.634261247459553,5.332408881114947,0.0,0,0,0,0,0,0,0,6,25,0,0,0,0,0,0,1,15,0,0,0,2,0,7,0,0,,,,,,0.16666666666666666,0.6,0.0,0.75,3.5599585599585613,,25,5.0,2.0,3.0,2.0,1.0,1.0,5.0,2.0,2.0,2.0,5.0,3.0,2.0,1.0,2.0,2.0,7.487744766504067,0,0.0,0.0,0.0,0.0,0.0,0.0,0.0,0.0,0.0,0.0,0.0,0.0,0.0,0.0
mem_medium,1,roving_bump,0.24703657660817388,0.2443074544904984,0.7018325241811765,0.8775753126864716,0.3003357566688082,1.0075536064285058,5.188612407708381,0.567597681856935,7.391941976756671,0.0,35,0,0,0,0,0,0,1,7,0,18,0,0,0,0,0,4,0,0,0,5,0,4,35,18,0.5142857142857142,0.5142857142857142,,,,0.0,0.5714285714285714,0.0,2.7175000000000002,0.7819017396531314,,31,1.0,1.0,1.0,0.0,1.0,0.0,1.0,0.0,2.0,2.0,1.0,1.0,,,,,12.30613041008642,0,0.0,0.0,0.0,0.0,0.0,0.0,0.0,0.0,0.0,0.0,0.0,0.0,0.0,0.0
mem_medium,3,double_bump,0.1949681792663863,0.2765660361733375,0.29749905470011445,1.0303198401283773,0.41877007188761906,2.787035312707378,2.5822066483148154,0.6266279985887593,5.877629140227279,0.0,0,0,0,0,0,0,0,7,27,0,0,0,0,0,0,4,16,0,0,0,2,0,3,0,0,,,,,,0.5714285714285714,0.5925925925925926,0.0,0.9,3.4387717391304715,,25,5.0,4.0,4.0,1.0,3.0,2.0,5.0,3.0,1.0,1.0,3.0,1.0,4.0,2.0,2.0,2.0,7.0177282652192465,0,0.0,0.0,0.0,0.0,0.0,0.0,0.0,0.0,0.0,0.0,0.0,0.0,0.0,0.0
mem_medium,2,bump_train,0.16043032128843052,0.16803614626860716,0.5994311464906898,0.9988363514440064,0.35607576429214893,1.540618159486678,5.043906029028786,0.634261247459553,5.332408881114947,0.0,0,0,0,0,0,0,0,0,0,31,0,0,0,0,0,0,0,11,0,0,4,4,3,0,0,,,,,,,,0.3310344827586207,12.083333333333334,2.9503208937485255,,22,,,,,,,,,,,,,,,,,7.487744766504067,17,0.1896551724137931,7.0,10.0,8.0,8.0,7.0,3.0,2.0,2.0,1.0,1.0,4.0,4.0,3.0
mem_medium,2,roving_bump,0.16043032128843052,0.16803614626860716,0.5994311464906898,0.9988363514440064,0.35607576429214893,1.540618159486678,5.043906029028786,0.634261247459553,5.332408881114947,0.0,40,0,0,0,0,0,0,2,6,0,27,0,0,0,0,2,4,0,0,0,5,0,7,40,27,0.675,0.675,,,,1.0,0.6666666666666666,0.0,1.1700000000000002,0.8080580580580685,,45,1.0,1.0,2.0,1.0,,,2.0,1.0,,,1.0,1.0,,,,,7.487744766504067,0,0.0,0.0,0.0,0.0,0.0,0.0,0.0,0.0,0.0,0.0,0.0,0.0,0.0,0.0
mem_medium,4,bump_train,0.20529658594669625,0.18520472409424094,0.37960813061220045,0.8765755184650444,0.29585095837748937,2.0940108632381396,2.8032264676945244,0.4909924377348543,6.549711751469695,0.0,0,0,0,0,0,0,0,0,0,42,0,0,0,0,0,0,0,7,0,0,2,0,0,0,0,,,,,,,,0.0,8.783333333333333,1.5989058450907443,,9,,,,,,,,,,,,,,,,,11.069275873550875,9,0.24612736660929432,5.0,6.0,3.0,3.0,2.0,1.0,1.0,2.0,1.0,2.0,2.0,3.0,5.0
mem_medium,3,roving_bump,0.1949681792663863,0.2765660361733375,0.29749905470011445,1.0303198401283773,0.41877007188761906,2.787035312707378,2.5822066483148154,0.6266279985887593,5.877629140227279,0.0,37,0,0,0,0,0,0,3,5,0,23,0,0,0,0,1,3,0,0,0,14,2,27,37,23,0.6216216216216216,0.6216216216216216,,,,0.3333333333333333,0.6,0.9588493807431082,2.0858333333333334,0.6357773251867098,,70,,,,,2.0,2.0,2.0,1.0,,,1.0,0.0,,,,,7.0177282652192465,0,0.0,0.0,0.0,0.0,0.0,0.0,0.0,0.0,0.0,0.0,0.0,0.0,0.0,0.0
mem_medium,3,roving_ramp_bump,0.1949681792663863,0.2765660361733375,0.29749905470011445,1.0303198401283773,0.41877007188761906,2.787035312707378,2.5822066483148154,0.6266279985887593,5.877629140227279,0.0,28,9,1,0,0,0,0,3,5,0,21,8,0,0,0,0,1,0,0,0,7,1,31,37,29,0.7837837837837838,0.75,0.8888888888888888,,,0.0,0.2,0.4581901489117984,2.1825,1.2877802901827753,0.41474999999999995,69,,,1.0,0.0,1.0,0.0,,,3.0,1.0,,,,,,,7.0177282652192465,0,0.0,0.0,0.0,0.0,0.0,0.0,0.0,0.0,0.0,0.0,0.0,0.0,0.0,0.0
mem_medium,4,double_bump,0.20529658594669625,0.18520472409424094,0.37960813061220045,0.8765755184650444,0.29585095837748937,2.0940108632381396,2.8032264676945244,0.4909924377348543,6.549711751469695,0.0,0,0,0,0,0,0,0,6,26,0,0,0,0,0,0,2,13,0,0,0,3,0,7,0,0,,,,,,0.3333333333333333,0.5,0.0,0.7833333333333333,3.0795631825272967,,25,2.0,2.0,2.0,1.0,4.0,2.0,4.0,1.0,5.0,3.0,2.0,0.0,3.0,2.0,4.0,2.0,11.069275873550875,0,0.0,0.0,0.0,0.0,0.0,0.0,0.0,0.0,0.0,0.0,0.0,0.0,0.0,0.0
mem_medium,5,bump_train,0.2704817322497786,0.30752629825614564,0.1932842383973842,0.5719349908352742,0.39608871159138154,1.7766042851360653,0.9312717948856972,0.4963167732947683,5.257872262305756,0.0,0,0,0,0,0,0,0,0,0,40,0,0,0,0,0,0,0,15,0,0,4,1,2,0,0,,,,,,,,0.12448132780082988,8.033333333333333,1.8095333466853882,,22,,,,,,,,,,,,,,,,,6.637240734759886,21,0.23304347826086957,14.0,12.0,5.0,5.0,3.0,3.0,4.0,5.0,5.0,5.0,5.0,7.0,7.0
mem_medium,5,double_bump,0.2704817322497786,0.30752629825614564,0.1932842383973842,0.5719349908352742,0.39608871159138154,1.7766042851360653,0.9312717948856972,0.4963167732947683,5.257872262305756,0.0,0,0,0,0,0,0,0,5,26,0,0,0,0,0,0,1,15,0,0,0,7,0,3,0,0,,,,,,0.2,0.5769230769230769,0.0,0.7,4.66232129963899,,26,2.0,2.0,2.0,1.0,5.0,3.0,4.0,2.0,3.0,3.0,6.0,3.0,3.0,0.0,1.0,1.0,6.637240734759886,0,0.0,0.0,0.0,0.0,0.0,0.0,0.0,0.0,0.0,0.0,0.0,0.0,0.0,0.0
mem_medium,4,roving_bump,0.20529658594669625,0.18520472409424094,0.37960813061220045,0.8765755184650444,0.29585095837748937,2.0940108632381396,2.8032264676945244,0.4909924377348543,6.549711751469695,0.0,35,0,0,0,0,0,0,2,6,0,22,0,0,0,0,0,3,0,0,0,5,2,5,35,22,0.6285714285714286,0.6285714285714286,,,,0.0,0.5,0.7551919446192573,2.6483333333333334,1.3103969754253837,,37,1.0,0.0,,,,,,,,,2.0,1.0,1.0,0.0,2.0,2.0,11.069275873550875,0,0.0,0.0,0.0,0.0,0.0,0.0,0.0,0.0,0.0,0.0,0.0,0.0,0.0,0.0
mem_medium,4,roving_ramp_bump,0.20529658594669625,0.18520472409424094,0.37960813061220045,0.8765755184650444,0.29585095837748937,2.0940108632381396,2.8032264676945244,0.4909924377348543,6.549711751469695,0.0,32,9,1,0,0,0,0,1,5,0,12,6,0,0,0,1,2,0,0,0,8,2,9,41,18,0.43902439024390244,0.375,0.6666666666666666,,,1.0,0.4,0.6968641114982578,2.87,1.9921568627451052,0.41025,40,1.0,0.0,1.0,0.0,3.0,2.0,,,,,,,,,,,11.069275873550875,0,0.0,0.0,0.0,0.0,0.0,0.0,0.0,0.0,0.0,0.0,0.0,0.0,0.0,0.0
mem_medium,2,roving_ramp_bump,0.16043032128843052,0.16803614626860716,0.5994311464906898,0.9988363514440064,0.35607576429214893,1.540618159486678,5.043906029028786,0.634261247459553,5.332408881114947,0.0,33,6,6,0,0,0,0,1,5,0,22,5,0,0,0,1,3,0,0,0,12,1,8,39,27,0.6923076923076923,0.6666666666666666,0.8333333333333334,,,1.0,0.6,0.8163265306122448,1.225,1.068219633943446,0.16799999999999993,52,,,,,2.0,1.0,1.0,0.0,1.0,1.0,,,,,1.0,1.0,7.487744766504067,0,0.0,0.0,0.0,0.0,0.0,0.0,0.0,0.0,0.0,0.0,0.0,0.0,0.0,0.0
mem_medium,5,roving_ramp_bump,0.2704817322497786,0.30752629825614564,0.1932842383973842,0.5719349908352742,0.39608871159138154,1.7766042851360653,0.9312717948856972,0.4963167732947683,5.257872262305756,0.0,30,10,2,0,0,0,0,1,5,0,21,9,0,0,0,1,2,0,1,0,6,0,14,40,30,0.75,0.7,0.9,,,1.0,0.4,0.0,1.2733333333333334,1.5936161096829875,0.38449999999999995,54,,,1.0,0.0,1.0,0.0,1.0,1.0,,,2.0,1.0,,,,,6.637240734759886,0,0.0,0.0,0.0,0.0,0.0,0.0,0.0,0.0,0.0,0.0,0.0,0.0,0.0,0.0
mem_medium,7,double_bump,0.2701925173161476,0.21136527465656219,0.5573758357896655,0.6330436491138669,0.30999206424742215,1.0789275220028076,2.9724539476923675,0.47953172880566314,6.344716308764147,0.0,0,0,0,0,0,0,0,5,27,0,0,0,0,0,0,1,11,0,0,0,2,0,0,0,0,,,,,,0.2,0.4074074074074074,0.0,1.0333333333333334,5.017818221789542,,14,3.0,2.0,2.0,2.0,3.0,1.0,5.0,3.0,4.0,0.0,4.0,2.0,5.0,1.0,1.0,0.0,10.233675375154233,0,0.0,0.0,0.0,0.0,0.0,0.0,0.0,0.0,0.0,0.0,0.0,0.0,0.0,0.0
mem_medium,5,roving_bump,0.2704817322497786,0.30752629825614564,0.1932842383973842,0.5719349908352742,0.39608871159138154,1.7766042851360653,0.9312717948856972,0.4963167732947683,5.257872262305756,0.0,32,0,0,0,0,0,0,1,7,0,20,0,0,0,0,0,3,0,0,0,5,0,8,32,20,0.625,0.625,,,,0.0,0.42857142857142855,0.0,2.7583333333333333,1.3410807669959262,,36,,,2.0,1.0,1.0,0.0,1.0,0.0,,,1.0,1.0,1.0,0.0,1.0,1.0,6.637240734759886,0,0.0,0.0,0.0,0.0,0.0,0.0,0.0,0.0,0.0,0.0,0.0,0.0,0.0,0.0
mem_medium,7,bump_train,0.2701925173161476,0.21136527465656219,0.5573758357896655,0.6330436491138669,0.30999206424742215,1.0789275220028076,2.9724539476923675,0.47953172880566314,6.344716308764147,0.0,0,0,0,0,0,0,0,0,0,42,0,0,0,0,0,0,0,12,0,0,3,2,1,0,0,,,,,,,,0.24793388429752067,8.066666666666666,2.0256128702758196,,18,,,,,,,,,,,,,,,,,10.233675375154233,15,0.2517241379310345,8.0,9.0,7.0,4.0,4.0,3.0,4.0,5.0,4.0,4.0,4.0,6.0,5.0
mem_medium,6,bump_train,0.1629384070425815,0.1365038612385105,0.5614842284460284,0.7322470387161234,0.29810991472203713,1.2364208993395351,3.4636063559098678,0.49498280098681474,5.026039285881275,0.0,0,0,0,0,0,0,0,0,0,36,0,0,0,0,0,0,0,10,0,0,7,4,0,0,0,,,,,,,,0.39538714991762763,10.116666666666667,3.256704567373944,,21,,,,,,,,,,,,,,,,,8.429842547450397,16,0.2134251290877797,6.0,4.0,4.0,5.0,5.0,6.0,6.0,5.0,6.0,3.0,5.0,6.0,5.0
mem_medium,6,double_bump,0.1629384070425815,0.1365038612385105,0.5614842284460284,0.7322470387161234,0.29810991472203713,1.2364208993395351,3.4636063559098678,0.49498280098681474,5.026039285881275,0.0,0,0,0,0,0,0,0,4,28,0,0,0,0,0,0,1,21,0,0,0,13,0,12,0,0,,,,,,0.25,0.75,0.0,0.48333333333333334,5.946210332319209,,47,4.0,4.0,1.0,1.0,5.0,2.0,4.0,4.0,5.0,4.0,3.0,3.0,4.0,1.0,2.0,2.0,8.429842547450397,0,0.0,0.0,0.0,0.0,0.0,0.0,0.0,0.0,0.0,0.0,0.0,0.0,0.0,0.0
mem_medium,6,roving_bump,0.1629384070425815,0.1365038612385105,0.5614842284460284,0.7322470387161234,0.29810991472203713,1.2364208993395351,3.4636063559098678,0.49498280098681474,5.026039285881275,0.0,36,0,0,0,0,0,0,2,6,0,16,0,0,0,0,2,3,0,0,0,11,3,3,36,16,0.4444444444444444,0.4444444444444444,,,,1.0,0.5,1.0158013544018059,2.9533333333333336,1.7217140105922117,,38,2.0,2.0,,,,,2.0,0.0,,,1.0,0.0,,,1.0,1.0,8.429842547450397,0,0.0,0.0,0.0,0.0,0.0,0.0,0.0,0.0,0.0,0.0,0.0,0.0,0.0,0.0
mem_medium,7,roving_bump,0.2701925173161476,0.21136527465656219,0.5573758357896655,0.6330436491138669,0.30999206424742215,1.0789275220028076,2.9724539476923675,0.47953172880566314,6.344716308764147,0.0,44,0,0,0,0,0,0,2,5,0,12,0,0,0,0,0,3,0,0,0,5,0,0,44,12,0.2727272727272727,0.2727272727272727,,,,0.0,0.6,0.0,1.165,1.2358578052550688,,20,,,,,1.0,1.0,1.0,1.0,,,2.0,0.0,1.0,1.0,,,10.233675375154233,0,0.0,0.0,0.0,0.0,0.0,0.0,0.0,0.0,0.0,0.0,0.0,0.0,0.0,0.0
mem_medium,6,roving_ramp_bump,0.1629384070425815,0.1365038612385105,0.5614842284460284,0.7322470387161234,0.29810991472203713,1.2364208993395351,3.4636063559098678,0.49498280098681474,5.026039285881275,0.0,33,9,2,0,0,0,0,1,5,0,14,6,0,0,0,0,3,0,1,0,14,2,6,42,20,0.47619047619047616,0.42424242424242425,0.6666666666666666,,,0.0,0.6,0.8727272727272728,2.2916666666666665,1.174436419347784,0.13650000000000007,46,,,1.0,1.0,,,1.0,0.0,1.0,1.0,1.0,1.0,1.0,0.0,,,8.429842547450397,0,0.0,0.0,0.0,0.0,0.0,0.0,0.0,0.0,0.0,0.0,0.0,0.0,0.0,0.0
mem_medium,8,bump_train,0.2046387443961346,0.1942025653610729,0.5269946942765589,0.6656011568702687,0.3340489571603536,1.2122817745470635,2.9549739250309845,0.5071665478405581,5.002908612074794,0.0,0,0,0,0,0,0,0,0,0,38,0,0,0,0,0,0,0,10,0,0,4,9,3,0,0,,,,,,,,0.7976366322008863,11.283333333333333,3.6800194865196874,,26,,,,,,,,,,,,,,,,,7.488286529320382,17,0.22564102564102564,8.0,8.0,9.0,9.0,6.0,4.0,2.0,1.0,4.0,3.0,6.0,8.0,6.0
mem_medium,8,roving_ramp_bump,0.2046387443961346,0.1942025653610729,0.5269946942765589,0.6656011568702687,0.3340489571603536,1.2122817745470635,2.9549739250309845,0.5071665478405581,5.002908612074794,0.0,33,10,2,0,0,0,0,2,5,0,15,8,0,0,0,0,4,0,1,0,8,1,6,43,23,0.5348837209302325,0.45454545454545453,0.8,,,0.0,0.8,0.8298755186721992,1.2049999999999998,2.04887892376682,0.364125,43,,,,,2.0,2.0,,,1.0,0.0,,,,,2.0,2.0,7.488286529320382,0,0.0,0.0,0.0,0.0,0.0,0.0,0.0,0.0,0.0,0.0,0.0,0.0,0.0,0.0
mem_medium,9,double_bump,0.3167157215647248,0.429639792408789,0.22294065776394897,0.5019315598038231,0.28395347523956366,1.5018348756971904,0.9426861441055521,0.3756986131089075,6.370218496027276,0.0,0,0,0,0,0,0,0,7,25,0,0,0,0,0,0,3,16,0,0,0,6,1,10,0,0,,,,,,0.42857142857142855,0.64,0.9836065573770493,1.0166666666666666,3.3832499999999968,,36,3.0,3.0,4.0,1.0,3.0,3.0,5.0,3.0,,,3.0,2.0,3.0,0.0,4.0,4.0,11.217010974514222,0,0.0,0.0,0.0,0.0,0.0,0.0,0.0,0.0,0.0,0.0,0.0,0.0,0.0,0.0
mem_medium,8,roving_bump,0.2046387443961346,0.1942025653610729,0.5269946942765589,0.6656011568702687,0.3340489571603536,1.2122817745470635,2.9549739250309845,0.5071665478405581,5.002908612074794,0.0,35,0,0,0,0,0,0,5,5,0,15,0,0,0,0,2,3,0,0,0,10,0,6,35,15,0.42857142857142855,0.42857142857142855,,,,0.4,0.6,0.0,3.3375,1.2122916486823072,,36,,,,,,,1.0,1.0,,,2.0,1.0,2.0,1.0,,,7.488286529320382,0,0.0,0.0,0.0,0.0,0.0,0.0,0.0,0.0,0.0,0.0,0.0,0.0,0.0,0.0
mem_medium,7,roving_ramp_bump,0.2701925173161476,0.21136527465656219,0.5573758357896655,0.6330436491138669,0.30999206424742215,1.0789275220028076,2.9724539476923675,0.47953172880566314,6.344716308764147,0.0,36,12,1,0,0,0,0,1,5,0,12,6,0,0,0,1,3,0,0,0,4,0,5,48,18,0.375,0.3333333333333333,0.5,,,1.0,0.6,0.0,1.1516666666666668,2.03284499485782,0.31699999999999995,31,,,,,,,3.0,1.0,,,1.0,1.0,,,1.0,1.0,10.233675375154233,0,0.0,0.0,0.0,0.0,0.0,0.0,0.0,0.0,0.0,0.0,0.0,0.0,0.0,0.0
mem_medium,9,bump_train,0.3167157215647248,0.429639792408789,0.22294065776394897,0.5019315598038231,0.28395347523956366,1.5018348756971904,0.9426861441055521,0.3756986131089075,6.370218496027276,0.0,0,0,0,0,0,0,0,0,0,42,0,0,0,0,0,0,0,21,0,0,4,1,2,0,0,,,,,,,,0.12121212121212122,8.25,2.6215579710145,,28,,,,,,,,,,,,,,,,,11.217010974514222,26,0.25476603119584057,17.0,19.0,13.0,9.0,7.0,4.0,8.0,10.0,12.0,11.0,6.0,7.0,4.0
mem_medium,9,roving_bump,0.3167157215647248,0.429639792408789,0.22294065776394897,0.5019315598038231,0.28395347523956366,1.5018348756971904,0.9426861441055521,0.3756986131089075,6.370218496027276,0.0,44,0,0,0,0,0,0,1,7,0,28,0,0,0,0,1,6,0,0,0,15,0,14,44,28,0.6363636363636364,0.6363636363636364,,,,1.0,0.8571428571428571,0.0,1.3941666666666668,1.5580204778157105,,64,1.0,1.0,,,2.0,1.0,,,3.0,3.0,,,,,1.0,1.0,11.217010974514222,0,0.0,0.0,0.0,0.0,0.0,0.0,0.0,0.0,0.0,0.0,0.0,0.0,0.0,0.0
mem_medium,10,roving_ramp_bump,0.11823693083269865,0.15225093135912193,0.3847329305178685,1.3060856918039687,0.44835834749765674,3.094274502625543,4.233156984559673,0.7408183701280336,4.235540157283277,0.0,27,10,3,0,0,0,0,2,4,0,20,9,0,0,0,0,4,0,1,0,12,1,28,37,29,0.7837837837837838,0.7407407407407407,0.9,,,0.0,1.0,0.46082949308755755,2.1700000000000004,1.819978046103199,0.22849999999999993,75,1.0,1.0,,,1.0,1.0,,,,,,,1.0,1.0,1.0,1.0,4.723387197899124,0,0.0,0.0,0.0,0.0,0.0,0.0,0.0,0.0,0.0,0.0,0.0,0.0,0.0,0.0
mem_medium,10,double_bump,0.11823693083269865,0.15225093135912193,0.3847329305178685,1.3060856918039687,0.44835834749765674,3.094274502625543,4.233156984559673,0.7408183701280336,4.235540157283277,0.0,0,0,0,0,0,0,0,4,26,0,0,0,0,0,0,4,15,0,0,0,8,1,9,0,0,,,,,,1.0,0.5769230769230769,0.9230769230769231,1.0833333333333333,2.5412627718103304,,37,4.0,4.0,3.0,3.0,4.0,3.0,3.0,2.0,1.0,1.0,3.0,0.0,5.0,2.0,3.0,0.0,4.723387197899124,0,0.0,0.0,0.0,0.0,0.0,0.0,0.0,0.0,0.0,0.0,0.0,0.0,0.0,0.0
mem_medium,9,roving_ramp_bump,0.3167157215647248,0.429639792408789,0.22294065776394897,0.5019315598038231,0.28395347523956366,1.5018348756971904,0.9426861441055521,0.3756986131089075,6.370218496027276,0.0,31,8,3,0,0,0,0,1,6,0,25,7,0,0,0,0,4,0,1,0,9,2,13,39,32,0.8205128205128205,0.8064516129032258,0.875,,,0.0,0.6666666666666666,0.6651884700665188,3.006666666666667,1.30067971159093,0.44999999999999996,61,1.0,1.0,1.0,0.0,2.0,2.0,1.0,0.0,,,,,1.0,1.0,,,11.217010974514222,0,0.0,0.0,0.0,0.0,0.0,0.0,0.0,0.0,0.0,0.0,0.0,0.0,0.0,0.0
mem_medium,8,double_bump,0.2046387443961346,0.1942025653610729,0.5269946942765589,0.6656011568702687,0.3340489571603536,1.2122817745470635,2.9549739250309845,0.5071665478405581,5.002908612074794,0.0,0,0,0,0,0,0,0,6,25,0,0,0,0,0,0,3,15,0,0,0,8,1,4,0,0,,,,,,0.5,0.6,0.8450704225352113,1.1833333333333333,1.9405414770298564,,31,3.0,2.0,3.0,2.0,2.0,2.0,2.0,1.0,4.0,2.0,3.0,2.0,6.0,3.0,2.0,1.0,7.488286529320382,0,0.0,0.0,0.0,0.0,0.0,0.0,0.0,0.0,0.0,0.0,0.0,0.0,0.0,0.0
mem_medium,10,bump_train,0.11823693083269865,0.15225093135912193,0.3847329305178685,1.3060856918039687,0.44835834749765674,3.094274502625543,4.233156984559673,0.7408183701280336,4.235540157283277,0.0,0,0,0,0,0,0,0,0,0,45,0,0,0,0,0,0,0,22,0,0,7,5,1,0,0,,,,,,,,0.7556675062972292,6.616666666666666,2.660372719246613,,35,,,,,,,,,,,,,,,,,4.723387197899124,30,0.2667814113597246,16.0,19.0,14.0,12.0,7.0,9.0,10.0,11.0,10.0,8.0,8.0,7.0,7.0
mem_medium,11,double_bump,0.1626771419603932,0.1302094620900669,0.4388233899527293,0.884019112906148,0.2321775128128047,1.9102258228293316,3.2680204452817954,0.44228577809916636,6.0301694594787545,0.0,0,0,0,0,0,0,0,8,25,0,0,0,0,0,0,2,13,0,0,0,5,2,4,0,0,,,,,,0.25,0.52,2.7272727272727275,0.7333333333333333,4.537500000000023,,26,,,5.0,3.0,3.0,2.0,5.0,2.0,4.0,3.0,,,4.0,1.0,4.0,2.0,12.986118652112179,0,0.0,0.0,0.0,0.0,0.0,0.0,0.0,0.0,0.0,0.0,0.0,0.0,0.0,0.0
mem_medium,10,roving_bump,0.11823693083269865,0.15225093135912193,0.3847329305178685,1.3060856918039687,0.44835834749765674,3.094274502625543,4.233156984559673,0.7408183701280336,4.235540157283277,0.0,38,0,0,0,0,0,0,3,5,0,31,0,0,0,0,1,3,0,0,0,25,2,19,38,31,0.8157894736842105,0.8157894736842105,,,,0.3333333333333333,0.6,0.9868421052631579,2.026666666666667,0.7129652760429782,,81,,,1.0,1.0,,,,,,,2.0,1.0,1.0,1.0,1.0,0.0,4.723387197899124,0,0.0,0.0,0.0,0.0,0.0,0.0,0.0,0.0,0.0,0.0,0.0,0.0,0.0,0.0
mem_medium,11,roving_ramp_bump,0.1626771419603932,0.1302094620900669,0.4388233899527293,0.884019112906148,0.2321775128128047,1.9102258228293316,3.2680204452817954,0.44228577809916636,6.0301694594787545,0.0,35,10,3,0,0,0,0,0,5,0,18,7,0,0,0,0,3,0,1,0,8,0,6,45,25,0.5555555555555556,0.5142857142857142,0.7,,,,0.6,0.0,1.1191666666666669,1.8774847630585167,0.16274999999999995,43,,,2.0,0.0,1.0,1.0,1.0,1.0,,,1.0,1.0,,,,,12.986118652112179,0,0.0,0.0,0.0,0.0,0.0,0.0,0.0,0.0,0.0,0.0,0.0,0.0,0.0,0.0
mem_medium,13,double_bump,0.19680184917933657,0.2040993124920457,0.3838842045649437,1.0553501583529254,0.26038401477264456,2.50370074332819,3.4129518755933566,0.496471345456977,7.455987966655825,0.0,0,0,0,0,0,0,0,9,23,0,0,0,0,0,0,3,15,0,0,0,2,0,1,0,0,,,,,,0.3333333333333333,0.6521739130434783,0.0,1.6333333333333333,4.498665829145757,,21,6.0,4.0,1.0,1.0,1.0,1.0,2.0,1.0,5.0,5.0,3.0,2.0,5.0,1.0,,,14.317292044916918,0,0.0,0.0,0.0,0.0,0.0,0.0,0.0,0.0,0.0,0.0,0.0,0.0,0.0,0.0
mem_medium,12,double_bump,0.13425391539615464,0.15606197535956456,0.3623101783530301,0.9375660128394231,0.3482554662160635,2.30215646212736,2.8616448411266813,0.5528509908587795,4.798954166385595,0.0,0,0,0,0,0,0,0,2,29,0,0,0,0,0,0,1,19,0,0,0,9,0,10,0,0,,,,,,0.5,0.6551724137931034,0.0,0.6666666666666666,3.167567556580913,,39,1.0,1.0,5.0,4.0,8.0,6.0,1.0,1.0,6.0,2.0,4.0,2.0,2.0,2.0,2.0,1.0,6.889991158686142,0,0.0,0.0,0.0,0.0,0.0,0.0,0.0,0.0,0.0,0.0,0.0,0.0,0.0,0.0
mem_medium,12,roving_ramp_bump,0.13425391539615464,0.15606197535956456,0.3623101783530301,0.9375660128394231,0.3482554662160635,2.30215646212736,2.8616448411266813,0.5528509908587795,4.798954166385595,0.0,31,7,3,0,0,0,0,2,4,0,15,5,0,0,0,0,4,0,2,0,10,2,19,38,20,0.5263157894736842,0.4838709677419355,0.7142857142857143,,,0.0,1.0,1.3896931094383322,1.4391666666666667,1.3289253949115718,0.23399999999999999,57,,,1.0,1.0,,,1.0,1.0,1.0,1.0,1.0,1.0,,,,,6.889991158686142,0,0.0,0.0,0.0,0.0,0.0,0.0,0.0,0.0,0.0,0.0,0.0,0.0,0.0,0.0
mem_medium,11,roving_bump,0.1626771419603932,0.1302094620900669,0.4388233899527293,0.884019112906148,0.2321775128128047,1.9102258228293316,3.2680204452817954,0.44228577809916636,6.0301694594787545,0.0,45,0,0,0,0,0,0,0,7,0,17,0,0,0,0,0,6,0,0,0,10,1,4,45,17,0.37777777777777777,0.37777777777777777,,,,,0.8571428571428571,0.3686635944700461,2.7125,2.8428671491945194,,38,1.0,1.0,,,,,2.0,1.0,,,1.0,1.0,1.0,1.0,2.0,2.0,12.986118652112179,0,0.0,0.0,0.0,0.0,0.0,0.0,0.0,0.0,0.0,0.0,0.0,0.0,0.0,0.0
mem_medium,14,bump_train,0.23725850838297227,0.24123753068453652,0.41080717857712273,0.8259310809913173,0.262238665585177,1.8738065471506233,2.858348481498357,0.4526575482161934,7.582440017753079,0.0,0,0,0,0,0,0,0,0,0,40,0,0,0,0,0,0,0,10,0,0,1,0,0,0,0,,,,,,,,0.0,9.933333333333334,3.705243131868099,,11,,,,,,,,,,,,,,,,,14.457135832416464,11,0.23367697594501718,7.0,6.0,7.0,6.0,5.0,5.0,4.0,5.0,5.0,3.0,2.0,0.0,1.0
mem_medium,13,bump_train,0.19680184917933657,0.2040993124920457,0.3838842045649437,1.0553501583529254,0.26038401477264456,2.50370074332819,3.4129518755933566,0.496471345456977,7.455987966655825,0.0,0,0,0,0,0,0,0,0,0,36,0,0,0,0,0,0,0,11,0,0,3,3,1,0,0,,,,,,,,0.27565084226646247,10.883333333333333,2.5780959957570957,,18,,,,,,,,,,,,,,,,,14.317292044916918,14,0.20552677029360966,7.0,10.0,7.0,6.0,3.0,4.0,4.0,4.0,6.0,6.0,4.0,3.0,2.0
mem_medium,13,roving_bump,0.19680184917933657,0.2040993124920457,0.3838842045649437,1.0553501583529254,0.26038401477264456,2.50370074332819,3.4129518755933566,0.496471345456977,7.455987966655825,0.0,37,0,0,0,0,0,0,4,5,0,22,0,0,0,0,1,4,0,0,0,9,0,10,37,22,0.5945945945945946,0.5945945945945946,,,,0.25,0.8,0.0,3.4650000000000003,1.073642747045738,,46,,,1.0,1.0,2.0,2.0,1.0,0.0,,,,,,,1.0,1.0,14.317292044916918,0,0.0,0.0,0.0,0.0,0.0,0.0,0.0,0.0,0.0,0.0,0.0,0.0,0.0,0.0
mem_medium,14,double_bump,0.23725850838297227,0.24123753068453652,0.41080717857712273,0.8259310809913173,0.262238665585177,1.8738065471506233,2.858348481498357,0.4526575482161934,7.582440017753079,0.0,0,0,0,0,0,0,0,4,29,0,0,0,0,0,0,2,19,0,0,0,2,0,0,0,0,,,,,,0.5,0.6551724137931034,0.0,0.5,7.051500000000033,,23,3.0,3.0,2.0,1.0,3.0,2.0,2.0,1.0,8.0,7.0,2.0,0.0,4.0,2.0,5.0,3.0,14.457135832416464,0,0.0,0.0,0.0,0.0,0.0,0.0,0.0,0.0,0.0,0.0,0.0,0.0,0.0,0.0
mem_medium,12,bump_train,0.13425391539615464,0.15606197535956456,0.3623101783530301,0.9375660128394231,0.3482554662160635,2.30215646212736,2.8616448411266813,0.5528509908587795,4.798954166385595,0.0,0,0,0,0,0,0,0,0,0,41,0,0,0,0,0,0,0,12,0,0,8,4,1,0,0,,,,,,,,0.528692587289349,7.565833333333334,2.580329179665779,,25,,,,,,,,,,,,,,,,,6.889991158686142,21,0.2542955326460481,9.0,7.0,9.0,6.0,6.0,6.0,7.0,9.0,6.0,5.0,5.0,3.0,4.0
mem_medium,12,roving_bump,0.13425391539615464,0.15606197535956456,0.3623101783530301,0.9375660128394231,0.3482554662160635,2.30215646212736,2.8616448411266813,0.5528509908587795,4.798954166385595,0.0,45,0,0,0,0,0,0,3,5,0,31,0,0,0,0,0,4,0,0,0,13,3,8,45,31,0.6888888888888889,0.6888888888888889,,,,0.0,0.8,2.6124818577648763,1.1483333333333334,1.1565116279069771,,59,,,1.0,0.0,2.0,2.0,,,,,1.0,1.0,,,1.0,1.0,6.889991158686142,0,0.0,0.0,0.0,0.0,0.0,0.0,0.0,0.0,0.0,0.0,0.0,0.0,0.0,0.0
mem_medium,13,roving_ramp_bump,0.19680184917933657,0.2040993124920457,0.3838842045649437,1.0553501583529254,0.26038401477264456,2.50370074332819,3.4129518755933566,0.496471345456977,7.455987966655825,0.0,32,8,3,0,0,0,0,0,6,0,23,6,0,0,0,0,2,0,0,0,5,1,15,40,29,0.725,0.71875,0.75,,,,0.3333333333333333,0.6024096385542168,1.6600000000000001,1.3930424168446782,0.40825,52,1.0,1.0,,,,,2.0,0.0,1.0,1.0,2.0,0.0,,,,,14.317292044916918,0,0.0,0.0,0.0,0.0,0.0,0.0,0.0,0.0,0.0,0.0,0.0,0.0,0.0,0.0
mem_medium,11,bump_train,0.1626771419603932,0.1302094620900669,0.4388233899527293,0.884019112906148,0.2321775128128047,1.9102258228293316,3.2680204452817954,0.44228577809916636,6.0301694594787545,0.0,0,0,0,0,0,0,0,0,0,40,0,0,0,0,0,0,0,8,0,0,9,9,2,0,0,,,,,,,,0.7258064516129032,12.4,3.3569999999999993,,28,,,,,,,,,,,,,,,,,12.986118652112179,19,0.2396551724137931,4.0,7.0,6.0,7.0,6.0,7.0,5.0,6.0,7.0,6.0,7.0,7.0,8.0
mem_medium,15,double_bump,0.21571009753548173,0.21256780931937297,0.1754988485263486,0.8553076726171053,0.36472386675430696,2.715420735655087,1.264532458082581,0.5107434789894165,6.364359433342752,0.0,0,0,0,0,0,0,0,8,25,0,0,0,0,0,0,2,10,0,0,0,0,0,0,0,0,,,,,,0.25,0.4,0.0,0.5,5.484250000000003,,12,2.0,2.0,3.0,1.0,2.0,2.0,2.0,0.0,5.0,1.0,5.0,2.0,2.0,1.0,4.0,1.0,8.724901238270277,0,0.0,0.0,0.0,0.0,0.0,0.0,0.0,0.0,0.0,0.0,0.0,0.0,0.0,0.0
mem_medium,16,bump_train,0.27287959834121633,0.28904868787532656,0.44194282599353846,1.1140937418478036,0.42035844322643356,2.393998785949533,4.1478320704459355,0.6860330728005114,8.762809497512366,0.0,0,0,0,0,0,0,0,0,0,49,0,0,0,0,0,0,0,10,0,0,0,2,0,0,0,,,,,,,,0.37037037037037035,5.4,2.8061864526926334,,12,,,,,,,,,,,,,,,,,10.423020684744666,10,0.29692832764505117,8.0,9.0,8.0,3.0,2.0,2.0,2.0,3.0,2.0,5.0,5.0,5.0,4.0
mem_medium,16,double_bump,0.27287959834121633,0.28904868787532656,0.44194282599353846,1.1140937418478036,0.42035844322643356,2.393998785949533,4.1478320704459355,0.6860330728005114,8.762809497512366,0.0,0,0,0,0,0,0,0,6,26,0,0,0,0,0,0,2,9,0,0,0,0,0,4,0,0,,,,,,0.3333333333333333,0.34615384615384615,0.0,1.1333333333333333,5.135000000000002,,15,4.0,1.0,5.0,0.0,3.0,2.0,5.0,2.0,3.0,2.0,1.0,0.0,1.0,0.0,4.0,2.0,10.423020684744666,0,0.0,0.0,0.0,0.0,0.0,0.0,0.0,0.0,0.0,0.0,0.0,0.0,0.0,0.0
mem_medium,14,roving_bump,0.23725850838297227,0.24123753068453652,0.41080717857712273,0.8259310809913173,0.262238665585177,1.8738065471506233,2.858348481498357,0.4526575482161934,7.582440017753079,0.0,37,0,0,0,0,0,0,2,7,0,14,0,0,0,0,1,3,0,0,0,11,0,4,37,14,0.3783783783783784,0.3783783783783784,,,,0.5,0.42857142857142855,0.0,2.29,1.4900468345202493,,33,1.0,1.0,1.0,0.0,,,1.0,0.0,,,,,2.0,1.0,2.0,1.0,14.457135832416464,0,0.0,0.0,0.0,0.0,0.0,0.0,0.0,0.0,0.0,0.0,0.0,0.0,0.0,0.0
mem_medium,15,bump_train,0.21571009753548173,0.21256780931937297,0.1754988485263486,0.8553076726171053,0.36472386675430696,2.715420735655087,1.264532458082581,0.5107434789894165,6.364359433342752,0.0,0,0,0,0,0,0,0,0,0,49,0,0,0,0,0,0,0,12,0,0,4,2,2,0,0,,,,,,,,0.3014696646149981,6.634166666666667,2.0962124212124484,,20,,,,,,,,,,,,,,,,,8.724901238270277,18,0.2923076923076923,11.0,9.0,8.0,4.0,4.0,3.0,4.0,6.0,7.0,6.0,8.0,8.0,10.0
mem_medium,15,roving_ramp_bump,0.21571009753548173,0.21256780931937297,0.1754988485263486,0.8553076726171053,0.36472386675430696,2.715420735655087,1.264532458082581,0.5107434789894165,6.364359433342752,0.0,28,11,1,0,0,0,0,3,4,0,20,11,0,0,0,1,0,0,0,0,9,0,18,39,31,0.7948717948717948,0.7142857142857143,1.0,,,0.3333333333333333,0.0,0.0,2.1333333333333333,2.6145126274549098,0.3720000000000001,59,,,1.0,0.0,,,,,1.0,0.0,1.0,0.0,,,1.0,0.0,8.724901238270277,0,0.0,0.0,0.0,0.0,0.0,0.0,0.0,0.0,0.0,0.0,0.0,0.0,0.0,0.0
mem_medium,14,roving_ramp_bump,0.23725850838297227,0.24123753068453652,0.41080717857712273,0.8259310809913173,0.262238665585177,1.8738065471506233,2.858348481498357,0.4526575482161934,7.582440017753079,0.0,31,10,2,0,0,0,0,2,5,0,15,7,0,0,0,0,2,0,0,0,10,0,11,41,22,0.5365853658536586,0.4838709677419355,0.7,,,0.0,0.4,0.0,0.7691666666666668,2.067004901180714,0.42225,45,1.0,1.0,,,1.0,0.0,2.0,1.0,1.0,0.0,,,,,,,14.457135832416464,0,0.0,0.0,0.0,0.0,0.0,0.0,0.0,0.0,0.0,0.0,0.0,0.0,0.0,0.0
mem_medium,16,roving_ramp_bump,0.27287959834121633,0.28904868787532656,0.44194282599353846,1.1140937418478036,0.42035844322643356,2.393998785949533,4.1478320704459355,0.6860330728005114,8.762809497512366,0.0,33,7,4,0,0,0,0,3,4,0,21,6,0,0,0,1,3,0,0,0,6,0,17,40,27,0.675,0.6363636363636364,0.8571428571428571,,,0.3333333333333333,0.75,0.0,1.0558333333333334,1.1099691675231285,0.4335,54,1.0,1.0,,,,,,,2.0,1.0,1.0,1.0,,,,,10.423020684744666,0,0.0,0.0,0.0,0.0,0.0,0.0,0.0,0.0,0.0,0.0,0.0,0.0,0.0,0.0
mem_medium,16,roving_bump,0.27287959834121633,0.28904868787532656,0.44194282599353846,1.1140937418478036,0.42035844322643356,2.393998785949533,4.1478320704459355,0.6860330728005114,8.762809497512366,0.0,36,0,0,0,0,0,0,1,7,0,26,0,0,0,0,0,6,0,0,0,6,0,13,36,26,0.7222222222222222,0.7222222222222222,,,,0.0,0.8571428571428571,0.0,3.665,0.875052673789535,,51,,,,,3.0,3.0,,,3.0,3.0,1.0,0.0,,,,,10.423020684744666,0,0.0,0.0,0.0,0.0,0.0,0.0,0.0,0.0,0.0,0.0,0.0,0.0,0.0,0.0
mem_medium,15,roving_bump,0.21571009753548173,0.21256780931937297,0.1754988485263486,0.8553076726171053,0.36472386675430696,2.715420735655087,1.264532458082581,0.5107434789894165,6.364359433342752,0.0,42,0,0,0,0,0,0,3,5,0,24,0,0,0,0,0,2,0,0,0,8,0,8,42,24,0.5714285714285714,0.5714285714285714,,,,0.0,0.4,0.0,2.0791666666666666,1.2213050567433679,,42,,,1.0,0.0,1.0,0.0,1.0,0.0,,,,,,,2.0,2.0,8.724901238270277,0,0.0,0.0,0.0,0.0,0.0,0.0,0.0,0.0,0.0,0.0,0.0,0.0,0.0,0.0
mem_medium,18,bump_train,0.21432989229696653,0.15260364883508573,0.7997209886203294,0.756085108877466,0.37552897253969464,0.5830819792330434,5.093807411132839,0.6246096449365555,5.352128218074234,0.0,0,0,0,0,0,0,0,0,0,41,0,0,0,0,0,0,0,11,0,0,4,4,1,0,0,,,,,,,,0.39473684210526316,10.133333333333333,4.183750000000032,,20,,,,,,,,,,,,,,,,,7.126118900863895,14,0.2423728813559322,7.0,7.0,7.0,7.0,6.0,5.0,4.0,2.0,3.0,2.0,4.0,4.0,3.0
mem_medium,18,roving_bump,0.21432989229696653,0.15260364883508573,0.7997209886203294,0.756085108877466,0.37552897253969464,0.5830819792330434,5.093807411132839,0.6246096449365555,5.352128218074234,0.0,38,0,0,0,0,0,0,1,6,0,15,0,0,0,0,1,1,0,0,0,6,5,3,38,15,0.39473684210526316,0.39473684210526316,,,,1.0,0.16666666666666666,1.687289088863892,2.9633333333333334,0.7606837606837625,,31,2.0,1.0,1.0,0.0,1.0,0.0,,,1.0,0.0,1.0,0.0,,,,,7.126118900863895,0,0.0,0.0,0.0,0.0,0.0,0.0,0.0,0.0,0.0,0.0,0.0,0.0,0.0,0.0
mem_medium,18,double_bump,0.21432989229696653,0.15260364883508573,0.7997209886203294,0.756085108877466,0.37552897253969464,0.5830819792330434,5.093807411132839,0.6246096449365555,5.352128218074234,0.0,0,0,0,0,0,0,0,8,23,0,0,0,0,0,0,4,8,0,0,0,3,1,8,0,0,,,,,,0.5,0.34782608695652173,1.5384615384615383,0.65,1.5614605528511039,,24,6.0,5.0,3.0,0.0,7.0,2.0,,,2.0,0.0,2.0,0.0,2.0,0.0,1.0,1.0,7.126118900863895,0,0.0,0.0,0.0,0.0,0.0,0.0,0.0,0.0,0.0,0.0,0.0,0.0,0.0,0.0
mem_medium,18,roving_ramp_bump,0.21432989229696653,0.15260364883508573,0.7997209886203294,0.756085108877466,0.37552897253969464,0.5830819792330434,5.093807411132839,0.6246096449365555,5.352128218074234,0.0,30,12,1,0,0,0,0,2,3,0,12,3,0,0,0,0,0,0,0,0,7,2,1,42,15,0.35714285714285715,0.4,0.25,,,0.0,0.0,0.8032128514056224,2.49,0.9184512221501271,0.30525,25,,,,,,,,,1.0,0.0,1.0,0.0,1.0,0.0,,,7.126118900863895,0,0.0,0.0,0.0,0.0,0.0,0.0,0.0,0.0,0.0,0.0,0.0,0.0,0.0,0.0
mem_medium,17,roving_bump,0.10781508675716292,0.12388235282282356,0.5055948067401824,0.7773600718252212,0.17001199554856927,1.4798876620326749,3.3109923422276855,0.3679675205261708,5.177367169324898,0.0,44,0,0,0,0,0,0,1,7,0,26,0,0,0,0,1,5,0,0,0,18,3,8,44,26,0.5909090909090909,0.5909090909090909,,,,1.0,0.7142857142857143,1.9375672766415502,1.5483333333333333,1.3363309352518198,,61,1.0,1.0,,,,,1.0,1.0,3.0,2.0,,,1.0,1.0,1.0,0.0,15.226476086641256,0,0.0,0.0,0.0,0.0,0.0,0.0,0.0,0.0,0.0,0.0,0.0,0.0,0.0,0.0
mem_medium,17,bump_train,0.10781508675716292,0.12388235282282356,0.5055948067401824,0.7773600718252212,0.17001199554856927,1.4798876620326749,3.3109923422276855,0.3679675205261708,5.177367169324898,0.0,0,0,0,0,0,0,0,0,0,46,0,0,0,0,0,0,0,19,0,0,9,9,2,0,0,,,,,,,,1.0093457943925235,8.916666666666666,2.614339019189843,,39,,,,,,,,,,,,,,,,,15.226476086641256,30,0.27491408934707906,11.0,12.0,10.0,9.0,10.0,8.0,9.0,12.0,13.0,11.0,9.0,8.0,12.0
mem_medium,17,double_bump,0.10781508675716292,0.12388235282282356,0.5055948067401824,0.7773600718252212,0.17001199554856927,1.4798876620326749,3.3109923422276855,0.3679675205261708,5.177367169324898,0.0,0,0,0,0,0,0,0,4,28,0,0,0,0,0,0,2,20,0,0,0,12,1,6,0,0,,,,,,0.5,0.7142857142857143,1.2,0.8333333333333334,3.5043304904051427,,41,2.0,2.0,3.0,2.0,2.0,2.0,3.0,1.0,7.0,6.0,5.0,3.0,1.0,1.0,5.0,3.0,15.226476086641256,0,0.0,0.0,0.0,0.0,0.0,0.0,0.0,0.0,0.0,0.0,0.0,0.0,0.0,0.0
mem_medium,19,double_bump,0.19590906553989082,0.35259230014079485,0.22964496943049065,0.9231886378005386,0.42374177308966643,2.7384503376279823,1.7859970164503305,0.5940597168162103,5.5256468247373265,0.0,0,0,0,0,0,0,0,3,28,0,0,0,0,0,0,2,21,0,0,0,4,0,20,0,0,,,,,,0.6666666666666666,0.75,0.0,0.7833333333333333,2.256160976712641,,47,2.0,2.0,6.0,3.0,4.0,4.0,1.0,1.0,2.0,2.0,3.0,2.0,6.0,3.0,4.0,4.0,6.520063840352207,0,0.0,0.0,0.0,0.0,0.0,0.0,0.0,0.0,0.0,0.0,0.0,0.0,0.0,0.0
mem_medium,22,double_bump,0.19674922005161458,0.18169544764346302,0.22086878664432705,1.139818349705198,0.35566963440925586,3.419556180580326,2.1208176630370414,0.5634099297349049,7.243842768050495,0.0,0,0,0,0,0,0,0,7,25,0,0,0,0,0,0,1,3,0,0,0,2,1,0,0,0,,,,,,0.14285714285714285,0.12,1.4285714285714286,0.7,2.3967453586981486,,7,3.0,2.0,3.0,0.0,1.0,0.0,3.0,0.0,1.0,0.0,4.0,0.0,8.0,1.0,2.0,0.0,10.183386585815859,0,0.0,0.0,0.0,0.0,0.0,0.0,0.0,0.0,0.0,0.0,0.0,0.0,0.0,0.0
mem_medium,19,roving_bump,0.19590906553989082,0.35259230014079485,0.22964496943049065,0.9231886378005386,0.42374177308966643,2.7384503376279823,1.7859970164503305,0.5940597168162103,5.5256468247373265,0.0,38,0,0,0,0,0,0,2,6,0,28,0,0,0,0,0,4,0,0,0,14,1,34,38,28,0.7368421052631579,0.7368421052631579,,,,0.0,0.6666666666666666,0.477326968973747,2.095,0.7893230530216769,,81,1.0,1.0,1.0,0.0,,,1.0,0.0,,,,,1.0,1.0,2.0,2.0,6.520063840352207,0,0.0,0.0,0.0,0.0,0.0,0.0,0.0,0.0,0.0,0.0,0.0,0.0,0.0,0.0
mem_medium,22,bump_train,0.19674922005161458,0.18169544764346302,0.22086878664432705,1.139818349705198,0.35566963440925586,3.419556180580326,2.1208176630370414,0.5634099297349049,7.243842768050495,0.0,0,0,0,0,0,0,0,0,0,52,0,0,0,0,0,0,0,7,0,0,0,0,0,0,0,,,,,,,,0.0,2.6341666666666668,3.347250000000031,,7,,,,,,,,,,,,,,,,,10.183386585815859,7,0.3132530120481928,3.0,6.0,6.0,4.0,1.0,0.0,0.0,2.0,4.0,4.0,3.0,2.0,2.0
mem_medium,23,double_bump,0.3107581941003384,0.2818510363965689,0.36032994223204506,0.8976771322356971,0.4709865777376449,2.211055682966983,2.724920624679595,0.6664255856185844,7.472605321835827,0.0,0,0,0,0,0,0,0,5,25,0,0,0,0,0,0,1,4,0,0,0,0,0,1,0,0,,,,,,0.2,0.16,0.0,0.7666666666666667,6.313957535677008,,6,2.0,1.0,2.0,0.0,4.0,2.0,3.0,0.0,3.0,0.0,3.0,0.0,3.0,0.0,5.0,1.0,7.932928107771167,0,0.0,0.0,0.0,0.0,0.0,0.0,0.0,0.0,0.0,0.0,0.0,0.0,0.0,0.0
mem_medium,23,bump_train,0.3107581941003384,0.2818510363965689,0.36032994223204506,0.8976771322356971,0.4709865777376449,2.211055682966983,2.724920624679595,0.6664255856185844,7.472605321835827,0.0,0,0,0,0,0,0,0,0,0,36,0,0,0,0,0,0,0,7,0,0,2,1,0,0,0,,,,,,,,0.08784773060029283,11.383333333333333,2.335166612746703,,10,,,,,,,,,,,,,,,,,7.932928107771167,9,0.211864406779661,5.0,5.0,4.0,3.0,4.0,2.0,2.0,2.0,2.0,3.0,3.0,3.0,3.0
mem_medium,23,roving_bump,0.3107581941003384,0.2818510363965689,0.36032994223204506,0.8976771322356971,0.4709865777376449,2.211055682966983,2.724920624679595,0.6664255856185844,7.472605321835827,0.0,36,0,0,0,0,0,0,2,6,0,16,0,0,0,0,0,3,0,0,0,1,0,2,36,16,0.4444444444444444,0.4444444444444444,,,,0.0,0.5,0.0,2.658333333333333,1.035265256056497,,22,1.0,0.0,,,3.0,2.0,,,2.0,1.0,,,,,,,7.932928107771167,0,0.0,0.0,0.0,0.0,0.0,0.0,0.0,0.0,0.0,0.0,0.0,0.0,0.0,0.0
mem_medium,19,bump_train,0.19590906553989082,0.35259230014079485,0.22964496943049065,0.9231886378005386,0.42374177308966643,2.7384503376279823,1.7859970164503305,0.5940597168162103,5.5256468247373265,0.0,0,0,0,0,0,0,0,0,0,38,0,0,0,0,0,0,0,24,0,0,4,2,2,0,0,,,,,,,,0.20761245674740486,9.633333333333333,2.2354205757987913,,32,,,,,,,,,,,,,,,,,6.520063840352207,30,0.22664359861591696,22.0,23.0,16.0,4.0,7.0,6.0,6.0,4.0,6.0,6.0,4.0,8.0,6.0
mem_medium,24,double_bump,0.45517283714242385,0.5582399081078355,0.5927310306194125,0.440302627848918,0.37459417095360936,0.6904879353255963,2.198580053306547,0.4964725880075898,6.4061341255348925,0.0,0,0,0,0,0,0,0,7,24,0,0,0,0,0,0,1,13,0,0,0,2,0,0,0,0,,,,,,0.14285714285714285,0.5416666666666666,0.0,1.1666666666666667,7.446117613200315,,16,3.0,3.0,6.0,4.0,3.0,2.0,4.0,2.0,,,4.0,2.0,2.0,0.0,2.0,0.0,8.550765898501185,0,0.0,0.0,0.0,0.0,0.0,0.0,0.0,0.0,0.0,0.0,0.0,0.0,0.0,0.0
mem_medium,24,bump_train,0.45517283714242385,0.5582399081078355,0.5927310306194125,0.440302627848918,0.37459417095360936,0.6904879353255963,2.198580053306547,0.4964725880075898,6.4061341255348925,0.0,0,0,0,0,0,0,0,0,0,43,0,0,0,0,0,0,0,18,0,0,0,1,1,0,0,,,,,,,,0.12072434607645875,8.283333333333333,3.429319638694649,,20,,,,,,,,,,,,,,,,,8.550765898501185,19,0.2690972222222222,11.0,13.0,16.0,12.0,8.0,6.0,5.0,7.0,7.0,8.0,11.0,7.0,6.0
mem_medium,20,bump_train,0.1494931967971927,0.13113825217523575,0.49736449666480864,0.5926739998112474,0.1791826575461797,1.1470768962626539,2.4832703226132997,0.3288674495533064,5.324036586908683,0.0,0,0,0,0,0,0,0,0,0,45,0,0,0,0,0,0,0,11,0,0,15,10,1,0,0,,,,,,,,1.2422360248447204,8.05,1.9745533297238826,,37,,,,,,,,,,,,,,,,,14.856450562288796,26,0.2606473594548552,6.0,8.0,5.0,6.0,6.0,8.0,9.0,9.0,8.0,10.0,10.0,7.0,8.0
mem_medium,24,roving_bump,0.45517283714242385,0.5582399081078355,0.5927310306194125,0.440302627848918,0.37459417095360936,0.6904879353255963,2.198580053306547,0.4964725880075898,6.4061341255348925,0.0,34,0,0,0,0,0,0,0,7,0,22,0,0,0,0,0,4,0,0,0,4,0,6,34,22,0.6470588235294118,0.6470588235294118,,,,,0.5714285714285714,0.0,3.9791666666666665,0.7099109470193485,,36,,,,,2.0,2.0,,,2.0,1.0,2.0,0.0,1.0,1.0,,,8.550765898501185,0,0.0,0.0,0.0,0.0,0.0,0.0,0.0,0.0,0.0,0.0,0.0,0.0,0.0,0.0
mem_medium,20,roving_bump,0.1494931967971927,0.13113825217523575,0.49736449666480864,0.5926739998112474,0.1791826575461797,1.1470768962626539,2.4832703226132997,0.3288674495533064,5.324036586908683,0.0,36,0,0,0,0,0,0,0,7,0,19,0,0,0,0,0,5,0,0,0,13,3,6,36,19,0.5277777777777778,0.5277777777777778,,,,,0.7142857142857143,1.0771992818671452,2.7850000000000006,1.9247546723272486,,46,1.0,1.0,,,1.0,1.0,1.0,0.0,1.0,1.0,1.0,1.0,1.0,0.0,1.0,1.0,14.856450562288796,0,0.0,0.0,0.0,0.0,0.0,0.0,0.0,0.0,0.0,0.0,0.0,0.0,0.0,0.0
mem_medium,24,roving_ramp_bump,0.45517283714242385,0.5582399081078355,0.5927310306194125,0.440302627848918,0.37459417095360936,0.6904879353255963,2.198580053306547,0.4964725880075898,6.4061341255348925,0.0,29,6,4,0,0,0,0,1,6,0,14,3,0,0,0,0,3,0,0,0,5,0,4,35,17,0.4857142857142857,0.4827586206896552,0.5,,,0.0,0.5,0.0,2.026666666666667,1.5041287878787821,0.5582499999999999,29,,,1.0,1.0,2.0,2.0,,,1.0,0.0,,,1.0,0.0,1.0,0.0,8.550765898501185,0,0.0,0.0,0.0,0.0,0.0,0.0,0.0,0.0,0.0,0.0,0.0,0.0,0.0,0.0
mem_medium,17,roving_ramp_bump,0.10781508675716292,0.12388235282282356,0.5055948067401824,0.7773600718252212,0.17001199554856927,1.4798876620326749,3.3109923422276855,0.3679675205261708,5.177367169324898,0.0,30,8,3,0,0,0,0,0,5,0,19,6,0,0,0,0,3,0,1,0,19,2,10,38,25,0.6578947368421053,0.6333333333333333,0.75,,,,0.6,0.7492975335622852,2.669166666666667,1.09276383565035,0.29425,60,2.0,2.0,1.0,0.0,,,,,,,1.0,1.0,1.0,0.0,,,15.226476086641256,0,0.0,0.0,0.0,0.0,0.0,0.0,0.0,0.0,0.0,0.0,0.0,0.0,0.0,0.0
mem_medium,19,roving_ramp_bump,0.19590906553989082,0.35259230014079485,0.22964496943049065,0.9231886378005386,0.42374177308966643,2.7384503376279823,1.7859970164503305,0.5940597168162103,5.5256468247373265,0.0,31,9,2,0,0,0,0,2,5,0,27,9,0,0,0,1,5,0,1,0,14,1,39,40,36,0.9,0.8709677419354839,1.0,,,0.5,1.0,0.8540925266903914,1.1708333333333334,1.2126727035101004,0.44075,97,,,,,,,,,1.0,1.0,,,1.0,1.0,3.0,3.0,6.520063840352207,0,0.0,0.0,0.0,0.0,0.0,0.0,0.0,0.0,0.0,0.0,0.0,0.0,0.0,0.0
mem_medium,26,double_bump,0.3134292775276595,0.16704450336596652,0.29382188392775854,0.7286506581682884,0.47208272751460023,1.9813313538073931,1.8035859463254025,0.6184003116550248,6.283413190171913,0.0,0,0,0,0,0,0,0,7,26,0,0,0,0,0,0,1,4,0,0,0,0,0,0,0,0,,,,,,0.14285714285714285,0.15384615384615385,0.0,0.6833333333333333,1.6210247349823432,,5,3.0,3.0,5.0,0.0,4.0,0.0,1.0,0.0,1.0,0.0,5.0,0.0,2.0,0.0,5.0,1.0,6.654991619003456,0,0.0,0.0,0.0,0.0,0.0,0.0,0.0,0.0,0.0,0.0,0.0,0.0,0.0,0.0
mem_medium,26,bump_train,0.3134292775276595,0.16704450336596652,0.29382188392775854,0.7286506581682884,0.47208272751460023,1.9813313538073931,1.8035859463254025,0.6184003116550248,6.283413190171913,0.0,0,0,0,0,0,0,0,0,0,44,0,0,0,0,0,0,0,3,0,0,0,0,0,0,0,,,,,,,,0.0,7.116666666666666,3.055000000000007,,3,,,,,,,,,,,,,,,,,6.654991619003456,3,0.25506756756756754,1.0,3.0,3.0,2.0,0.0,0.0,0.0,0.0,0.0,0.0,0.0,1.0,1.0
mem_medium,21,bump_train,0.24956010823641797,0.29989372584994783,0.5439634510546114,0.9617974651368132,0.5212304343025793,1.688911038749031,4.407442859571639,0.7755359457130004,5.968667117502103,0.0,0,0,0,0,0,0,0,0,0,45,0,0,0,0,0,0,0,13,0,0,2,1,2,0,0,,,,,,,,0.12684989429175475,7.883333333333334,2.975260050604456,,18,,,,,,,,,,,,,,,,,5.725555075739527,17,0.26804123711340205,9.0,13.0,12.0,8.0,5.0,6.0,4.0,5.0,8.0,7.0,8.0,5.0,5.0
mem_medium,26,roving_ramp_bump,0.3134292775276595,0.16704450336596652,0.29382188392775854,0.7286506581682884,0.47208272751460023,1.9813313538073931,1.8035859463254025,0.6184003116550248,6.283413190171913,0.0,32,7,4,0,0,0,0,4,4,0,6,2,0,0,0,1,0,0,0,0,2,0,0,39,8,0.20512820512820512,0.1875,0.2857142857142857,,,0.25,0.0,0.0,1.5283333333333333,2.3166351606805637,0.29224999999999995,11,,,,,2.0,0.0,,,,,1.0,0.0,1.0,0.0,,,6.654991619003456,0,0.0,0.0,0.0,0.0,0.0,0.0,0.0,0.0,0.0,0.0,0.0,0.0,0.0,0.0
mem_medium,21,double_bump,0.24956010823641797,0.29989372584994783,0.5439634510546114,0.9617974651368132,0.5212304343025793,1.688911038749031,4.407442859571639,0.7755359457130004,5.968667117502103,0.0,0,0,0,0,0,0,0,7,26,0,0,0,0,0,0,2,11,0,0,0,2,0,7,0,0,,,,,,0.2857142857142857,0.4230769230769231,0.0,0.9166666666666666,2.8611764705882012,,22,3.0,1.0,3.0,0.0,,,4.0,1.0,6.0,4.0,2.0,1.0,3.0,1.0,5.0,3.0,5.725555075739527,0,0.0,0.0,0.0,0.0,0.0,0.0,0.0,0.0,0.0,0.0,0.0,0.0,0.0,0.0
mem_medium,21,roving_bump,0.24956010823641797,0.29989372584994783,0.5439634510546114,0.9617974651368132,0.5212304343025793,1.688911038749031,4.407442859571639,0.7755359457130004,5.968667117502103,0.0,39,0,0,0,0,0,0,1,6,0,22,0,0,0,0,0,3,0,0,0,4,0,4,39,22,0.5641025641025641,0.5641025641025641,,,,0.0,0.5,0.0,2.686666666666667,0.810531053105305,,33,2.0,2.0,,,1.0,0.0,1.0,0.0,1.0,0.0,1.0,1.0,,,,,5.725555075739527,0,0.0,0.0,0.0,0.0,0.0,0.0,0.0,0.0,0.0,0.0,0.0,0.0,0.0,0.0
mem_medium,23,roving_ramp_bump,0.3107581941003384,0.2818510363965689,0.36032994223204506,0.8976771322356971,0.4709865777376449,2.211055682966983,2.724920624679595,0.6664255856185844,7.472605321835827,0.0,32,7,4,0,0,0,0,1,5,0,16,6,0,0,0,0,1,0,0,0,2,1,9,39,22,0.5641025641025641,0.5,0.8571428571428571,,,0.0,0.2,0.45575389289783513,2.194166666666667,1.9179004037685066,0.47162499999999996,35,1.0,1.0,1.0,0.0,,,,,1.0,0.0,,,2.0,0.0,,,7.932928107771167,0,0.0,0.0,0.0,0.0,0.0,0.0,0.0,0.0,0.0,0.0,0.0,0.0,0.0,0.0
mem_medium,20,double_bump,0.1494931967971927,0.13113825217523575,0.49736449666480864,0.5926739998112474,0.1791826575461797,1.1470768962626539,2.4832703226132997,0.3288674495533064,5.324036586908683,0.0,0,0,0,0,0,0,0,8,24,0,0,0,0,0,0,2,16,0,0,0,4,1,5,0,0,,,,,,0.25,0.6666666666666666,0.6122448979591837,1.6333333333333333,4.338795136161316,,28,1.0,0.0,3.0,2.0,4.0,4.0,1.0,1.0,6.0,4.0,4.0,2.0,,,5.0,3.0,14.856450562288796,0,0.0,0.0,0.0,0.0,0.0,0.0,0.0,0.0,0.0,0.0,0.0,0.0,0.0,0.0
mem_medium,25,bump_train,0.20322064347548904,0.20268627899907612,0.6184361563393154,0.7819505387970253,0.28374627991350554,1.148867631918298,4.073873108083844,0.5053054989195223,6.082526967630928,0.0,0,0,0,0,0,0,0,0,0,50,0,0,0,0,0,0,0,18,0,0,3,2,0,0,0,,,,,,,,0.42402826855123676,4.716666666666667,3.163542746953585,,23,,,,,,,,,,,,,,,,,10.718249715000786,20,0.3017241379310345,11.0,13.0,11.0,9.0,5.0,5.0,4.0,5.0,7.0,8.0,9.0,8.0,8.0
mem_medium,22,roving_bump,0.19674922005161458,0.18169544764346302,0.22086878664432705,1.139818349705198,0.35566963440925586,3.419556180580326,2.1208176630370414,0.5634099297349049,7.243842768050495,0.0,41,0,0,0,0,0,0,0,7,0,21,0,0,0,0,0,3,0,0,0,8,0,4,41,21,0.5121951219512195,0.5121951219512195,,,,,0.42857142857142855,0.0,1.6058333333333334,1.7893274684570515,,36,,,1.0,1.0,1.0,1.0,2.0,0.0,,,,,1.0,0.0,2.0,1.0,10.183386585815859,0,0.0,0.0,0.0,0.0,0.0,0.0,0.0,0.0,0.0,0.0,0.0,0.0,0.0,0.0
mem_medium,22,roving_ramp_bump,0.19674922005161458,0.18169544764346302,0.22086878664432705,1.139818349705198,0.35566963440925586,3.419556180580326,2.1208176630370414,0.5634099297349049,7.243842768050495,0.0,27,9,3,0,0,0,0,2,5,0,12,9,0,0,0,0,1,0,0,0,4,1,11,36,21,0.5833333333333334,0.4444444444444444,1.0,,,0.0,0.2,0.35555555555555557,2.8125,2.002790731776095,0.27249999999999996,38,,,,,,,,,2.0,1.0,3.0,0.0,,,,,10.183386585815859,0,0.0,0.0,0.0,0.0,0.0,0.0,0.0,0.0,0.0,0.0,0.0,0.0,0.0,0.0
mem_medium,21,roving_ramp_bump,0.24956010823641797,0.29989372584994783,0.5439634510546114,0.9617974651368132,0.5212304343025793,1.688911038749031,4.407442859571639,0.7755359457130004,5.968667117502103,0.0,29,8,4,0,0,0,0,1,5,0,17,8,0,0,0,1,1,0,1,0,5,0,10,37,25,0.6756756756756757,0.5862068965517241,1.0,,,1.0,0.2,0.0,1.9216666666666669,0.671723876351229,0.4497500000000001,43,,,,,2.0,0.0,1.0,0.0,,,,,1.0,0.0,1.0,1.0,5.725555075739527,0,0.0,0.0,0.0,0.0,0.0,0.0,0.0,0.0,0.0,0.0,0.0,0.0,0.0,0.0
mem_medium,26,roving_bump,0.3134292775276595,0.16704450336596652,0.29382188392775854,0.7286506581682884,0.47208272751460023,1.9813313538073931,1.8035859463254025,0.6184003116550248,6.283413190171913,0.0,42,0,0,0,0,0,0,3,5,0,13,0,0,0,0,0,0,0,0,0,2,1,0,42,13,0.30952380952380953,0.30952380952380953,,,,0.0,0.0,0.5143591941705957,1.9441666666666668,1.5892193308550322,,16,1.0,0.0,1.0,0.0,1.0,0.0,1.0,0.0,1.0,0.0,,,,,,,6.654991619003456,0,0.0,0.0,0.0,0.0,0.0,0.0,0.0,0.0,0.0,0.0,0.0,0.0,0.0,0.0
mem_medium,25,roving_ramp_bump,0.20322064347548904,0.20268627899907612,0.6184361563393154,0.7819505387970253,0.28374627991350554,1.148867631918298,4.073873108083844,0.5053054989195223,6.082526967630928,0.0,32,9,2,0,0,0,0,1,6,0,19,8,0,0,0,0,5,0,0,0,8,1,12,41,27,0.6585365853658537,0.59375,0.8888888888888888,,,0.0,0.8333333333333334,0.8804108584005869,1.1358333333333335,1.7619023559819935,0.377,53,1.0,1.0,,,,,1.0,1.0,1.0,1.0,1.0,1.0,2.0,1.0,,,10.718249715000786,0,0.0,0.0,0.0,0.0,0.0,0.0,0.0,0.0,0.0,0.0,0.0,0.0,0.0,0.0
mem_medium,25,roving_bump,0.20322064347548904,0.20268627899907612,0.6184361563393154,0.7819505387970253,0.28374627991350554,1.148867631918298,4.073873108083844,0.5053054989195223,6.082526967630928,0.0,38,0,0,0,0,0,0,2,6,0,24,0,0,0,0,1,1,0,0,0,10,1,4,38,24,0.631578947368421,0.631578947368421,,,,0.5,0.16666666666666666,0.3907521979811136,2.559166666666667,1.730880026759026,,41,,,1.0,0.0,,,2.0,0.0,,,1.0,1.0,2.0,0.0,,,10.718249715000786,0,0.0,0.0,0.0,0.0,0.0,0.0,0.0,0.0,0.0,0.0,0.0,0.0,0.0,0.0
mem_medium,20,roving_ramp_bump,0.1494931967971927,0.13113825217523575,0.49736449666480864,0.5926739998112474,0.1791826575461797,1.1470768962626539,2.4832703226132997,0.3288674495533064,5.324036586908683,0.0,31,8,4,0,0,0,0,0,6,0,16,7,0,0,0,0,5,0,2,0,12,1,16,39,23,0.5897435897435898,0.5161290322580645,0.875,,,,0.8333333333333334,0.6928406466512701,1.4433333333333336,1.625293263311669,0.13124999999999998,59,1.0,1.0,,,2.0,2.0,1.0,0.0,1.0,1.0,,,,,1.0,1.0,14.856450562288796,0,0.0,0.0,0.0,0.0,0.0,0.0,0.0,0.0,0.0,0.0,0.0,0.0,0.0,0.0
mem_medium,27,double_bump,0.09854879630337493,0.09903031669449533,0.5281454919175733,1.4573139890748588,0.22324060215059305,2.6477973189543307,6.48395590933635,0.6027028397017424,5.907746341869523,0.0,0,0,0,0,0,0,0,5,27,0,0,0,0,0,0,2,14,0,0,0,4,1,6,0,0,,,,,,0.4,0.5185185185185185,0.8823529411764706,1.1333333333333333,5.330750000000023,,27,1.0,0.0,3.0,2.0,4.0,2.0,5.0,1.0,4.0,2.0,4.0,4.0,3.0,1.0,3.0,2.0,13.231791808831195,0,0.0,0.0,0.0,0.0,0.0,0.0,0.0,0.0,0.0,0.0,0.0,0.0,0.0,0.0
mem_medium,27,bump_train,0.09854879630337493,0.09903031669449533,0.5281454919175733,1.4573139890748588,0.22324060215059305,2.6477973189543307,6.48395590933635,0.6027028397017424,5.907746341869523,0.0,0,0,0,0,0,0,0,0,0,48,0,0,0,0,0,0,0,21,0,0,15,4,2,0,0,,,,,,,,0.7619047619047619,5.25,3.67574137092853,,42,,,,,,,,,,,,,,,,,13.231791808831195,38,0.2876712328767123,14.0,11.0,9.0,13.0,18.0,17.0,14.0,14.0,10.0,10.0,15.0,14.0,16.0
mem_medium,28,roving_ramp_bump,0.24174231311472266,0.1455821785804931,0.6930985247907261,0.9077638460941828,0.39449220243919836,1.072742170663061,5.300309114703734,0.6689320654673618,6.471124785878079,0.0,36,6,5,0,0,0,0,2,4,0,7,2,0,0,0,0,1,0,0,0,2,0,3,42,9,0.21428571428571427,0.19444444444444445,0.3333333333333333,,,0.0,0.25,0.0,1.525,1.4412826748650331,0.10912500000000003,15,1.0,0.0,,,2.0,1.0,,,,,1.0,0.0,,,,,8.201841184523095,0,0.0,0.0,0.0,0.0,0.0,0.0,0.0,0.0,0.0,0.0,0.0,0.0,0.0,0.0
mem_medium,27,roving_ramp_bump,0.09854879630337493,0.09903031669449533,0.5281454919175733,1.4573139890748588,0.22324060215059305,2.6477973189543307,6.48395590933635,0.6027028397017424,5.907746341869523,0.0,28,9,2,0,0,0,0,1,4,0,14,9,0,0,0,1,3,0,1,0,11,1,11,37,23,0.6216216216216216,0.5,1.0,,,1.0,0.75,0.42357924461701374,2.3608333333333333,2.508807985907207,0.14850000000000008,51,1.0,1.0,1.0,1.0,,,,,,,1.0,1.0,,,1.0,0.0,13.231791808831195,0,0.0,0.0,0.0,0.0,0.0,0.0,0.0,0.0,0.0,0.0,0.0,0.0,0.0,0.0
mem_medium,28,double_bump,0.24174231311472266,0.1455821785804931,0.6930985247907261,0.9077638460941828,0.39449220243919836,1.072742170663061,5.300309114703734,0.6689320654673618,6.471124785878079,0.0,0,0,0,0,0,0,0,3,30,0,0,0,0,0,0,0,5,0,0,0,3,0,2,0,0,,,,,,0.0,0.16666666666666666,0.0,0.4,7.225999999999999,,10,2.0,1.0,3.0,0.0,4.0,1.0,5.0,0.0,2.0,0.0,4.0,1.0,5.0,1.0,5.0,1.0,8.201841184523095,0,0.0,0.0,0.0,0.0,0.0,0.0,0.0,0.0,0.0,0.0,0.0,0.0,0.0,0.0
mem_medium,28,bump_train,0.24174231311472266,0.1455821785804931,0.6930985247907261,0.9077638460941828,0.39449220243919836,1.072742170663061,5.300309114703734,0.6689320654673618,6.471124785878079,0.0,0,0,0,0,0,0,0,0,0,33,0,0,0,0,0,0,0,4,0,0,3,3,0,0,0,,,,,,,,0.24489795918367346,12.25,3.2684521456123914,,10,,,,,,,,,,,,,,,,,8.201841184523095,6,0.20774647887323944,2.0,3.0,3.0,3.0,1.0,1.0,2.0,3.0,3.0,2.0,1.0,0.0,1.0
mem_medium,27,roving_bump,0.09854879630337493,0.09903031669449533,0.5281454919175733,1.4573139890748588,0.22324060215059305,2.6477973189543307,6.48395590933635,0.6027028397017424,5.907746341869523,0.0,38,0,0,0,0,0,0,3,6,0,20,0,0,0,0,2,3,0,0,0,9,4,4,38,20,0.5263157894736842,0.5263157894736842,,,,0.6666666666666666,0.5,1.239989666752777,3.2258333333333336,1.7675473712303114,,42,,,,,2.0,2.0,1.0,0.0,,,1.0,1.0,,,2.0,0.0,13.231791808831195,0,0.0,0.0,0.0,0.0,0.0,0.0,0.0,0.0,0.0,0.0,0.0,0.0,0.0,0.0
mem_medium,25,double_bump,0.20322064347548904,0.20268627899907612,0.6184361563393154,0.7819505387970253,0.28374627991350554,1.148867631918298,4.073873108083844,0.5053054989195223,6.082526967630928,0.0,0,0,0,0,0,0,0,4,26,0,0,0,0,0,0,3,18,0,0,0,4,0,4,0,0,,,,,,0.75,0.6923076923076923,0.0,0.9166666666666666,4.2794999999999845,,29,7.0,7.0,2.0,0.0,2.0,2.0,3.0,2.0,5.0,3.0,2.0,1.0,1.0,0.0,4.0,3.0,10.718249715000786,0,0.0,0.0,0.0,0.0,0.0,0.0,0.0,0.0,0.0,0.0,0.0,0.0,0.0,0.0
mem_medium,29,double_bump,0.1573704783165048,0.160772416272649,0.7259604855911487,0.9485276210285011,0.2592087479838765,1.0008907300049965,5.800912391080632,0.553897844232841,5.773895249496649,0.0,0,0,0,0,0,0,0,7,24,0,0,0,0,0,0,4,14,0,0,0,5,0,5,0,0,,,,,,0.5714285714285714,0.5833333333333334,0.0,0.9333333333333333,5.193071610365578,,28,,,3.0,3.0,1.0,1.0,1.0,1.0,6.0,2.0,5.0,3.0,4.0,2.0,4.0,2.0,11.137539327676935,0,0.0,0.0,0.0,0.0,0.0,0.0,0.0,0.0,0.0,0.0,0.0,0.0,0.0,0.0
mem_medium,29,roving_bump,0.1573704783165048,0.160772416272649,0.7259604855911487,0.9485276210285011,0.2592087479838765,1.0008907300049965,5.800912391080632,0.553897844232841,5.773895249496649,0.0,37,0,0,0,0,0,0,2,6,0,22,0,0,0,0,0,4,0,0,0,9,2,9,37,22,0.5945945945945946,0.5945945945945946,,,,0.0,0.6666666666666666,1.0624169986719787,1.8825,1.0622661741117938,,46,2.0,2.0,2.0,0.0,1.0,1.0,,,,,1.0,1.0,,,,,11.137539327676935,0,0.0,0.0,0.0,0.0,0.0,0.0,0.0,0.0,0.0,0.0,0.0,0.0,0.0,0.0
mem_medium,28,roving_bump,0.24174231311472266,0.1455821785804931,0.6930985247907261,0.9077638460941828,0.39449220243919836,1.072742170663061,5.300309114703734,0.6689320654673618,6.471124785878079,0.0,43,0,0,0,0,0,0,1,7,0,20,0,0,0,0,0,1,0,0,0,0,0,1,43,20,0.46511627906976744,0.46511627906976744,,,,0.0,0.14285714285714285,0.0,2.466666666666667,1.0384153661465054,,22,1.0,1.0,2.0,0.0,,,,,1.0,0.0,1.0,0.0,1.0,0.0,1.0,0.0,8.201841184523095,0,0.0,0.0,0.0,0.0,0.0,0.0,0.0,0.0,0.0,0.0,0.0,0.0,0.0,0.0
mem_medium,29,bump_train,0.1573704783165048,0.160772416272649,0.7259604855911487,0.9485276210285011,0.2592087479838765,1.0008907300049965,5.800912391080632,0.553897844232841,5.773895249496649,0.0,0,0,0,0,0,0,0,0,0,39,0,0,0,0,0,0,0,11,0,0,8,7,0,0,0,,,,,,,,0.7215874924834635,9.700833333333334,4.632999999999981,,26,,,,,,,,,,,,,,,,,11.137539327676935,19,0.24740484429065743,6.0,6.0,7.0,6.0,7.0,5.0,7.0,6.0,6.0,6.0,3.0,4.0,6.0
mem_long,1,double_bump,0.24882697277593485,0.22894624238076558,0.5291976588793874,1.0413198710426574,0.08862371119197976,1.887757764839415,4.6423236202835225,0.360046028139069,12.428790134533504,0.0,0,0,0,0,0,0,0,5,26,0,0,0,0,0,0,2,11,0,0,0,4,0,2,0,0,,,,,,0.4,0.4230769230769231,0.0,0.6833333333333333,5.2890920554854715,,19,7.0,3.0,4.0,2.0,2.0,2.0,9.0,1.0,2.0,1.0,,,2.0,2.0,,,70.12113331391545,0,0.0,0.0,0.0,0.0,0.0,0.0,0.0,0.0,0.0,0.0,0.0,0.0,0.0,0.0
mem_long,0,bump_train,0.18585400334033447,0.16293941300122763,0.8616069657126754,1.0106428173525253,0.04790874525021048,0.5385616450303692,7.33567762066482,0.396751978992533,10.038287962120036,0.0,0,0,0,0,0,0,0,0,0,36,0,0,0,0,0,0,0,10,0,0,7,6,0,0,0,,,,,,,,0.4897959183673469,12.25,3.1898306794665467,,23,,,,,,,,,,,,,,,,,104.76467197892154,17,0.21196581196581196,7.0,4.0,5.0,5.0,5.0,5.0,4.0,4.0,5.0,7.0,7.0,5.0,2.0
mem_long,0,double_bump,0.18585400334033447,0.16293941300122763,0.8616069657126754,1.0106428173525253,0.04790874525021048,0.5385616450303692,7.33567762066482,0.396751978992533,10.038287962120036,0.0,0,0,0,0,0,0,0,6,26,0,0,0,0,0,0,3,18,0,0,0,7,0,7,0,0,,,,,,0.5,0.6923076923076923,0.0,0.8833333333333333,4.557249999999954,,35,5.0,3.0,2.0,1.0,3.0,3.0,3.0,2.0,2.0,2.0,3.0,2.0,4.0,1.0,4.0,4.0,104.76467197892154,0,0.0,0.0,0.0,0.0,0.0,0.0,0.0,0.0,0.0,0.0,0.0,0.0,0.0,0.0
mem_long,1,bump_train,0.24882697277593485,0.22894624238076558,0.5291976588793874,1.0413198710426574,0.08862371119197976,1.887757764839415,4.6423236202835225,0.360046028139069,12.428790134533504,0.0,0,0,0,0,0,0,0,0,0,44,0,0,0,0,0,0,0,13,0,0,4,3,0,0,0,,,,,,,,0.44554455445544555,6.733333333333333,3.3920000000000528,,20,,,,,,,,,,,,,,,,,70.12113331391545,17,0.2659758203799655,6.0,12.0,12.0,11.0,4.0,4.0,4.0,5.0,6.0,6.0,7.0,4.0,5.0
mem_medium,29,roving_ramp_bump,0.1573704783165048,0.160772416272649,0.7259604855911487,0.9485276210285011,0.2592087479838765,1.0008907300049965,5.800912391080632,0.553897844232841,5.773895249496649,0.0,33,11,1,0,0,0,0,2,5,0,21,7,0,0,0,2,3,0,0,0,4,0,12,44,28,0.6363636363636364,0.6363636363636364,0.6363636363636364,,,1.0,0.6,0.0,0.8150000000000001,1.0045982575024215,0.20099999999999996,49,1.0,1.0,1.0,0.0,,,,,1.0,0.0,,,2.0,2.0,,,11.137539327676935,0,0.0,0.0,0.0,0.0,0.0,0.0,0.0,0.0,0.0,0.0,0.0,0.0,0.0,0.0
mem_long,0,roving_bump,0.18585400334033447,0.16293941300122763,0.8616069657126754,1.0106428173525253,0.04790874525021048,0.5385616450303692,7.33567762066482,0.396751978992533,10.038287962120036,0.0,41,0,0,0,0,0,0,2,6,0,18,0,0,0,0,2,4,0,0,0,8,0,5,41,18,0.43902439024390244,0.43902439024390244,,,,1.0,0.6666666666666666,0.0,1.6908333333333334,1.0725847904133328,,37,2.0,2.0,,,1.0,0.0,1.0,1.0,,,,,1.0,0.0,1.0,1.0,104.76467197892154,0,0.0,0.0,0.0,0.0,0.0,0.0,0.0,0.0,0.0,0.0,0.0,0.0,0.0,0.0
mem_long,0,roving_ramp_bump,0.18585400334033447,0.16293941300122763,0.8616069657126754,1.0106428173525253,0.04790874525021048,0.5385616450303692,7.33567762066482,0.396751978992533,10.038287962120036,0.0,27,9,4,0,0,0,0,1,4,0,11,2,0,0,0,1,3,0,1,0,5,2,5,36,13,0.3611111111111111,0.4074074074074074,0.2222222222222222,,,1.0,0.75,0.6398293788323114,3.1258333333333335,1.363822805578343,0.28512499999999996,30,,,1.0,0.0,,,,,,,1.0,1.0,1.0,1.0,1.0,1.0,104.76467197892154,0,0.0,0.0,0.0,0.0,0.0,0.0,0.0,0.0,0.0,0.0,0.0,0.0,0.0,0.0
mem_long,2,double_bump,0.17859313732058973,0.2617078216069325,0.4045068985048545,1.0890705411883044,0.04095113494139195,2.4972167606684663,3.7112079113721346,0.29029239765463966,11.2356803239256,0.0,0,0,0,0,0,0,0,11,23,0,0,0,0,0,0,4,20,0,0,0,5,0,8,0,0,,,,,,0.36363636363636365,0.8695652173913043,0.0,0.5,3.1399482973872574,,37,1.0,1.0,4.0,4.0,3.0,3.0,2.0,0.0,5.0,5.0,1.0,1.0,2.0,1.0,5.0,5.0,137.18399184791542,0,0.0,0.0,0.0,0.0,0.0,0.0,0.0,0.0,0.0,0.0,0.0,0.0,0.0,0.0
mem_long,2,roving_bump,0.17859313732058973,0.2617078216069325,0.4045068985048545,1.0890705411883044,0.04095113494139195,2.4972167606684663,3.7112079113721346,0.29029239765463966,11.2356803239256,0.0,35,0,0,0,0,0,0,0,8,0,23,0,0,0,0,0,6,0,0,0,8,1,15,35,23,0.6571428571428571,0.6571428571428571,,,,,0.75,0.3938299967180834,2.5391666666666666,1.0034642032333057,,53,,,1.0,1.0,1.0,1.0,1.0,1.0,2.0,2.0,2.0,1.0,1.0,0.0,,,137.18399184791542,0,0.0,0.0,0.0,0.0,0.0,0.0,0.0,0.0,0.0,0.0,0.0,0.0,0.0,0.0
mem_long,1,roving_ramp_bump,0.24882697277593485,0.22894624238076558,0.5291976588793874,1.0413198710426574,0.08862371119197976,1.887757764839415,4.6423236202835225,0.360046028139069,12.428790134533504,0.0,27,11,0,0,0,0,0,0,6,0,16,9,0,0,0,0,3,0,0,0,3,2,3,38,25,0.6578947368421053,0.5925925925925926,0.8181818181818182,,,,0.5,0.8376963350785339,2.3875,2.8372903686767166,0.44999999999999996,36,1.0,1.0,1.0,0.0,1.0,1.0,1.0,0.0,,,,,1.0,1.0,1.0,0.0,70.12113331391545,0,0.0,0.0,0.0,0.0,0.0,0.0,0.0,0.0,0.0,0.0,0.0,0.0,0.0,0.0
mem_long,1,roving_bump,0.24882697277593485,0.22894624238076558,0.5291976588793874,1.0413198710426574,0.08862371119197976,1.887757764839415,4.6423236202835225,0.360046028139069,12.428790134533504,0.0,41,0,0,0,0,0,0,1,7,0,26,0,0,0,0,0,5,0,0,0,3,0,4,41,26,0.6341463414634146,0.6341463414634146,,,,0.0,0.7142857142857143,0.0,0.975,1.41436852274722,,38,1.0,1.0,,,1.0,1.0,1.0,0.0,2.0,1.0,,,,,2.0,2.0,70.12113331391545,0,0.0,0.0,0.0,0.0,0.0,0.0,0.0,0.0,0.0,0.0,0.0,0.0,0.0,0.0
mem_long,2,bump_train,0.17859313732058973,0.2617078216069325,0.4045068985048545,1.0890705411883044,0.04095113494139195,2.4972167606684663,3.7112079113721346,0.29029239765463966,11.2356803239256,0.0,0,0,0,0,0,0,0,0,0,39,0,0,0,0,0,0,0,20,0,0,4,6,0,0,0,,,,,,,,0.6133401482238691,9.7825,2.4985244898354493,,30,,,,,,,,,,,,,,,,,137.18399184791542,24,0.23776223776223776,15.0,15.0,10.0,7.0,8.0,9.0,8.0,7.0,5.0,5.0,4.0,8.0,8.0
mem_long,3,double_bump,0.2852678721509124,0.3057086832661688,0.4758009304560507,0.46949065167752074,0.05622922604300485,0.9476472148576257,1.8818524908412413,0.17222895733027543,8.856819879904952,0.0,0,0,0,0,0,0,0,5,27,0,0,0,0,0,0,3,19,0,0,0,3,0,8,0,0,,,,,,0.6,0.7037037037037037,0.0,0.8666666666666667,3.7813676941553407,,33,6.0,5.0,7.0,6.0,4.0,3.0,1.0,0.0,2.0,2.0,1.0,1.0,3.0,0.0,3.0,2.0,78.75637371507784,0,0.0,0.0,0.0,0.0,0.0,0.0,0.0,0.0,0.0,0.0,0.0,0.0,0.0,0.0
mem_long,2,roving_ramp_bump,0.17859313732058973,0.2617078216069325,0.4045068985048545,1.0890705411883044,0.04095113494139195,2.4972167606684663,3.7112079113721346,0.29029239765463966,11.2356803239256,0.0,29,7,4,0,0,0,0,3,4,0,22,7,0,0,0,3,2,0,1,0,10,0,17,36,29,0.8055555555555556,0.7586206896551724,1.0,,,1.0,0.5,0.0,1.9200000000000002,1.5681406191302747,0.39249999999999996,62,,,1.0,1.0,,,,,1.0,1.0,1.0,0.0,,,1.0,0.0,137.18399184791542,0,0.0,0.0,0.0,0.0,0.0,0.0,0.0,0.0,0.0,0.0,0.0,0.0,0.0,0.0
mem_long,3,roving_ramp_bump,0.2852678721509124,0.3057086832661688,0.4758009304560507,0.46949065167752074,0.05622922604300485,0.9476472148576257,1.8818524908412413,0.17222895733027543,8.856819879904952,0.0,30,7,5,0,0,0,0,0,6,0,19,7,0,0,0,0,5,0,1,0,9,1,6,37,26,0.7027027027027027,0.6333333333333333,1.0,,,,0.8333333333333334,0.6472491909385113,1.5450000000000002,2.8081818181818274,0.44999999999999996,48,1.0,1.0,,,1.0,1.0,,,1.0,1.0,2.0,2.0,1.0,0.0,,,78.75637371507784,0,0.0,0.0,0.0,0.0,0.0,0.0,0.0,0.0,0.0,0.0,0.0,0.0,0.0,0.0
mem_long,3,bump_train,0.2852678721509124,0.3057086832661688,0.4758009304560507,0.46949065167752074,0.05622922604300485,0.9476472148576257,1.8818524908412413,0.17222895733027543,8.856819879904952,0.0,0,0,0,0,0,0,0,0,0,36,0,0,0,0,0,0,0,15,0,0,6,6,0,0,0,,,,,,,,0.6766917293233082,8.866666666666667,2.131666164507351,,27,,,,,,,,,,,,,,,,,78.75637371507784,21,0.2195540308747856,10.0,10.0,5.0,6.0,7.0,8.0,7.0,6.0,6.0,4.0,2.0,4.0,3.0
mem_long,4,bump_train,0.16717617488723477,0.14326105185543864,0.7296993903986978,1.0117385400600551,0.05640296367651236,1.0530253217198249,6.21935890004386,0.37169226647594805,9.266637308263094,0.0,0,0,0,0,0,0,0,0,0,47,0,0,0,0,0,0,0,14,0,0,6,3,1,0,0,,,,,,,,0.43902439024390244,6.833333333333333,3.7104144610202208,,24,,,,,,,,,,,,,,,,,82.14672336554858,21,0.27938671209540034,9.0,10.0,10.0,10.0,7.0,5.0,5.0,4.0,8.0,9.0,7.0,8.0,5.0
mem_long,5,bump_train,0.2511671830360221,0.17539066512785664,0.3637079242906506,0.7602789300834765,0.0882239276888649,1.8627431076583003,2.3294803977800784,0.2544020830509917,10.567169667975175,0.0,0,0,0,0,0,0,0,0,0,41,0,0,0,0,0,0,0,8,0,0,5,1,0,0,0,,,,,,,,0.13921113689095127,7.183333333333334,2.2273546457031426,,14,,,,,,,,,,,,,,,,,59.888342906484,13,0.2525597269624573,6.0,7.0,4.0,3.0,3.0,4.0,4.0,4.0,3.0,3.0,2.0,2.0,1.0
mem_long,3,roving_bump,0.2852678721509124,0.3057086832661688,0.4758009304560507,0.46949065167752074,0.05622922604300485,0.9476472148576257,1.8818524908412413,0.17222895733027543,8.856819879904952,0.0,38,0,0,0,0,0,0,2,6,0,28,0,0,0,0,1,3,0,0,0,9,0,9,38,28,0.7368421052631579,0.7368421052631579,,,,0.5,0.5,0.0,1.5708333333333333,1.8833931890333908,,50,2.0,2.0,,,,,,,2.0,1.0,1.0,0.0,1.0,0.0,,,78.75637371507784,0,0.0,0.0,0.0,0.0,0.0,0.0,0.0,0.0,0.0,0.0,0.0,0.0,0.0,0.0
mem_long,4,roving_bump,0.16717617488723477,0.14326105185543864,0.7296993903986978,1.0117385400600551,0.05640296367651236,1.0530253217198249,6.21935890004386,0.37169226647594805,9.266637308263094,0.0,38,0,0,0,0,0,0,0,7,0,17,0,0,0,0,0,4,0,0,0,11,0,1,38,17,0.4473684210526316,0.4473684210526316,,,,,0.5714285714285714,0.0,2.07,1.96249672174143,,33,1.0,1.0,1.0,1.0,2.0,1.0,1.0,0.0,,,1.0,0.0,1.0,1.0,,,82.14672336554858,0,0.0,0.0,0.0,0.0,0.0,0.0,0.0,0.0,0.0,0.0,0.0,0.0,0.0,0.0
mem_long,4,double_bump,0.16717617488723477,0.14326105185543864,0.7296993903986978,1.0117385400600551,0.05640296367651236,1.0530253217198249,6.21935890004386,0.37169226647594805,9.266637308263094,0.0,0,0,0,0,0,0,0,5,27,0,0,0,0,0,0,3,13,0,0,0,7,1,1,0,0,,,,,,0.6,0.48148148148148145,0.6382978723404256,1.5666666666666667,4.634771868439504,,25,3.0,1.0,2.0,1.0,6.0,3.0,3.0,1.0,4.0,4.0,3.0,1.0,5.0,2.0,1.0,0.0,82.14672336554858,0,0.0,0.0,0.0,0.0,0.0,0.0,0.0,0.0,0.0,0.0,0.0,0.0,0.0,0.0
mem_long,5,roving_ramp_bump,0.2511671830360221,0.17539066512785664,0.3637079242906506,0.7602789300834765,0.0882239276888649,1.8627431076583003,2.3294803977800784,0.2544020830509917,10.567169667975175,0.0,34,6,7,0,0,0,0,1,5,0,19,4,0,0,0,1,2,0,0,0,5,0,3,40,23,0.575,0.5588235294117647,0.6666666666666666,,,1.0,0.4,0.0,0.9658333333333334,3.5145594984698207,0.39462499999999995,34,,,,,2.0,1.0,1.0,0.0,,,1.0,1.0,1.0,0.0,,,59.888342906484,0,0.0,0.0,0.0,0.0,0.0,0.0,0.0,0.0,0.0,0.0,0.0,0.0,0.0,0.0
mem_long,5,double_bump,0.2511671830360221,0.17539066512785664,0.3637079242906506,0.7602789300834765,0.0882239276888649,1.8627431076583003,2.3294803977800784,0.2544020830509917,10.567169667975175,0.0,0,0,0,0,0,0,0,8,25,0,0,0,0,0,0,1,11,0,0,0,1,0,0,0,0,,,,,,0.125,0.44,0.0,0.48333333333333334,5.866000000000007,,13,3.0,2.0,2.0,0.0,4.0,3.0,5.0,1.0,,,3.0,2.0,4.0,1.0,4.0,2.0,59.888342906484,0,0.0,0.0,0.0,0.0,0.0,0.0,0.0,0.0,0.0,0.0,0.0,0.0,0.0,0.0
mem_long,6,roving_bump,0.10294011602626277,0.08595020009121544,0.27914316678204554,1.3643851901418926,0.046366750601842005,3.7871238837540595,3.208465249233349,0.3152516663168504,8.730609288795065,0.0,37,0,0,0,0,0,0,3,5,0,22,0,0,0,0,1,5,0,0,0,14,1,3,37,22,0.5945945945945946,0.5945945945945946,,,,0.3333333333333333,1.0,0.43274432023079695,2.3108333333333335,2.0630879057908924,,46,,,,,2.0,2.0,,,1.0,1.0,2.0,2.0,,,,,94.14730572523904,0,0.0,0.0,0.0,0.0,0.0,0.0,0.0,0.0,0.0,0.0,0.0,0.0,0.0,0.0
mem_long,5,roving_bump,0.2511671830360221,0.17539066512785664,0.3637079242906506,0.7602789300834765,0.0882239276888649,1.8627431076583003,2.3294803977800784,0.2544020830509917,10.567169667975175,0.0,43,0,0,0,0,0,0,2,6,0,14,0,0,0,0,0,3,0,0,0,8,0,2,43,14,0.32558139534883723,0.32558139534883723,,,,0.0,0.5,0.0,2.9716666666666667,2.4075512405609762,,27,1.0,0.0,1.0,1.0,1.0,1.0,,,,,,,3.0,1.0,,,59.888342906484,0,0.0,0.0,0.0,0.0,0.0,0.0,0.0,0.0,0.0,0.0,0.0,0.0,0.0,0.0
mem_long,6,bump_train,0.10294011602626277,0.08595020009121544,0.27914316678204554,1.3643851901418926,0.046366750601842005,3.7871238837540595,3.208465249233349,0.3152516663168504,8.730609288795065,0.0,0,0,0,0,0,0,0,0,0,47,0,0,0,0,0,0,0,18,0,0,7,5,0,0,0,,,,,,,,0.8695652173913043,5.75,2.4412766314976664,,30,,,,,,,,,,,,,,,,,94.14730572523904,26,0.29259896729776247,13.0,11.0,8.0,8.0,7.0,6.0,6.0,4.0,6.0,5.0,7.0,9.0,10.0
mem_long,6,roving_ramp_bump,0.10294011602626277,0.08595020009121544,0.27914316678204554,1.3643851901418926,0.046366750601842005,3.7871238837540595,3.208465249233349,0.3152516663168504,8.730609288795065,0.0,30,6,6,0,0,0,0,2,4,0,18,6,0,0,0,1,2,0,2,0,10,1,9,36,24,0.6666666666666666,0.6,1.0,,,0.5,0.5,0.8168822328114363,1.2241666666666666,2.344783945037071,0.15049999999999997,49,1.0,1.0,2.0,1.0,,,,,,,,,,,1.0,0.0,94.14730572523904,0,0.0,0.0,0.0,0.0,0.0,0.0,0.0,0.0,0.0,0.0,0.0,0.0,0.0,0.0
mem_long,4,roving_ramp_bump,0.16717617488723477,0.14326105185543864,0.7296993903986978,1.0117385400600551,0.05640296367651236,1.0530253217198249,6.21935890004386,0.37169226647594805,9.266637308263094,0.0,38,8,4,0,0,0,0,0,5,0,15,6,0,0,0,0,4,0,3,0,8,0,4,46,21,0.45652173913043476,0.39473684210526316,0.75,,,,0.8,0.0,0.8125,1.7019969278033913,0.35812499999999997,40,1.0,1.0,1.0,0.0,1.0,1.0,1.0,1.0,,,,,,,1.0,1.0,82.14672336554858,0,0.0,0.0,0.0,0.0,0.0,0.0,0.0,0.0,0.0,0.0,0.0,0.0,0.0,0.0
mem_long,6,double_bump,0.10294011602626277,0.08595020009121544,0.27914316678204554,1.3643851901418926,0.046366750601842005,3.7871238837540595,3.208465249233349,0.3152516663168504,8.730609288795065,0.0,0,0,0,0,0,0,0,7,27,0,0,0,0,0,0,4,19,0,0,0,5,0,6,0,0,,,,,,0.5714285714285714,0.7037037037037037,0.0,0.5666666666666667,3.3904999999999745,,34,2.0,2.0,2.0,1.0,4.0,2.0,3.0,2.0,6.0,4.0,2.0,2.0,,,8.0,6.0,94.14730572523904,0,0.0,0.0,0.0,0.0,0.0,0.0,0.0,0.0,0.0,0.0,0.0,0.0,0.0,0.0
mem_long,7,double_bump,0.11934894564190131,0.14796025209182131,0.7636452531084723,0.9359223490613683,0.060423805625684945,0.8517804003114375,6.020947169548073,0.36016434388094215,7.009994798607687,0.0,0,0,0,0,0,0,0,5,27,0,0,0,0,0,0,3,18,0,0,0,13,0,13,0,0,,,,,,0.6,0.6666666666666666,0.0,0.7666666666666667,4.421500000000037,,47,3.0,3.0,2.0,0.0,5.0,4.0,4.0,3.0,2.0,2.0,2.0,1.0,2.0,0.0,7.0,5.0,58.006895841958354,0,0.0,0.0,0.0,0.0,0.0,0.0,0.0,0.0,0.0,0.0,0.0,0.0,0.0,0.0
mem_long,7,roving_bump,0.11934894564190131,0.14796025209182131,0.7636452531084723,0.9359223490613683,0.060423805625684945,0.8517804003114375,6.020947169548073,0.36016434388094215,7.009994798607687,0.0,38,0,0,0,0,0,0,4,4,0,20,0,0,0,0,0,3,0,0,0,20,4,8,38,20,0.5263157894736842,0.5263157894736842,,,,0.0,0.75,1.5574302401038285,2.568333333333334,0.8634602969658064,,55,1.0,1.0,,,,,1.0,1.0,,,,,2.0,1.0,,,58.006895841958354,0,0.0,0.0,0.0,0.0,0.0,0.0,0.0,0.0,0.0,0.0,0.0,0.0,0.0,0.0
mem_long,7,roving_ramp_bump,0.11934894564190131,0.14796025209182131,0.7636452531084723,0.9359223490613683,0.060423805625684945,0.8517804003114375,6.020947169548073,0.36016434388094215,7.009994798607687,0.0,33,8,3,0,0,0,0,0,5,0,18,6,0,0,0,0,4,0,3,0,12,0,9,41,24,0.5853658536585366,0.5454545454545454,0.75,,,,0.8,0.0,1.0533333333333335,1.2017553896830364,0.296,52,2.0,2.0,,,,,,,,,2.0,1.0,,,1.0,1.0,58.006895841958354,0,0.0,0.0,0.0,0.0,0.0,0.0,0.0,0.0,0.0,0.0,0.0,0.0,0.0,0.0
mem_long,8,bump_train,0.20316629782149334,0.15944036258101144,0.6214388234267816,0.7992685948890746,0.059157451323786796,1.1650707986928466,4.184315975876778,0.2862337996691249,9.513294232410832,0.0,0,0,0,0,0,0,0,0,0,43,0,0,0,0,0,0,0,9,0,0,6,4,0,0,0,,,,,,,,0.4347826086956522,9.2,3.390321722946045,,19,,,,,,,,,,,,,,,,,80.40655927130524,15,0.26405451448040884,5.0,5.0,4.0,6.0,5.0,5.0,5.0,5.0,7.0,7.0,6.0,6.0,4.0
mem_long,8,double_bump,0.20316629782149334,0.15944036258101144,0.6214388234267816,0.7992685948890746,0.059157451323786796,1.1650707986928466,4.184315975876778,0.2862337996691249,9.513294232410832,0.0,0,0,0,0,0,0,0,8,25,0,0,0,0,0,0,4,15,0,0,0,3,0,5,0,0,,,,,,0.5,0.6,0.0,1.2833333333333334,3.101076398004731,,27,3.0,3.0,4.0,1.0,,,2.0,0.0,5.0,4.0,3.0,2.0,5.0,3.0,3.0,2.0,80.40655927130524,0,0.0,0.0,0.0,0.0,0.0,0.0,0.0,0.0,0.0,0.0,0.0,0.0,0.0,0.0
mem_long,7,bump_train,0.11934894564190131,0.14796025209182131,0.7636452531084723,0.9359223490613683,0.060423805625684945,0.8517804003114375,6.020947169548073,0.36016434388094215,7.009994798607687,0.0,0,0,0,0,0,0,0,0,0,41,0,0,0,0,0,0,0,21,0,0,12,7,2,0,0,,,,,,,,0.7553956834532374,9.266666666666667,3.668750000000017,,42,,,,,,,,,,,,,,,,,58.006895841958354,35,0.26161790017211706,13.0,18.0,16.0,13.0,13.0,10.0,11.0,10.0,10.0,12.0,12.0,12.0,7.0
mem_long,9,bump_train,0.1806589361650979,0.2527563843689578,0.6059761900462041,0.8808438718720258,0.06863082293382994,1.3364259468514357,4.496637102019472,0.3154201050365454,9.20928649369171,0.0,0,0,0,0,0,0,0,0,0,42,0,0,0,0,0,0,0,23,0,0,7,4,3,0,0,,,,,,,,0.5504587155963303,7.266666666666667,3.053162486368576,,37,,,,,,,,,,,,,,,,,67.09293361213804,33,0.2512908777969019,15.0,18.0,16.0,16.0,11.0,10.0,8.0,7.0,8.0,12.0,9.0,8.0,6.0
mem_long,8,roving_ramp_bump,0.20316629782149334,0.15944036258101144,0.6214388234267816,0.7992685948890746,0.059157451323786796,1.1650707986928466,4.184315975876778,0.2862337996691249,9.513294232410832,0.0,31,7,3,0,0,0,0,2,4,0,9,5,0,0,0,1,1,0,0,0,5,0,1,38,14,0.3684210526315789,0.2903225806451613,0.7142857142857143,,,0.5,0.25,0.0,2.2416666666666667,3.0656286991258344,0.23924999999999996,22,2.0,0.0,,,,,,,1.0,0.0,,,,,1.0,1.0,80.40655927130524,0,0.0,0.0,0.0,0.0,0.0,0.0,0.0,0.0,0.0,0.0,0.0,0.0,0.0,0.0
mem_long,9,roving_bump,0.1806589361650979,0.2527563843689578,0.6059761900462041,0.8808438718720258,0.06863082293382994,1.3364259468514357,4.496637102019472,0.3154201050365454,9.20928649369171,0.0,42,0,0,0,0,0,0,5,4,0,34,0,0,0,0,5,4,0,0,0,15,1,8,42,34,0.8095238095238095,0.8095238095238095,,,,1.0,1.0,0.4962779156327543,2.015,1.0173160173160185,,67,1.0,1.0,,,,,,,,,3.0,3.0,,,,,67.09293361213804,0,0.0,0.0,0.0,0.0,0.0,0.0,0.0,0.0,0.0,0.0,0.0,0.0,0.0,0.0
mem_long,8,roving_bump,0.20316629782149334,0.15944036258101144,0.6214388234267816,0.7992685948890746,0.059157451323786796,1.1650707986928466,4.184315975876778,0.2862337996691249,9.513294232410832,0.0,38,0,0,0,0,0,0,1,6,0,17,0,0,0,0,1,5,0,0,0,9,1,1,38,17,0.4473684210526316,0.4473684210526316,,,,1.0,0.8333333333333334,0.4533434076312807,2.205833333333333,1.3007712082262226,,34,1.0,1.0,,,3.0,3.0,1.0,1.0,,,,,,,1.0,0.0,80.40655927130524,0,0.0,0.0,0.0,0.0,0.0,0.0,0.0,0.0,0.0,0.0,0.0,0.0,0.0,0.0
mem_long,10,bump_train,0.15474102702275686,0.19175548477598475,0.554468099709544,0.6877408048460755,0.05011769711186333,1.179850805452147,3.21243759265007,0.23379771814673356,7.636347943361207,0.0,0,0,0,0,0,0,0,0,0,51,0,0,0,0,0,0,0,31,0,0,9,4,1,0,0,,,,,,,,0.7972097658196313,5.0175,3.7137500000000045,,45,,,,,,,,,,,,,,,,,76.18414635370006,41,0.3161512027491409,18.0,20.0,20.0,22.0,15.0,11.0,11.0,9.0,10.0,16.0,17.0,23.0,20.0
mem_long,9,double_bump,0.1806589361650979,0.2527563843689578,0.6059761900462041,0.8808438718720258,0.06863082293382994,1.3364259468514357,4.496637102019472,0.3154201050365454,9.20928649369171,0.0,0,0,0,0,0,0,0,3,26,0,0,0,0,0,0,1,21,0,0,0,3,1,11,0,0,,,,,,0.3333333333333333,0.8076923076923077,0.9090909090909091,1.1,3.807124999999999,,37,3.0,2.0,3.0,3.0,3.0,2.0,4.0,3.0,3.0,3.0,7.0,5.0,,,3.0,3.0,67.09293361213804,0,0.0,0.0,0.0,0.0,0.0,0.0,0.0,0.0,0.0,0.0,0.0,0.0,0.0,0.0
mem_long,10,roving_ramp_bump,0.15474102702275686,0.19175548477598475,0.554468099709544,0.6877408048460755,0.05011769711186333,1.179850805452147,3.21243759265007,0.23379771814673356,7.636347943361207,0.0,31,9,3,0,0,0,0,0,5,0,24,7,0,0,0,0,4,0,3,0,19,1,13,40,31,0.775,0.7741935483870968,0.7777777777777778,,,,0.8,0.5210594876248371,1.9191666666666667,1.69211435752434,0.28774999999999995,71,1.0,1.0,1.0,0.0,,,,,1.0,1.0,,,1.0,1.0,1.0,1.0,76.18414635370006,0,0.0,0.0,0.0,0.0,0.0,0.0,0.0,0.0,0.0,0.0,0.0,0.0,0.0,0.0
mem_long,9,roving_ramp_bump,0.1806589361650979,0.2527563843689578,0.6059761900462041,0.8808438718720258,0.06863082293382994,1.3364259468514357,4.496637102019472,0.3154201050365454,9.20928649369171,0.0,33,7,4,0,0,0,0,1,5,0,23,5,0,0,0,0,5,0,2,0,11,1,9,40,28,0.7,0.696969696969697,0.7142857142857143,,,0.0,1.0,0.5876591576885406,1.7016666666666669,1.1281024819855934,0.37925,56,,,1.0,1.0,,,1.0,1.0,2.0,2.0,,,,,1.0,1.0,67.09293361213804,0,0.0,0.0,0.0,0.0,0.0,0.0,0.0,0.0,0.0,0.0,0.0,0.0,0.0,0.0
mem_long,10,double_bump,0.15474102702275686,0.19175548477598475,0.554468099709544,0.6877408048460755,0.05011769711186333,1.179850805452147,3.21243759265007,0.23379771814673356,7.636347943361207,0.0,0,0,0,0,0,0,0,3,28,0,0,0,0,0,0,3,22,0,0,0,5,0,12,0,0,,,,,,1.0,0.7857142857142857,0.0,1.0666666666666667,2.7178375912408868,,42,,,1.0,1.0,3.0,3.0,4.0,2.0,4.0,3.0,6.0,5.0,7.0,5.0,3.0,3.0,76.18414635370006,0,0.0,0.0,0.0,0.0,0.0,0.0,0.0,0.0,0.0,0.0,0.0,0.0,0.0,0.0
mem_long,12,double_bump,0.313094140559465,0.28089561721909734,0.6932723899412658,0.8055726949486961,0.105211554437032,0.9514393378949312,4.70480885518416,0.348792071399436,11.641431782802016,0.0,0,0,0,0,0,0,0,6,26,0,0,0,0,0,0,1,17,0,0,0,2,0,2,0,0,,,,,,0.16666666666666666,0.6538461538461539,0.0,0.7666666666666667,3.623243909191644,,22,3.0,1.0,1.0,0.0,5.0,5.0,1.0,0.0,2.0,2.0,4.0,2.0,4.0,1.0,6.0,6.0,55.32392257244565,0,0.0,0.0,0.0,0.0,0.0,0.0,0.0,0.0,0.0,0.0,0.0,0.0,0.0,0.0
mem_long,11,bump_train,0.1324350790911045,0.09421916865384014,0.520159060750508,1.0402709231011902,0.040740449471993984,1.9220613853286594,4.558437131955933,0.309498679557606,8.982922886257157,0.0,0,0,0,0,0,0,0,0,0,41,0,0,0,0,0,0,0,14,0,0,9,1,1,0,0,,,,,,,,0.16042780748663102,6.233333333333333,2.989734515548732,,25,,,,,,,,,,,,,,,,,110.24575087754303,24,0.2495697074010327,7.0,12.0,14.0,8.0,7.0,3.0,4.0,3.0,2.0,2.0,6.0,9.0,9.0
mem_long,10,roving_bump,0.15474102702275686,0.19175548477598475,0.554468099709544,0.6877408048460755,0.05011769711186333,1.179850805452147,3.21243759265007,0.23379771814673356,7.636347943361207,0.0,41,0,0,0,0,0,0,2,6,0,27,0,0,0,0,1,4,0,0,0,15,2,3,41,27,0.6585365853658537,0.6585365853658537,,,,0.5,0.6666666666666666,1.2371134020618557,1.6166666666666667,1.1358947940227462,,52,,,3.0,3.0,,,1.0,0.0,1.0,1.0,1.0,0.0,,,,,76.18414635370006,0,0.0,0.0,0.0,0.0,0.0,0.0,0.0,0.0,0.0,0.0,0.0,0.0,0.0,0.0
mem_long,11,roving_bump,0.1324350790911045,0.09421916865384014,0.520159060750508,1.0402709231011902,0.040740449471993984,1.9220613853286594,4.558437131955933,0.309498679557606,8.982922886257157,0.0,33,0,0,0,0,0,0,0,7,0,15,0,0,0,0,0,5,0,0,0,9,1,2,33,15,0.45454545454545453,0.45454545454545453,,,,,0.7142857142857143,0.2328740539491558,4.294166666666667,3.4839415382155536,,32,2.0,2.0,1.0,1.0,,,2.0,1.0,,,1.0,1.0,1.0,0.0,,,110.24575087754303,0,0.0,0.0,0.0,0.0,0.0,0.0,0.0,0.0,0.0,0.0,0.0,0.0,0.0,0.0
mem_long,12,roving_ramp_bump,0.313094140559465,0.28089561721909734,0.6932723899412658,0.8055726949486961,0.105211554437032,0.9514393378949312,4.70480885518416,0.348792071399436,11.641431782802016,0.0,32,13,0,0,0,0,0,0,5,0,18,6,0,0,0,0,3,0,0,0,2,0,3,45,24,0.5333333333333333,0.5625,0.46153846153846156,,,,0.6,0.0,0.7033333333333334,2.392357642357649,0.43562499999999993,32,1.0,1.0,,,1.0,1.0,2.0,1.0,,,1.0,0.0,,,,,55.32392257244565,0,0.0,0.0,0.0,0.0,0.0,0.0,0.0,0.0,0.0,0.0,0.0,0.0,0.0,0.0
mem_long,15,bump_train,0.383153028858112,0.32490364087885193,0.3221738249098114,0.5238698462612768,0.07488439983626458,1.3673044669294308,1.4218277840430005,0.18385713581672664,11.448764497665662,0.0,0,0,0,0,0,0,0,0,0,54,0,0,0,0,0,0,0,14,0,0,2,2,0,0,0,,,,,,,,0.4,5.0,3.8575000000000017,,18,,,,,,,,,,,,,,,,,76.44292083997797,16,0.3178694158075601,9.0,8.0,8.0,9.0,6.0,6.0,6.0,7.0,7.0,7.0,8.0,7.0,4.0
mem_long,11,double_bump,0.1324350790911045,0.09421916865384014,0.520159060750508,1.0402709231011902,0.040740449471993984,1.9220613853286594,4.558437131955933,0.309498679557606,8.982922886257157,0.0,0,0,0,0,0,0,0,9,24,0,0,0,0,0,0,2,13,0,0,0,3,1,4,0,0,,,,,,0.2222222222222222,0.5416666666666666,0.8955223880597015,1.1166666666666667,4.136250000000018,,23,3.0,3.0,3.0,1.0,2.0,2.0,8.0,2.0,1.0,1.0,2.0,0.0,2.0,2.0,3.0,2.0,110.24575087754303,0,0.0,0.0,0.0,0.0,0.0,0.0,0.0,0.0,0.0,0.0,0.0,0.0,0.0,0.0
mem_long,12,bump_train,0.313094140559465,0.28089561721909734,0.6932723899412658,0.8055726949486961,0.105211554437032,0.9514393378949312,4.70480885518416,0.348792071399436,11.641431782802016,0.0,0,0,0,0,0,0,0,0,0,41,0,0,0,0,0,0,0,16,0,0,7,4,1,0,0,,,,,,,,0.4363636363636364,9.166666666666666,2.7218125229017933,,28,,,,,,,,,,,,,,,,,55.32392257244565,24,0.24444444444444444,16.0,15.0,11.0,7.0,4.0,7.0,9.0,9.0,9.0,9.0,8.0,7.0,6.0
mem_long,15,roving_ramp_bump,0.383153028858112,0.32490364087885193,0.3221738249098114,0.5238698462612768,0.07488439983626458,1.3673044669294308,1.4218277840430005,0.18385713581672664,11.448764497665662,0.0,27,7,4,0,0,0,0,1,6,0,15,5,0,0,0,0,3,0,0,0,5,0,1,34,20,0.5882352941176471,0.5555555555555556,0.7142857142857143,,,0.0,0.5,0.0,1.6,3.2877146191031885,0.48724999999999996,29,1.0,0.0,1.0,0.0,,,,,,,,,3.0,2.0,1.0,1.0,76.44292083997797,0,0.0,0.0,0.0,0.0,0.0,0.0,0.0,0.0,0.0,0.0,0.0,0.0,0.0,0.0
mem_long,13,double_bump,0.34025088837104345,0.271843764926612,0.17855782876431378,0.5859016576572115,0.07736411297439176,1.8532124846849525,0.8813267765921863,0.17784595754471003,11.937442144758798,0.0,0,0,0,0,0,0,0,4,27,0,0,0,0,0,0,1,14,0,0,0,2,0,1,0,0,,,,,,0.25,0.5185185185185185,0.0,1.4166666666666667,7.4805825242718855,,18,2.0,0.0,8.0,5.0,1.0,1.0,7.0,2.0,4.0,4.0,,,3.0,1.0,2.0,1.0,77.1510309225041,0,0.0,0.0,0.0,0.0,0.0,0.0,0.0,0.0,0.0,0.0,0.0,0.0,0.0,0.0
mem_long,14,bump_train,0.19227536987551744,0.1485122405656793,0.7500714218450912,0.8834504306926171,0.07137102581200408,0.8502009794128315,5.5823639531858245,0.3512577896336099,9.118160962322188,0.0,0,0,0,0,0,0,0,0,0,40,0,0,0,0,0,0,0,13,0,0,6,4,1,0,0,,,,,,,,0.48484848484848486,8.25,2.671804932735408,,24,,,,,,,,,,,,,,,,,63.87858979594894,20,0.241852487135506,8.0,12.0,10.0,7.0,8.0,4.0,5.0,5.0,5.0,4.0,8.0,6.0,7.0
mem_long,15,double_bump,0.383153028858112,0.32490364087885193,0.3221738249098114,0.5238698462612768,0.07488439983626458,1.3673044669294308,1.4218277840430005,0.18385713581672664,11.448764497665662,0.0,0,0,0,0,0,0,0,4,28,0,0,0,0,0,0,0,19,0,0,0,3,0,1,0,0,,,,,,0.0,0.6785714285714286,0.0,0.85,3.427500000000009,,23,4.0,4.0,5.0,4.0,4.0,2.0,2.0,1.0,4.0,3.0,2.0,2.0,3.0,1.0,4.0,2.0,76.44292083997797,0,0.0,0.0,0.0,0.0,0.0,0.0,0.0,0.0,0.0,0.0,0.0,0.0,0.0,0.0
mem_long,13,roving_bump,0.34025088837104345,0.271843764926612,0.17855782876431378,0.5859016576572115,0.07736411297439176,1.8532124846849525,0.8813267765921863,0.17784595754471003,11.937442144758798,0.0,36,0,0,0,0,0,0,0,7,0,22,0,0,0,0,0,4,0,0,0,11,2,5,36,22,0.6111111111111112,0.6111111111111112,,,,,0.5714285714285714,0.676056338028169,2.9583333333333335,1.689123915062115,,44,,,1.0,0.0,,,3.0,2.0,,,1.0,1.0,,,2.0,1.0,77.1510309225041,0,0.0,0.0,0.0,0.0,0.0,0.0,0.0,0.0,0.0,0.0,0.0,0.0,0.0,0.0
mem_long,13,roving_ramp_bump,0.34025088837104345,0.271843764926612,0.17855782876431378,0.5859016576572115,0.07736411297439176,1.8532124846849525,0.8813267765921863,0.17784595754471003,11.937442144758798,0.0,28,8,3,0,0,0,0,0,5,0,19,5,0,0,0,0,3,0,0,0,7,0,7,36,24,0.6666666666666666,0.6785714285714286,0.625,,,,0.6,0.0,2.3275,2.454665492957753,0.44999999999999996,41,1.0,1.0,2.0,1.0,,,1.0,1.0,,,1.0,0.0,,,,,77.1510309225041,0,0.0,0.0,0.0,0.0,0.0,0.0,0.0,0.0,0.0,0.0,0.0,0.0,0.0,0.0
mem_long,12,roving_bump,0.313094140559465,0.28089561721909734,0.6932723899412658,0.8055726949486961,0.105211554437032,0.9514393378949312,4.70480885518416,0.348792071399436,11.641431782802016,0.0,42,0,0,0,0,0,0,1,7,0,25,0,0,0,0,0,5,0,0,0,5,0,5,42,25,0.5952380952380952,0.5952380952380952,,,,0.0,0.7142857142857143,0.0,1.1325,1.000418190647431,,40,3.0,3.0,,,,,1.0,1.0,1.0,1.0,1.0,0.0,1.0,0.0,,,55.32392257244565,0,0.0,0.0,0.0,0.0,0.0,0.0,0.0,0.0,0.0,0.0,0.0,0.0,0.0,0.0
mem_long,11,roving_ramp_bump,0.1324350790911045,0.09421916865384014,0.520159060750508,1.0402709231011902,0.040740449471993984,1.9220613853286594,4.558437131955933,0.309498679557606,8.982922886257157,0.0,34,7,5,0,0,0,0,1,4,0,18,6,0,0,0,1,3,0,0,0,12,1,3,41,24,0.5853658536585366,0.5294117647058824,0.8571428571428571,,,1.0,0.75,0.884303610906411,1.1308333333333336,1.8873228164942148,0.10600000000000004,44,1.0,1.0,1.0,1.0,1.0,0.0,,,,,1.0,1.0,,,,,110.24575087754303,0,0.0,0.0,0.0,0.0,0.0,0.0,0.0,0.0,0.0,0.0,0.0,0.0,0.0,0.0
mem_long,15,roving_bump,0.383153028858112,0.32490364087885193,0.3221738249098114,0.5238698462612768,0.07488439983626458,1.3673044669294308,1.4218277840430005,0.18385713581672664,11.448764497665662,0.0,37,0,0,0,0,0,0,3,4,0,24,0,0,0,0,0,2,0,0,0,6,0,4,37,24,0.6486486486486487,0.6486486486486487,,,,0.0,0.5,0.0,2.2383333333333337,1.4160385346272704,,36,3.0,2.0,1.0,0.0,,,,,,,,,,,,,76.44292083997797,0,0.0,0.0,0.0,0.0,0.0,0.0,0.0,0.0,0.0,0.0,0.0,0.0,0.0,0.0
mem_long,14,roving_bump,0.19227536987551744,0.1485122405656793,0.7500714218450912,0.8834504306926171,0.07137102581200408,0.8502009794128315,5.5823639531858245,0.3512577896336099,9.118160962322188,0.0,39,0,0,0,0,0,0,0,8,0,23,0,0,0,0,0,6,0,0,0,5,2,3,39,23,0.5897435897435898,0.5897435897435898,,,,,0.75,1.688951442646024,1.1841666666666666,1.1839080459770353,,39,2.0,2.0,1.0,1.0,1.0,0.0,3.0,2.0,1.0,1.0,,,,,,,63.87858979594894,0,0.0,0.0,0.0,0.0,0.0,0.0,0.0,0.0,0.0,0.0,0.0,0.0,0.0,0.0
mem_long,13,bump_train,0.34025088837104345,0.271843764926612,0.17855782876431378,0.5859016576572115,0.07736411297439176,1.8532124846849525,0.8813267765921863,0.17784595754471003,11.937442144758798,0.0,0,0,0,0,0,0,0,0,0,42,0,0,0,0,0,0,0,13,0,0,6,0,0,0,0,,,,,,,,0.0,7.7,3.001500000000007,,19,,,,,,,,,,,,,,,,,77.1510309225041,18,0.25517241379310346,10.0,9.0,8.0,7.0,2.0,2.0,3.0,4.0,6.0,4.0,6.0,7.0,6.0
mem_long,14,double_bump,0.19227536987551744,0.1485122405656793,0.7500714218450912,0.8834504306926171,0.07137102581200408,0.8502009794128315,5.5823639531858245,0.3512577896336099,9.118160962322188,0.0,0,0,0,0,0,0,0,3,28,0,0,0,0,0,0,2,16,0,0,0,8,0,5,0,0,,,,,,0.6666666666666666,0.5714285714285714,0.0,0.6833333333333333,3.8116269322235428,,31,4.0,2.0,6.0,4.0,4.0,1.0,2.0,1.0,7.0,4.0,2.0,1.0,,,3.0,3.0,63.87858979594894,0,0.0,0.0,0.0,0.0,0.0,0.0,0.0,0.0,0.0,0.0,0.0,0.0,0.0,0.0
mem_long,16,bump_train,0.23814856625684408,0.1925829140253153,0.9132220505184381,0.764575941565798,0.08036100952554927,0.25547799998603626,5.882072316978058,0.3543033414405421,9.51124863683386,0.0,0,0,0,0,0,0,0,0,0,42,0,0,0,0,0,0,0,17,0,0,5,5,1,0,0,,,,,,,,0.5535055350553506,9.033333333333333,3.047131635324945,,28,,,,,,,,,,,,,,,,,59.17825505794536,23,0.25989672977624784,11.0,14.0,10.0,10.0,7.0,6.0,10.0,8.0,8.0,6.0,6.0,7.0,5.0
mem_long,16,double_bump,0.23814856625684408,0.1925829140253153,0.9132220505184381,0.764575941565798,0.08036100952554927,0.25547799998603626,5.882072316978058,0.3543033414405421,9.51124863683386,0.0,0,0,0,0,0,0,0,7,23,0,0,0,0,0,0,2,14,0,0,0,3,0,7,0,0,,,,,,0.2857142857142857,0.6086956521739131,0.0,1.1666666666666667,3.352063642756704,,26,1.0,1.0,,,2.0,2.0,3.0,0.0,5.0,5.0,3.0,1.0,3.0,0.0,6.0,5.0,59.17825505794536,0,0.0,0.0,0.0,0.0,0.0,0.0,0.0,0.0,0.0,0.0,0.0,0.0,0.0,0.0
mem_long,16,roving_bump,0.23814856625684408,0.1925829140253153,0.9132220505184381,0.764575941565798,0.08036100952554927,0.25547799998603626,5.882072316978058,0.3543033414405421,9.51124863683386,0.0,39,0,0,0,0,0,0,2,6,0,18,0,0,0,0,1,5,0,0,0,6,0,4,39,18,0.46153846153846156,0.46153846153846156,,,,0.5,0.8333333333333334,0.0,1.9933333333333334,0.9452373505964105,,34,,,,,,,1.0,1.0,1.0,1.0,1.0,0.0,,,3.0,3.0,59.17825505794536,0,0.0,0.0,0.0,0.0,0.0,0.0,0.0,0.0,0.0,0.0,0.0,0.0,0.0,0.0
mem_long,17,bump_train,0.2210837240781733,0.27958795218839033,0.3761998108179557,0.96717588617238,0.046496644009739074,2.323135053264151,3.0651898229064924,0.2609692502989704,12.256450609178433,0.0,0,0,0,0,0,0,0,0,0,44,0,0,0,0,0,0,0,20,0,0,8,3,1,0,0,,,,,,,,0.2821316614420063,10.633333333333333,2.9092460281367476,,32,,,,,,,,,,,,,,,,,131.7993036939529,29,0.2701252236135957,15.0,18.0,15.0,10.0,8.0,7.0,9.0,10.0,7.0,9.0,9.0,11.0,13.0
mem_long,17,roving_bump,0.2210837240781733,0.27958795218839033,0.3761998108179557,0.96717588617238,0.046496644009739074,2.323135053264151,3.0651898229064924,0.2609692502989704,12.256450609178433,0.0,38,0,0,0,0,0,0,2,6,0,30,0,0,0,0,0,5,0,0,0,11,0,7,38,30,0.7894736842105263,0.7894736842105263,,,,0.0,0.8333333333333334,0.0,2.436666666666667,1.4743709226467852,,53,,,1.0,1.0,1.0,1.0,2.0,1.0,1.0,1.0,,,1.0,1.0,,,131.7993036939529,0,0.0,0.0,0.0,0.0,0.0,0.0,0.0,0.0,0.0,0.0,0.0,0.0,0.0,0.0
mem_long,14,roving_ramp_bump,0.19227536987551744,0.1485122405656793,0.7500714218450912,0.8834504306926171,0.07137102581200408,0.8502009794128315,5.5823639531858245,0.3512577896336099,9.118160962322188,0.0,33,6,5,0,0,0,0,3,5,0,16,4,0,0,0,0,4,0,1,0,13,0,1,39,20,0.5128205128205128,0.48484848484848486,0.6666666666666666,,,0.0,0.8,0.0,1.2466666666666666,1.047883307977443,0.27849999999999997,39,,,1.0,1.0,1.0,0.0,1.0,1.0,2.0,2.0,,,,,,,63.87858979594894,0,0.0,0.0,0.0,0.0,0.0,0.0,0.0,0.0,0.0,0.0,0.0,0.0,0.0,0.0
mem_long,16,roving_ramp_bump,0.23814856625684408,0.1925829140253153,0.9132220505184381,0.764575941565798,0.08036100952554927,0.25547799998603626,5.882072316978058,0.3543033414405421,9.51124863683386,0.0,30,12,0,0,0,0,0,1,6,0,15,7,0,0,0,0,4,0,0,0,5,0,2,42,22,0.5238095238095238,0.5,0.5833333333333334,,,0.0,0.6666666666666666,0.0,1.0808333333333335,2.22079523363814,0.1925,33,,,1.0,1.0,,,,,2.0,1.0,2.0,2.0,,,1.0,0.0,59.17825505794536,0,0.0,0.0,0.0,0.0,0.0,0.0,0.0,0.0,0.0,0.0,0.0,0.0,0.0,0.0
mem_long,17,double_bump,0.2210837240781733,0.27958795218839033,0.3761998108179557,0.96717588617238,0.046496644009739074,2.323135053264151,3.0651898229064924,0.2609692502989704,12.256450609178433,0.0,0,0,0,0,0,0,0,6,25,0,0,0,0,0,0,3,19,0,0,0,2,0,2,0,0,,,,,,0.5,0.76,0.0,1.1166666666666667,4.757932297772601,,26,2.0,2.0,3.0,2.0,1.0,1.0,3.0,3.0,7.0,7.0,4.0,1.0,2.0,0.0,3.0,3.0,131.7993036939529,0,0.0,0.0,0.0,0.0,0.0,0.0,0.0,0.0,0.0,0.0,0.0,0.0,0.0,0.0
mem_long,18,double_bump,0.18936634549097725,0.1767397259851957,0.8284939355354076,1.177656184417686,0.0866956002600495,0.7777168241984864,8.219420381010519,0.4832718271133739,10.1703358119596,0.0,0,0,0,0,0,0,0,5,26,0,0,0,0,0,0,2,18,0,0,0,1,0,4,0,0,,,,,,0.4,0.6923076923076923,0.0,0.8,4.4768136315229,,25,4.0,4.0,1.0,0.0,2.0,1.0,5.0,4.0,3.0,2.0,4.0,2.0,3.0,2.0,4.0,3.0,58.65543223331383,0,0.0,0.0,0.0,0.0,0.0,0.0,0.0,0.0,0.0,0.0,0.0,0.0,0.0,0.0
mem_long,18,bump_train,0.18936634549097725,0.1767397259851957,0.8284939355354076,1.177656184417686,0.0866956002600495,0.7777168241984864,8.219420381010519,0.4832718271133739,10.1703358119596,0.0,0,0,0,0,0,0,0,0,0,35,0,0,0,0,0,0,0,17,0,0,5,5,1,0,0,,,,,,,,0.4901960784313726,10.2,2.3037395749261123,,28,,,,,,,,,,,,,,,,,58.65543223331383,22,0.2144082332761578,12.0,10.0,11.0,7.0,5.0,3.0,4.0,5.0,6.0,5.0,5.0,4.0,7.0
mem_long,17,roving_ramp_bump,0.2210837240781733,0.27958795218839033,0.3761998108179557,0.96717588617238,0.046496644009739074,2.323135053264151,3.0651898229064924,0.2609692502989704,12.256450609178433,0.0,29,10,2,0,0,0,0,3,3,0,19,6,0,0,0,1,1,0,0,0,16,1,9,39,25,0.6410256410256411,0.6551724137931034,0.6,,,0.3333333333333333,0.3333333333333333,0.36363636363636365,2.75,1.4335894621295497,0.43474999999999997,53,2.0,0.0,,,,,,,1.0,1.0,,,,,,,131.7993036939529,0,0.0,0.0,0.0,0.0,0.0,0.0,0.0,0.0,0.0,0.0,0.0,0.0,0.0,0.0
mem_long,19,double_bump,0.26710291985745144,0.27788326060270274,0.8091667134235931,0.9569832206589372,0.06521439110052567,0.7032049977062312,6.523425006873234,0.3827762054817084,11.940649135624453,0.0,0,0,0,0,0,0,0,4,29,0,0,0,0,0,0,2,24,0,0,0,5,0,12,0,0,,,,,,0.5,0.8275862068965517,0.0,0.6333333333333333,3.8774999999999977,,43,,,5.0,5.0,3.0,3.0,4.0,4.0,7.0,6.0,4.0,2.0,3.0,1.0,3.0,3.0,91.54918825523008,0,0.0,0.0,0.0,0.0,0.0,0.0,0.0,0.0,0.0,0.0,0.0,0.0,0.0,0.0
mem_long,18,roving_ramp_bump,0.18936634549097725,0.1767397259851957,0.8284939355354076,1.177656184417686,0.0866956002600495,0.7777168241984864,8.219420381010519,0.4832718271133739,10.1703358119596,0.0,26,10,1,0,0,0,0,0,5,0,16,6,0,0,0,0,3,0,0,0,5,3,6,36,22,0.6111111111111112,0.6153846153846154,0.6,,,,0.6,0.82436455232425,3.639166666666667,1.8992000000000189,0.22087499999999993,39,2.0,1.0,1.0,1.0,,,,,1.0,1.0,,,1.0,0.0,,,58.65543223331383,0,0.0,0.0,0.0,0.0,0.0,0.0,0.0,0.0,0.0,0.0,0.0,0.0,0.0,0.0
mem_long,19,bump_train,0.26710291985745144,0.27788326060270274,0.8091667134235931,0.9569832206589372,0.06521439110052567,0.7032049977062312,6.523425006873234,0.3827762054817084,11.940649135624453,0.0,0,0,0,0,0,0,0,0,0,45,0,0,0,0,0,0,0,24,0,0,3,6,1,0,0,,,,,,,,0.7302231237322515,8.216666666666667,2.753955104794282,,34,,,,,,,,,,,,,,,,,91.54918825523008,28,0.26109215017064846,16.0,18.0,18.0,12.0,10.0,7.0,6.0,7.0,6.0,10.0,9.0,11.0,9.0
mem_long,20,roving_bump,0.10340922781125152,0.07565540275789306,0.4513932066324756,1.3148340820201594,0.0547013701716123,2.777509990565503,4.999876921883458,0.37140527221953096,8.319220285513115,0.0,39,0,0,0,0,0,0,2,7,0,18,0,0,0,0,1,5,0,0,0,11,2,3,39,18,0.46153846153846156,0.46153846153846156,,,,0.5,0.7142857142857143,0.7886953664147223,2.5358333333333336,1.674189630356325,,40,,,1.0,0.0,,,1.0,1.0,2.0,2.0,1.0,0.0,2.0,2.0,,,76.04215634282622,0,0.0,0.0,0.0,0.0,0.0,0.0,0.0,0.0,0.0,0.0,0.0,0.0,0.0,0.0
mem_long,18,roving_bump,0.18936634549097725,0.1767397259851957,0.8284939355354076,1.177656184417686,0.0866956002600495,0.7777168241984864,8.219420381010519,0.4832718271133739,10.1703358119596,0.0,46,0,0,0,0,0,0,1,8,0,29,0,0,0,0,0,5,0,0,0,6,0,4,46,29,0.6304347826086957,0.6304347826086957,,,,0.0,0.625,0.0,0.5775,0.8411289744474298,,44,1.0,1.0,,,1.0,1.0,2.0,0.0,2.0,2.0,1.0,0.0,,,1.0,1.0,58.65543223331383,0,0.0,0.0,0.0,0.0,0.0,0.0,0.0,0.0,0.0,0.0,0.0,0.0,0.0,0.0
mem_long,19,roving_ramp_bump,0.26710291985745144,0.27788326060270274,0.8091667134235931,0.9569832206589372,0.06521439110052567,0.7032049977062312,6.523425006873234,0.3827762054817084,11.940649135624453,0.0,31,9,2,0,0,0,0,1,5,0,22,8,0,0,0,0,4,0,0,0,4,1,6,40,30,0.75,0.7096774193548387,0.8888888888888888,,,0.0,0.8,0.5911330049261084,1.6916666666666667,1.029412979739594,0.382,45,1.0,1.0,1.0,1.0,,,,,,,1.0,0.0,,,2.0,2.0,91.54918825523008,0,0.0,0.0,0.0,0.0,0.0,0.0,0.0,0.0,0.0,0.0,0.0,0.0,0.0,0.0
mem_long,20,roving_ramp_bump,0.10340922781125152,0.07565540275789306,0.4513932066324756,1.3148340820201594,0.0547013701716123,2.777509990565503,4.999876921883458,0.37140527221953096,8.319220285513115,0.0,29,9,2,0,0,0,0,1,7,0,17,3,0,0,0,0,3,0,0,0,10,0,3,38,20,0.5263157894736842,0.5862068965517241,0.3333333333333333,,,0.0,0.42857142857142855,0.0,0.9450000000000001,2.4166445799099168,0.13249999999999995,36,1.0,0.0,,,1.0,0.0,2.0,1.0,1.0,0.0,1.0,1.0,,,1.0,1.0,76.04215634282622,0,0.0,0.0,0.0,0.0,0.0,0.0,0.0,0.0,0.0,0.0,0.0,0.0,0.0,0.0
mem_long,20,bump_train,0.10340922781125152,0.07565540275789306,0.4513932066324756,1.3148340820201594,0.0547013701716123,2.777509990565503,4.999876921883458,0.37140527221953096,8.319220285513115,0.0,0,0,0,0,0,0,0,0,0,45,0,0,0,0,0,0,0,18,0,0,8,5,0,0,0,,,,,,,,0.6185567010309277,8.083333333333334,2.7284007461374626,,31,,,,,,,,,,,,,,,,,76.04215634282622,25,0.27380952380952384,12.0,12.0,12.0,7.0,5.0,6.0,4.0,5.0,8.0,10.0,10.0,10.0,7.0
mem_long,19,roving_bump,0.26710291985745144,0.27788326060270274,0.8091667134235931,0.9569832206589372,0.06521439110052567,0.7032049977062312,6.523425006873234,0.3827762054817084,11.940649135624453,0.0,36,0,0,0,0,0,0,1,8,0,22,0,0,0,0,0,6,0,0,0,6,0,4,36,22,0.6111111111111112,0.6111111111111112,,,,0.0,0.75,0.0,3.2950000000000004,0.8225290258230127,,38,,,,,,,1.0,1.0,3.0,2.0,1.0,1.0,2.0,1.0,1.0,1.0,91.54918825523008,0,0.0,0.0,0.0,0.0,0.0,0.0,0.0,0.0,0.0,0.0,0.0,0.0,0.0,0.0
mem_long,22,double_bump,0.25278460680297427,0.1884156550565161,0.47907701265927816,0.6854494260534303,0.05011171616169802,1.3749041891292673,2.7663943692608366,0.22004056979645187,10.244985513504059,0.0,0,0,0,0,0,0,0,6,28,0,0,0,0,0,0,1,13,0,0,0,3,0,0,0,0,,,,,,0.16666666666666666,0.4642857142857143,0.0,0.7166666666666667,3.1657712398227993,,17,2.0,0.0,2.0,1.0,4.0,3.0,4.0,2.0,9.0,3.0,3.0,2.0,3.0,1.0,1.0,1.0,102.22145935339796,0,0.0,0.0,0.0,0.0,0.0,0.0,0.0,0.0,0.0,0.0,0.0,0.0,0.0,0.0
mem_long,21,roving_bump,0.18471422676339433,0.12158637166479529,0.4165766063782503,0.7924671786516847,0.07246024589952171,1.7802812545975017,2.781054526965487,0.256326491467597,8.866689964749371,0.0,37,0,0,0,0,0,0,1,7,0,12,0,0,0,0,0,5,0,0,0,15,0,1,37,12,0.32432432432432434,0.32432432432432434,,,,0.0,0.7142857142857143,0.0,2.5716666666666668,2.274061990212082,,33,2.0,1.0,,,,,1.0,1.0,,,2.0,2.0,2.0,1.0,,,61.183134660104024,0,0.0,0.0,0.0,0.0,0.0,0.0,0.0,0.0,0.0,0.0,0.0,0.0,0.0,0.0
mem_long,20,double_bump,0.10340922781125152,0.07565540275789306,0.4513932066324756,1.3148340820201594,0.0547013701716123,2.777509990565503,4.999876921883458,0.37140527221953096,8.319220285513115,0.0,0,0,0,0,0,0,0,2,29,0,0,0,0,0,0,0,19,0,0,0,8,0,9,0,0,,,,,,0.0,0.6551724137931034,0.0,1.0666666666666667,5.519875292283763,,36,5.0,4.0,5.0,2.0,3.0,3.0,1.0,1.0,5.0,3.0,2.0,2.0,5.0,1.0,3.0,3.0,76.04215634282622,0,0.0,0.0,0.0,0.0,0.0,0.0,0.0,0.0,0.0,0.0,0.0,0.0,0.0,0.0
mem_long,21,bump_train,0.18471422676339433,0.12158637166479529,0.4165766063782503,0.7924671786516847,0.07246024589952171,1.7802812545975017,2.781054526965487,0.256326491467597,8.866689964749371,0.0,0,0,0,0,0,0,0,0,0,37,0,0,0,0,0,0,0,6,0,0,8,3,0,0,0,,,,,,,,0.2748091603053435,10.916666666666666,3.6144836956521713,,17,,,,,,,,,,,,,,,,,61.183134660104024,14,0.218213058419244,3.0,4.0,6.0,5.0,3.0,2.0,3.0,5.0,7.0,6.0,3.0,5.0,4.0
mem_long,21,roving_ramp_bump,0.18471422676339433,0.12158637166479529,0.4165766063782503,0.7924671786516847,0.07246024589952171,1.7802812545975017,2.781054526965487,0.256326491467597,8.866689964749371,0.0,37,10,2,0,0,0,0,0,6,0,10,5,0,0,0,0,3,0,1,0,6,0,3,47,15,0.3191489361702128,0.2702702702702703,0.5,,,,0.5,0.0,0.7908333333333334,3.418357112608456,0.30400000000000005,28,,,1.0,1.0,,,1.0,0.0,1.0,1.0,1.0,1.0,2.0,0.0,,,61.183134660104024,0,0.0,0.0,0.0,0.0,0.0,0.0,0.0,0.0,0.0,0.0,0.0,0.0,0.0,0.0
mem_long,22,roving_ramp_bump,0.25278460680297427,0.1884156550565161,0.47907701265927816,0.6854494260534303,0.05011171616169802,1.3749041891292673,2.7663943692608366,0.22004056979645187,10.244985513504059,0.0,29,9,3,0,0,0,0,2,6,0,16,5,0,0,0,0,3,0,0,0,4,0,0,38,21,0.5526315789473685,0.5517241379310345,0.5555555555555556,,,0.0,0.5,0.0,1.5050000000000001,3.2638351602023765,0.44999999999999996,28,,,3.0,1.0,2.0,1.0,,,,,,,1.0,1.0,,,102.22145935339796,0,0.0,0.0,0.0,0.0,0.0,0.0,0.0,0.0,0.0,0.0,0.0,0.0,0.0,0.0
mem_long,22,bump_train,0.25278460680297427,0.1884156550565161,0.47907701265927816,0.6854494260534303,0.05011171616169802,1.3749041891292673,2.7663943692608366,0.22004056979645187,10.244985513504059,0.0,0,0,0,0,0,0,0,0,0,45,0,0,0,0,0,0,0,13,0,0,4,6,0,0,0,,,,,,,,0.7659574468085106,7.833333333333333,3.2337938363443133,,23,,,,,,,,,,,,,,,,,102.22145935339796,17,0.2504258943781942,9.0,10.0,4.0,7.0,5.0,7.0,4.0,3.0,1.0,2.0,2.0,6.0,6.0
mem_long,21,double_bump,0.18471422676339433,0.12158637166479529,0.4165766063782503,0.7924671786516847,0.07246024589952171,1.7802812545975017,2.781054526965487,0.256326491467597,8.866689964749371,0.0,0,0,0,0,0,0,0,8,23,0,0,0,0,0,0,4,13,0,0,0,6,0,4,0,0,,,,,,0.5,0.5652173913043478,0.0,1.5333333333333334,3.9858571080224072,,27,4.0,4.0,3.0,1.0,,,4.0,1.0,1.0,0.0,2.0,1.0,5.0,2.0,4.0,4.0,61.183134660104024,0,0.0,0.0,0.0,0.0,0.0,0.0,0.0,0.0,0.0,0.0,0.0,0.0,0.0,0.0
mem_long,25,double_bump,0.160130244027855,0.0922601138158208,0.32224512618777545,1.0008321793467891,0.053849324145720315,2.611905173178061,2.716945708651021,0.26205547818709857,9.95806857759369,0.0,0,0,0,0,0,0,0,10,25,0,0,0,0,0,0,4,11,0,0,0,4,1,2,0,0,,,,,,0.4,0.44,0.9677419354838709,1.0333333333333334,3.059750000000122,,22,,,4.0,1.0,6.0,2.0,1.0,0.0,4.0,2.0,2.0,2.0,4.0,0.0,4.0,4.0,92.46233574488711,0,0.0,0.0,0.0,0.0,0.0,0.0,0.0,0.0,0.0,0.0,0.0,0.0,0.0,0.0
mem_long,24,double_bump,0.1226496849452601,0.10041296602020458,0.8151006864758693,1.3436855309676565,0.06328306869678618,0.956657399526833,9.226611652777416,0.5111940570625056,8.663563019239586,0.0,0,0,0,0,0,0,0,7,24,0,0,0,0,0,0,2,17,0,0,0,5,1,7,0,0,,,,,,0.2857142857142857,0.7083333333333334,0.75,1.3333333333333333,4.32598818718763,,32,4.0,2.0,2.0,2.0,1.0,0.0,3.0,2.0,5.0,4.0,3.0,2.0,4.0,3.0,2.0,2.0,68.45087633747733,0,0.0,0.0,0.0,0.0,0.0,0.0,0.0,0.0,0.0,0.0,0.0,0.0,0.0,0.0
mem_long,23,double_bump,0.15796084211123315,0.2024711331367853,0.664967164510533,0.9557303068708966,0.05224655574693209,1.232952162224131,5.353883303547923,0.33435193035107985,8.69568339288082,0.0,0,0,0,0,0,0,0,6,26,0,0,0,0,0,0,3,21,0,0,0,8,1,7,0,0,,,,,,0.5,0.8076923076923077,0.9523809523809523,1.05,4.095249999999993,,40,2.0,2.0,1.0,1.0,5.0,5.0,5.0,3.0,3.0,2.0,5.0,4.0,3.0,2.0,2.0,2.0,83.21776688017778,0,0.0,0.0,0.0,0.0,0.0,0.0,0.0,0.0,0.0,0.0,0.0,0.0,0.0,0.0
mem_long,22,roving_bump,0.25278460680297427,0.1884156550565161,0.47907701265927816,0.6854494260534303,0.05011171616169802,1.3749041891292673,2.7663943692608366,0.22004056979645187,10.244985513504059,0.0,45,0,0,0,0,0,0,0,6,0,24,0,0,0,0,0,3,0,0,0,9,1,1,45,24,0.5333333333333333,0.5333333333333333,,,,,0.5,0.6578947368421053,1.52,1.2854311199207138,,38,2.0,1.0,2.0,2.0,,,1.0,0.0,,,1.0,0.0,,,,,102.22145935339796,0,0.0,0.0,0.0,0.0,0.0,0.0,0.0,0.0,0.0,0.0,0.0,0.0,0.0,0.0
mem_long,23,roving_ramp_bump,0.15796084211123315,0.2024711331367853,0.664967164510533,0.9557303068708966,0.05224655574693209,1.232952162224131,5.353883303547923,0.33435193035107985,8.69568339288082,0.0,30,10,1,0,0,0,0,1,4,0,21,7,0,0,0,0,2,0,1,0,7,0,13,40,28,0.7,0.7,0.7,,,0.0,0.5,0.0,1.9725000000000001,1.4072657986126123,0.30374999999999996,51,1.0,1.0,,,,,1.0,1.0,,,2.0,0.0,,,,,83.21776688017778,0,0.0,0.0,0.0,0.0,0.0,0.0,0.0,0.0,0.0,0.0,0.0,0.0,0.0,0.0
mem_long,23,roving_bump,0.15796084211123315,0.2024711331367853,0.664967164510533,0.9557303068708966,0.05224655574693209,1.232952162224131,5.353883303547923,0.33435193035107985,8.69568339288082,0.0,37,0,0,0,0,0,0,1,6,0,26,0,0,0,0,0,6,0,0,0,12,1,14,37,26,0.7027027027027027,0.7027027027027027,,,,0.0,1.0,0.3792667509481668,2.636666666666667,1.0845358198291726,,59,,,,,,,2.0,2.0,1.0,1.0,3.0,3.0,,,,,83.21776688017778,0,0.0,0.0,0.0,0.0,0.0,0.0,0.0,0.0,0.0,0.0,0.0,0.0,0.0,0.0
mem_long,23,bump_train,0.15796084211123315,0.2024711331367853,0.664967164510533,0.9557303068708966,0.05224655574693209,1.232952162224131,5.353883303547923,0.33435193035107985,8.69568339288082,0.0,0,0,0,0,0,0,0,0,0,52,0,0,0,0,0,0,0,27,0,0,13,1,3,0,0,,,,,,,,0.182370820668693,5.483333333333333,2.820568335588613,,44,,,,,,,,,,,,,,,,,83.21776688017778,41,0.3080895008605852,21.0,20.0,17.0,12.0,11.0,12.0,13.0,12.0,12.0,14.0,15.0,14.0,13.0
mem_long,25,bump_train,0.160130244027855,0.0922601138158208,0.32224512618777545,1.0008321793467891,0.053849324145720315,2.611905173178061,2.716945708651021,0.26205547818709857,9.95806857759369,0.0,0,0,0,0,0,0,0,0,0,41,0,0,0,0,0,0,0,11,0,0,9,4,0,0,0,,,,,,,,0.5687203791469194,7.033333333333333,3.533965649833383,,24,,,,,,,,,,,,,,,,,92.46233574488711,19,0.25,5.0,5.0,5.0,6.0,7.0,5.0,6.0,6.0,5.0,7.0,3.0,5.0,7.0
mem_long,24,roving_bump,0.1226496849452601,0.10041296602020458,0.8151006864758693,1.3436855309676565,0.06328306869678618,0.956657399526833,9.226611652777416,0.5111940570625056,8.663563019239586,0.0,43,0,0,0,0,0,0,1,6,0,19,0,0,0,0,0,4,0,0,0,6,2,2,43,19,0.4418604651162791,0.4418604651162791,,,,0.0,0.6666666666666666,2.02020202020202,0.9900000000000001,1.8366197183098727,,33,1.0,1.0,,,2.0,1.0,,,1.0,1.0,2.0,1.0,,,,,68.45087633747733,0,0.0,0.0,0.0,0.0,0.0,0.0,0.0,0.0,0.0,0.0,0.0,0.0,0.0,0.0
mem_long,24,bump_train,0.1226496849452601,0.10041296602020458,0.8151006864758693,1.3436855309676565,0.06328306869678618,0.956657399526833,9.226611652777416,0.5111940570625056,8.663563019239586,0.0,0,0,0,0,0,0,0,0,0,47,0,0,0,0,0,0,0,23,0,0,8,3,2,0,0,,,,,,,,0.4761904761904762,6.3,2.9724084579680725,,36,,,,,,,,,,,,,,,,,68.45087633747733,32,0.2901023890784983,16.0,15.0,12.0,13.0,11.0,14.0,16.0,11.0,10.0,10.0,10.0,14.0,9.0
mem_long,24,roving_ramp_bump,0.1226496849452601,0.10041296602020458,0.8151006864758693,1.3436855309676565,0.06328306869678618,0.956657399526833,9.226611652777416,0.5111940570625056,8.663563019239586,0.0,27,8,3,0,0,0,0,4,4,0,13,4,0,0,0,1,2,0,0,0,5,1,1,35,17,0.4857142857142857,0.48148148148148145,0.5,,,0.25,0.5,0.461361014994233,2.1675,1.929769824334916,0.27612499999999995,27,,,1.0,1.0,,,1.0,0.0,,,,,1.0,0.0,1.0,1.0,68.45087633747733,0,0.0,0.0,0.0,0.0,0.0,0.0,0.0,0.0,0.0,0.0,0.0,0.0,0.0,0.0
mem_long,25,roving_bump,0.160130244027855,0.0922601138158208,0.32224512618777545,1.0008321793467891,0.053849324145720315,2.611905173178061,2.716945708651021,0.26205547818709857,9.95806857759369,0.0,39,0,0,0,0,0,0,3,6,0,14,0,0,0,0,0,3,0,0,0,9,0,2,39,14,0.358974358974359,0.358974358974359,,,,0.0,0.5,0.0,1.2508333333333332,2.8305494505494746,,28,2.0,1.0,,,1.0,1.0,,,1.0,1.0,1.0,0.0,1.0,0.0,,,92.46233574488711,0,0.0,0.0,0.0,0.0,0.0,0.0,0.0,0.0,0.0,0.0,0.0,0.0,0.0,0.0
mem_long,26,roving_ramp_bump,0.23738545555352672,0.14321103540206154,0.6218003073891417,0.633720684866187,0.03731148087462782,0.9228742958035104,3.319572493764492,0.21741305557811805,9.43358156838088,0.0,33,9,2,0,0,0,0,2,5,0,13,7,0,0,0,0,3,0,0,0,13,0,4,42,20,0.47619047619047616,0.3939393939393939,0.7777777777777778,,,0.0,0.6,0.0,1.5733333333333335,3.0348027842227427,0.2865,40,1.0,1.0,,,1.0,0.0,1.0,0.0,1.0,1.0,,,1.0,1.0,,,126.416606192597,0,0.0,0.0,0.0,0.0,0.0,0.0,0.0,0.0,0.0,0.0,0.0,0.0,0.0,0.0
mem_long,25,roving_ramp_bump,0.160130244027855,0.0922601138158208,0.32224512618777545,1.0008321793467891,0.053849324145720315,2.611905173178061,2.716945708651021,0.26205547818709857,9.95806857759369,0.0,27,9,2,0,0,0,0,2,4,0,12,2,0,0,0,0,1,0,1,0,0,1,1,36,14,0.3888888888888889,0.4444444444444444,0.2222222222222222,,,0.0,0.25,0.3934426229508197,2.5416666666666665,2.266666666666669,0.23062500000000008,18,,,,,,,1.0,1.0,1.0,0.0,2.0,0.0,,,,,92.46233574488711,0,0.0,0.0,0.0,0.0,0.0,0.0,0.0,0.0,0.0,0.0,0.0,0.0,0.0,0.0
mem_long,26,bump_train,0.23738545555352672,0.14321103540206154,0.6218003073891417,0.633720684866187,0.03731148087462782,0.9228742958035104,3.319572493764492,0.21741305557811805,9.43358156838088,0.0,0,0,0,0,0,0,0,0,0,42,0,0,0,0,0,0,0,18,0,0,9,6,1,0,0,,,,,,,,0.5056179775280899,11.866666666666667,3.12300348297216,,34,,,,,,,,,,,,,,,,,126.416606192597,28,0.2613430127041742,11.0,11.0,12.0,11.0,14.0,10.0,11.0,10.0,11.0,12.0,11.0,9.0,8.0
mem_long,26,double_bump,0.23738545555352672,0.14321103540206154,0.6218003073891417,0.633720684866187,0.03731148087462782,0.9228742958035104,3.319572493764492,0.21741305557811805,9.43358156838088,0.0,0,0,0,0,0,0,0,12,23,0,0,0,0,0,0,3,9,0,0,0,8,1,2,0,0,,,,,,0.25,0.391304347826087,1.090909090909091,0.9166666666666666,5.432875000000024,,23,1.0,1.0,3.0,1.0,4.0,1.0,5.0,2.0,3.0,2.0,4.0,2.0,2.0,0.0,1.0,0.0,126.416606192597,0,0.0,0.0,0.0,0.0,0.0,0.0,0.0,0.0,0.0,0.0,0.0,0.0,0.0,0.0
mem_long,27,bump_train,0.12426764019598097,0.160791797525937,0.49899124622950886,1.5246594210969189,0.08277305461782028,2.9413157694999246,6.409130441314335,0.46846920401598646,9.272513901947402,0.0,0,0,0,0,0,0,0,0,0,51,0,0,0,0,0,0,0,21,0,0,3,2,3,0,0,,,,,,,,0.3692307692307692,5.416666666666667,2.8821170809943744,,29,,,,,,,,,,,,,,,,,56.01166916432194,27,0.29949238578680204,14.0,19.0,14.0,12.0,7.0,7.0,7.0,7.0,8.0,9.0,11.0,10.0,8.0
mem_long,28,double_bump,0.12883653305121456,0.13671147648013823,0.4184665192444889,1.3998086450810028,0.07576417782237355,3.1344900133817815,4.934722437356164,0.4012169074487536,9.486938678129942,0.0,0,0,0,0,0,0,0,8,26,0,0,0,0,0,0,3,19,0,0,0,5,0,6,0,0,,,,,,0.375,0.7307692307692307,0.0,0.7166666666666667,4.331125,,33,,,3.0,2.0,4.0,4.0,5.0,3.0,4.0,3.0,2.0,2.0,4.0,1.0,4.0,4.0,62.60833913074158,0,0.0,0.0,0.0,0.0,0.0,0.0,0.0,0.0,0.0,0.0,0.0,0.0,0.0,0.0
mem_long,27,roving_bump,0.12426764019598097,0.160791797525937,0.49899124622950886,1.5246594210969189,0.08277305461782028,2.9413157694999246,6.409130441314335,0.46846920401598646,9.272513901947402,0.0,43,0,0,0,0,0,0,2,6,0,30,0,0,0,0,1,4,0,0,0,11,2,17,43,30,0.6976744186046512,0.6976744186046512,,,,0.5,0.6666666666666666,0.8253094910591472,2.4233333333333333,1.2906463267764137,,65,1.0,1.0,,,,,,,,,2.0,2.0,2.0,0.0,1.0,1.0,56.01166916432194,0,0.0,0.0,0.0,0.0,0.0,0.0,0.0,0.0,0.0,0.0,0.0,0.0,0.0,0.0
mem_long,27,roving_ramp_bump,0.12426764019598097,0.160791797525937,0.49899124622950886,1.5246594210969189,0.08277305461782028,2.9413157694999246,6.409130441314335,0.46846920401598646,9.272513901947402,0.0,27,9,2,0,0,0,0,0,5,0,24,9,0,0,0,0,3,0,0,0,7,2,20,36,33,0.9166666666666666,0.8888888888888888,1.0,,,,0.6,0.7062978222483814,2.8316666666666666,0.9913989091264974,0.20099999999999996,65,3.0,2.0,1.0,1.0,,,,,,,,,,,1.0,0.0,56.01166916432194,0,0.0,0.0,0.0,0.0,0.0,0.0,0.0,0.0,0.0,0.0,0.0,0.0,0.0,0.0
mem_long,27,double_bump,0.12426764019598097,0.160791797525937,0.49899124622950886,1.5246594210969189,0.08277305461782028,2.9413157694999246,6.409130441314335,0.46846920401598646,9.272513901947402,0.0,0,0,0,0,0,0,0,6,25,0,0,0,0,0,0,3,17,0,0,0,2,0,7,0,0,,,,,,0.5,0.68,0.0,1.3333333333333333,4.530593179302694,,29,4.0,3.0,2.0,1.0,2.0,1.0,5.0,5.0,4.0,2.0,5.0,2.0,1.0,1.0,2.0,2.0,56.01166916432194,0,0.0,0.0,0.0,0.0,0.0,0.0,0.0,0.0,0.0,0.0,0.0,0.0,0.0,0.0
mem_long,26,roving_bump,0.23738545555352672,0.14321103540206154,0.6218003073891417,0.633720684866187,0.03731148087462782,0.9228742958035104,3.319572493764492,0.21741305557811805,9.43358156838088,0.0,42,0,0,0,0,0,0,1,6,0,13,0,0,0,0,0,3,0,0,0,12,0,3,42,13,0.30952380952380953,0.30952380952380953,,,,0.0,0.5,0.0,1.1016666666666668,1.8786496947385833,,31,1.0,1.0,,,1.0,0.0,1.0,1.0,1.0,1.0,,,,,2.0,0.0,126.416606192597,0,0.0,0.0,0.0,0.0,0.0,0.0,0.0,0.0,0.0,0.0,0.0,0.0,0.0,0.0
mem_long,28,roving_bump,0.12883653305121456,0.13671147648013823,0.4184665192444889,1.3998086450810028,0.07576417782237355,3.1344900133817815,4.934722437356164,0.4012169074487536,9.486938678129942,0.0,37,0,0,0,0,0,0,1,6,0,28,0,0,0,0,0,3,0,0,0,7,0,10,37,28,0.7567567567567568,0.7567567567567568,,,,0.0,0.5,0.0,2.5283333333333338,1.9978004399120242,,48,,,2.0,0.0,1.0,1.0,,,,,2.0,1.0,,,1.0,1.0,62.60833913074158,0,0.0,0.0,0.0,0.0,0.0,0.0,0.0,0.0,0.0,0.0,0.0,0.0,0.0,0.0
mem_long,28,bump_train,0.12883653305121456,0.13671147648013823,0.4184665192444889,1.3998086450810028,0.07576417782237355,3.1344900133817815,4.934722437356164,0.4012169074487536,9.486938678129942,0.0,0,0,0,0,0,0,0,0,0,49,0,0,0,0,0,0,0,20,0,0,7,1,0,0,0,,,,,,,,0.1534526854219949,6.516666666666667,2.988237873466582,,28,,,,,,,,,,,,,,,,,62.60833913074158,26,0.29553264604810997,12.0,13.0,14.0,8.0,14.0,11.0,11.0,9.0,9.0,9.0,12.0,12.0,9.0
mem_long,29,bump_train,0.190127583715024,0.1343173525833672,0.2261980937156165,1.1240982353488302,0.05600147518600182,3.3493270501735357,2.142034930586703,0.2623998333392804,12.298508494128333,0.0,0,0,0,0,0,0,0,0,0,40,0,0,0,0,0,0,0,9,0,0,1,1,0,0,0,,,,,,,,0.10950903449534588,9.131666666666666,3.1117493472585145,,11,,,,,,,,,,,,,,,,,109.80521899896736,10,0.2396551724137931,6.0,6.0,5.0,5.0,2.0,3.0,2.0,2.0,2.0,1.0,1.0,2.0,3.0
mem_long,29,double_bump,0.190127583715024,0.1343173525833672,0.2261980937156165,1.1240982353488302,0.05600147518600182,3.3493270501735357,2.142034930586703,0.2623998333392804,12.298508494128333,0.0,0,0,0,0,0,0,0,5,26,0,0,0,0,0,0,0,11,0,0,0,2,0,4,0,0,,,,,,0.0,0.4230769230769231,0.0,0.7666666666666667,8.191500000000019,,17,5.0,4.0,,,2.0,0.0,4.0,1.0,3.0,1.0,4.0,2.0,6.0,2.0,2.0,1.0,109.80521899896736,0,0.0,0.0,0.0,0.0,0.0,0.0,0.0,0.0,0.0,0.0,0.0,0.0,0.0,0.0
mem_long,28,roving_ramp_bump,0.12883653305121456,0.13671147648013823,0.4184665192444889,1.3998086450810028,0.07576417782237355,3.1344900133817815,4.934722437356164,0.4012169074487536,9.486938678129942,0.0,34,9,3,0,0,0,0,1,5,0,20,9,0,0,0,0,3,0,0,0,12,0,11,43,29,0.6744186046511628,0.5882352941176471,1.0,,,0.0,0.6,0.0,1.1783333333333335,1.9986733421131744,0.20499999999999996,55,1.0,1.0,,,1.0,0.0,1.0,0.0,,,,,1.0,1.0,1.0,1.0,62.60833913074158,0,0.0,0.0,0.0,0.0,0.0,0.0,0.0,0.0,0.0,0.0,0.0,0.0,0.0,0.0
mem_long,29,roving_bump,0.190127583715024,0.1343173525833672,0.2261980937156165,1.1240982353488302,0.05600147518600182,3.3493270501735357,2.142034930586703,0.2623998333392804,12.298508494128333,0.0,32,0,0,0,0,0,0,1,6,0,14,0,0,0,0,0,2,0,0,0,5,2,3,32,14,0.4375,0.4375,,,,0.0,0.3333333333333333,0.5785920925747349,3.4566666666666666,2.5046052167985975,,26,,,1.0,0.0,,,,,2.0,0.0,1.0,0.0,,,2.0,2.0,109.80521899896736,0,0.0,0.0,0.0,0.0,0.0,0.0,0.0,0.0,0.0,0.0,0.0,0.0,0.0,0.0
mem_long,29,roving_ramp_bump,0.190127583715024,0.1343173525833672,0.2261980937156165,1.1240982353488302,0.05600147518600182,3.3493270501735357,2.142034930586703,0.2623998333392804,12.298508494128333,0.0,32,7,3,0,0,0,0,3,5,0,13,4,0,0,0,0,3,0,0,0,6,0,2,39,17,0.4358974358974359,0.40625,0.5714285714285714,,,0.0,0.6,0.0,1.195,2.654707266619053,0.33587500000000003,28,,,1.0,1.0,1.0,1.0,2.0,0.0,,,,,,,1.0,1.0,109.80521899896736,0,0.0,0.0,0.0,0.0,0.0,0.0,0.0,0.0,0.0,0.0,0.0,0.0,0.0,0.0
mem_long_leaky,0,double_bump,0.24506235262825207,0.4161700461676223,0.6842429027327491,0.8196485220818286,-0.0827545085705183,0.9965618937793607,4.724668079742953,0.16320034861564636,10.478618180306682,0.02603617207467767,0,0,0,0,0,0,0,10,23,0,0,0,0,0,0,8,21,0,0,0,4,0,21,0,0,,,,,,0.8,0.9130434782608695,0.0,1.05,2.8475378787878975,,54,3.0,3.0,1.0,0.0,2.0,2.0,2.0,2.0,3.0,3.0,6.0,5.0,4.0,4.0,2.0,2.0,26.62246887030249,0,0.0,0.0,0.0,0.0,0.0,0.0,0.0,0.0,0.0,0.0,0.0,0.0,0.0,0.0
mem_long_leaky,0,bump_train,0.24506235262825207,0.4161700461676223,0.6842429027327491,0.8196485220818286,-0.0827545085705183,0.9965618937793607,4.724668079742953,0.16320034861564636,10.478618180306682,0.02603617207467767,0,0,0,0,0,0,0,0,0,45,0,0,0,0,0,0,0,31,0,0,5,5,6,0,0,,,,,,,,0.5928853754940712,8.433333333333334,2.8851654215581655,,47,,,,,,,,,,,,,,,,,26.62246887030249,41,0.2776831345826235,28.0,30.0,24.0,20.0,14.0,14.0,15.0,15.0,15.0,14.0,11.0,14.0,13.0
mem_long_leaky,1,roving_bump,0.1510203018741198,0.11946022082195304,0.5837372957348692,1.2889862474154021,-0.23193431976852402,2.066042641157141,6.338683504476927,0.12191727757453918,11.87913669686915,0.033741807205005324,35,0,0,0,0,0,0,1,7,0,22,0,0,0,0,1,4,0,0,0,10,1,2,35,22,0.6285714285714286,0.6285714285714286,,,,1.0,0.5714285714285714,0.42238648363252373,2.3675,1.4774436090225922,,40,1.0,1.0,,,1.0,1.0,3.0,1.0,1.0,0.0,,,1.0,1.0,,,20.542680963962194,0,0.0,0.0,0.0,0.0,0.0,0.0,0.0,0.0,0.0,0.0,0.0,0.0,0.0,0.0
mem_long_leaky,0,roving_bump,0.24506235262825207,0.4161700461676223,0.6842429027327491,0.8196485220818286,-0.0827545085705183,0.9965618937793607,4.724668079742953,0.16320034861564636,10.478618180306682,0.02603617207467767,38,0,0,0,0,0,0,0,7,0,31,0,0,0,0,0,7,0,0,0,11,1,20,38,31,0.8157894736842105,0.8157894736842105,,,,,1.0,0.37429819089207733,2.671666666666667,0.6853969571006298,,70,1.0,1.0,1.0,1.0,2.0,2.0,,,,,1.0,1.0,1.0,1.0,1.0,1.0,26.62246887030249,0,0.0,0.0,0.0,0.0,0.0,0.0,0.0,0.0,0.0,0.0,0.0,0.0,0.0,0.0
mem_long_leaky,1,bump_train,0.1510203018741198,0.11946022082195304,0.5837372957348692,1.2889862474154021,-0.23193431976852402,2.066042641157141,6.338683504476927,0.12191727757453918,11.87913669686915,0.033741807205005324,0,0,0,0,0,0,0,0,0,44,0,0,0,0,0,0,0,19,0,0,11,4,0,0,0,,,,,,,,0.6169665809768637,6.483333333333333,2.419201786212658,,34,,,,,,,,,,,,,,,,,20.542680963962194,28,0.2620689655172414,13.0,14.0,10.0,6.0,6.0,7.0,10.0,9.0,6.0,4.0,6.0,8.0,12.0
mem_long_leaky,0,roving_ramp_bump,0.24506235262825207,0.4161700461676223,0.6842429027327491,0.8196485220818286,-0.0827545085705183,0.9965618937793607,4.724668079742953,0.16320034861564636,10.478618180306682,0.02603617207467767,26,6,4,0,0,0,0,0,7,0,21,5,0,0,0,0,6,0,1,0,8,3,13,32,26,0.8125,0.8076923076923077,0.8333333333333334,,,,0.8571428571428571,0.7094994087504927,4.2283333333333335,0.8935815883271647,0.44999999999999996,57,,,1.0,1.0,2.0,2.0,,,,,,,3.0,2.0,1.0,1.0,26.62246887030249,0,0.0,0.0,0.0,0.0,0.0,0.0,0.0,0.0,0.0,0.0,0.0,0.0,0.0,0.0
mem_long_leaky,1,roving_ramp_bump,0.1510203018741198,0.11946022082195304,0.5837372957348692,1.2889862474154021,-0.23193431976852402,2.066042641157141,6.338683504476927,0.12191727757453918,11.87913669686915,0.033741807205005324,31,10,1,0,0,0,0,3,4,0,13,5,0,0,0,1,1,0,0,0,8,0,1,41,18,0.43902439024390244,0.41935483870967744,0.5,,,0.3333333333333333,0.25,0.0,1.8141666666666667,2.5213657025318246,0.2390000000000001,29,,,2.0,1.0,2.0,0.0,,,,,,,,,,,20.542680963962194,0,0.0,0.0,0.0,0.0,0.0,0.0,0.0,0.0,0.0,0.0,0.0,0.0,0.0,0.0
mem_long_leaky,1,double_bump,0.1510203018741198,0.11946022082195304,0.5837372957348692,1.2889862474154021,-0.23193431976852402,2.066042641157141,6.338683504476927,0.12191727757453918,11.87913669686915,0.033741807205005324,0,0,0,0,0,0,0,5,24,0,0,0,0,0,0,2,15,0,0,0,8,0,3,0,0,,,,,,0.4,0.625,0.0,1.2833333333333334,5.306859205776202,,28,2.0,2.0,3.0,2.0,4.0,3.0,1.0,0.0,4.0,3.0,3.0,2.0,3.0,2.0,4.0,1.0,20.542680963962194,0,0.0,0.0,0.0,0.0,0.0,0.0,0.0,0.0,0.0,0.0,0.0,0.0,0.0,0.0
mem_long_leaky,2,bump_train,0.19559493335314174,0.16375559756246133,0.8264979295654963,0.9680783048353563,-0.28730663507613285,0.646753287233379,6.740398906619937,0.03820285201072693,10.206855702530886,0.06055856646933014,0,0,0,0,0,0,0,0,0,34,0,0,0,0,0,0,0,19,0,0,6,4,0,0,0,,,,,,,,0.3418803418803419,11.7,3.2151162790697883,,29,,,,,,,,,,,,,,,,,11.445898094549339,25,0.20376712328767124,11.0,15.0,13.0,11.0,8.0,5.0,6.0,7.0,7.0,8.0,5.0,6.0,6.0
mem_long_leaky,3,bump_train,0.1367179466698904,0.1569553105411386,0.2207252124750357,1.1615228917221876,-0.7065583741026353,3.4853138692196053,2.159797623950239,-0.49490466713905334,9.291885883172599,0.14305435983306203,0,0,0,0,0,0,0,0,0,45,0,0,0,0,0,0,0,17,0,0,4,1,0,0,0,,,,,,,,0.14354066985645933,6.966666666666667,2.285814279048095,,22,,,,,,,,,,,,,,,,,4.84534117917704,21,0.2722602739726027,13.0,12.0,9.0,6.0,6.0,5.0,6.0,5.0,7.0,9.0,10.0,5.0,4.0
mem_long_leaky,2,roving_bump,0.19559493335314174,0.16375559756246133,0.8264979295654963,0.9680783048353563,-0.28730663507613285,0.646753287233379,6.740398906619937,0.03820285201072693,10.206855702530886,0.06055856646933014,41,0,0,0,0,0,0,5,5,0,18,0,0,0,0,2,3,0,0,0,5,1,0,41,18,0.43902439024390244,0.43902439024390244,,,,0.4,0.6,0.5172413793103449,1.9333333333333333,0.7823508894314796,,29,,,1.0,1.0,1.0,1.0,,,,,1.0,0.0,2.0,1.0,,,11.445898094549339,0,0.0,0.0,0.0,0.0,0.0,0.0,0.0,0.0,0.0,0.0,0.0,0.0,0.0,0.0
mem_long_leaky,2,roving_ramp_bump,0.19559493335314174,0.16375559756246133,0.8264979295654963,0.9680783048353563,-0.28730663507613285,0.646753287233379,6.740398906619937,0.03820285201072693,10.206855702530886,0.06055856646933014,31,9,1,0,0,0,0,2,5,0,19,5,0,0,0,0,4,0,0,0,6,0,2,40,24,0.6,0.6129032258064516,0.5555555555555556,,,0.0,0.8,0.0,2.2675,1.06929297000054,0.4095,36,2.0,2.0,,,,,,,2.0,1.0,,,1.0,1.0,,,11.445898094549339,0,0.0,0.0,0.0,0.0,0.0,0.0,0.0,0.0,0.0,0.0,0.0,0.0,0.0,0.0
mem_long_leaky,2,double_bump,0.19559493335314174,0.16375559756246133,0.8264979295654963,0.9680783048353563,-0.28730663507613285,0.646753287233379,6.740398906619937,0.03820285201072693,10.206855702530886,0.06055856646933014,0,0,0,0,0,0,0,8,24,0,0,0,0,0,0,2,14,0,0,0,8,1,6,0,0,,,,,,0.25,0.5833333333333334,0.4054054054054054,2.466666666666667,3.2652079483210628,,31,1.0,1.0,2.0,1.0,3.0,3.0,3.0,2.0,2.0,1.0,2.0,1.0,7.0,3.0,4.0,2.0,11.445898094549339,0,0.0,0.0,0.0,0.0,0.0,0.0,0.0,0.0,0.0,0.0,0.0,0.0,0.0,0.0
mem_long_leaky,3,double_bump,0.1367179466698904,0.1569553105411386,0.2207252124750357,1.1615228917221876,-0.7065583741026353,3.4853138692196053,2.159797623950239,-0.49490466713905334,9.291885883172599,0.14305435983306203,0,0,0,0,0,0,0,6,27,0,0,0,0,0,0,2,13,0,0,0,2,1,4,0,0,,,,,,0.3333333333333333,0.48148148148148145,2.0,0.5,4.951697488269353,,22,5.0,4.0,1.0,0.0,1.0,1.0,7.0,2.0,4.0,1.0,3.0,2.0,3.0,1.0,3.0,2.0,4.84534117917704,0,0.0,0.0,0.0,0.0,0.0,0.0,0.0,0.0,0.0,0.0,0.0,0.0,0.0,0.0
mem_long_leaky,5,bump_train,0.24032406130964218,0.23654698514967568,0.24825050866596168,0.5063937124119697,-0.06208699563697335,1.4658345139897804,1.0590386100668805,0.03373250365257263,9.792306480099796,0.017157495411607684,0,0,0,0,0,0,0,0,0,38,0,0,0,0,0,0,0,14,0,0,5,3,1,0,0,,,,,,,,0.37344398340248963,8.033333333333333,1.9824641657237874,,23,,,,,,,,,,,,,,,,,40.39908879072207,20,0.22413793103448276,11.0,12.0,6.0,5.0,6.0,7.0,6.0,6.0,3.0,4.0,3.0,2.0,2.0
mem_long_leaky,3,roving_bump,0.1367179466698904,0.1569553105411386,0.2207252124750357,1.1615228917221876,-0.7065583741026353,3.4853138692196053,2.159797623950239,-0.49490466713905334,9.291885883172599,0.14305435983306203,45,0,0,0,0,0,0,1,6,0,33,0,0,0,0,0,3,0,0,0,12,0,11,45,33,0.7333333333333333,0.7333333333333333,,,,0.0,0.5,0.0,1.1675,1.2697916894730654,,59,1.0,0.0,1.0,1.0,,,,,1.0,1.0,1.0,0.0,1.0,0.0,1.0,1.0,4.84534117917704,0,0.0,0.0,0.0,0.0,0.0,0.0,0.0,0.0,0.0,0.0,0.0,0.0,0.0,0.0
mem_long_leaky,4,double_bump,0.17745042222978508,0.19640738110536318,0.4816362311603518,0.9473783356172195,-0.10876460583638414,1.8909566971169207,3.8439341621033725,0.12671515345573425,9.748091335049903,0.03342001510750517,0,0,0,0,0,0,0,9,22,0,0,0,0,0,0,5,15,0,0,0,6,1,4,0,0,,,,,,0.5555555555555556,0.6818181818181818,1.0526315789473684,0.95,3.8501157285507186,,31,3.0,1.0,3.0,1.0,1.0,1.0,2.0,1.0,3.0,3.0,3.0,2.0,1.0,0.0,6.0,6.0,20.740480766697335,0,0.0,0.0,0.0,0.0,0.0,0.0,0.0,0.0,0.0,0.0,0.0,0.0,0.0,0.0
mem_long_leaky,4,roving_bump,0.17745042222978508,0.19640738110536318,0.4816362311603518,0.9473783356172195,-0.10876460583638414,1.8909566971169207,3.8439341621033725,0.12671515345573425,9.748091335049903,0.03342001510750517,37,0,0,0,0,0,0,2,6,0,24,0,0,0,0,1,6,0,0,0,10,0,3,37,24,0.6486486486486487,0.6486486486486487,,,,0.5,1.0,0.0,2.0783333333333336,2.203163017031632,,44,1.0,1.0,,,2.0,2.0,,,1.0,1.0,1.0,1.0,1.0,1.0,,,20.740480766697335,0,0.0,0.0,0.0,0.0,0.0,0.0,0.0,0.0,0.0,0.0,0.0,0.0,0.0,0.0
mem_long_leaky,4,roving_ramp_bump,0.17745042222978508,0.19640738110536318,0.4816362311603518,0.9473783356172195,-0.10876460583638414,1.8909566971169207,3.8439341621033725,0.12671515345573425,9.748091335049903,0.03342001510750517,33,7,3,0,0,0,0,2,5,0,21,7,0,0,0,0,5,0,0,0,8,2,8,40,28,0.7,0.6363636363636364,1.0,,,0.0,1.0,1.225740551583248,1.6316666666666668,2.262649671687935,0.34375,51,2.0,2.0,1.0,1.0,,,,,1.0,1.0,,,1.0,1.0,,,20.740480766697335,0,0.0,0.0,0.0,0.0,0.0,0.0,0.0,0.0,0.0,0.0,0.0,0.0,0.0,0.0
mem_long_leaky,3,roving_ramp_bump,0.1367179466698904,0.1569553105411386,0.2207252124750357,1.1615228917221876,-0.7065583741026353,3.4853138692196053,2.159797623950239,-0.49490466713905334,9.291885883172599,0.14305435983306203,31,10,0,0,0,0,0,1,6,0,20,8,0,0,0,0,3,0,0,0,6,0,13,41,28,0.6829268292682927,0.6451612903225806,0.8,,,0.0,0.5,0.0,1.4400000000000002,2.040608160123174,0.31400000000000006,50,1.0,1.0,2.0,0.0,1.0,0.0,,,2.0,2.0,,,,,,,4.84534117917704,0,0.0,0.0,0.0,0.0,0.0,0.0,0.0,0.0,0.0,0.0,0.0,0.0,0.0,0.0
mem_long_leaky,5,roving_ramp_bump,0.24032406130964218,0.23654698514967568,0.24825050866596168,0.5063937124119697,-0.06208699563697335,1.4658345139897804,1.0590386100668805,0.03373250365257263,9.792306480099796,0.017157495411607684,27,5,7,0,0,0,0,1,6,0,18,3,0,0,0,0,4,0,1,0,8,1,1,32,21,0.65625,0.6666666666666666,0.6,,,0.0,0.6666666666666666,0.3851091142490372,2.5966666666666667,1.925811688311684,0.59125,36,,,,,1.0,1.0,2.0,2.0,2.0,1.0,,,1.0,0.0,,,40.39908879072207,0,0.0,0.0,0.0,0.0,0.0,0.0,0.0,0.0,0.0,0.0,0.0,0.0,0.0,0.0
mem_long_leaky,5,double_bump,0.24032406130964218,0.23654698514967568,0.24825050866596168,0.5063937124119697,-0.06208699563697335,1.4658345139897804,1.0590386100668805,0.03373250365257263,9.792306480099796,0.017157495411607684,0,0,0,0,0,0,0,5,26,0,0,0,0,0,0,3,12,0,0,0,9,0,4,0,0,,,,,,0.6,0.46153846153846156,0.0,0.95,3.351286939942841,,28,3.0,2.0,2.0,1.0,3.0,1.0,2.0,1.0,3.0,1.0,7.0,4.0,4.0,1.0,2.0,1.0,40.39908879072207,0,0.0,0.0,0.0,0.0,0.0,0.0,0.0,0.0,0.0,0.0,0.0,0.0,0.0,0.0
mem_long_leaky,5,roving_bump,0.24032406130964218,0.23654698514967568,0.24825050866596168,0.5063937124119697,-0.06208699563697335,1.4658345139897804,1.0590386100668805,0.03373250365257263,9.792306480099796,0.017157495411607684,37,0,0,0,0,0,0,2,5,0,19,0,0,0,0,1,3,0,0,0,12,2,2,37,19,0.5135135135135135,0.5135135135135135,,,,0.5,0.6,0.8995502248875561,2.2233333333333336,1.9456342668863464,,39,1.0,1.0,1.0,1.0,1.0,0.0,1.0,1.0,,,1.0,0.0,,,,,40.39908879072207,0,0.0,0.0,0.0,0.0,0.0,0.0,0.0,0.0,0.0,0.0,0.0,0.0,0.0,0.0
mem_long_leaky,4,bump_train,0.17745042222978508,0.19640738110536318,0.4816362311603518,0.9473783356172195,-0.10876460583638414,1.8909566971169207,3.8439341621033725,0.12671515345573425,9.748091335049903,0.03342001510750517,0,0,0,0,0,0,0,0,0,43,0,0,0,0,0,0,0,18,0,0,6,0,1,0,0,,,,,,,,0.0,7.25,2.7568557195244514,,25,,,,,,,,,,,,,,,,,20.740480766697335,25,0.2534013605442177,13.0,11.0,10.0,8.0,9.0,8.0,5.0,6.0,6.0,6.0,9.0,9.0,8.0
mem_long_leaky,6,bump_train,0.19711791971439152,0.22233593113972902,0.40304709995479215,0.9704445694840065,-0.12208848588206546,2.2306647073954458,3.295033821910194,0.09973332285881042,10.446503685739074,0.03716449766429368,0,0,0,0,0,0,0,0,0,45,0,0,0,0,0,0,0,15,0,0,5,1,0,0,0,,,,,,,,0.12765957446808512,7.833333333333333,1.986038394415354,,21,,,,,,,,,,,,,,,,,18.650788363161336,20,0.2748735244519393,13.0,9.0,6.0,6.0,4.0,9.0,8.0,8.0,9.0,6.0,5.0,6.0,4.0
mem_long_leaky,6,double_bump,0.19711791971439152,0.22233593113972902,0.40304709995479215,0.9704445694840065,-0.12208848588206546,2.2306647073954458,3.295033821910194,0.09973332285881042,10.446503685739074,0.03716449766429368,0,0,0,0,0,0,0,5,26,0,0,0,0,0,0,2,18,0,0,0,6,0,8,0,0,,,,,,0.4,0.6923076923076923,0.0,0.55,2.4535418311533013,,34,5.0,4.0,5.0,4.0,2.0,1.0,1.0,0.0,3.0,2.0,1.0,1.0,6.0,4.0,3.0,2.0,18.650788363161336,0,0.0,0.0,0.0,0.0,0.0,0.0,0.0,0.0,0.0,0.0,0.0,0.0,0.0,0.0
mem_long_leaky,6,roving_bump,0.19711791971439152,0.22233593113972902,0.40304709995479215,0.9704445694840065,-0.12208848588206546,2.2306647073954458,3.295033821910194,0.09973332285881042,10.446503685739074,0.03716449766429368,40,0,0,0,0,0,0,2,6,0,22,0,0,0,0,0,5,0,0,0,13,2,10,40,22,0.55,0.55,,,,0.0,0.8333333333333334,0.7920792079207921,2.525,1.1439800613497104,,52,1.0,1.0,1.0,1.0,,,1.0,0.0,1.0,1.0,2.0,2.0,,,,,18.650788363161336,0,0.0,0.0,0.0,0.0,0.0,0.0,0.0,0.0,0.0,0.0,0.0,0.0,0.0,0.0
mem_long_leaky,7,bump_train,0.2093442665061479,0.27551586842595965,0.6246761974961567,1.0604289647456309,-0.07979750874935593,1.532537763647097,5.5804584859064645,0.22234871983528137,9.069510934676192,0.053889206313671285,0,0,0,0,0,0,0,0,0,40,0,0,0,0,0,0,0,18,0,0,2,1,0,0,0,,,,,,,,0.10927966487569436,9.150833333333335,2.996994091164888,,21,,,,,,,,,,,,,,,,,12.86244923566631,20,0.23076923076923078,11.0,17.0,14.0,9.0,3.0,2.0,5.0,5.0,5.0,4.0,5.0,6.0,8.0
mem_long_leaky,8,bump_train,0.2086176509262709,0.2561816391756036,0.487988967685104,1.082909006344059,-0.32658870027590664,2.134984764209133,4.4517965792465635,-0.05567237734794617,8.905901514811076,0.10647357411612143,0,0,0,0,0,0,0,0,0,34,0,0,0,0,0,0,0,13,0,0,4,1,1,0,0,,,,,,,,0.09883864591055101,10.117500000000001,2.8729698375870045,,19,,,,,,,,,,,,,,,,,6.510039569104632,18,0.20898100172711573,11.0,13.0,12.0,5.0,2.0,1.0,5.0,5.0,5.0,4.0,2.0,1.0,3.0
mem_long_leaky,7,roving_bump,0.2093442665061479,0.27551586842595965,0.6246761974961567,1.0604289647456309,-0.07979750874935593,1.532537763647097,5.5804584859064645,0.22234871983528137,9.069510934676192,0.053889206313671285,36,0,0,0,0,0,0,5,4,0,25,0,0,0,0,4,4,0,0,0,8,1,12,36,25,0.6944444444444444,0.6944444444444444,,,,0.8,1.0,0.5604857543204109,1.784166666666667,0.8242867962635664,,54,1.0,1.0,,,,,,,2.0,2.0,,,,,1.0,1.0,12.86244923566631,0,0.0,0.0,0.0,0.0,0.0,0.0,0.0,0.0,0.0,0.0,0.0,0.0,0.0,0.0
mem_long_leaky,7,roving_ramp_bump,0.2093442665061479,0.27551586842595965,0.6246761974961567,1.0604289647456309,-0.07979750874935593,1.532537763647097,5.5804584859064645,0.22234871983528137,9.069510934676192,0.053889206313671285,34,9,3,0,0,0,0,0,5,0,26,9,0,0,0,0,4,0,2,0,1,0,14,43,35,0.813953488372093,0.7647058823529411,1.0,,,,0.8,0.0,0.6883333333333334,0.97883747178331,0.4132499999999999,56,,,1.0,0.0,1.0,1.0,1.0,1.0,,,1.0,1.0,,,1.0,1.0,12.86244923566631,0,0.0,0.0,0.0,0.0,0.0,0.0,0.0,0.0,0.0,0.0,0.0,0.0,0.0,0.0
mem_long_leaky,7,double_bump,0.2093442665061479,0.27551586842595965,0.6246761974961567,1.0604289647456309,-0.07979750874935593,1.532537763647097,5.5804584859064645,0.22234871983528137,9.069510934676192,0.053889206313671285,0,0,0,0,0,0,0,10,22,0,0,0,0,0,0,6,14,0,0,0,5,0,12,0,0,,,,,,0.6,0.6363636363636364,0.0,1.45,3.219776473526485,,37,2.0,2.0,3.0,1.0,3.0,3.0,,,3.0,2.0,2.0,1.0,6.0,2.0,3.0,3.0,12.86244923566631,0,0.0,0.0,0.0,0.0,0.0,0.0,0.0,0.0,0.0,0.0,0.0,0.0,0.0,0.0
mem_long_leaky,8,double_bump,0.2086176509262709,0.2561816391756036,0.487988967685104,1.082909006344059,-0.32658870027590664,2.134984764209133,4.4517965792465635,-0.05567237734794617,8.905901514811076,0.10647357411612143,0,0,0,0,0,0,0,1,29,0,0,0,0,0,0,0,20,0,0,0,1,0,10,0,0,,,,,,0.0,0.6896551724137931,0.0,1.35,2.7650502735777778,,31,3.0,2.0,3.0,2.0,4.0,2.0,6.0,5.0,3.0,3.0,3.0,3.0,5.0,2.0,2.0,1.0,6.510039569104632,0,0.0,0.0,0.0,0.0,0.0,0.0,0.0,0.0,0.0,0.0,0.0,0.0,0.0,0.0
mem_long_leaky,9,double_bump,0.19701250650735677,0.20024459672119044,0.857457855418473,0.9723251166019025,-0.15307273632513835,0.533676757011865,7.02356538546779,0.18151864409446716,11.003670458100768,0.024745857054715874,0,0,0,0,0,0,0,5,28,0,0,0,0,0,0,3,19,0,0,0,6,0,10,0,0,,,,,,0.6,0.6785714285714286,0.0,1.1833333333333333,3.0728628257086252,,38,1.0,1.0,6.0,4.0,3.0,3.0,1.0,1.0,9.0,6.0,3.0,1.0,4.0,2.0,1.0,1.0,28.01063543797731,0,0.0,0.0,0.0,0.0,0.0,0.0,0.0,0.0,0.0,0.0,0.0,0.0,0.0,0.0
mem_long_leaky,8,roving_ramp_bump,0.2086176509262709,0.2561816391756036,0.487988967685104,1.082909006344059,-0.32658870027590664,2.134984764209133,4.4517965792465635,-0.05567237734794617,8.905901514811076,0.10647357411612143,35,8,2,0,0,0,0,2,4,0,22,8,0,0,0,0,3,0,1,0,3,1,15,43,30,0.6976744186046512,0.6285714285714286,1.0,,,0.0,0.75,0.510204081632653,1.9600000000000002,0.9907621247113139,0.38425,53,1.0,1.0,2.0,1.0,1.0,1.0,,,,,,,,,,,6.510039569104632,0,0.0,0.0,0.0,0.0,0.0,0.0,0.0,0.0,0.0,0.0,0.0,0.0,0.0,0.0
mem_long_leaky,9,bump_train,0.19701250650735677,0.20024459672119044,0.857457855418473,0.9723251166019025,-0.15307273632513835,0.533676757011865,7.02356538546779,0.18151864409446716,11.003670458100768,0.024745857054715874,0,0,0,0,0,0,0,0,0,47,0,0,0,0,0,0,0,19,0,0,14,2,0,0,0,,,,,,,,0.297029702970297,6.733333333333333,2.9852901116862407,,35,,,,,,,,,,,,,,,,,28.01063543797731,31,0.2864406779661017,14.0,13.0,10.0,9.0,15.0,15.0,15.0,11.0,9.0,9.0,10.0,13.0,11.0
mem_long_leaky,6,roving_ramp_bump,0.19711791971439152,0.22233593113972902,0.40304709995479215,0.9704445694840065,-0.12208848588206546,2.2306647073954458,3.295033821910194,0.09973332285881042,10.446503685739074,0.03716449766429368,34,8,2,0,0,0,0,1,7,0,22,8,0,0,0,0,2,0,1,0,7,1,8,42,30,0.7142857142857143,0.6470588235294118,1.0,,,0.0,0.2857142857142857,0.954653937947494,1.0475,2.5551742160279147,0.30574999999999997,49,1.0,1.0,1.0,0.0,,,,,2.0,0.0,,,2.0,1.0,1.0,0.0,18.650788363161336,0,0.0,0.0,0.0,0.0,0.0,0.0,0.0,0.0,0.0,0.0,0.0,0.0,0.0,0.0
mem_long_leaky,8,roving_bump,0.2086176509262709,0.2561816391756036,0.487988967685104,1.082909006344059,-0.32658870027590664,2.134984764209133,4.4517965792465635,-0.05567237734794617,8.905901514811076,0.10647357411612143,38,0,0,0,0,0,0,2,7,0,25,0,0,0,0,1,5,0,0,0,8,1,8,38,25,0.6578947368421053,0.6578947368421053,,,,0.5,0.7142857142857143,0.41011619958988377,2.4383333333333335,0.7247267759563083,,48,,,2.0,0.0,1.0,1.0,2.0,2.0,,,,,2.0,2.0,,,6.510039569104632,0,0.0,0.0,0.0,0.0,0.0,0.0,0.0,0.0,0.0,0.0,0.0,0.0,0.0,0.0
mem_long_leaky,9,roving_bump,0.19701250650735677,0.20024459672119044,0.857457855418473,0.9723251166019025,-0.15307273632513835,0.533676757011865,7.02356538546779,0.18151864409446716,11.003670458100768,0.024745857054715874,41,0,0,0,0,0,0,0,7,0,31,0,0,0,0,0,7,0,0,0,8,1,8,41,31,0.7560975609756098,0.7560975609756098,,,,,1.0,0.9538950715421304,1.0483333333333333,1.1630196499876537,,55,2.0,2.0,1.0,1.0,1.0,1.0,,,,,1.0,1.0,1.0,1.0,1.0,1.0,28.01063543797731,0,0.0,0.0,0.0,0.0,0.0,0.0,0.0,0.0,0.0,0.0,0.0,0.0,0.0,0.0
mem_long_leaky,9,roving_ramp_bump,0.19701250650735677,0.20024459672119044,0.857457855418473,0.9723251166019025,-0.15307273632513835,0.533676757011865,7.02356538546779,0.18151864409446716,11.003670458100768,0.024745857054715874,29,11,2,0,0,0,0,1,4,0,18,8,0,0,0,0,4,0,1,0,6,1,4,40,26,0.65,0.6206896551724138,0.7272727272727273,,,0.0,1.0,0.5357142857142857,1.8666666666666667,2.1464257212173874,0.27524999999999994,42,1.0,1.0,,,,,,,,,2.0,2.0,,,1.0,1.0,28.01063543797731,0,0.0,0.0,0.0,0.0,0.0,0.0,0.0,0.0,0.0,0.0,0.0,0.0,0.0,0.0
mem_long_leaky,10,double_bump,0.21046708152208488,0.22626013828234537,0.7692433044712143,1.0466150023356,-0.11276636961019476,0.9299610571063239,6.78240973461414,0.22391453385353088,10.857661215339316,0.03152169808983602,0,0,0,0,0,0,0,4,26,0,0,0,0,0,0,3,19,0,0,0,3,0,9,0,0,,,,,,0.75,0.7307692307692307,0.0,1.5833333333333333,4.047264883374053,,34,2.0,2.0,4.0,3.0,2.0,2.0,4.0,2.0,4.0,3.0,2.0,1.0,5.0,4.0,3.0,2.0,21.98952539246121,0,0.0,0.0,0.0,0.0,0.0,0.0,0.0,0.0,0.0,0.0,0.0,0.0,0.0,0.0
mem_long_leaky,11,double_bump,0.22890589270428066,0.2966185672137261,0.8381645149384449,0.9581785545399446,-1.2014042719116946,0.5970953595063402,6.7656427045364405,-0.8763812482357025,11.567302055989686,0.17516158578648422,0,0,0,0,0,0,0,15,21,0,0,0,0,0,0,9,17,0,0,0,0,1,12,0,0,,,,,,0.6,0.8095238095238095,0.9836065573770493,1.0166666666666666,2.8443828277611454,,39,1.0,1.0,1.0,1.0,3.0,3.0,2.0,2.0,3.0,3.0,4.0,1.0,3.0,3.0,4.0,3.0,3.9571871734757367,0,0.0,0.0,0.0,0.0,0.0,0.0,0.0,0.0,0.0,0.0,0.0,0.0,0.0,0.0
mem_long_leaky,10,bump_train,0.21046708152208488,0.22626013828234537,0.7692433044712143,1.0466150023356,-0.11276636961019476,0.9299610571063239,6.78240973461414,0.22391453385353088,10.857661215339316,0.03152169808983602,0,0,0,0,0,0,0,0,0,45,0,0,0,0,0,0,0,24,0,0,4,1,2,0,0,,,,,,,,0.1279317697228145,7.816666666666666,2.285555830009807,,31,,,,,,,,,,,,,,,,,21.98952539246121,29,0.2727272727272727,16.0,21.0,16.0,10.0,10.0,6.0,11.0,13.0,14.0,11.0,7.0,6.0,9.0
mem_long_leaky,11,bump_train,0.22890589270428066,0.2966185672137261,0.8381645149384449,0.9581785545399446,-1.2014042719116946,0.5970953595063402,6.7656427045364405,-0.8763812482357025,11.567302055989686,0.17516158578648422,0,0,0,0,0,0,0,0,0,45,0,0,0,0,0,0,0,23,0,0,4,3,2,0,0,,,,,,,,0.3879310344827586,7.733333333333333,3.3227500000000134,,32,,,,,,,,,,,,,,,,,3.9571871734757367,28,0.2733446519524618,16.0,21.0,20.0,15.0,7.0,6.0,9.0,11.0,10.0,7.0,7.0,7.0,9.0
mem_long_leaky,10,roving_bump,0.21046708152208488,0.22626013828234537,0.7692433044712143,1.0466150023356,-0.11276636961019476,0.9299610571063239,6.78240973461414,0.22391453385353088,10.857661215339316,0.03152169808983602,46,0,0,0,0,0,0,1,7,0,25,0,0,0,0,1,3,0,0,0,9,0,4,46,25,0.5434782608695652,0.5434782608695652,,,,1.0,0.42857142857142855,0.0,1.18,0.9078449905482273,,42,1.0,1.0,2.0,1.0,,,1.0,0.0,1.0,0.0,1.0,1.0,1.0,0.0,,,21.98952539246121,0,0.0,0.0,0.0,0.0,0.0,0.0,0.0,0.0,0.0,0.0,0.0,0.0,0.0,0.0
mem_long_leaky,12,double_bump,0.10261026014858493,0.08145576545429555,0.15485913553999914,1.9102589172209368,-1.5822871427765035,6.216484178062127,2.492082458974767,-1.266189068555832,12.908605763724779,0.1816420855501897,0,0,0,0,0,0,0,7,24,0,0,0,0,0,0,2,7,0,0,0,7,0,1,0,0,,,,,,0.2857142857142857,0.2916666666666667,0.0,1.2666666666666666,1.8965764903040472,,17,7.0,2.0,2.0,0.0,,,2.0,0.0,1.0,1.0,1.0,0.0,4.0,1.0,7.0,3.0,3.816005406788952,0,0.0,0.0,0.0,0.0,0.0,0.0,0.0,0.0,0.0,0.0,0.0,0.0,0.0,0.0
mem_long_leaky,10,roving_ramp_bump,0.21046708152208488,0.22626013828234537,0.7692433044712143,1.0466150023356,-0.11276636961019476,0.9299610571063239,6.78240973461414,0.22391453385353088,10.857661215339316,0.03152169808983602,32,12,1,0,0,0,0,1,6,0,21,11,0,0,0,0,4,0,0,0,5,0,5,44,32,0.7272727272727273,0.65625,0.9166666666666666,,,0.0,0.6666666666666666,0.0,0.9225,1.537185541131565,0.3395,46,1.0,1.0,2.0,1.0,,,,,1.0,1.0,,,2.0,1.0,,,21.98952539246121,0,0.0,0.0,0.0,0.0,0.0,0.0,0.0,0.0,0.0,0.0,0.0,0.0,0.0,0.0
mem_long_leaky,12,bump_train,0.10261026014858493,0.08145576545429555,0.15485913553999914,1.9102589172209368,-1.5822871427765035,6.216484178062127,2.492082458974767,-1.266189068555832,12.908605763724779,0.1816420855501897,0,0,0,0,0,0,0,0,0,37,0,0,0,0,0,0,0,5,0,0,6,4,0,0,0,,,,,,,,0.4195437461760335,9.534166666666668,2.2568742655699188,,15,,,,,,,,,,,,,,,,,3.816005406788952,11,0.22279792746113988,4.0,4.0,3.0,2.0,1.0,3.0,5.0,5.0,5.0,3.0,4.0,5.0,5.0
mem_long_leaky,11,roving_bump,0.22890589270428066,0.2966185672137261,0.8381645149384449,0.9581785545399446,-1.2014042719116946,0.5970953595063402,6.7656427045364405,-0.8763812482357025,11.567302055989686,0.17516158578648422,40,0,0,0,0,0,0,1,7,0,27,0,0,0,0,0,6,0,0,0,2,0,7,40,27,0.675,0.675,,,,0.0,0.8571428571428571,0.0,1.475,0.5582137161084892,,42,1.0,1.0,,,2.0,2.0,,,1.0,1.0,1.0,0.0,1.0,1.0,1.0,1.0,3.9571871734757367,0,0.0,0.0,0.0,0.0,0.0,0.0,0.0,0.0,0.0,0.0,0.0,0.0,0.0,0.0
mem_long_leaky,11,roving_ramp_bump,0.22890589270428066,0.2966185672137261,0.8381645149384449,0.9581785545399446,-1.2014042719116946,0.5970953595063402,6.7656427045364405,-0.8763812482357025,11.567302055989686,0.17516158578648422,33,8,4,0,0,0,0,1,5,0,27,7,0,0,0,1,4,0,1,0,3,0,11,41,34,0.8292682926829268,0.8181818181818182,0.875,,,1.0,0.8,0.0,1.2441666666666669,0.5424616535727658,0.44500000000000006,54,,,1.0,1.0,,,1.0,0.0,,,,,,,3.0,3.0,3.9571871734757367,0,0.0,0.0,0.0,0.0,0.0,0.0,0.0,0.0,0.0,0.0,0.0,0.0,0.0,0.0
mem_long_leaky,12,roving_bump,0.10261026014858493,0.08145576545429555,0.15485913553999914,1.9102589172209368,-1.5822871427765035,6.216484178062127,2.492082458974767,-1.266189068555832,12.908605763724779,0.1816420855501897,42,0,0,0,0,0,0,2,6,0,21,0,0,0,0,1,1,0,0,0,6,1,3,42,21,0.5,0.5,,,,0.5,0.16666666666666666,0.625,1.6,1.3334915737004716,,33,1.0,0.0,1.0,0.0,,,3.0,0.0,,,1.0,1.0,,,,,3.816005406788952,0,0.0,0.0,0.0,0.0,0.0,0.0,0.0,0.0,0.0,0.0,0.0,0.0,0.0,0.0
mem_long_leaky,13,bump_train,0.15354545599591715,0.15539458185612637,0.22497375502586353,0.9926881965918314,-0.10532102547187909,2.9624618278433967,1.881386646510784,0.0766398012638092,10.222652651377444,0.024423213973079304,0,0,0,0,0,0,0,0,0,45,0,0,0,0,0,0,0,16,0,0,5,8,0,0,0,,,,,,,,1.036717062634989,7.716666666666667,3.3697500000000034,,29,,,,,,,,,,,,,,,,,28.38067018222797,20,0.272108843537415,8.0,10.0,12.0,9.0,8.0,7.0,6.0,5.0,3.0,4.0,3.0,6.0,6.0
mem_long_leaky,12,roving_ramp_bump,0.10261026014858493,0.08145576545429555,0.15485913553999914,1.9102589172209368,-1.5822871427765035,6.216484178062127,2.492082458974767,-1.266189068555832,12.908605763724779,0.1816420855501897,30,8,3,0,0,0,0,1,5,0,16,7,0,0,0,1,2,0,0,0,8,0,10,38,23,0.6052631578947368,0.5333333333333333,0.875,,,1.0,0.4,0.0,1.7441666666666669,2.5188615638522585,0.12224999999999997,44,,,,,1.0,0.0,1.0,0.0,1.0,1.0,1.0,1.0,1.0,0.0,,,3.816005406788952,0,0.0,0.0,0.0,0.0,0.0,0.0,0.0,0.0,0.0,0.0,0.0,0.0,0.0,0.0
mem_long_leaky,13,roving_bump,0.15354545599591715,0.15539458185612637,0.22497375502586353,0.9926881965918314,-0.10532102547187909,2.9624618278433967,1.881386646510784,0.0766398012638092,10.222652651377444,0.024423213973079304,41,0,0,0,0,0,0,0,7,0,23,0,0,0,0,0,4,0,0,0,13,3,7,41,23,0.5609756097560976,0.5609756097560976,,,,,0.5714285714285714,1.3569543912551827,2.2108333333333334,1.365737808739772,,50,1.0,1.0,1.0,0.0,,,,,2.0,1.0,2.0,1.0,1.0,1.0,,,28.38067018222797,0,0.0,0.0,0.0,0.0,0.0,0.0,0.0,0.0,0.0,0.0,0.0,0.0,0.0,0.0
mem_long_leaky,13,double_bump,0.15354545599591715,0.15539458185612637,0.22497375502586353,0.9926881965918314,-0.10532102547187909,2.9624618278433967,1.881386646510784,0.0766398012638092,10.222652651377444,0.024423213973079304,0,0,0,0,0,0,0,3,27,0,0,0,0,0,0,0,17,0,0,0,2,0,4,0,0,,,,,,0.0,0.6296296296296297,0.0,1.1833333333333333,2.4772044772044746,,23,2.0,1.0,5.0,3.0,5.0,4.0,4.0,1.0,3.0,2.0,3.0,1.0,2.0,2.0,3.0,3.0,28.38067018222797,0,0.0,0.0,0.0,0.0,0.0,0.0,0.0,0.0,0.0,0.0,0.0,0.0,0.0,0.0
mem_long_leaky,14,bump_train,0.18245560027778432,0.15389190324553287,0.436279266717667,1.0365690766806925,-0.2692534793594195,2.2500167567184906,3.809747258659825,-0.023558586835861206,12.4603725800994,0.03656116377557863,0,0,0,0,0,0,0,0,0,32,0,0,0,0,0,0,0,12,0,0,4,5,0,0,0,,,,,,,,0.4231311706629055,11.816666666666666,3.396375000000006,,21,,,,,,,,,,,,,,,,,18.958564470612924,16,0.189419795221843,4.0,9.0,9.0,8.0,5.0,4.0,2.0,4.0,5.0,5.0,4.0,4.0,3.0
mem_long_leaky,13,roving_ramp_bump,0.15354545599591715,0.15539458185612637,0.22497375502586353,0.9926881965918314,-0.10532102547187909,2.9624618278433967,1.881386646510784,0.0766398012638092,10.222652651377444,0.024423213973079304,35,9,3,0,0,0,0,5,3,0,16,8,0,0,0,4,3,0,0,0,8,0,8,44,24,0.5454545454545454,0.45714285714285713,0.8888888888888888,,,0.8,1.0,0.0,1.1558333333333335,2.0496365524402975,0.271875,47,,,,,1.0,1.0,,,,,1.0,1.0,1.0,1.0,,,28.38067018222797,0,0.0,0.0,0.0,0.0,0.0,0.0,0.0,0.0,0.0,0.0,0.0,0.0,0.0,0.0
mem_long_leaky,15,bump_train,0.32976843758557645,0.35426865617309844,0.7826282230503616,0.5527532147232224,0.05987852804436472,0.4626557119036363,3.6443503765649754,0.23957237601280212,8.418204577007335,0.021823207640648844,0,0,0,0,0,0,0,0,0,43,0,0,0,0,0,0,0,24,0,0,1,2,3,0,0,,,,,,,,0.31746031746031744,6.3,2.5474074018917876,,30,,,,,,,,,,,,,,,,,31.761929408986585,28,0.26161790017211706,17.0,20.0,16.0,14.0,11.0,10.0,7.0,8.0,6.0,10.0,11.0,11.0,7.0
mem_long_leaky,15,double_bump,0.32976843758557645,0.35426865617309844,0.7826282230503616,0.5527532147232224,0.05987852804436472,0.4626557119036363,3.6443503765649754,0.23957237601280212,8.418204577007335,0.021823207640648844,0,0,0,0,0,0,0,9,24,0,0,0,0,0,0,6,21,0,0,0,6,0,15,0,0,,,,,,0.6666666666666666,0.875,0.0,1.5666666666666667,2.90564059551269,,48,1.0,0.0,2.0,2.0,5.0,5.0,3.0,2.0,,,2.0,2.0,3.0,2.0,8.0,8.0,31.761929408986585,0,0.0,0.0,0.0,0.0,0.0,0.0,0.0,0.0,0.0,0.0,0.0,0.0,0.0,0.0
mem_long_leaky,14,roving_bump,0.18245560027778432,0.15389190324553287,0.436279266717667,1.0365690766806925,-0.2692534793594195,2.2500167567184906,3.809747258659825,-0.023558586835861206,12.4603725800994,0.03656116377557863,33,0,0,0,0,0,0,0,6,0,14,0,0,0,0,0,4,0,0,0,5,4,7,33,14,0.42424242424242425,0.42424242424242425,,,,,0.6666666666666666,1.0690423162583518,3.7416666666666667,1.0281906974785724,,34,2.0,2.0,,,1.0,0.0,1.0,1.0,,,2.0,1.0,,,,,18.958564470612924,0,0.0,0.0,0.0,0.0,0.0,0.0,0.0,0.0,0.0,0.0,0.0,0.0,0.0,0.0
mem_long_leaky,15,roving_bump,0.32976843758557645,0.35426865617309844,0.7826282230503616,0.5527532147232224,0.05987852804436472,0.4626557119036363,3.6443503765649754,0.23957237601280212,8.418204577007335,0.021823207640648844,34,0,0,0,0,0,0,2,8,0,26,0,0,0,0,1,5,0,0,0,2,1,7,34,26,0.7647058823529411,0.7647058823529411,,,,0.5,0.625,0.3864734299516908,2.5875,1.2698469194104112,,42,,,1.0,0.0,1.0,1.0,1.0,1.0,1.0,1.0,,,2.0,0.0,2.0,2.0,31.761929408986585,0,0.0,0.0,0.0,0.0,0.0,0.0,0.0,0.0,0.0,0.0,0.0,0.0,0.0,0.0
mem_long_leaky,16,double_bump,0.15037541805730903,0.16435291289587728,0.3916179627831265,1.5279018142064176,-0.007670750856376474,3.5792771261235123,5.040706285550341,0.3371332585811615,11.129623384668774,0.01707504605031463,0,0,0,0,0,0,0,5,28,0,0,0,0,0,0,3,15,0,0,0,2,0,2,0,0,,,,,,0.6,0.5357142857142857,0.0,0.5333333333333333,4.074390293149902,,22,2.0,1.0,4.0,3.0,4.0,2.0,4.0,2.0,5.0,2.0,4.0,3.0,3.0,0.0,2.0,2.0,40.59416170928412,0,0.0,0.0,0.0,0.0,0.0,0.0,0.0,0.0,0.0,0.0,0.0,0.0,0.0,0.0
mem_long_leaky,14,roving_ramp_bump,0.18245560027778432,0.15389190324553287,0.436279266717667,1.0365690766806925,-0.2692534793594195,2.2500167567184906,3.809747258659825,-0.023558586835861206,12.4603725800994,0.03656116377557863,37,7,3,0,0,0,0,3,4,0,15,6,0,0,0,2,2,0,1,0,9,1,3,44,21,0.4772727272727273,0.40540540540540543,0.8571428571428571,,,0.6666666666666666,0.5,1.7937219730941705,0.5575,2.795856185252919,0.26925,39,1.0,0.0,1.0,0.0,,,1.0,1.0,1.0,1.0,,,,,,,18.958564470612924,0,0.0,0.0,0.0,0.0,0.0,0.0,0.0,0.0,0.0,0.0,0.0,0.0,0.0,0.0
mem_long_leaky,14,double_bump,0.18245560027778432,0.15389190324553287,0.436279266717667,1.0365690766806925,-0.2692534793594195,2.2500167567184906,3.809747258659825,-0.023558586835861206,12.4603725800994,0.03656116377557863,0,0,0,0,0,0,0,8,24,0,0,0,0,0,0,1,12,0,0,0,2,0,2,0,0,,,,,,0.125,0.5,0.0,1.1333333333333333,7.814814814814834,,17,2.0,2.0,,,2.0,0.0,6.0,3.0,,,6.0,4.0,7.0,3.0,1.0,0.0,18.958564470612924,0,0.0,0.0,0.0,0.0,0.0,0.0,0.0,0.0,0.0,0.0,0.0,0.0,0.0,0.0
mem_long_leaky,15,roving_ramp_bump,0.32976843758557645,0.35426865617309844,0.7826282230503616,0.5527532147232224,0.05987852804436472,0.4626557119036363,3.6443503765649754,0.23957237601280212,8.418204577007335,0.021823207640648844,30,9,3,0,0,0,0,2,4,0,17,6,0,0,0,1,3,0,0,0,10,1,7,39,23,0.5897435897435898,0.5666666666666667,0.6666666666666666,,,0.5,0.75,0.4080244814688881,2.4508333333333336,1.0022658610272226,0.44999999999999996,45,1.0,1.0,,,,,,,,,2.0,1.0,,,1.0,1.0,31.761929408986585,0,0.0,0.0,0.0,0.0,0.0,0.0,0.0,0.0,0.0,0.0,0.0,0.0,0.0,0.0
mem_long_leaky,17,bump_train,0.18956904383209766,0.1825001545749642,0.2179504927490992,0.9300019033198886,-0.04306932321912156,2.8005387081776356,1.7075563113531063,0.12574031949043274,7.614669775726627,0.06826060092550501,0,0,0,0,0,0,0,0,0,50,0,0,0,0,0,0,0,10,0,0,2,1,0,0,0,,,,,,,,0.18867924528301888,5.3,2.766171444180128,,13,,,,,,,,,,,,,,,,,10.154425410294865,11,0.30716723549488056,8.0,7.0,4.0,4.0,4.0,5.0,5.0,3.0,2.0,3.0,3.0,3.0,1.0
mem_long_leaky,16,roving_bump,0.15037541805730903,0.16435291289587728,0.3916179627831265,1.5279018142064176,-0.007670750856376474,3.5792771261235123,5.040706285550341,0.3371332585811615,11.129623384668774,0.01707504605031463,38,0,0,0,0,0,0,4,4,0,24,0,0,0,0,1,2,0,0,0,8,0,5,38,24,0.631578947368421,0.631578947368421,,,,0.25,0.5,0.0,2.283333333333333,2.2151394422310773,,40,,,2.0,1.0,1.0,1.0,,,,,1.0,0.0,,,,,40.59416170928412,0,0.0,0.0,0.0,0.0,0.0,0.0,0.0,0.0,0.0,0.0,0.0,0.0,0.0,0.0
mem_long_leaky,16,bump_train,0.15037541805730903,0.16435291289587728,0.3916179627831265,1.5279018142064176,-0.007670750856376474,3.5792771261235123,5.040706285550341,0.3371332585811615,11.129623384668774,0.01707504605031463,0,0,0,0,0,0,0,0,0,40,0,0,0,0,0,0,0,15,0,0,4,2,1,0,0,,,,,,,,0.1983471074380165,10.083333333333334,2.594953879544221,,22,,,,,,,,,,,,,,,,,40.59416170928412,19,0.23529411764705882,10.0,9.0,4.0,7.0,7.0,9.0,5.0,3.0,4.0,4.0,5.0,7.0,5.0
mem_long_leaky,17,double_bump,0.18956904383209766,0.1825001545749642,0.2179504927490992,0.9300019033198886,-0.04306932321912156,2.8005387081776356,1.7075563113531063,0.12574031949043274,7.614669775726627,0.06826060092550501,0,0,0,0,0,0,0,8,25,0,0,0,0,0,0,3,11,0,0,0,2,0,3,0,0,,,,,,0.375,0.44,0.0,0.4,3.8124358625631283,,19,6.0,2.0,3.0,2.0,1.0,1.0,2.0,0.0,5.0,2.0,3.0,0.0,4.0,3.0,1.0,1.0,10.154425410294865,0,0.0,0.0,0.0,0.0,0.0,0.0,0.0,0.0,0.0,0.0,0.0,0.0,0.0,0.0
mem_long_leaky,17,roving_bump,0.18956904383209766,0.1825001545749642,0.2179504927490992,0.9300019033198886,-0.04306932321912156,2.8005387081776356,1.7075563113531063,0.12574031949043274,7.614669775726627,0.06826060092550501,40,0,0,0,0,0,0,3,5,0,21,0,0,0,0,0,4,0,0,0,5,0,8,40,21,0.525,0.525,,,,0.0,0.8,0.0,1.4358333333333335,1.9044556729444162,,38,2.0,2.0,,,1.0,1.0,1.0,1.0,,,,,1.0,0.0,,,10.154425410294865,0,0.0,0.0,0.0,0.0,0.0,0.0,0.0,0.0,0.0,0.0,0.0,0.0,0.0,0.0
mem_long_leaky,16,roving_ramp_bump,0.15037541805730903,0.16435291289587728,0.3916179627831265,1.5279018142064176,-0.007670750856376474,3.5792771261235123,5.040706285550341,0.3371332585811615,11.129623384668774,0.01707504605031463,34,9,2,0,0,0,0,1,6,0,18,6,0,0,0,0,1,0,1,0,8,1,12,43,24,0.5581395348837209,0.5294117647058824,0.6666666666666666,,,0.0,0.16666666666666666,0.6730229949523275,1.4858333333333333,1.8428011753183173,0.2875000000000001,47,,,1.0,0.0,2.0,0.0,,,2.0,1.0,1.0,0.0,,,,,40.59416170928412,0,0.0,0.0,0.0,0.0,0.0,0.0,0.0,0.0,0.0,0.0,0.0,0.0,0.0,0.0
mem_long_leaky,17,roving_ramp_bump,0.18956904383209766,0.1825001545749642,0.2179504927490992,0.9300019033198886,-0.04306932321912156,2.8005387081776356,1.7075563113531063,0.12574031949043274,7.614669775726627,0.06826060092550501,29,9,2,0,0,0,0,2,5,0,21,8,0,0,0,0,3,0,0,0,9,0,11,38,29,0.7631578947368421,0.7241379310344828,0.8888888888888888,,,0.0,0.6,0.0,2.7066666666666666,2.302112441783126,0.319375,52,,,,,2.0,1.0,2.0,1.0,1.0,1.0,,,,,,,10.154425410294865,0,0.0,0.0,0.0,0.0,0.0,0.0,0.0,0.0,0.0,0.0,0.0,0.0,0.0,0.0
mem_long_leaky,18,roving_bump,0.1533812761879285,0.20514532223897328,0.7742978035114912,1.190805078594511,-0.1253925495308051,1.0349037470187343,7.767514050340304,0.2592025697231293,8.652584142319098,0.05211671840262396,41,0,0,0,0,0,0,1,6,0,31,0,0,0,0,1,5,0,0,0,10,1,8,41,31,0.7560975609756098,0.7560975609756098,,,,1.0,0.8333333333333334,0.4484304932735426,2.23,0.7588739290085692,,56,1.0,1.0,1.0,1.0,2.0,2.0,,,,,,,,,2.0,1.0,13.299900719095293,0,0.0,0.0,0.0,0.0,0.0,0.0,0.0,0.0,0.0,0.0,0.0,0.0,0.0,0.0
mem_long_leaky,18,double_bump,0.1533812761879285,0.20514532223897328,0.7742978035114912,1.190805078594511,-0.1253925495308051,1.0349037470187343,7.767514050340304,0.2592025697231293,8.652584142319098,0.05211671840262396,0,0,0,0,0,0,0,9,23,0,0,0,0,0,0,5,19,0,0,0,6,0,15,0,0,,,,,,0.5555555555555556,0.8260869565217391,0.0,1.1333333333333333,2.340289522807295,,45,3.0,2.0,2.0,1.0,3.0,3.0,1.0,0.0,4.0,4.0,1.0,1.0,2.0,1.0,7.0,7.0,13.299900719095293,0,0.0,0.0,0.0,0.0,0.0,0.0,0.0,0.0,0.0,0.0,0.0,0.0,0.0,0.0
mem_long_leaky,18,bump_train,0.1533812761879285,0.20514532223897328,0.7742978035114912,1.190805078594511,-0.1253925495308051,1.0349037470187343,7.767514050340304,0.2592025697231293,8.652584142319098,0.05211671840262396,0,0,0,0,0,0,0,0,0,43,0,0,0,0,0,0,0,23,0,0,14,1,5,0,0,,,,,,,,0.16260162601626016,6.15,3.129647058823513,,43,,,,,,,,,,,,,,,,,13.299900719095293,41,0.25982905982905985,16.0,24.0,17.0,17.0,12.0,10.0,13.0,16.0,12.0,10.0,13.0,15.0,17.0
mem_long_leaky,19,double_bump,0.13635277258187767,0.1577800859654201,0.3296774227859647,0.9657721355275852,-0.0893169052250927,2.4927688772786447,2.6822374350083074,0.11342063546180725,9.87721316005248,0.018212387458055,0,0,0,0,0,0,0,5,24,0,0,0,0,0,0,2,16,0,0,0,7,1,9,0,0,,,,,,0.4,0.6666666666666666,1.1320754716981132,0.8833333333333333,4.2444553825277715,,35,7.0,6.0,3.0,1.0,2.0,1.0,2.0,1.0,2.0,1.0,5.0,3.0,1.0,1.0,2.0,2.0,38.05910576833128,0,0.0,0.0,0.0,0.0,0.0,0.0,0.0,0.0,0.0,0.0,0.0,0.0,0.0,0.0
mem_long_leaky,19,roving_ramp_bump,0.13635277258187767,0.1577800859654201,0.3296774227859647,0.9657721355275852,-0.0893169052250927,2.4927688772786447,2.6822374350083074,0.11342063546180725,9.87721316005248,0.018212387458055,32,5,7,0,0,0,0,3,3,0,22,5,0,0,0,2,2,0,0,0,10,1,9,37,27,0.7297297297297297,0.6875,1.0,,,0.6666666666666666,0.6666666666666666,0.4672897196261682,2.14,3.3426804123711413,0.3154999999999999,51,,,,,,,,,,,1.0,1.0,,,2.0,1.0,38.05910576833128,0,0.0,0.0,0.0,0.0,0.0,0.0,0.0,0.0,0.0,0.0,0.0,0.0,0.0,0.0
mem_long_leaky,19,bump_train,0.13635277258187767,0.1577800859654201,0.3296774227859647,0.9657721355275852,-0.0893169052250927,2.4927688772786447,2.6822374350083074,0.11342063546180725,9.87721316005248,0.018212387458055,0,0,0,0,0,0,0,0,0,43,0,0,0,0,0,0,0,22,0,0,6,3,1,0,0,,,,,,,,0.3448275862068966,8.7,3.0780305876686134,,32,,,,,,,,,,,,,,,,,38.05910576833128,29,0.26109215017064846,13.0,14.0,12.0,13.0,10.0,10.0,12.0,12.0,11.0,8.0,6.0,8.0,7.0
mem_long_leaky,21,double_bump,0.1512628456704132,0.12794591077907178,0.6794553841215198,1.577415130578647,-0.6890923031756705,1.9469642827886366,9.029013216382154,-0.21767184138298035,10.874501142613122,0.12438700898886582,0,0,0,0,0,0,0,4,25,0,0,0,0,0,0,2,8,0,0,0,2,1,3,0,0,,,,,,0.5,0.32,0.6185567010309279,1.6166666666666667,3.988752288778469,,16,3.0,1.0,3.0,0.0,3.0,2.0,3.0,1.0,3.0,1.0,5.0,1.0,2.0,0.0,3.0,2.0,5.57250460634511,0,0.0,0.0,0.0,0.0,0.0,0.0,0.0,0.0,0.0,0.0,0.0,0.0,0.0,0.0
mem_long_leaky,20,double_bump,0.2153642152024925,0.307390731583472,0.665975049543338,1.029371624558955,-0.06957564162060664,1.3239591832032889,5.775152985233363,0.23453041911125183,9.976164428207223,0.04100828990612324,0,0,0,0,0,0,0,9,26,0,0,0,0,0,0,8,14,0,0,0,4,1,11,0,0,,,,,,0.8888888888888888,0.5384615384615384,1.6216216216216215,0.6166666666666667,2.3146193255059666,,38,2.0,2.0,,,2.0,2.0,6.0,2.0,5.0,5.0,6.0,2.0,3.0,0.0,2.0,1.0,16.90261120731217,0,0.0,0.0,0.0,0.0,0.0,0.0,0.0,0.0,0.0,0.0,0.0,0.0,0.0,0.0
mem_long_leaky,19,roving_bump,0.13635277258187767,0.1577800859654201,0.3296774227859647,0.9657721355275852,-0.0893169052250927,2.4927688772786447,2.6822374350083074,0.11342063546180725,9.87721316005248,0.018212387458055,40,0,0,0,0,0,0,0,9,0,31,0,0,0,0,0,5,0,0,0,14,1,9,40,31,0.775,0.775,,,,,0.5555555555555556,0.6054490413723511,1.6516666666666668,1.80556428356621,,60,,,2.0,1.0,,,1.0,0.0,2.0,2.0,,,4.0,2.0,,,38.05910576833128,0,0.0,0.0,0.0,0.0,0.0,0.0,0.0,0.0,0.0,0.0,0.0,0.0,0.0,0.0
mem_long_leaky,18,roving_ramp_bump,0.1533812761879285,0.20514532223897328,0.7742978035114912,1.190805078594511,-0.1253925495308051,1.0349037470187343,7.767514050340304,0.2592025697231293,8.652584142319098,0.05211671840262396,33,10,1,0,0,0,0,1,5,0,26,6,0,0,0,1,4,0,1,0,11,0,11,43,32,0.7441860465116279,0.7878787878787878,0.6,,,1.0,0.8,0.0,1.4158333333333333,0.7808471454880359,0.25649999999999995,60,1.0,1.0,1.0,1.0,,,1.0,1.0,1.0,0.0,,,1.0,1.0,,,13.299900719095293,0,0.0,0.0,0.0,0.0,0.0,0.0,0.0,0.0,0.0,0.0,0.0,0.0,0.0,0.0
mem_long_leaky,20,bump_train,0.2153642152024925,0.307390731583472,0.665975049543338,1.029371624558955,-0.06957564162060664,1.3239591832032889,5.775152985233363,0.23453041911125183,9.976164428207223,0.04100828990612324,0,0,0,0,0,0,0,0,0,36,0,0,0,0,0,0,0,14,0,0,8,3,0,0,0,,,,,,,,0.30201342281879195,9.933333333333334,2.4210878851913664,,25,,,,,,,,,,,,,,,,,16.90261120731217,21,0.21490467937608318,9.0,11.0,5.0,6.0,6.0,5.0,6.0,6.0,4.0,5.0,5.0,5.0,8.0
mem_long_leaky,20,roving_bump,0.2153642152024925,0.307390731583472,0.665975049543338,1.029371624558955,-0.06957564162060664,1.3239591832032889,5.775152985233363,0.23453041911125183,9.976164428207223,0.04100828990612324,35,0,0,0,0,0,0,2,7,0,29,0,0,0,0,0,3,0,0,0,6,0,4,35,29,0.8285714285714286,0.8285714285714286,,,,0.0,0.42857142857142855,0.0,1.8291666666666666,0.8038405145863718,,42,,,1.0,1.0,,,4.0,1.0,,,1.0,0.0,1.0,1.0,,,16.90261120731217,0,0.0,0.0,0.0,0.0,0.0,0.0,0.0,0.0,0.0,0.0,0.0,0.0,0.0,0.0
mem_long_leaky,20,roving_ramp_bump,0.2153642152024925,0.307390731583472,0.665975049543338,1.029371624558955,-0.06957564162060664,1.3239591832032889,5.775152985233363,0.23453041911125183,9.976164428207223,0.04100828990612324,29,10,1,0,0,0,0,3,3,0,21,10,0,0,0,1,2,0,0,0,2,0,12,39,31,0.7948717948717948,0.7241379310344828,1.0,,,0.3333333333333333,0.6666666666666666,0.0,3.0183333333333335,1.0727899701627455,0.41712499999999997,48,1.0,1.0,1.0,1.0,,,,,,,,,1.0,0.0,,,16.90261120731217,0,0.0,0.0,0.0,0.0,0.0,0.0,0.0,0.0,0.0,0.0,0.0,0.0,0.0,0.0
mem_long_leaky,21,bump_train,0.1512628456704132,0.12794591077907178,0.6794553841215198,1.577415130578647,-0.6890923031756705,1.9469642827886366,9.029013216382154,-0.21767184138298035,10.874501142613122,0.12438700898886582,0,0,0,0,0,0,0,0,0,42,0,0,0,0,0,0,0,9,0,0,5,1,0,0,0,,,,,,,,0.13636363636363638,7.333333333333333,2.398585443759998,,15,,,,,,,,,,,,,,,,,5.57250460634511,14,0.25517241379310346,7.0,6.0,5.0,4.0,3.0,2.0,4.0,4.0,4.0,5.0,5.0,5.0,4.0
mem_long_leaky,24,double_bump,0.1597452549983969,0.18435699460005958,0.15947055607939625,1.1368489390264702,-0.1670033660154699,3.679418502312038,1.5272727797573262,0.022448450326919556,7.640990458650791,0.0963506771592736,0,0,0,0,0,0,0,4,24,0,0,0,0,0,0,0,10,0,0,0,3,0,1,0,0,,,,,,0.0,0.4166666666666667,0.0,1.3,4.261873531139861,,14,4.0,3.0,1.0,0.0,1.0,1.0,7.0,1.0,1.0,0.0,6.0,2.0,,,4.0,3.0,7.194004245700633,0,0.0,0.0,0.0,0.0,0.0,0.0,0.0,0.0,0.0,0.0,0.0,0.0,0.0,0.0
mem_long_leaky,22,bump_train,0.16337478162497798,0.20758525013361165,0.3654977973003843,1.136284260469362,-0.7747818915361022,2.776154427629025,3.4986870460113177,-0.5259011685848236,8.704218158726158,0.17992613772014132,0,0,0,0,0,0,0,0,0,41,0,0,0,0,0,0,0,12,0,0,5,2,2,0,0,,,,,,,,0.23529411764705882,8.5,2.6971885224575174,,21,,,,,,,,,,,,,,,,,3.8523984860836196,19,0.24143835616438356,7.0,8.0,10.0,7.0,5.0,2.0,2.0,3.0,5.0,5.0,5.0,4.0,6.0
mem_long_leaky,21,roving_ramp_bump,0.1512628456704132,0.12794591077907178,0.6794553841215198,1.577415130578647,-0.6890923031756705,1.9469642827886366,9.029013216382154,-0.21767184138298035,10.874501142613122,0.12438700898886582,26,10,2,0,0,0,0,1,5,0,12,7,0,0,0,1,2,0,2,0,6,3,3,36,19,0.5277777777777778,0.46153846153846156,0.7,,,1.0,0.4,0.6373937677053824,4.706666666666667,1.347792046271907,0.31975,36,,,,,,,3.0,1.0,1.0,1.0,,,1.0,0.0,,,5.57250460634511,0,0.0,0.0,0.0,0.0,0.0,0.0,0.0,0.0,0.0,0.0,0.0,0.0,0.0,0.0
mem_long_leaky,22,roving_ramp_bump,0.16337478162497798,0.20758525013361165,0.3654977973003843,1.136284260469362,-0.7747818915361022,2.776154427629025,3.4986870460113177,-0.5259011685848236,8.704218158726158,0.17992613772014132,29,9,2,0,0,0,0,1,5,0,17,8,0,0,0,0,3,0,0,0,8,3,13,38,25,0.6578947368421053,0.5862068965517241,0.8888888888888888,,,0.0,0.6,1.3969732246798603,2.1475,0.994162327822276,0.4152499999999999,52,,,1.0,1.0,,,1.0,0.0,1.0,1.0,1.0,0.0,1.0,1.0,,,3.8523984860836196,0,0.0,0.0,0.0,0.0,0.0,0.0,0.0,0.0,0.0,0.0,0.0,0.0,0.0,0.0
mem_long_leaky,23,bump_train,0.19886540325705604,0.14893922241157104,0.6599868241687089,0.8788642618096758,0.004453361139944545,1.1506441848942917,4.886415715863656,0.2627570927143097,8.496641161901223,0.024455860414206325,0,0,0,0,0,0,0,0,0,38,0,0,0,0,0,0,0,9,0,0,6,5,1,0,0,,,,,,,,0.5263157894736842,9.5,2.2382098171318052,,21,,,,,,,,,,,,,,,,,28.342784462300024,16,0.21635434412265758,7.0,9.0,6.0,4.0,4.0,7.0,7.0,5.0,4.0,3.0,5.0,6.0,4.0
mem_long_leaky,23,double_bump,0.19886540325705604,0.14893922241157104,0.6599868241687089,0.8788642618096758,0.004453361139944545,1.1506441848942917,4.886415715863656,0.2627570927143097,8.496641161901223,0.024455860414206325,0,0,0,0,0,0,0,6,27,0,0,0,0,0,0,2,19,0,0,0,4,0,2,0,0,,,,,,0.3333333333333333,0.7037037037037037,0.0,0.55,4.2806293525922605,,27,4.0,3.0,,,3.0,1.0,2.0,1.0,4.0,3.0,2.0,1.0,5.0,4.0,7.0,6.0,28.342784462300024,0,0.0,0.0,0.0,0.0,0.0,0.0,0.0,0.0,0.0,0.0,0.0,0.0,0.0,0.0
mem_long_leaky,23,roving_ramp_bump,0.19886540325705604,0.14893922241157104,0.6599868241687089,0.8788642618096758,0.004453361139944545,1.1506441848942917,4.886415715863656,0.2627570927143097,8.496641161901223,0.024455860414206325,33,7,3,0,0,0,0,3,4,0,10,1,0,0,0,1,2,0,0,0,2,1,3,40,11,0.275,0.30303030303030304,0.14285714285714285,,,0.3333333333333333,0.5,0.7389162561576355,1.3533333333333333,1.554714569206542,0.44675,20,,,1.0,0.0,,,,,,,1.0,0.0,,,2.0,2.0,28.342784462300024,0,0.0,0.0,0.0,0.0,0.0,0.0,0.0,0.0,0.0,0.0,0.0,0.0,0.0,0.0
mem_long_leaky,23,roving_bump,0.19886540325705604,0.14893922241157104,0.6599868241687089,0.8788642618096758,0.004453361139944545,1.1506441848942917,4.886415715863656,0.2627570927143097,8.496641161901223,0.024455860414206325,40,0,0,0,0,0,0,0,8,0,21,0,0,0,0,0,5,0,0,0,4,2,5,40,21,0.525,0.525,,,,,0.625,1.081568273997296,1.8491666666666666,1.3505123522931592,,37,1.0,1.0,1.0,1.0,1.0,1.0,1.0,0.0,1.0,1.0,1.0,0.0,1.0,1.0,1.0,0.0,28.342784462300024,0,0.0,0.0,0.0,0.0,0.0,0.0,0.0,0.0,0.0,0.0,0.0,0.0,0.0,0.0
mem_long_leaky,21,roving_bump,0.1512628456704132,0.12794591077907178,0.6794553841215198,1.577415130578647,-0.6890923031756705,1.9469642827886366,9.029013216382154,-0.21767184138298035,10.874501142613122,0.12438700898886582,39,0,0,0,0,0,0,0,6,0,15,0,0,0,0,0,3,0,0,0,6,0,2,39,15,0.38461538461538464,0.38461538461538464,,,,,0.5,0.0,1.6275000000000002,1.055497616269917,,26,1.0,0.0,2.0,2.0,1.0,1.0,,,,,2.0,0.0,,,,,5.57250460634511,0,0.0,0.0,0.0,0.0,0.0,0.0,0.0,0.0,0.0,0.0,0.0,0.0,0.0,0.0
mem_long_leaky,24,bump_train,0.1597452549983969,0.18435699460005958,0.15947055607939625,1.1368489390264702,-0.1670033660154699,3.679418502312038,1.5272727797573262,0.022448450326919556,7.640990458650791,0.0963506771592736,0,0,0,0,0,0,0,0,0,39,0,0,0,0,0,0,0,13,0,0,4,2,1,0,0,,,,,,,,0.20304568527918782,9.85,2.6071111111111045,,20,,,,,,,,,,,,,,,,,7.194004245700633,18,0.23580034423407917,10.0,13.0,11.0,5.0,4.0,2.0,4.0,6.0,7.0,8.0,6.0,5.0,4.0
mem_long_leaky,25,double_bump,0.3044238145866656,0.21314324014783495,0.5516122427646518,0.6507704218378885,-0.06257096238877942,1.123582709525654,3.0240923127926416,0.1107625663280487,10.613119008761933,0.024706560981912006,0,0,0,0,0,0,0,9,25,0,0,0,0,0,0,3,13,0,0,0,2,0,2,0,0,,,,,,0.3333333333333333,0.52,0.0,0.5,4.192368768598341,,20,,,2.0,0.0,1.0,0.0,4.0,2.0,6.0,4.0,7.0,5.0,2.0,1.0,3.0,1.0,28.055186679660004,0,0.0,0.0,0.0,0.0,0.0,0.0,0.0,0.0,0.0,0.0,0.0,0.0,0.0,0.0
mem_long_leaky,24,roving_bump,0.1597452549983969,0.18435699460005958,0.15947055607939625,1.1368489390264702,-0.1670033660154699,3.679418502312038,1.5272727797573262,0.022448450326919556,7.640990458650791,0.0963506771592736,35,0,0,0,0,0,0,2,7,0,25,0,0,0,0,0,2,0,0,0,11,1,10,35,25,0.7142857142857143,0.7142857142857143,,,,0.0,0.2857142857142857,0.36787247087676267,2.7183333333333337,1.5992663915635106,,49,,,,,,,2.0,1.0,,,,,3.0,1.0,2.0,0.0,7.194004245700633,0,0.0,0.0,0.0,0.0,0.0,0.0,0.0,0.0,0.0,0.0,0.0,0.0,0.0,0.0
mem_long_leaky,22,double_bump,0.16337478162497798,0.20758525013361165,0.3654977973003843,1.136284260469362,-0.7747818915361022,2.776154427629025,3.4986870460113177,-0.5259011685848236,8.704218158726158,0.17992613772014132,0,0,0,0,0,0,0,7,25,0,0,0,0,0,0,2,15,0,0,0,4,1,3,0,0,,,,,,0.2857142857142857,0.6,0.8571428571428571,1.1666666666666667,3.3015000000000327,,25,4.0,4.0,5.0,2.0,3.0,0.0,1.0,0.0,3.0,3.0,1.0,1.0,7.0,4.0,1.0,1.0,3.8523984860836196,0,0.0,0.0,0.0,0.0,0.0,0.0,0.0,0.0,0.0,0.0,0.0,0.0,0.0,0.0
mem_long_leaky,25,bump_train,0.3044238145866656,0.21314324014783495,0.5516122427646518,0.6507704218378885,-0.06257096238877942,1.123582709525654,3.0240923127926416,0.1107625663280487,10.613119008761933,0.024706560981912006,0,0,0,0,0,0,0,0,0,44,0,0,0,0,0,0,0,17,0,0,5,2,0,0,0,,,,,,,,0.2247191011235955,8.9,3.816500000000019,,24,,,,,,,,,,,,,,,,,28.055186679660004,21,0.25383304940374785,10.0,13.0,15.0,11.0,7.0,6.0,10.0,11.0,11.0,6.0,5.0,4.0,6.0
mem_long_leaky,24,roving_ramp_bump,0.1597452549983969,0.18435699460005958,0.15947055607939625,1.1368489390264702,-0.1670033660154699,3.679418502312038,1.5272727797573262,0.022448450326919556,7.640990458650791,0.0963506771592736,28,9,4,0,0,0,0,1,6,0,20,9,0,0,0,0,4,0,0,0,7,0,22,37,29,0.7837837837837838,0.7142857142857143,1.0,,,0.0,0.6666666666666666,0.0,1.4208333333333334,2.3196211096075885,0.3687499999999999,62,1.0,1.0,,,2.0,0.0,,,2.0,2.0,,,1.0,1.0,,,7.194004245700633,0,0.0,0.0,0.0,0.0,0.0,0.0,0.0,0.0,0.0,0.0,0.0,0.0,0.0,0.0
mem_long_leaky,26,double_bump,0.15001388181783282,0.15715842936754912,0.4559876818923924,0.9473976043278456,-0.3387983515771393,1.984561269258712,3.6393073535949645,-0.10949209332466125,9.684812627168363,0.06273758485844792,0,0,0,0,0,0,0,7,24,0,0,0,0,0,0,4,18,0,0,0,5,2,4,0,0,,,,,,0.5714285714285714,0.75,2.4489795918367347,0.8166666666666667,4.254625000000011,,33,2.0,0.0,2.0,1.0,3.0,3.0,2.0,1.0,4.0,4.0,3.0,3.0,2.0,1.0,6.0,5.0,11.048356134904827,0,0.0,0.0,0.0,0.0,0.0,0.0,0.0,0.0,0.0,0.0,0.0,0.0,0.0,0.0
mem_long_leaky,25,roving_bump,0.3044238145866656,0.21314324014783495,0.5516122427646518,0.6507704218378885,-0.06257096238877942,1.123582709525654,3.0240923127926416,0.1107625663280487,10.613119008761933,0.024706560981912006,35,0,0,0,0,0,0,1,6,0,18,0,0,0,0,0,2,0,0,0,5,0,4,35,18,0.5142857142857142,0.5142857142857142,,,,0.0,0.3333333333333333,0.0,3.049166666666667,1.1625168050193606,,29,1.0,1.0,1.0,0.0,,,,,1.0,0.0,3.0,1.0,,,,,28.055186679660004,0,0.0,0.0,0.0,0.0,0.0,0.0,0.0,0.0,0.0,0.0,0.0,0.0,0.0,0.0
mem_long_leaky,22,roving_bump,0.16337478162497798,0.20758525013361165,0.3654977973003843,1.136284260469362,-0.7747818915361022,2.776154427629025,3.4986870460113177,-0.5259011685848236,8.704218158726158,0.17992613772014132,41,0,0,0,0,0,0,0,6,0,25,0,0,0,0,0,5,0,0,0,12,0,12,41,25,0.6097560975609756,0.6097560975609756,,,,,0.8333333333333334,0.0,1.95,0.9845917092454192,,54,3.0,3.0,,,,,,,,,1.0,0.0,2.0,2.0,,,3.8523984860836196,0,0.0,0.0,0.0,0.0,0.0,0.0,0.0,0.0,0.0,0.0,0.0,0.0,0.0,0.0
mem_long_leaky,25,roving_ramp_bump,0.3044238145866656,0.21314324014783495,0.5516122427646518,0.6507704218378885,-0.06257096238877942,1.123582709525654,3.0240923127926416,0.1107625663280487,10.613119008761933,0.024706560981912006,35,9,1,0,0,0,0,2,5,0,13,9,0,0,0,1,2,0,0,0,6,0,1,44,22,0.5,0.37142857142857144,1.0,,,0.5,0.4,0.0,1.0308333333333333,3.66571591557332,0.42625,32,,,1.0,1.0,1.0,0.0,,,,,,,2.0,0.0,1.0,1.0,28.055186679660004,0,0.0,0.0,0.0,0.0,0.0,0.0,0.0,0.0,0.0,0.0,0.0,0.0,0.0,0.0
mem_long_leaky,27,double_bump,0.21785534758074884,0.2863311449505971,0.3906583094490993,0.8918398692478579,-0.14675277064042525,2.0925279718518084,2.9350620816457784,0.054292529821395874,10.954159404013854,0.03529447480175114,0,0,0,0,0,0,0,1,27,0,0,0,0,0,0,0,19,0,0,0,3,0,8,0,0,,,,,,0.0,0.7037037037037037,0.0,1.0833333333333333,3.3718091009989304,,30,5.0,5.0,3.0,1.0,,,7.0,4.0,5.0,5.0,4.0,3.0,1.0,0.0,2.0,1.0,19.638971381592984,0,0.0,0.0,0.0,0.0,0.0,0.0,0.0,0.0,0.0,0.0,0.0,0.0,0.0,0.0
mem_long_leaky,26,roving_bump,0.15001388181783282,0.15715842936754912,0.4559876818923924,0.9473976043278456,-0.3387983515771393,1.984561269258712,3.6393073535949645,-0.10949209332466125,9.684812627168363,0.06273758485844792,39,0,0,0,0,0,0,2,6,0,25,0,0,0,0,2,4,0,0,0,14,1,4,39,25,0.6410256410256411,0.6410256410256411,,,,1.0,0.6666666666666666,0.45112781954887216,2.216666666666667,1.1705475141598942,,50,1.0,0.0,,,,,1.0,0.0,1.0,1.0,,,1.0,1.0,2.0,2.0,11.048356134904827,0,0.0,0.0,0.0,0.0,0.0,0.0,0.0,0.0,0.0,0.0,0.0,0.0,0.0,0.0
mem_long_leaky,26,bump_train,0.15001388181783282,0.15715842936754912,0.4559876818923924,0.9473976043278456,-0.3387983515771393,1.984561269258712,3.6393073535949645,-0.10949209332466125,9.684812627168363,0.06273758485844792,0,0,0,0,0,0,0,0,0,45,0,0,0,0,0,0,0,19,0,0,14,4,2,0,0,,,,,,,,0.5139186295503212,7.783333333333333,2.759303882195452,,39,,,,,,,,,,,,,,,,,11.048356134904827,32,0.26352530541012215,13.0,15.0,11.0,9.0,8.0,7.0,7.0,12.0,13.0,13.0,13.0,11.0,9.0
mem_long_leaky,26,roving_ramp_bump,0.15001388181783282,0.15715842936754912,0.4559876818923924,0.9473976043278456,-0.3387983515771393,1.984561269258712,3.6393073535949645,-0.10949209332466125,9.684812627168363,0.06273758485844792,34,11,1,0,0,0,0,1,5,0,19,9,0,0,0,1,3,0,0,0,7,0,10,45,28,0.6222222222222222,0.5588235294117647,0.8181818181818182,,,1.0,0.6,0.0,1.8991666666666667,1.4565297817240062,0.1965,49,,,,,,,2.0,1.0,1.0,1.0,1.0,0.0,,,1.0,1.0,11.048356134904827,0,0.0,0.0,0.0,0.0,0.0,0.0,0.0,0.0,0.0,0.0,0.0,0.0,0.0,0.0
mem_long_leaky,28,double_bump,0.30491272969778427,0.3699626986466993,0.6952342385684588,0.4948010687575692,-0.9597681648005096,0.5806578473681474,2.8979782586942124,-0.8099086582660675,10.845719543530365,0.14328247377331366,0,0,0,0,0,0,0,3,28,0,0,0,0,0,0,2,23,0,0,0,2,0,12,0,0,,,,,,0.6666666666666666,0.8214285714285714,0.0,1.3166666666666667,2.973974599208827,,39,3.0,3.0,2.0,2.0,3.0,3.0,5.0,3.0,6.0,6.0,2.0,1.0,2.0,1.0,5.0,4.0,4.837627117302352,0,0.0,0.0,0.0,0.0,0.0,0.0,0.0,0.0,0.0,0.0,0.0,0.0,0.0,0.0
mem_long_leaky,28,roving_bump,0.30491272969778427,0.3699626986466993,0.6952342385684588,0.4948010687575692,-0.9597681648005096,0.5806578473681474,2.8979782586942124,-0.8099086582660675,10.845719543530365,0.14328247377331366,25,0,0,0,0,0,0,3,6,0,19,0,0,0,0,2,6,0,0,0,6,3,6,25,19,0.76,0.76,,,,0.6666666666666666,1.0,0.38515031560928636,7.7891666666666675,1.1480190174326776,,42,,,,,,,,,2.0,2.0,2.0,2.0,2.0,2.0,,,4.837627117302352,0,0.0,0.0,0.0,0.0,0.0,0.0,0.0,0.0,0.0,0.0,0.0,0.0,0.0,0.0
mem_long_leaky,27,roving_bump,0.21785534758074884,0.2863311449505971,0.3906583094490993,0.8918398692478579,-0.14675277064042525,2.0925279718518084,2.9350620816457784,0.054292529821395874,10.954159404013854,0.03529447480175114,37,0,0,0,0,0,0,3,5,0,25,0,0,0,0,1,4,0,0,0,10,1,4,37,25,0.6756756756756757,0.6756756756756757,,,,0.3333333333333333,0.8,0.841514726507714,1.1883333333333332,1.1623187914540178,,45,,,1.0,1.0,,,,,,,2.0,1.0,2.0,2.0,,,19.638971381592984,0,0.0,0.0,0.0,0.0,0.0,0.0,0.0,0.0,0.0,0.0,0.0,0.0,0.0,0.0
mem_long_leaky,27,roving_ramp_bump,0.21785534758074884,0.2863311449505971,0.3906583094490993,0.8918398692478579,-0.14675277064042525,2.0925279718518084,2.9350620816457784,0.054292529821395874,10.954159404013854,0.03529447480175114,29,8,3,0,0,0,0,1,6,0,23,7,0,0,0,1,5,0,1,0,9,1,10,37,30,0.8108108108108109,0.7931034482758621,0.875,,,1.0,0.8333333333333334,0.4009355162044771,2.4941666666666666,1.64913730116676,0.4295,57,,,2.0,1.0,1.0,1.0,,,1.0,1.0,,,1.0,1.0,1.0,1.0,19.638971381592984,0,0.0,0.0,0.0,0.0,0.0,0.0,0.0,0.0,0.0,0.0,0.0,0.0,0.0,0.0
mem_long_leaky,27,bump_train,0.21785534758074884,0.2863311449505971,0.3906583094490993,0.8918398692478579,-0.14675277064042525,2.0925279718518084,2.9350620816457784,0.054292529821395874,10.954159404013854,0.03529447480175114,0,0,0,0,0,0,0,0,0,33,0,0,0,0,0,0,0,21,0,0,9,2,0,0,0,,,,,,,,0.15364916773367476,13.016666666666667,2.2399181765049754,,32,,,,,,,,,,,,,,,,,19.638971381592984,28,0.18664383561643835,16.0,17.0,13.0,4.0,3.0,7.0,9.0,10.0,9.0,7.0,6.0,6.0,4.0
mem_long_leaky,28,roving_ramp_bump,0.30491272969778427,0.3699626986466993,0.6952342385684588,0.4948010687575692,-0.9597681648005096,0.5806578473681474,2.8979782586942124,-0.8099086582660675,10.845719543530365,0.14328247377331366,31,8,3,0,0,0,0,0,5,0,19,7,0,0,0,0,5,0,0,0,8,2,8,39,26,0.6666666666666666,0.6129032258064516,0.875,,,,1.0,0.9408075264602116,2.1258333333333335,1.653277634961481,0.4624999999999999,49,2.0,2.0,,,,,,,,,,,2.0,2.0,1.0,1.0,4.837627117302352,0,0.0,0.0,0.0,0.0,0.0,0.0,0.0,0.0,0.0,0.0,0.0,0.0,0.0,0.0
mem_long_leaky,29,bump_train,0.1857546137639797,0.3581378177191563,0.37485915520349816,0.8542203075056974,-0.018755131473860057,2.056227971532885,2.6975615077215958,0.17037823796272278,9.422292749038556,0.02065905312800572,0,0,0,0,0,0,0,0,0,40,0,0,0,0,0,0,0,27,0,0,10,4,5,0,0,,,,,,,,0.48,8.333333333333334,2.52929936305736,,46,,,,,,,,,,,,,,,,,33.55174006597159,41,0.24096385542168675,23.0,23.0,20.0,14.0,11.0,10.0,13.0,10.0,10.0,10.0,11.0,10.0,14.0
mem_long_leaky,29,roving_bump,0.1857546137639797,0.3581378177191563,0.37485915520349816,0.8542203075056974,-0.018755131473860057,2.056227971532885,2.6975615077215958,0.17037823796272278,9.422292749038556,0.02065905312800572,38,0,0,0,0,0,0,4,5,0,30,0,0,0,0,3,3,0,0,0,7,3,18,38,30,0.7894736842105263,0.7894736842105263,,,,0.75,0.6,0.8995502248875561,3.3350000000000004,0.9046488092379386,,64,,,1.0,0.0,,,,,1.0,1.0,,,2.0,1.0,1.0,1.0,33.55174006597159,0,0.0,0.0,0.0,0.0,0.0,0.0,0.0,0.0,0.0,0.0,0.0,0.0,0.0,0.0
mem_long_leaky,28,bump_train,0.30491272969778427,0.3699626986466993,0.6952342385684588,0.4948010687575692,-0.9597681648005096,0.5806578473681474,2.8979782586942124,-0.8099086582660675,10.845719543530365,0.14328247377331366,0,0,0,0,0,0,0,0,0,45,0,0,0,0,0,0,0,22,0,0,3,2,0,0,0,,,,,,,,0.3314917127071823,6.033333333333333,2.7060353672894624,,27,,,,,,,,,,,,,,,,,4.837627117302352,25,0.26666666666666666,15.0,16.0,14.0,9.0,8.0,6.0,7.0,7.0,4.0,3.0,3.0,4.0,4.0
mem_long_leaky,29,double_bump,0.1857546137639797,0.3581378177191563,0.37485915520349816,0.8542203075056974,-0.018755131473860057,2.056227971532885,2.6975615077215958,0.17037823796272278,9.422292749038556,0.02065905312800572,0,0,0,0,0,0,0,8,23,0,0,0,0,0,0,5,18,0,0,0,1,1,16,0,0,,,,,,0.625,0.782608695652174,0.8333333333333334,1.2,2.88349697885198,,41,2.0,2.0,1.0,1.0,6.0,5.0,3.0,2.0,,,4.0,4.0,5.0,2.0,2.0,2.0,33.55174006597159,0,0.0,0.0,0.0,0.0,0.0,0.0,0.0,0.0,0.0,0.0,0.0,0.0,0.0,0.0
mem_long_leaky,29,roving_ramp_bump,0.1857546137639797,0.3581378177191563,0.37485915520349816,0.8542203075056974,-0.018755131473860057,2.056227971532885,2.6975615077215958,0.17037823796272278,9.422292749038556,0.02065905312800572,32,6,5,0,0,0,0,2,5,0,26,5,0,0,0,1,2,0,0,0,11,1,18,38,31,0.8157894736842105,0.8125,0.8333333333333334,,,0.5,0.4,0.4946413849958779,2.021666666666667,1.1088911031290165,0.44775,64,,,1.0,0.0,,,1.0,0.0,,,1.0,1.0,2.0,1.0,,,33.55174006597159,0,0.0,0.0,0.0,0.0,0.0,0.0,0.0,0.0,0.0,0.0,0.0,0.0,0.0,0.0
