gen,pid,design,fit,s_hat,memory_hat,vL,vT,lam,delta,a,nll,k,aic,converged,nfev,secs
mem_short,3,double_bump,level,0.0,0.25000272907029897,0.010000000000000004,0.0,0.0,30.0,15.0,50.79221918397483,3,107.58443836794966,True,8,1.7556517124176025
mem_short,3,double_bump,transient,1.0,0.2500037625601553,0.0,0.010000000000000004,0.0,30.0,15.0,50.79221918397483,3,107.58443836794966,True,8,1.7924275398254395
mem_short,3,double_bump,mixed,0.4775764455742727,0.25001025446816466,0.010000000000000004,0.02,0.0,30.0,15.0,50.79221918397483,4,109.58443836794966,True,5,1.266280174255371
mem_short,3,double_bump,mixed_leaky,0.4775764455742727,115.52453009332424,0.010000000000000004,0.02,0.005999999999999998,30.0,15.0,50.79221918397483,5,111.58443836794966,True,6,2.2879960536956787
mem_short,0,roving_ramp_bump,level,0.0,0.2709152550843409,4.051594683549738,0.0,0.0,2.6540771008453494,1.366167931146215,356.59217750611816,3,719.1843550122363,True,124,31.042133569717407
mem_short,0,roving_ramp_bump,transient,1.0,0.7909918597772925,0.0,8.21518465435021,0.0,1.7796860705710573,2.2286514190503146,315.30632043885737,3,636.6126408777147,True,68,14.885613918304443
mem_short,0,roving_ramp_bump,mixed,0.9973419854856198,0.7907627789234385,0.010000000000000004,8.209119928048421,0.0,1.7801869364294474,2.2287132385161548,315.31006708362276,4,638.6201341672455,True,275,31.616968870162964
mem_short,0,roving_ramp_bump,mixed_leaky,0.9973417126995752,138.629436111989,0.010000000000000004,8.208275285936779,0.005000000000000002,1.7744848754912872,2.2283195315068682,315.3115352768764,5,640.6230705537528,True,300,65.82446217536926
mem_short,2,roving_bump,level,0.0,1.1541013923280738,3.5009229522719947,0.0,0.0,1.1729493139247826,2.442769592762631,452.20046420770564,3,910.4009284154113,True,60,13.847382545471191
mem_short,2,roving_bump,transient,1.0,2.154399433873129,0.0,5.395089762450296,0.0,0.9493678728826968,3.0410612282062672,432.4479642236433,3,870.8959284472866,True,76,15.607109069824219
mem_short,2,roving_bump,mixed,0.551637964066137,2.323667323434314,1.6814276531781722,4.525987461345277,0.0,0.9713790632491826,3.308745781646738,427.88517924304216,4,863.7703584860843,True,230,39.74651050567627
mem_short,2,roving_bump,mixed_leaky,0.5515670497788878,131.62166317350318,1.681919511830909,4.52601357934753,0.0052662089495575,0.9618733230633615,3.3104044221790514,427.8858628893319,5,865.7717257786638,True,618,81.90640115737915
mem_short,3,bump_train,level,0.0,9.205500703977087,6.112051406462442,0.0,0.0,0.5653475168792663,6.723459961432264,155.41367070315079,3,316.82734140630157,True,100,10.813006162643433
mem_short,3,bump_train,transient,1.0,2.6195287994050593,0.0,8.790286767167716,0.0,1.204284634866272,4.230029853797143,147.96413725046472,3,301.92827450092943,True,72,8.581538677215576
mem_short,3,bump_train,mixed,0.5389288316445069,2.904304905379962,2.8788241367070344,7.361874912675363,0.0,1.2084952490169605,4.541340487066022,146.63467878479432,4,301.26935756958864,True,305,51.26694440841675
mem_short,3,bump_train,mixed_leaky,0.522983344587746,2.457866595347937,3.003216528079311,7.20362019493043,0.2820117177522497,0.25458268856130845,5.264432860014625,146.5038001409392,5,303.0076002818784,True,306,84.20436501502991
mem_short,1,roving_bump,level,0.0,1.6852427063069486,5.685721743234776,0.0,0.0,0.972559469924634,2.6504172362814207,497.8438066323144,3,1001.6876132646288,True,136,19.62755846977234
mem_short,1,roving_bump,transient,1.0,1.7028385234907313,0.0,7.017335764470869,0.0,1.0780299147237098,2.5923908371711164,493.3917402543539,3,992.7834805087078,True,72,15.083539009094238
mem_short,1,roving_bump,mixed,0.370278593707606,1.769746128484499,4.145801817839188,5.333330939964373,0.0,1.1604472881825691,2.774531658936094,485.39884442739424,4,978.7976888547885,True,200,43.190147399902344
mem_short,1,roving_bump,mixed_leaky,0.3702900557045339,138.629436111989,4.145575298518366,5.333301695842018,0.005000000000000002,1.1531904658347383,2.7745769930995627,485.3995716624995,5,980.799143324999,True,690,77.70082950592041
mem_short,0,double_bump,level,0.0,13.238931495983184,3.5700257819739205,0.0,0.0,0.33584336672274756,5.796809851909058,308.1644424998927,3,622.3288849997854,True,180,32.769185304641724
mem_short,0,double_bump,transient,1.0,1.9376162819492808,0.0,4.674328345510948,0.0,0.9836039968155831,2.993841431146473,304.5778024829999,3,615.1556049659998,True,140,25.4824481010437
mem_short,0,double_bump,mixed,0.6588782075066347,1.9307981728370418,0.9834373835519972,4.1557770262857625,0.0,0.9981105079916686,3.005368116671285,304.3198511437198,4,616.6397022874396,True,305,52.08110761642456
mem_short,0,double_bump,mixed_leaky,0.65327133413676,2.5584381633292463,1.0010736786995655,4.126479976226805,0.2709259072566234,0.5405863052990986,3.0457412042816956,304.3183724397807,5,618.6367448795614,True,324,47.94793128967285
mem_short,1,roving_ramp_bump,level,0.0,2.50471617312415,2.791988723597708,0.0,0.0,0.6540884647462526,2.818582461606974,559.424773510579,3,1124.849547021158,True,104,18.75526452064514
mem_short,1,roving_ramp_bump,transient,1.0,3.0153371242524694,0.0,4.700406786043234,0.0,0.7074191560863567,2.986363296569116,551.6359262712717,3,1109.2718525425435,True,72,18.01561713218689
mem_short,1,roving_ramp_bump,mixed,0.5579167089309135,2.3467070637668175,1.541603649717391,4.256453014963194,0.0,0.8423413859842838,2.8145332848963323,550.3961685275076,4,1108.7923370550152,True,185,37.59662127494812
mem_short,1,roving_ramp_bump,mixed_leaky,0.5187882524264079,0.5415538337586241,1.9558994046052116,4.6132848706024285,1.2799229501325768,-2.569943837236244,3.863052671150975,549.5675794300062,5,1109.1351588600123,True,852,102.41155529022217
mem_short,1,double_bump,level,0.0,2.006188050793236,6.150738560985917,0.0,0.0,0.8829079507189517,2.734356370712946,495.6309582090059,3,997.2619164180118,True,128,19.93165946006775
mem_short,1,double_bump,transient,1.0,1.8857453076091983,0.0,6.397114439986539,0.0,1.0041908153593786,2.697976647455613,485.9245980082411,3,977.8491960164822,True,76,16.469838619232178
mem_short,1,double_bump,mixed,0.49585412638908594,1.9843535190983883,2.4944830970093896,5.367698658781229,0.0,1.0242093170178297,2.7787575034184826,484.6119281830337,4,977.2238563660674,True,230,49.36718392372131
mem_short,1,double_bump,mixed_leaky,0.49617543538682984,138.629436111989,2.4928442452614044,5.371071229789006,0.005000000000000002,1.0170638716804088,2.778973437571975,484.6129722694334,5,979.2259445388668,True,612,91.34134125709534
mem_short,2,roving_ramp_bump,level,0.0,2.373139734520944,2.388833204852966,0.0,0.0,0.7399221235639306,3.1405725561678297,441.3702250354676,3,888.7404500709353,True,60,12.73135781288147
mem_short,2,roving_ramp_bump,transient,1.0,3.9545002421805635,0.0,4.286922338733677,0.0,0.6467500084535907,3.584321715386655,437.9208696011624,3,881.8417392023248,True,104,18.563300609588623
mem_short,2,roving_ramp_bump,mixed,0.481056104258717,3.09015619091748,1.6484463055005927,3.3431816475015514,0.0,0.7793288557635043,3.5499710730359864,430.66183675414766,4,869.3236735082953,True,200,35.42828702926636
mem_short,2,roving_ramp_bump,mixed_leaky,0.4703307367049294,1.0632656629337334,1.7720857187855055,3.4426522973483533,0.6519040393418073,-1.1984654974103515,4.558769789067228,430.1152394356909,5,870.2304788713818,True,492,110.75236177444458
mem_short,1,bump_train,level,0.0,4.770522382232222,4.18761571604822,0.0,0.0,0.5181472123565678,3.6352252346834963,457.288952495193,3,920.577904990386,True,136,22.42678952217102
mem_short,1,bump_train,transient,1.0,2.599175877178278,0.0,5.434724899202552,0.0,0.8287255201386784,3.0324452962976487,450.26380941738586,3,906.5276188347717,True,84,15.903703451156616
mem_short,1,bump_train,mixed,0.7172598968689377,2.6180761268282633,0.9099781814907724,5.05044868880095,0.0,0.8399522842232543,3.0480893930996893,450.1251138569839,4,908.2502277139678,True,380,41.656005859375
mem_short,1,bump_train,mixed_leaky,0.6957367946920043,0.9045398303053529,1.0806904948464846,5.406381819860792,0.766298130095558,-2.7830639776603165,6.048825761441393,449.5809903636127,5,909.1619807272255,True,846,98.44141721725464
mem_short,0,bump_train,level,0.0,11.600847493018323,4.8655737311727165,0.0,0.0,0.45010892022112947,6.746327768602255,183.67637487726319,3,373.35274975452637,True,100,10.714998006820679
mem_short,0,bump_train,transient,1.0,4.000005900852685,0.0,5.502238611463361,0.0,0.8195122128591037,4.568693992286448,178.69227288712221,3,363.38454577424443,True,76,29.467310667037964
mem_short,0,bump_train,mixed,0.6128620156357688,3.928156579672528,1.4061555046018812,4.870125113104818,0.0,0.8501906817396576,4.590089165996389,178.4117086834965,4,364.823417366993,True,260,47.681445837020874
mem_short,0,bump_train,mixed_leaky,0.6121983095363873,138.629436111989,1.4084522657167808,4.864457432408825,0.005000000000000002,0.8371222401422114,4.595246546001792,178.4173613862779,5,366.8347227725558,True,492,100.53218817710876
mem_short,0,roving_bump,level,0.0,0.607458528547962,3.3106894732324434,0.0,0.0,1.6753696424356697,1.9037137653690208,380.3721076138957,3,766.7442152277914,True,112,24.16653347015381
mem_short,0,roving_bump,transient,1.0,1.1368984240793494,0.0,6.989359295992577,0.0,1.409609390205805,2.4876236169557706,350.4572471495184,3,706.9144942990368,True,168,29.831881761550903
mem_short,0,roving_bump,mixed,0.8225008875281183,1.1143514920582922,0.6447461231500586,6.536402316477045,0.0,1.4371738558890679,2.4982435601026007,350.041808331905,4,708.08361666381,True,240,57.89548063278198
mem_short,0,roving_bump,mixed_leaky,0.8223198776660777,138.629436111989,0.6453622407423115,6.53454483556104,0.005000000000000002,1.4300314913254977,2.499129064850809,350.0441856092131,5,710.0883712184262,True,324,82.54851508140564
mem_short,6,double_bump,level,0.0,0.25000272907029897,0.010000000000000004,0.0,0.0,30.0,15.0,69.53004106223378,3,145.06008212446756,True,8,1.737098217010498
mem_short,6,double_bump,transient,1.0,0.2500037625601553,0.0,0.010000000000000004,0.0,30.0,15.0,69.53004106223378,3,145.06008212446756,True,8,1.7458572387695312
mem_short,6,double_bump,mixed,0.4775764455742727,0.25001025446816466,0.010000000000000004,0.02,0.0,30.0,15.0,69.53004106223378,4,147.06008212446756,True,5,1.2290921211242676
mem_short,6,double_bump,mixed_leaky,0.4775764455742727,115.52453009332424,0.010000000000000004,0.02,0.005999999999999998,30.0,15.0,69.53004106223378,5,149.06008212446756,True,6,2.1848886013031006
mem_short,6,bump_train,level,0.0,0.25000272907029897,0.010000000000000004,0.0,0.0,30.0,15.0,69.62096151733671,3,145.24192303467342,True,8,1.7873709201812744
mem_short,6,bump_train,transient,1.0,0.2500037625601553,0.0,0.010000000000000004,0.0,30.0,15.0,69.62096151733671,3,145.24192303467342,True,8,1.7893803119659424
mem_short,6,bump_train,mixed,0.4775764455742727,0.25001025446816466,0.010000000000000004,0.02,0.0,30.0,15.0,69.62096151733671,4,147.24192303467342,True,5,1.2242953777313232
mem_short,6,bump_train,mixed_leaky,0.4775764455742727,115.52453009332424,0.010000000000000004,0.02,0.005999999999999998,30.0,15.0,69.62096151733671,5,149.24192303467342,True,6,2.231095790863037
mem_short,3,roving_bump,level,0.0,0.3194544534100388,7.32162207538652,0.0,0.0,2.8464231672479183,1.6654126229782418,251.56883891475383,3,509.13767782950765,True,124,22.733108282089233
mem_short,3,roving_bump,transient,1.0,1.020328268046563,0.0,11.479341174015996,0.0,1.9409318337843922,2.903117765042893,211.6512258696683,3,429.3024517393366,True,68,14.531369686126709
mem_short,3,roving_bump,mixed,0.5666904951540014,0.9869702866911525,3.391491553973766,9.703944391819356,0.0,2.122210140104073,3.10502910204709,205.08261083989186,4,418.1652216797837,True,260,49.47260928153992
mem_short,3,roving_bump,mixed_leaky,0.5576439680687153,0.7008927368822795,3.7828609503424664,10.433145871112385,0.9889490132872713,-1.2565224183702097,4.830203207038901,204.2751116840991,5,418.5502233681982,True,510,123.38318467140198
mem_short,2,double_bump,level,0.0,6.743265190747227,1.3632088041872696,0.0,0.0,0.3728671338807401,4.426604422157415,318.16409238389946,3,642.3281847677989,True,144,27.409138679504395
mem_short,2,double_bump,transient,1.0,3.10968728995897,0.0,5.043762961401681,0.0,0.8102068628710287,3.6226659797207423,307.5094097638625,3,621.018819527725,True,100,22.172749757766724
mem_short,2,double_bump,mixed,0.9956759967324337,3.104667231873088,0.010000000000000004,5.037811001085631,0.0,0.8109119812796256,3.620831300585058,307.5167190206738,4,623.0334380413476,True,195,50.9811372756958
mem_short,2,double_bump,mixed_leaky,0.9958343324877996,1.0388716886697318,0.010000000000000004,5.230128245640556,0.6672115412515627,-1.5699575016223544,5.120424509843203,307.2220216123042,5,624.4440432246084,True,564,124.53328919410706
mem_short,2,bump_train,level,0.0,6.844403972293687,4.840896042667855,0.0,0.0,0.536032710859229,5.167534500662141,245.9655115641037,3,497.9310231282074,True,96,22.73799180984497
mem_short,2,bump_train,transient,1.0,1.740967318655402,0.0,6.290213233526194,0.0,1.1642637628405497,3.065009068642883,243.1483381259485,3,492.296676251897,True,132,23.962294101715088
mem_short,2,bump_train,mixed,0.4231295099697211,2.097866386898307,2.9555124908625654,4.742830865487975,0.0,1.1184601494719393,3.3881908922988817,240.8920017136989,4,489.7840034273978,True,225,44.33099126815796
mem_short,2,bump_train,mixed_leaky,0.4383761970284825,1.012084494293467,2.9632258184112334,5.0602975469342795,0.6848708625299403,-2.270322807148712,6.418921176281106,240.40790315351478,5,490.81580630702956,True,798,148.62698602676392
mem_short,3,roving_ramp_bump,level,0.0,0.4526732156255903,4.964298009362588,0.0,0.0,2.2781984600389076,1.9153737389009982,239.44092237171097,3,484.88184474342194,True,104,20.249571323394775
mem_short,3,roving_ramp_bump,transient,1.0,1.2152241204400016,0.0,9.91692744726762,0.0,1.689878829833405,3.0189305727169535,221.5159105406138,3,449.0318210812276,True,56,14.582038164138794
mem_short,3,roving_ramp_bump,mixed,0.5680949729698938,1.0361453631967892,2.9498155922913427,8.48862602381009,0.0,1.9892376483405023,3.127861388516694,209.6040167773978,4,427.2080335547956,True,280,47.94855046272278
mem_short,3,roving_ramp_bump,mixed_leaky,0.5680965107729026,138.629436111989,2.9491658502020974,8.486809464429006,0.005000000000000002,1.980259796147211,3.12907124932247,209.60464230982276,5,429.20928461964553,True,324,55.75228476524353
mem_short,5,roving_bump,level,0.0,0.37119506379163664,4.056931307921562,0.0,0.0,2.1991320574866533,1.533981194990048,406.82431628489957,3,819.6486325697991,True,92,25.613699197769165
mem_short,5,roving_bump,transient,1.0,1.5232938803877383,0.0,8.495189074944959,0.0,1.33094901751742,2.8863094324408527,360.8411078991306,3,727.6822157982612,True,168,23.220962524414062
mem_short,5,roving_bump,mixed,0.9974294092335103,1.5228777478396136,0.010000000000000004,8.48904962628891,0.0,1.3313179966063902,2.8864916057169006,360.8465638806935,4,729.693127761387,True,160,44.92432188987732
mem_short,5,roving_bump,mixed_leaky,0.9974232387665243,11.882498734343415,0.010000000000000004,8.468668848299224,0.058333452925736516,1.2354852902896636,2.8987465340638088,360.84376361348023,5,731.6875272269605,True,90,33.7008752822876
mem_short,6,roving_ramp_bump,level,0.0,0.25000272907029897,0.010000000000000004,0.0,0.0,30.0,15.0,313.6436638939094,3,633.2873277878188,True,8,1.7235543727874756
mem_short,6,roving_ramp_bump,transient,1.0,1.4960079868359073,0.0,3.210061848947497,0.0,1.142429088081892,2.984519955395925,234.38411199981695,3,474.7682239996339,True,108,11.384623527526855
mem_short,6,roving_ramp_bump,mixed,0.3770358902852222,1.3528899961191796,1.7254435022627328,2.284705651475295,0.0,1.36858329263794,3.2710798635812783,221.1213945435362,4,450.2427890870724,True,180,17.129289388656616
mem_short,6,roving_ramp_bump,mixed_leaky,0.37688773066281933,115.53354028833705,1.7258791707059806,2.2838413432236577,0.005999532073803485,1.3581705444933154,3.272006204678914,221.12128961631635,5,452.2425792326327,True,84,73.83694362640381
mem_short,4,roving_ramp_bump,level,0.0,0.3322816417406354,4.577124965522978,0.0,0.0,2.3988051668026418,1.4945438468898675,478.4995999133954,3,962.9991998267908,True,96,18.0896155834198
mem_short,4,roving_ramp_bump,transient,1.0,1.63279708556366,0.0,8.95306123588995,0.0,1.3081886449793096,2.9519585097095193,423.5030752199278,3,853.0061504398556,True,92,19.851255178451538
mem_short,4,roving_ramp_bump,mixed,0.6506383538828856,1.5325554786951225,1.962790927575538,7.997390890104834,0.0,1.4426726529146205,3.1181731902614334,413.8837098001397,4,835.7674196002794,True,185,39.15213871002197
mem_short,4,roving_ramp_bump,mixed_leaky,0.6505348528912569,138.629436111989,1.9628338991080192,7.993925496229967,0.005000000000000002,1.4342905095404457,3.117818738882516,413.8858838370774,5,837.7717676741548,True,480,71.85585737228394
mem_short,4,double_bump,level,0.0,2.3710032296278967,6.158746679792689,0.0,0.0,0.9045717903734556,3.333071744525716,386.3631896664407,3,778.7263793328814,True,80,16.895276069641113
mem_short,4,double_bump,transient,1.0,1.469277450676946,0.0,8.72044998447878,0.0,1.3799061363187817,2.897936580057534,362.69641841073184,3,731.3928368214637,True,80,14.60823678970337
mem_short,4,double_bump,mixed,0.5036180888601154,1.454524411157301,3.371632443493044,7.484028702237626,0.0,1.4822344306985051,3.0077073504259677,358.00188850309695,4,724.0037770061939,True,235,38.64719104766846
mem_short,4,double_bump,mixed_leaky,0.5037283911877627,138.629436111989,3.370141308279625,7.484020291510644,0.005000000000000002,1.4745786804871146,3.006952372180385,358.0073989401148,5,726.0147978802296,True,234,95.60266494750977
mem_short,4,bump_train,level,0.0,2.9853797517927063,5.345014627199393,0.0,0.0,0.8140584906275606,3.8154189359186614,260.6620900027091,3,527.3241800054182,True,92,16.978347539901733
mem_short,4,bump_train,transient,1.0,1.0193353556440614,0.0,12.078688265629506,0.0,1.8779354856957504,2.7166962995613932,235.57599335902017,3,477.15198671804035,True,136,30.9822096824646
mem_short,4,bump_train,mixed,0.8268993958085404,1.0034763910931341,1.1132539091939861,11.634779742950743,0.0,1.9155580201623204,2.716992289763389,235.26482196324406,4,478.5296439264881,True,315,38.41438031196594
mem_short,4,bump_train,mixed_leaky,0.8147589756309515,0.6715538768282431,1.2676861576805312,12.198700650578228,1.0321542388135523,-0.3016280734389353,3.356154763543913,234.9587825772014,5,479.9175651544028,True,522,80.45113635063171
mem_short,5,bump_train,level,0.0,11.625530668758818,2.2202817852790817,0.0,0.0,0.289076272240092,5.030725304491711,358.20466960571974,3,722.4093392114395,True,140,22.188347101211548
mem_short,5,bump_train,transient,1.0,5.61260002625452,0.0,4.862922637276139,0.0,0.5965693605258117,4.231992438767217,348.5857528582666,3,703.1715057165331,True,80,22.470876455307007
mem_short,5,bump_train,mixed,0.9955154993199877,5.618729285972912,0.010000000000000004,4.856727962322294,0.0,0.5963482029903567,4.233591657834382,348.5922781345027,4,705.1845562690054,True,325,47.39289927482605
mem_short,5,bump_train,mixed_leaky,0.9957656687547755,1.2000505101864476,0.010000000000000004,5.144961936838747,0.577598338300155,-1.93332980956566,6.17176074616761,348.1545901847096,5,706.3091803694192,True,570,70.76931881904602
mem_short,5,roving_ramp_bump,level,0.0,0.5427287074374092,3.5682094854369186,0.0,0.0,1.7857271669555934,1.8114913410918478,362.57185548158736,3,731.1437109631747,True,72,18.154499530792236
mem_short,5,roving_ramp_bump,transient,1.0,1.137398484987714,0.0,8.338866604627393,0.0,1.5023534247902484,2.561087549195435,327.9022710764078,3,661.8045421528157,True,92,20.2826886177063
mem_short,5,roving_ramp_bump,mixed,0.8506179773698834,1.1709488824166616,0.6313340861264647,7.865119142412984,0.0,1.4917315209956523,2.613431028863601,327.6036121258786,4,663.2072242517572,True,225,55.4171884059906
mem_short,5,roving_ramp_bump,mixed_leaky,0.8504618073083051,138.629436111989,0.6319812403763168,7.863515024040692,0.005000000000000002,1.4847572023846742,2.613551962272449,327.60545695755974,5,665.2109139151195,True,414,74.60110259056091
mem_short,6,roving_bump,level,0.0,0.7221165732585942,3.07010433919644,0.0,0.0,1.7857113870886145,2.4337785416798794,259.16588032193465,3,524.3317606438693,True,80,16.25606083869934
mem_short,6,roving_bump,transient,1.0,1.5623804172668678,0.0,2.732920065859213,0.0,1.050683738388944,2.897566603994861,270.05537210422534,3,546.1107442084507,True,80,8.5836021900177
mem_short,6,roving_bump,mixed,0.2454845814771341,1.3231858501499918,2.163150224359101,1.5397585639971083,0.0,1.3404175259182272,3.175798118098528,250.53916888545086,4,509.0783377709017,True,240,39.62765884399414
mem_short,6,roving_bump,mixed_leaky,0.24535036754023049,115.53642539451454,2.1630638498906936,1.5385815975945683,0.005999382257094261,1.3298007881541982,3.1771478854138397,250.53925252996072,5,511.07850505992144,True,168,90.88205742835999
mem_short,5,double_bump,level,0.0,3.057426312305575,3.460241886285509,0.0,0.0,0.7161228329106815,3.68606465121192,244.68220643641496,3,495.3644128728299,True,108,18.644117832183838
mem_short,5,double_bump,transient,1.0,1.9274133471869535,0.0,6.523774663792823,0.0,1.1328347200461861,3.2314473186675303,234.95056036258043,3,475.90112072516087,True,116,19.38091254234314
mem_short,5,double_bump,mixed,0.8396143324920642,1.9293781476034673,0.5484162868253235,6.281082213132449,0.0,1.1425036437467915,3.2450315741449054,234.8921947440677,4,477.7843894881354,True,325,36.73833632469177
mem_short,5,double_bump,mixed_leaky,0.8397691261627819,138.629436111989,0.5475938064791791,6.278878460869663,0.005000000000000002,1.1328786051980193,3.248004630779304,234.89283985301424,5,479.7856797060285,True,402,107.2651526927948
mem_short,4,roving_bump,level,0.0,0.22521392788077418,5.9762450839384105,0.0,0.0,2.9835479562457157,1.2557185310005,578.419424449358,3,1162.838848898716,True,116,26.943033695220947
mem_short,4,roving_bump,transient,1.0,1.0794209433925928,0.0,9.23187174846372,0.0,1.5398610821794743,2.4244694233142843,509.63399220176206,3,1025.2679844035242,True,56,13.27127456665039
mem_short,4,roving_bump,mixed,0.6046883818302855,1.2539927398893769,2.403582605451831,8.04379409101984,0.0,1.5478842002586781,2.773814045917294,498.87325436662326,4,1005.7465087332465,True,165,43.987128019332886
mem_short,4,roving_bump,mixed_leaky,0.5960610739113698,0.5546703174786686,2.699815808968909,8.716036431748757,1.2496561628008915,-1.619611785585829,3.7674359413584324,497.0154500265113,5,1004.0309000530226,False,744,122.3813841342926
mem_short,7,double_bump,level,0.0,3.9098120925716993,6.27177017621675,0.0,0.0,0.7309516393409407,4.109686854944111,290.9815157603697,3,587.9630315207394,True,112,19.086870908737183
mem_short,7,double_bump,transient,1.0,3.361559351178361,0.0,8.201823478320023,0.0,0.9681219837009954,4.019142927986608,279.4715968060561,3,564.9431936121122,True,136,28.537363529205322
mem_short,7,double_bump,mixed,0.5235589844072279,3.223431182195116,2.851428315444389,6.855336529570716,0.0,1.033036442709487,4.062411329200698,277.411630546785,4,562.82326109357,True,255,44.21533489227295
mem_short,7,double_bump,mixed_leaky,0.5237256288129527,138.629436111989,2.8493576405185688,6.854936318871053,0.005000000000000002,1.022596778772323,4.06114395484367,277.41799122191304,5,564.8359824438261,True,342,83.63335061073303
mem_short,7,bump_train,level,0.0,0.9590050904867125,5.508831884139215,0.0,0.0,1.3314351967953193,2.2076859014824746,367.9575626743914,3,741.9151253487828,True,144,30.24834966659546
mem_short,7,bump_train,transient,1.0,1.0331646774716505,0.0,7.113427920999938,0.0,1.4620039276632024,2.357335385891677,355.1412275094919,3,716.2824550189838,True,128,26.472310066223145
mem_short,7,bump_train,mixed,0.7778160177498461,0.9947336363496407,0.883537131717025,6.7670406974891675,0.0,1.5045600662603709,2.3278625029174767,354.9979772755205,4,717.995954551041,True,295,33.6578414440155
mem_short,7,bump_train,mixed_leaky,0.771800276104165,0.4668024375798148,0.9678580141009793,7.161620635154379,1.4848833784023023,-3.3085100960314784,4.242575768240863,354.1519133003024,5,718.3038266006048,True,804,101.34550094604492
mem_short,7,roving_bump,level,0.0,0.6171234754359751,5.568525806412771,0.0,0.0,1.7669000103706147,1.9557127013444884,390.8836002845599,3,787.7672005691198,True,96,22.874087810516357
mem_short,7,roving_bump,transient,1.0,1.9770051395533925,0.0,8.85762076470003,0.0,1.202023523942865,3.1715178579886945,357.05447635871644,3,720.1089527174329,True,92,15.932141065597534
mem_short,7,roving_bump,mixed,0.6306240115719136,1.7598747461962962,2.071618392660529,7.737870321335925,0.0,1.3119203812435067,3.1491650730536964,353.8076037669261,4,715.6152075338522,True,225,33.88490080833435
mem_short,7,roving_bump,mixed_leaky,0.622217317753016,1.0972799634255905,2.2016656314012812,7.933434820944807,0.6316958330269825,-0.22223012769736206,3.7924559185538738,353.4527461149853,5,716.9054922299706,True,546,112.34579467773438
mem_short,7,roving_ramp_bump,level,0.0,0.897329533062819,3.2029765957615792,0.0,0.0,1.3054269925056863,2.154549869767688,459.89697700522737,3,925.7939540104547,True,76,19.25630259513855
mem_short,7,roving_ramp_bump,transient,1.0,1.7548748164106664,0.0,6.958167499563725,0.0,1.0954953401164103,2.7422859575439595,442.501066656315,3,891.00213331263,True,80,15.161224842071533
mem_short,7,roving_ramp_bump,mixed,0.6246022493860945,1.6727856443772182,1.6693375860992228,6.076673414899209,0.0,1.1769880511912207,2.836902970216654,438.29293079281206,4,884.5858615856241,True,275,43.712746143341064
mem_short,7,roving_ramp_bump,mixed_leaky,0.6246034839989154,138.629436111989,1.6689395139604704,6.0752563533489505,0.005000000000000002,1.1695469641094922,2.8366755733424913,438.2944081897441,5,886.5888163794882,True,456,66.08940267562866
mem_short,11,bump_train,level,0.0,0.25000272907029897,0.010000000000000004,0.0,0.0,30.0,15.0,97.79319706395084,3,201.58639412790168,True,8,1.8250086307525635
mem_short,11,bump_train,transient,1.0,0.2500037625601553,0.0,0.010000000000000004,0.0,30.0,15.0,97.79319706395084,3,201.58639412790168,True,8,1.8611197471618652
mem_short,11,bump_train,mixed,0.4775764455742727,0.25001025446816466,0.010000000000000004,0.02,0.0,30.0,15.0,97.79319706395084,4,203.58639412790168,True,5,1.289353609085083
mem_short,11,bump_train,mixed_leaky,0.4775764455742727,115.52453009332424,0.010000000000000004,0.02,0.005999999999999998,30.0,15.0,97.79319706395084,5,205.58639412790168,True,6,2.294950485229492
mem_short,8,double_bump,level,0.0,3.524489116288508,3.3006825778476414,0.0,0.0,0.7179293759193526,4.298727868198373,284.43960419878476,3,574.8792083975695,True,68,13.74744462966919
mem_short,8,double_bump,transient,1.0,3.6599910991955813,0.0,4.687457542796791,0.0,0.8256401102762715,4.4944778811035775,273.81863331164556,3,553.6372666232911,True,80,18.931661128997803
mem_short,8,double_bump,mixed,0.48774127701225795,3.0876642882515437,1.8461454058453448,3.84570439688881,0.0,0.9602509004824982,4.4842686759446995,268.72697754467544,4,545.4539550893509,True,200,36.49076008796692
mem_short,8,double_bump,mixed_leaky,0.48785246300314716,138.629436111989,1.8447446818821613,3.8444970049508544,0.005000000000000002,0.9484360493512466,4.483819038267259,268.73234569998345,5,547.4646913999669,True,456,74.72140455245972
mem_short,8,roving_bump,level,0.0,0.5764876655536991,3.027665163819194,0.0,0.0,1.881613334745752,2.0551345811502357,341.7881404621754,3,689.5762809243508,True,92,21.62350821495056
mem_short,8,roving_bump,transient,1.0,2.7061276824835874,0.0,4.795747123712806,0.0,0.9393447521918072,3.9120678398346502,303.1186499834222,3,612.2372999668444,True,116,18.859662294387817
mem_short,8,roving_bump,mixed,0.5499196576769285,2.3613756246907545,1.547693257363202,4.137175424936881,0.0,1.1264367904858688,4.198330025886745,293.2699231621183,4,594.5398463242366,True,225,38.79356122016907
mem_short,8,roving_bump,mixed_leaky,0.5495688194469058,138.629436111989,1.5493656374588642,4.1357797669051894,0.005000000000000002,1.1152567116042638,4.201019881876037,293.270276121215,5,596.54055224243,True,480,84.87793135643005
mem_short,8,roving_ramp_bump,level,0.0,0.5485621407397441,3.377485966231914,0.0,0.0,1.9882129264721349,2.0599664471447974,427.7317429748342,3,861.4634859496684,True,88,22.03107261657715
mem_short,8,roving_ramp_bump,transient,1.0,3.145707019307598,0.0,4.513630936821084,0.0,0.8223512837279545,3.8916211936561345,375.30396404037094,3,756.6079280807419,True,64,14.02182412147522
mem_short,8,roving_ramp_bump,mixed,0.54177878614414,2.7610898551112,1.5843773842378799,4.098408893994323,0.0,1.045008501858332,4.462358595686196,362.28931653665103,4,732.5786330733021,True,195,42.11910128593445
mem_short,8,roving_ramp_bump,mixed_leaky,0.541690885521789,115.54587049763396,1.584894801004198,4.098295990623158,0.005998891847667883,1.0300908773892181,4.468551602709569,362.28886255884225,5,734.5777251176845,True,192,87.93829274177551
mem_short,9,roving_ramp_bump,level,0.0,0.9949264613003814,4.39097204377418,0.0,0.0,1.4105009209012165,2.5205531321972487,356.7444105185029,3,719.4888210370058,True,44,12.369234800338745
mem_short,9,roving_ramp_bump,transient,1.0,1.9089569916395532,0.0,6.589052532812526,0.0,1.1032526769831832,3.0763096808675865,356.45389301453827,3,718.9077860290765,True,88,14.606287002563477
mem_short,9,roving_ramp_bump,mixed,0.42095172342710174,1.9861482577399758,3.127942229324892,4.97491985055541,0.0,1.2306215994165701,3.5892415468252135,335.2964903693546,4,678.5929807387092,True,180,41.49438667297363
mem_short,9,roving_ramp_bump,mixed_leaky,0.4207533259626224,138.629436111989,3.127775335387515,4.970606757363249,0.005000000000000002,1.221199642200018,3.5882405985414008,335.3052088353132,5,680.6104176706264,True,456,73.57009601593018
mem_short,9,double_bump,level,0.0,0.8485678070716076,6.666336137056788,0.0,0.0,1.6997310572256796,2.5141683349763837,155.3049303476831,3,316.6098606953662,True,124,12.682835102081299
mem_short,9,double_bump,transient,1.0,0.6765323384401728,0.0,11.370515137703109,0.0,2.3323070669658708,2.461126992536231,144.0843410151221,3,294.1686820302442,True,132,14.11383843421936
mem_short,9,double_bump,mixed,0.6982152416068113,0.7307934979593291,1.9191970632048903,9.714522081300089,0.0,2.2477393613235046,2.5523364555319175,143.46991339014764,4,294.9398267802953,True,315,65.5324432849884
mem_short,9,double_bump,mixed_leaky,0.6984332709923715,138.629436111989,1.918091958225195,9.718981715166272,0.005000000000000002,2.2416655663317466,2.5521432998755924,143.47018810225228,5,296.94037620450456,False,690,103.70596933364868
mem_short,11,double_bump,level,0.0,2.484801645046534,3.65735237184277,0.0,0.0,1.009802404570008,4.4230942832418725,122.10709476658835,3,250.2141895331767,True,116,11.876367568969727
mem_short,11,double_bump,transient,1.0,0.2500037625601553,0.0,0.010000000000000004,0.0,30.0,15.0,144.59800010328243,3,295.19600020656486,True,8,1.740990161895752
mem_short,11,double_bump,mixed,0.6147911721746149,1.003025487128986,1.7267325959902535,6.0292921104973765,0.0,1.9302081198828924,3.212565151520697,113.54660030197793,4,235.09320060395586,True,260,24.874130487442017
mem_short,11,double_bump,mixed_leaky,0.6147498023250061,138.629436111989,1.726332991575148,6.026843916973583,0.005000000000000002,1.9207687052228206,3.2140287201374056,113.54879692467888,5,237.09759384935776,True,300,69.2368950843811
mem_short,10,roving_bump,level,0.0,1.9384914912259759,6.728441866934065,0.0,0.0,1.109901067645578,3.448788754554891,329.4140450064456,3,664.8280900128912,True,96,14.863039255142212
mem_short,10,roving_bump,transient,1.0,2.5413695172738042,0.0,7.462286477833413,0.0,0.993840368991907,3.338941838739579,345.6550449710606,3,697.3100899421212,True,80,14.992793321609497
mem_short,10,roving_bump,mixed,0.2920526782595643,2.5748346612829596,5.6261660373810445,5.07788243081625,0.0,1.2059214810744814,4.080631207441647,316.83806839639664,4,641.6761367927933,True,205,37.54998159408569
mem_short,10,roving_bump,mixed_leaky,0.29203238381538477,138.629436111989,5.62378258405517,5.07523305373264,0.005000000000000002,1.1947759044377813,4.0810845913710425,316.85320850429275,5,643.7064170085855,True,378,74.59895491600037
mem_short,8,bump_train,level,0.0,0.3357799650374263,5.808051910698249,0.0,0.0,2.757674376776613,1.7242096174292048,157.85368123849614,3,321.7073624769923,True,92,10.508563756942749
mem_short,8,bump_train,transient,1.0,0.4970947398812039,0.0,6.173767789397996,0.0,2.2874183866303834,1.9970010772471345,162.45440523663032,3,330.90881047326064,True,164,18.255916595458984
mem_short,8,bump_train,mixed,0.32529823100259675,0.3332273285821048,3.9569001993144224,4.1738303797601555,0.0,2.946638930478603,1.7518479241189873,153.60291973967776,4,315.2058394793555,True,255,54.82275915145874
mem_short,8,bump_train,mixed_leaky,0.3166489033287637,0.23107820503262907,4.229278187874774,4.287559811098011,2.9996216236060445,-4.909109338213968,3.369497755576547,153.20699840436814,5,316.4139968087363,True,978,154.20517754554749
mem_short,11,roving_bump,level,0.0,0.25000272907029897,0.010000000000000004,0.0,0.0,30.0,15.0,266.60060092696597,3,539.2012018539319,True,8,1.7225072383880615
mem_short,11,roving_bump,transient,1.0,0.9414867350894351,0.0,6.137202329446352,0.0,1.8686971321690224,2.996944693422166,151.63402591413535,3,309.2680518282707,True,120,17.931949138641357
mem_short,11,roving_bump,mixed,0.9928977867041623,0.9410325921273234,0.020003206603199652,6.118152509045288,0.0,1.8688003709102687,2.996079236887715,151.62937959917338,4,311.25875919834675,True,40,4.386624813079834
mem_short,11,roving_bump,mixed_leaky,0.9053082337976027,138.629436111989,0.2812910712581818,5.883693577224713,0.005000000000000002,1.8599621670842288,3.0027493302279273,151.60222685464964,5,313.2044537092993,True,324,89.05511140823364
mem_short,10,double_bump,level,0.0,1.131191438803841,8.390206712305375,0.0,0.0,1.534638568957831,2.8503128432572793,134.58922434575675,3,275.1784486915135,True,84,9.012497186660767
mem_short,10,double_bump,transient,1.0,0.4696148156199887,0.0,11.724737390290752,0.0,2.6275716878888744,1.9706909531538235,129.70669456345107,3,265.41338912690213,True,100,10.896991729736328
mem_short,10,double_bump,mixed,0.5071101987724153,0.6126816318803765,3.8212816267419236,8.601444781311061,0.0,2.3284058768580373,2.2239229290586637,128.85247821771267,4,265.70495643542534,True,240,27.069268703460693
mem_short,10,double_bump,mixed_leaky,0.5054866982279244,0.4036220437166322,3.982096057954018,8.905397967671586,1.7173174541640688,-1.772130831062218,3.3419241551899566,128.50527073201852,5,267.01054146403703,True,666,158.9454379081726
mem_short,12,double_bump,level,0.0,1.5704511202113098,6.372182281164083,0.0,0.0,1.0699909076508816,2.7052954864445997,338.1878324991289,3,682.3756649982578,True,144,24.10869288444519
mem_short,12,double_bump,transient,1.0,1.3954374600966324,0.0,8.312331473197888,0.0,1.3288255866761116,2.6611647345554204,326.88087691225047,3,659.7617538245009,True,84,16.778945922851562
mem_short,12,double_bump,mixed,0.6622158349914364,1.4160402406394563,1.7404234516962591,7.46491811369843,0.0,1.3442039823548337,2.6909476593724957,326.4271500204391,4,660.8543000408782,True,265,27.91462016105652
mem_short,12,double_bump,mixed_leaky,0.6620602246799973,115.55393492062495,1.7407254389238451,7.461021794755162,0.005998473189477055,1.3346297245299628,2.6926089388208023,326.42793416593264,5,662.8558683318653,True,78,38.8518009185791
mem_short,9,roving_bump,level,0.0,0.7365055848986941,5.724418716000036,0.0,0.0,1.8000155065707257,2.375303366197004,320.6060367405843,3,647.2120734811685,True,108,25.561804056167603
mem_short,9,roving_bump,transient,1.0,1.4252978205658127,0.0,6.7266756549060895,0.0,1.3075608981663787,2.861573876473002,312.0917067676493,3,630.1834135352987,True,120,17.764451026916504
mem_short,9,roving_bump,mixed,0.3748766398737861,1.4320429806374682,3.8707279681753137,5.078379444463273,0.0,1.5401108909837065,3.391253526991522,294.3607286981966,4,596.7214573963932,True,290,51.29111409187317
mem_short,9,roving_bump,mixed_leaky,0.35822432673571875,1.068541404149873,4.294019425922503,5.243794640890861,0.6486853741633065,-0.2899787294453621,4.375547833962243,293.4044513450171,5,596.8089026900342,True,576,137.9568395614624
mem_short,9,bump_train,level,0.0,1.1232258863698705,8.41007124845348,0.0,0.0,1.6084314044790808,2.994552344357317,140.3172513307548,3,286.6345026615096,True,120,12.881323337554932
mem_short,9,bump_train,transient,1.0,0.3692531752434919,0.0,10.740754438682524,0.0,2.8984071890986414,1.7823567709717698,146.05697393936757,3,298.11394787873513,True,164,18.02510714530945
mem_short,9,bump_train,mixed,0.1624078973968205,1.097305504554462,6.594935225010603,2.797660110640692,0.0,1.689188365561653,2.9559210163990306,139.42692861420983,4,286.85385722841966,True,300,60.68149137496948
mem_short,9,bump_train,mixed_leaky,0.16197876575630982,1.049362266377721,6.718392395243981,2.8410460577555248,0.6605413619003192,-4.334614124075839,10.30474142112024,138.5681694145353,5,287.1363388290706,True,708,154.81223583221436
mem_short,10,roving_ramp_bump,level,0.0,1.1964615191811023,7.437350294713997,0.0,0.0,1.4395221767208723,2.86184074905072,354.5231289321015,3,715.046257864203,True,192,31.904669046401978
mem_short,10,roving_ramp_bump,transient,1.0,0.9380529555548669,0.0,6.708027132601825,0.0,1.4809430991929893,2.2101942031152872,390.5739842788009,3,787.1479685576018,True,60,19.996559858322144
mem_short,10,roving_ramp_bump,mixed,0.1960123487243271,1.3810409779009627,6.758081509877369,3.6046850576720515,0.0,1.5250236550815501,3.151411311037374,346.6292986535005,4,701.258597307001,True,290,46.697340965270996
mem_short,10,roving_ramp_bump,mixed_leaky,0.19601389868751382,138.629436111989,6.756351446241534,3.6037977053169996,0.005000000000000002,1.5163548821589268,3.1519875525426295,346.6321743739964,5,703.2643487479928,True,318,83.29600024223328
mem_short,15,double_bump,level,0.0,0.25000272907029897,0.010000000000000004,0.0,0.0,30.0,15.0,31.9745606457719,3,69.9491212915438,True,8,1.7555348873138428
mem_short,15,double_bump,transient,1.0,0.2500037625601553,0.0,0.010000000000000004,0.0,30.0,15.0,31.9745606457719,3,69.9491212915438,True,8,1.7904367446899414
mem_short,15,double_bump,mixed,0.4775764455742727,0.25001025446816466,0.010000000000000004,0.02,0.0,30.0,15.0,31.9745606457719,4,71.9491212915438,True,5,1.2365682125091553
mem_short,15,double_bump,mixed_leaky,0.4775764455742727,115.52453009332424,0.010000000000000004,0.02,0.005999999999999998,30.0,15.0,31.9745606457719,5,73.9491212915438,True,6,2.2026259899139404
mem_short,15,bump_train,level,0.0,0.25000272907029897,0.010000000000000004,0.0,0.0,30.0,15.0,60.229299630248974,3,126.45859926049795,True,8,1.8223602771759033
mem_short,15,bump_train,transient,1.0,0.2500037625601553,0.0,0.010000000000000004,0.0,30.0,15.0,60.229299630248974,3,126.45859926049795,True,8,1.8332509994506836
mem_short,15,bump_train,mixed,0.4775764455742727,0.25001025446816466,0.010000000000000004,0.02,0.0,30.0,15.0,60.229299630248974,4,128.45859926049795,True,5,1.2297441959381104
mem_short,15,bump_train,mixed_leaky,0.4775764455742727,115.52453009332424,0.010000000000000004,0.02,0.005999999999999998,30.0,15.0,60.229299630248974,5,130.45859926049795,True,6,2.2595484256744385
mem_short,15,roving_bump,level,0.0,0.25000272907029897,0.010000000000000004,0.0,0.0,30.0,15.0,182.16414763079754,3,370.3282952615951,True,8,1.7859690189361572
mem_short,15,roving_bump,transient,1.0,0.2500037625601553,0.0,0.010000000000000004,0.0,30.0,15.0,182.16414763079754,3,370.3282952615951,True,8,1.714388370513916
mem_short,15,roving_bump,mixed,0.4775764455742727,0.25001025446816466,0.010000000000000004,0.02,0.0,30.0,15.0,182.16414763079754,4,372.3282952615951,True,5,1.2121472358703613
mem_short,15,roving_bump,mixed_leaky,0.4775764455742727,115.52453009332424,0.010000000000000004,0.02,0.005999999999999998,30.0,15.0,182.16414763079754,5,374.3282952615951,True,6,2.1637678146362305
mem_short,10,bump_train,level,0.0,3.3892193805439943,9.948724141898362,0.0,0.0,1.0606380003717841,4.981016057952847,124.23660137602464,3,254.47320275204927,True,132,13.820565938949585
mem_short,10,bump_train,transient,1.0,1.9752403942517083,0.0,7.12173548333196,0.0,1.2517730526501478,3.674841498502638,131.95895030193722,3,269.91790060387444,True,112,12.228015899658203
mem_short,10,bump_train,mixed,0.12813650030152918,3.1727952677742186,8.537089712997634,2.745010774876683,0.0,1.179260868267389,4.922571246066057,122.60127050655001,4,253.20254101310002,True,195,41.7488534450531
mem_short,10,bump_train,mixed_leaky,0.13929049336070887,2.2596868562860877,9.101785325550425,3.2225622197314627,0.306744794585905,-2.075086525785735,12.970605987358592,121.82342741240538,5,253.64685482481076,True,840,190.3430163860321
mem_short,11,roving_ramp_bump,level,0.0,0.25000272907029897,0.010000000000000004,0.0,0.0,30.0,15.0,266.676770767411,3,539.353541534822,True,8,1.719670057296753
mem_short,11,roving_ramp_bump,transient,1.0,1.2722700111241567,0.0,6.749277737533562,0.0,1.751805015612027,3.6821398454872587,138.43978171531327,3,282.87956343062655,True,116,20.850038766860962
mem_short,11,roving_ramp_bump,mixed,0.5112564069370136,0.948918826956942,2.387565223163965,5.464152064977617,0.0,2.2158333514339605,3.5886924035187286,133.7953957160103,4,275.5907914320206,True,245,23.94598364830017
mem_short,11,roving_ramp_bump,mixed_leaky,0.48907980876541995,0.8127098936438667,2.858952983979396,5.9874724406388244,0.8528838961860672,-2.4898489268967885,7.262964389523147,131.99693760289497,5,273.99387520578995,True,594,130.9469804763794
mem_short,15,roving_ramp_bump,level,0.0,0.25000272907029897,0.010000000000000004,0.0,0.0,30.0,15.0,182.11814571399267,3,370.23629142798535,True,8,1.709376573562622
mem_short,15,roving_ramp_bump,transient,1.0,0.2500037625601553,0.0,0.010000000000000004,0.0,30.0,15.0,182.11814571399267,3,370.23629142798535,True,8,1.7711451053619385
mem_short,15,roving_ramp_bump,mixed,0.4775764455742727,0.25001025446816466,0.010000000000000004,0.02,0.0,30.0,15.0,182.11814571399267,4,372.23629142798535,True,5,1.1706485748291016
mem_short,15,roving_ramp_bump,mixed_leaky,0.4775764455742727,115.52453009332424,0.010000000000000004,0.02,0.005999999999999998,30.0,15.0,182.11814571399267,5,374.23629142798535,True,6,2.177112102508545
mem_short,16,double_bump,level,0.0,0.25000272907029897,0.010000000000000004,0.0,0.0,30.0,15.0,22.55414756069804,3,51.10829512139608,True,8,1.750352382659912
mem_short,16,double_bump,transient,1.0,0.2500037625601553,0.0,0.010000000000000004,0.0,30.0,15.0,22.55414756069804,3,51.10829512139608,True,8,1.7509031295776367
mem_short,16,double_bump,mixed,0.4775764455742727,0.25001025446816466,0.010000000000000004,0.02,0.0,30.0,15.0,22.55414756069804,4,53.10829512139608,True,5,1.2339136600494385
mem_short,16,double_bump,mixed_leaky,0.4775764455742727,115.52453009332424,0.010000000000000004,0.02,0.005999999999999998,30.0,15.0,22.55414756069804,5,55.10829512139608,True,6,2.164450168609619
mem_short,16,roving_bump,level,0.0,0.25000272907029897,0.010000000000000004,0.0,0.0,30.0,15.0,285.3759243678038,3,576.7518487356076,True,8,1.7029647827148438
mem_short,16,roving_bump,transient,1.0,0.2500037625601553,0.0,0.010000000000000004,0.0,30.0,15.0,285.3759243678038,3,576.7518487356076,True,8,1.6969032287597656
mem_short,16,roving_bump,mixed,0.4775764455742727,0.25001025446816466,0.010000000000000004,0.02,0.0,30.0,15.0,285.3759243678038,4,578.7518487356076,True,5,1.149775743484497
mem_short,16,roving_bump,mixed_leaky,0.4775764455742727,115.52453009332424,0.010000000000000004,0.02,0.005999999999999998,30.0,15.0,285.3759243678038,5,580.7518487356076,True,6,2.0881431102752686
mem_short,16,bump_train,level,0.0,0.25000272907029897,0.010000000000000004,0.0,0.0,30.0,15.0,32.072564729337536,3,70.14512945867507,True,8,1.805377721786499
mem_short,16,bump_train,transient,1.0,0.2500037625601553,0.0,0.010000000000000004,0.0,30.0,15.0,32.072564729337536,3,70.14512945867507,True,8,1.7691802978515625
mem_short,16,bump_train,mixed,0.4775764455742727,0.25001025446816466,0.010000000000000004,0.02,0.0,30.0,15.0,32.072564729337536,4,72.14512945867507,True,5,1.2526640892028809
mem_short,16,bump_train,mixed_leaky,0.4775764455742727,115.52453009332424,0.010000000000000004,0.02,0.005999999999999998,30.0,15.0,32.072564729337536,5,74.14512945867507,True,6,2.2428436279296875
mem_short,16,roving_ramp_bump,level,0.0,0.25000272907029897,0.010000000000000004,0.0,0.0,30.0,15.0,172.75115152138633,3,351.50230304277267,True,8,1.712773084640503
mem_short,16,roving_ramp_bump,transient,1.0,0.2500037625601553,0.0,0.010000000000000004,0.0,30.0,15.0,172.75115152138633,3,351.50230304277267,True,8,1.7242202758789062
mem_short,16,roving_ramp_bump,mixed,0.4775764455742727,0.25001025446816466,0.010000000000000004,0.02,0.0,30.0,15.0,172.75115152138633,4,353.50230304277267,True,5,1.2082042694091797
mem_short,16,roving_ramp_bump,mixed_leaky,0.4775764455742727,115.52453009332424,0.010000000000000004,0.02,0.005999999999999998,30.0,15.0,172.75115152138633,5,355.50230304277267,True,6,2.168067693710327
mem_short,12,bump_train,level,0.0,2.401630629279938,4.195567845890262,0.0,0.0,0.7902503843747224,3.1358181865309205,317.3859094399662,3,640.7718188799324,True,124,20.802600145339966
mem_short,12,bump_train,transient,1.0,3.0870940960515094,0.0,4.6865194452023875,0.0,0.7731261278451715,3.466989280411181,313.4875668894,3,632.9751337788,True,96,20.967626571655273
mem_short,12,bump_train,mixed,0.6009147698021096,3.0286545976848935,1.2598242846481185,4.150181073019536,0.0,0.799428470271201,3.457453217837573,313.27216540611954,4,634.5443308122391,True,265,31.142610788345337
mem_short,12,bump_train,mixed_leaky,0.6014181405866716,138.629436111989,1.2569288300583557,4.1493448361913705,0.005000000000000002,0.7901281720368197,3.4581880418581625,313.2727672960271,5,636.5455345920542,True,744,90.2356505393982
mem_short,12,roving_ramp_bump,level,0.0,1.4671091257210331,4.983073769598492,0.0,0.0,1.0563326163850952,2.620680876424467,413.91286884920135,3,833.8257376984027,True,108,17.45831561088562
mem_short,12,roving_ramp_bump,transient,1.0,1.749065654951842,0.0,7.757954382008888,0.0,1.1486474491099563,2.7928222645431493,404.59673196457766,3,815.1934639291553,True,116,19.464561939239502
mem_short,12,roving_ramp_bump,mixed,0.4741769508618095,1.8481369800198086,3.0902414322505494,6.096815852648364,0.0,1.1821093971090055,2.9778557097802008,398.3376199226889,4,804.6752398453777,True,225,48.05696153640747
mem_short,12,roving_ramp_bump,mixed_leaky,0.4741595888598065,115.53168505958705,3.0890675318148837,6.094075465821181,0.005999628415377523,1.1723306675544403,2.978124723287738,398.33761607002526,5,806.6752321400505,True,66,64.2568564414978
mem_short,13,roving_ramp_bump,level,0.0,2.5020715031131253,3.2326522951714955,0.0,0.0,0.6289173273406528,2.617431304242706,694.4065335743285,3,1394.813067148657,True,108,18.337124586105347
mem_short,13,roving_ramp_bump,transient,1.0,2.5583086502160777,0.0,4.3467834690047775,0.0,0.707860119338999,2.6176750295524296,688.859410020483,3,1383.718820040966,False,184,26.876455068588257
mem_short,13,roving_ramp_bump,mixed,0.5152317600136078,2.431555859691548,1.6131148316316617,3.7509700616038533,0.0,0.7584251572467462,2.607802962556423,687.8735568256493,4,1383.7471136512986,True,210,41.936671018600464
mem_short,13,roving_ramp_bump,mixed_leaky,0.5152518393186433,115.53237365402116,1.6137982553995647,3.7528609119938885,0.005999592656476335,0.7503829419511093,2.60785632441735,687.8738566132012,5,1385.7477132264023,True,66,35.885555267333984
mem_short,13,roving_bump,level,0.0,1.0513768340814973,2.935846327599838,0.0,0.0,1.0215677938607541,1.9459371781632457,736.7509729500786,3,1479.5019459001571,True,76,13.952215671539307
mem_short,13,roving_bump,transient,1.0,0.9087854099052091,0.0,5.082379673210269,0.0,1.2497561913164632,1.8544430317904144,729.8748249063822,3,1465.7496498127643,True,116,22.074196338653564
mem_short,13,roving_bump,mixed,0.7710600762664709,0.9223420843532546,0.6496180257356932,4.786682225406272,0.0,1.2503466251449509,1.868579678178642,729.7664373640572,4,1467.5328747281144,True,315,33.9996395111084
mem_short,13,roving_bump,mixed_leaky,0.7788865916181491,2.220756360806017,0.6191630396481198,4.771709746599627,0.31212211874893364,0.9237565866978719,1.8770223286204681,729.7588129716648,5,1469.5176259433297,True,258,69.67767000198364
mem_short,13,bump_train,level,0.0,2.349453085626477,4.406885677108928,0.0,0.0,0.6627078542212491,2.435861364704582,850.9504709560654,3,1707.9009419121307,True,192,26.545958042144775
mem_short,13,bump_train,transient,1.0,2.7037376276428366,0.0,4.597174332971358,0.0,0.678805104398279,2.548232096343084,846.6184443461543,3,1699.2368886923086,True,112,22.300809144973755
mem_short,13,bump_train,mixed,0.45521221886658003,2.618683064138467,2.0663161344681518,3.7774016510219437,0.0,0.7225736495386859,2.5367448892299165,845.5648357242878,4,1699.1296714485757,True,270,29.505414485931396
mem_short,13,bump_train,mixed_leaky,0.45319042390585906,128.83519007890428,2.07660424672512,3.765374673056407,0.005380107563278572,0.7162232886981831,2.5345272885990795,845.5664067867069,5,1701.1328135734138,True,594,73.96232843399048
mem_short,12,roving_bump,level,0.0,0.13240970302322172,16.134639176485486,0.0,0.0,4.4373699284649275,1.0351750652163958,416.23151260344946,3,838.4630252068989,True,284,58.57483506202698
mem_short,12,roving_bump,transient,1.0,2.8518998465186804,0.0,7.005996534033489,0.0,0.8899328262809546,3.271766729504814,402.47422315505463,3,810.9484463101093,True,84,14.63583254814148
mem_short,12,roving_bump,mixed,0.5100179453342029,2.128673784027991,2.6792630693512867,6.101413899592642,0.0,1.07471929057156,3.0290959202027983,400.2781183010333,4,808.5562366020666,True,200,40.87280488014221
mem_short,12,roving_bump,mixed_leaky,0.4774339755886058,0.7214709021391064,3.20982017197645,6.41597554622492,0.9607416993600388,-2.0249402000116623,4.550429909227605,399.09731530724105,5,808.1946306144821,True,558,120.11063122749329
mem_short,17,double_bump,level,0.0,1.9686918362155421,3.5392953378020486,0.0,0.0,1.080372792141822,3.79747357866626,147.0305651894446,3,300.0611303788892,True,112,11.735413312911987
mem_short,17,double_bump,transient,1.0,0.2500037625601553,0.0,0.010000000000000004,0.0,30.0,15.0,172.8060704763729,3,351.6121409527458,True,8,1.7648694515228271
mem_short,17,double_bump,mixed,0.1688239247244824,2.0686333471836624,3.0049605575775375,1.3353329965690404,0.0,1.112360867677145,3.945556584213733,146.46763197900492,4,300.93526395800984,True,205,19.95205044746399
mem_short,17,double_bump,mixed_leaky,0.16883061547264805,138.629436111989,3.002871373355928,1.3344682393895755,0.005000000000000002,1.1012707665225567,3.9472711603211663,146.47079275255322,5,302.94158550510645,True,348,74.87947726249695
mem_short,14,roving_ramp_bump,level,0.0,0.6242730423386016,5.175479223680689,0.0,0.0,1.727213326057378,1.9448904717174702,365.2200344639304,3,736.4400689278608,True,104,25.340996265411377
mem_short,14,roving_ramp_bump,transient,1.0,0.9986550880051598,0.0,10.229450321043542,0.0,1.6775218580565305,2.4280535696828753,342.7965337196479,3,691.5930674392959,True,72,15.217097997665405
mem_short,14,roving_ramp_bump,mixed,0.6285075129122526,1.0400165404304995,2.2972593944899695,8.503159408675081,0.0,1.6789080471249023,2.5371375572917705,339.09186299530177,4,686.1837259906035,True,255,48.72981643676758
mem_short,14,roving_ramp_bump,mixed_leaky,0.6284045118361993,138.629436111989,2.2977090541158716,8.50107297555902,0.005000000000000002,1.6717201816305785,2.5378004558095175,339.09369924076816,5,688.1873984815363,True,264,79.79978847503662
mem_short,18,double_bump,level,0.0,11.83650682811451,4.624580171335017,0.0,0.0,0.4854625006492704,7.907129848471293,157.69108981659323,3,321.38217963318647,False,216,20.63337469100952
mem_short,18,double_bump,transient,1.0,0.8825242176245374,0.0,8.412175274143475,0.0,1.8819152504195404,2.6512883985678433,148.79970811846164,3,303.5994162369233,True,124,13.418607473373413
mem_short,18,double_bump,mixed,0.9108098957182498,0.901365565642395,0.3640129301698032,8.132755681983467,0.0,1.8660188725455213,2.68048765545309,148.77019096624463,4,305.54038193248925,True,305,34.218390464782715
mem_short,18,double_bump,mixed_leaky,0.9108518696821234,115.53075671104175,0.3639669619164548,8.135932276464088,0.005999676625451362,1.857943333178038,2.680497027962509,148.77018538249018,5,307.54037076498037,True,66,39.26816391944885
mem_short,17,roving_bump,level,0.0,0.5886276540322662,4.035453227675562,0.0,0.0,1.9838073191968557,2.179867540396937,324.69976317262575,3,655.3995263452515,True,128,29.42923855781555
mem_short,17,roving_bump,transient,1.0,1.506939176265106,0.0,4.0149857467867145,0.0,1.1257652344591562,2.84657331771887,328.35980289185426,3,662.7196057837085,True,76,14.389530658721924
mem_short,17,roving_bump,mixed,0.3172516766789337,1.2683833375961329,2.8038948686861467,2.850459376423034,0.0,1.4876988243021347,3.214532767291749,303.48520830697043,4,614.9704166139409,True,180,31.956934928894043
mem_short,17,roving_bump,mixed_leaky,0.31718472252552354,138.629436111989,2.8040759400412134,2.849762379053269,0.005000000000000002,1.4792034776296403,3.2147909681369105,303.4933136655309,5,616.9866273310618,True,342,68.98875904083252
mem_short,13,double_bump,level,0.0,1.8339093918923375,3.1276105304583384,0.0,0.0,0.7296641466926974,2.300601321502649,769.9245467573639,3,1545.8490935147279,True,124,20.377203464508057
mem_short,13,double_bump,transient,1.0,1.6604687398574296,0.0,5.689472291911864,0.0,0.9449437946732386,2.285017126785924,754.7845316725752,3,1515.5690633451504,True,128,25.192766666412354
mem_short,13,double_bump,mixed,0.9961665178115787,1.6594696144316827,0.010000000000000004,5.6852339033003405,0.0,0.945363904827195,2.2845847438499254,754.7905094320986,4,1517.5810188641972,True,325,33.52755331993103
mem_short,13,double_bump,mixed_leaky,0.9967970582000755,0.31537544243386895,0.010000000000000004,6.8087524847401335,2.1978476675630545,-4.700664643534953,3.5216191383758653,753.181168172722,5,1516.362336345444,True,888,185.55275630950928
mem_short,14,roving_bump,level,0.0,0.9629331881603387,4.873928799175544,0.0,0.0,1.3975455997903798,2.3840912495902704,291.5010664779068,3,589.0021329558136,True,124,19.694536447525024
mem_short,14,roving_bump,transient,1.0,1.2396172304815634,0.0,7.463903342714685,0.0,1.399256408141975,2.6335937211331077,281.08267589054026,3,568.1653517810805,True,72,13.957337856292725
mem_short,14,roving_bump,mixed,0.5209963540188266,1.2494836331906651,2.5237379754434364,6.005511101405007,0.0,1.4458085984464748,2.7288995434084518,278.26149716068767,4,564.5229943213753,True,300,52.32839369773865
mem_short,14,roving_bump,mixed_leaky,0.5090433348456067,0.6969775603178928,2.7057286332358217,6.137700310752309,0.9945042997421604,-0.6538316609033962,3.292046738413599,278.0740271372469,5,566.1480542744938,True,534,137.49065446853638
mem_short,14,double_bump,level,0.0,0.6622330482461516,6.624696296681948,0.0,0.0,1.7069382791769623,1.9734405829905057,271.24760782433464,3,548.4952156486693,True,204,35.33244824409485
mem_short,14,double_bump,transient,1.0,1.1940615610058212,0.0,8.576615046986987,0.0,1.4738479669625002,2.594966667424807,257.32284008264605,3,520.6456801652921,True,88,15.134755373001099
mem_short,14,double_bump,mixed,0.9261021582702152,1.1935174540027678,0.3075774294751894,8.433181576178619,0.0,1.4782539857914931,2.5957161484055638,257.3129578741191,4,522.6259157482382,True,265,27.93969178199768
mem_short,14,double_bump,mixed_leaky,0.8706095738641689,0.5279501535116832,0.6086861787405292,8.960341920813685,1.312902697251714,-1.3734417926462952,3.3098310775068187,257.0059161263765,5,524.011832252753,True,1008,167.75274395942688
mem_short,17,roving_ramp_bump,level,0.0,0.644319477063791,3.8724973020358,0.0,0.0,1.8764838388507186,2.254687010198059,281.663189068648,3,569.326378137296,True,136,23.27614665031433
mem_short,17,roving_ramp_bump,transient,1.0,1.692268101680335,0.0,3.241096305962111,0.0,1.0022809949701894,2.896978057372386,298.59476293932545,3,603.1895258786509,True,96,20.26755380630493
mem_short,17,roving_ramp_bump,mixed,0.2253462819065897,1.280090605057813,2.8325981036270513,1.8027586730426302,0.0,1.3743378672312283,3.0726781239617695,276.54026567324274,4,561.0805313464855,True,280,50.16040515899658
mem_short,17,roving_ramp_bump,mixed_leaky,0.22489409991873557,11.784472428071338,2.830950496084334,1.7970457786617118,0.05881868575710068,1.2767891836502168,3.07742128766283,276.5380460348024,5,563.0760920696048,True,252,73.38196277618408
mem_short,18,roving_ramp_bump,level,0.0,0.4892209515859825,4.73045926838089,0.0,0.0,2.038541733774287,1.8430189548637779,454.23459732984816,3,914.4691946596963,True,108,19.99020552635193
mem_short,18,roving_ramp_bump,transient,1.0,0.8460702362200386,0.0,6.64771583994291,0.0,1.5404061876921036,2.0986967415184616,461.1813592526539,3,928.3627185053078,True,112,18.04343342781067
mem_short,18,roving_ramp_bump,mixed,0.38825529633028444,0.8839253024481221,3.422183053020441,4.751822980199104,0.0,1.7259175408936065,2.473755504662883,430.73694608657723,4,869.4738921731545,True,200,39.87062072753906
mem_short,18,roving_ramp_bump,mixed_leaky,0.38825036129304796,138.629436111989,3.4217525308833463,4.751126464934961,0.005000000000000002,1.7191481266832538,2.4739554095662086,430.73824535933704,5,871.4764907186741,True,384,62.22659611701965
mem_short,18,bump_train,level,0.0,0.7089811584421803,6.6441809038955855,0.0,0.0,1.8640600146172779,2.334636880570069,158.72743324826035,3,323.4548664965207,True,80,8.91834020614624
mem_short,18,bump_train,transient,1.0,0.613281001855568,0.0,9.342637742055187,0.0,2.2333479860183982,2.221950795708113,155.93608439814182,3,317.87216879628363,True,116,13.128117561340332
mem_short,18,bump_train,mixed,0.4390847964356816,0.6842521934175403,3.7170699942940164,6.365928750497141,0.0,2.143005473074504,2.3727883178782094,152.29226170244664,4,312.5845234048933,True,305,52.28893256187439
mem_short,18,bump_train,mixed_leaky,0.44702021576898654,0.59203430845667,3.706791029369381,6.555802459808078,1.170788872636214,0.2760850299482238,2.6210749035282515,152.24952919434557,5,314.49905838869114,True,630,84.2826600074768
mem_short,17,bump_train,level,0.0,0.23819407860343977,6.183919691423576,0.0,0.0,3.310453951407538,1.4805857823332638,121.92806289493014,3,249.85612578986027,True,188,21.22452211380005
mem_short,17,bump_train,transient,1.0,0.2500037625601553,0.0,0.010000000000000004,0.0,30.0,15.0,135.37726200474964,3,276.7545240094993,True,8,1.7656681537628174
mem_short,17,bump_train,mixed,0.6506467329754244,2.457775048639028,1.1175182432518127,4.553495508389126,0.0,1.1120925351128248,4.276061555477006,118.4195056490007,4,244.8390112980014,True,275,29.426111459732056
mem_short,17,bump_train,mixed_leaky,0.6482884516792905,1.9910470341001598,1.2101730487271705,4.880215275952494,0.3481319972298939,-3.4203968587355273,15.0,117.52615438263724,5,245.0523087652745,True,912,154.40329885482788
mem_short,19,double_bump,level,0.0,1.6204772905282459,2.6526515014842817,0.0,0.0,0.9003010380128462,2.636292009276818,379.82755441857427,3,765.6551088371485,True,84,17.337485551834106
mem_short,19,double_bump,transient,1.0,0.8950273278262387,0.0,2.2587257986678093,0.0,1.2613199527196344,2.0752790776009173,380.7956392886625,3,767.591278577325,True,132,25.53499960899353
mem_short,19,double_bump,mixed,0.16138673370058912,1.4115062172339954,2.2277795848570254,0.9379683190954038,0.0,1.002659422809344,2.505010542208487,379.56717418030524,4,767.1343483606105,True,240,33.690041303634644
mem_short,19,double_bump,mixed_leaky,0.16140983888390628,115.53578491222424,2.2292035705849202,0.9387280988648727,0.005999415515171759,0.9950394723740613,2.5047448049393095,379.56752224451265,5,769.1350444890253,True,66,45.62166500091553
mem_short,18,roving_bump,level,0.0,0.3293759256096357,5.998635154080577,0.0,0.0,2.593010491159001,1.5787411502319926,402.48608100663864,3,810.9721620132773,True,120,28.13840937614441
mem_short,18,roving_bump,transient,1.0,0.7091652752907923,0.0,6.515815411929803,0.0,1.726725188589442,2.0318093563655095,400.09036102347557,3,806.1807220469511,True,72,14.739132404327393
mem_short,18,roving_bump,mixed,0.365042029237613,0.7287129766610012,3.7364654247121445,4.699684512227314,0.0,1.9198694550227269,2.310479100260543,378.54859126691963,4,765.0971825338393,True,235,41.60742545127869
mem_short,18,roving_bump,mixed_leaky,0.34909522721188424,0.38094102162061466,4.258466564858707,4.996772116096457,1.8195656052244795,-2.7269141328360273,3.575742194126488,377.9197481137942,5,765.8394962275884,True,708,89.50623440742493
mem_short,20,double_bump,level,0.0,1.2250333143858883,4.2767071413408395,0.0,0.0,1.197912114856007,2.591818738401015,216.97666875240316,3,439.9533375048063,True,120,20.466768980026245
mem_short,20,double_bump,transient,1.0,1.080123485296711,0.0,6.303806756622041,0.0,1.4527417828353228,2.523437716655994,209.74418071014517,3,425.48836142029035,True,100,17.952099800109863
mem_short,20,double_bump,mixed,0.996538397475754,1.080435805700353,0.010000000000000004,6.298348460760884,0.0,1.4526126508249915,2.523713214686905,209.74515669955414,4,427.4903133991083,True,315,35.31719708442688
mem_short,20,double_bump,mixed_leaky,0.9965390630355564,115.54462980337573,0.010000000000000004,6.299563879819927,0.005998956262523717,1.444490144586468,2.5241301255728863,209.74549183102658,5,429.49098366205317,True,96,46.22630310058594
mem_short,19,bump_train,level,0.0,1.3800783788423518,3.3802978266005845,0.0,0.0,1.0454836672339185,2.580150459750326,311.0152844268471,3,628.0305688536941,True,156,24.07142925262451
mem_short,19,bump_train,transient,1.0,1.094009472867462,0.0,3.3952336492345427,0.0,1.2227227723776133,2.339928351703971,311.1887184370224,3,628.3774368740447,True,140,26.80794405937195
mem_short,19,bump_train,mixed,0.29268759101818753,1.170910062720678,2.377398815434992,2.1523104843398007,0.0,1.2128144317765879,2.430297158075471,310.09679724932636,4,628.1935944986527,True,355,69.39581179618835
mem_short,19,bump_train,mixed_leaky,0.29275366425580707,115.53714945298411,2.380173246752155,2.1555100366820286,0.005999344659632699,1.2063908347395291,2.42898923176188,310.0973309751824,5,630.1946619503648,True,120,52.97743034362793
mem_short,14,bump_train,level,0.0,108.13780570890206,5.359795536435644,0.0,0.0,0.22359335441851963,10.395971735183481,217.20598613035813,3,440.41197226071625,True,176,29.487392902374268
mem_short,14,bump_train,transient,1.0,1.2565315178999539,0.0,9.770236414648597,0.0,1.5841615699143403,2.8725189620859997,204.87136841857443,3,415.74273683714887,True,124,21.270034551620483
mem_short,14,bump_train,mixed,0.9955397479849355,1.2571654665674121,0.019998860013937674,9.765945429124024,0.0,1.5844894487208496,2.87363301404819,204.8843403415477,4,417.7686806830954,True,25,38.785693883895874
mem_short,14,bump_train,mixed_leaky,0.9976814258288388,1.488333795427969,0.010000000000000004,9.414141891368608,0.46572024547801893,-5.0,15.0,203.84921012116465,5,417.6984202423293,True,1056,255.86715030670166
mem_short,19,roving_ramp_bump,level,0.0,1.2276390280570713,3.336543950347546,0.0,0.0,1.105935925298832,2.447099922987671,479.6502060958236,3,965.3004121916472,False,184,25.575486660003662
mem_short,19,roving_ramp_bump,transient,1.0,1.3221050880365528,0.0,3.3767932808609604,0.0,1.0241704864370647,2.3049794994972337,495.89280629862077,3,997.7856125972415,True,112,24.169090270996094
mem_short,19,roving_ramp_bump,mixed,0.15185012391688954,1.2964882424995838,3.0246457467783565,1.1847505269557654,0.0,1.1170231362511753,2.5008714466398145,478.64965396529817,4,965.2993079305963,True,230,40.02284073829651
mem_short,19,roving_ramp_bump,mixed_leaky,0.1518977095670745,138.629436111989,3.0233227173433144,1.1846698697294997,0.005000000000000002,1.110222109753968,2.5009629438544208,478.65109823898194,5,967.3021964779639,True,426,64.63289713859558
mem_short,23,bump_train,level,0.0,0.25000272907029897,0.010000000000000004,0.0,0.0,30.0,15.0,69.646295906277,3,145.292591812554,True,8,1.8215737342834473
mem_short,23,bump_train,transient,1.0,0.2500037625601553,0.0,0.010000000000000004,0.0,30.0,15.0,69.646295906277,3,145.292591812554,True,8,1.805687427520752
mem_short,23,bump_train,mixed,0.4775764455742727,0.25001025446816466,0.010000000000000004,0.02,0.0,30.0,15.0,69.646295906277,4,147.292591812554,True,5,1.2757620811462402
mem_short,23,bump_train,mixed_leaky,0.4775764455742727,115.52453009332424,0.010000000000000004,0.02,0.005999999999999998,30.0,15.0,69.646295906277,5,149.292591812554,True,6,2.2687840461730957
mem_short,20,roving_ramp_bump,level,0.0,1.4472254685598271,4.419899101881063,0.0,0.0,1.1074918671088978,2.786623559311686,278.6369155656681,3,563.2738311313362,True,108,17.69895887374878
mem_short,20,roving_ramp_bump,transient,1.0,2.388924319839666,0.0,5.928401265532809,0.0,0.9600905644084513,3.308292270643369,276.5563901618252,3,559.1127803236504,True,132,19.351054191589355
mem_short,20,roving_ramp_bump,mixed,0.40827471991942343,2.0420361108611513,2.9611566114262002,4.469959510971622,0.0,1.1021013348646047,3.280772289073395,271.79469617323923,4,551.5893923464785,True,265,44.56501865386963
mem_short,20,roving_ramp_bump,mixed_leaky,0.408236640182727,138.629436111989,2.9611846116228917,4.4692972455890905,0.005000000000000002,1.0934134307213836,3.281369414610747,271.79936905787565,5,553.5987381157513,True,234,63.36902070045471
mem_short,21,roving_ramp_bump,level,0.0,0.5558712508779631,3.0160603867495013,0.0,0.0,1.740354023710392,1.8250171599815164,439.6866040154302,3,885.3732080308604,True,120,27.562344551086426
mem_short,21,roving_ramp_bump,transient,1.0,2.1380626086359396,0.0,6.146758439631122,0.0,1.0169594391653105,3.1619082488797114,402.4187794747387,3,810.8375589494774,True,80,13.59954047203064
mem_short,21,roving_ramp_bump,mixed,0.7230918091516464,1.981476527040567,0.9830321528336142,5.61610487448859,0.0,1.0956269451101204,3.2094639397443134,399.806372772078,4,807.612745544156,True,180,36.18227696418762
mem_short,21,roving_ramp_bump,mixed_leaky,0.7230149488625458,138.629436111989,0.9831954946813221,5.614882496001047,0.005000000000000002,1.0867298487643817,3.210852223924516,399.81040201472945,5,809.6208040294589,True,312,71.55453157424927
mem_short,21,bump_train,level,0.0,1.7723296149095753,4.689703864536301,0.0,0.0,1.0223187143037848,3.0793802143064317,271.23798505630856,3,548.4759701126171,True,116,21.71932101249695
mem_short,21,bump_train,transient,1.0,1.5801066194935476,0.0,6.228674597058748,0.0,1.2345105773310836,3.0125859491240137,265.1068430619108,3,536.2136861238216,True,128,23.004997968673706
mem_short,21,bump_train,mixed,0.4754479720016711,1.6602175622637807,2.392908476579907,4.745154565471219,0.0,1.236710774648148,3.134831816418486,262.5968882154007,4,533.1937764308014,True,290,50.648629903793335
mem_short,21,bump_train,mixed_leaky,0.4755032873219448,138.629436111989,2.39305610773322,4.746499951705305,0.005000000000000002,1.2286132167680164,3.135127292855531,262.59910396046877,5,535.1982079209375,True,246,72.83566689491272
mem_short,21,double_bump,level,0.0,1.2261997095947514,4.271197477811434,0.0,0.0,1.1969541205299734,2.592379605143146,261.8321746011365,3,529.664349202273,True,116,20.470024824142456
mem_short,21,double_bump,transient,1.0,0.5770156978793063,0.0,7.806625508295565,0.0,2.049006894562404,1.9578574494086518,252.43450010585792,3,510.86900021171584,True,88,18.521272897720337
mem_short,21,double_bump,mixed,0.6974456276583956,0.6235015132464824,1.3613575571849632,6.865765649281173,0.0,1.9843998095681652,2.0324002001886634,252.00602701660043,4,512.0120540332009,True,230,63.410252809524536
mem_short,21,double_bump,mixed_leaky,0.6927325818875921,0.9111872477278228,1.3562913695813643,6.689781730549306,0.7607077275152918,0.9994447516535035,2.1249110918434733,251.99491689374443,5,513.9898337874888,True,600,83.65000939369202
mem_short,22,bump_train,level,0.0,1.7423088171476808,6.542380408863594,0.0,0.0,0.9574659701373903,2.5898128341125615,486.101923659486,3,978.203847318972,True,148,29.181540727615356
mem_short,22,bump_train,transient,1.0,1.4434913071135054,0.0,3.2564798094707745,0.0,0.9688544267998994,2.3725922509936193,491.6660569310263,3,989.3321138620526,True,68,18.880319356918335
mem_short,22,bump_train,mixed,0.001399250100035094,1.7397791223242758,6.526447468457883,0.0200073768275227,0.0,0.9585303213027028,2.5884284620716516,486.096515468337,4,980.193030936674,True,45,6.700705528259277
mem_short,22,bump_train,mixed_leaky,0.037409892783724044,138.629436111989,6.171482239134471,0.5247402760158442,0.005000000000000002,0.9748514383186525,2.5663572875790255,486.03056742976,5,982.06113485952,True,660,91.72639870643616
mem_short,20,roving_bump,level,0.0,1.8232860020485675,4.357354342906571,0.0,0.0,1.019105183472456,3.1958864280647017,197.45539634151532,3,400.91079268303065,True,68,18.964860916137695
mem_short,20,roving_bump,transient,1.0,2.0399754738200646,0.0,5.011613722772902,0.0,1.0289379613526672,3.2748272568531056,196.43467868169324,3,398.8693573633865,True,84,15.769905805587769
mem_short,20,roving_bump,mixed,0.3580222393418628,1.6614416727842445,3.245496973260753,3.959871344151753,0.0,1.2330928714517484,3.150157875804632,193.82030725028915,4,395.6406145005783,True,260,41.96953749656677
mem_short,20,roving_bump,mixed_leaky,0.36583584477970105,0.8093039784192748,3.324786355905974,4.196219086860003,0.8564732153100175,-2.6267178131430517,5.874980511209469,193.46649035983123,5,396.93298071966245,True,708,147.48662972450256
mem_short,22,roving_bump,level,0.0,1.6726917811654183,6.851669103341565,0.0,0.0,1.0023042437532252,2.602448988329259,531.0278251591529,3,1068.0556503183059,True,88,17.35146999359131
mem_short,22,roving_bump,transient,1.0,1.5321292135852191,0.0,5.137806246217833,0.0,1.024380321173969,2.428143356298047,535.9714753709598,3,1077.9429507419195,True,100,18.370649337768555
mem_short,22,roving_bump,mixed,0.20912808225865595,1.5024754170970727,5.417793305674716,3.1342849597273283,0.0,1.1587810709091924,2.5236882561838874,526.5705081882949,4,1061.1410163765897,True,275,45.36207294464111
mem_short,22,roving_bump,mixed_leaky,0.20927854814881908,115.53191329082446,5.417048034585435,3.1367053573168273,0.005999616563218424,1.1507810827207325,2.5241049559944435,526.5707008433482,5,1063.1414016866963,True,126,54.91355848312378
mem_short,20,bump_train,level,0.0,1.4857599563980655,3.5846902530448554,0.0,0.0,1.0501041610723298,2.7715692563766012,225.7755419067037,3,457.5510838134074,True,140,27.590908765792847
mem_short,20,bump_train,transient,1.0,1.7366841823365884,0.0,5.196885296417628,0.0,1.0958260410150338,2.991217770899068,221.3243858740878,3,448.6487717481756,True,88,19.30035138130188
mem_short,20,bump_train,mixed,0.8894081688588884,1.7090815974346194,0.2894853932978106,5.093479546827908,0.0,1.1098558197094528,2.975185631872117,221.31566294067034,4,450.6313258813407,True,355,37.68711471557617
mem_short,20,bump_train,mixed_leaky,0.9049663217607036,0.5228842457821172,0.2829456496034804,5.894781960395896,1.3256226137070797,-2.041228172678717,3.662613748441887,221.0773623157098,5,452.1547246314196,True,876,161.2758219242096
mem_short,22,roving_ramp_bump,level,0.0,2.491746335632813,6.5779107081863755,0.0,0.0,0.8019625342726074,2.923047278251447,513.7523258935067,3,1033.5046517870135,True,88,15.35132622718811
mem_short,22,roving_ramp_bump,transient,1.0,2.4272931347929627,0.0,6.302118821702121,0.0,0.8692121853977718,2.8383370406193866,511.62106584819634,3,1029.2421316963928,True,128,20.69880700111389
mem_short,22,roving_ramp_bump,mixed,0.3271722255723011,2.1793406673301727,4.25542741040875,4.5271569430912795,0.0,0.9892012763150667,2.813272263712999,506.96086230752024,4,1021.9217246150405,True,225,45.48246383666992
mem_short,22,roving_ramp_bump,mixed_leaky,0.32446525725201153,2.5705606480140015,4.256221572180105,4.472543631495681,0.2696482501183025,0.5478655903178408,2.8720292744524465,506.9445089988024,5,1023.8890179976048,True,180,48.68974685668945
mem_short,22,double_bump,level,0.0,0.7704818010171641,11.017527060707977,0.0,0.0,1.658812801202819,2.000179183650648,433.96480155657594,3,873.9296031131519,True,112,27.57139229774475
mem_short,22,double_bump,transient,1.0,0.4429427416729188,0.0,7.547525641106211,0.0,2.118076837381464,1.5744893501833739,441.772140940172,3,889.544281880344,True,144,27.92059588432312
mem_short,22,double_bump,mixed,0.11850203354486245,0.6561314163002078,9.267110959877614,2.7255785192861404,0.0,1.8615662401291493,1.8831265596650522,432.39319564175855,4,872.7863912835171,True,215,25.67245078086853
mem_short,22,double_bump,mixed_leaky,0.12551358333462262,0.2837007452272689,9.682576645130528,3.0404540926568027,2.4432335558536313,-2.9320900749327703,2.7686220967933086,431.9834732658152,5,873.9669465316304,True,960,132.34547424316406
mem_short,19,roving_bump,level,0.0,3.106042286583093,3.878291133885952,0.0,0.0,0.7502866436588388,3.871858632779863,308.9435316072686,3,623.8870632145372,True,108,27.83487033843994
mem_short,19,roving_bump,transient,1.0,1.065672611164452,0.0,4.6681693781705675,0.0,1.3073590547835259,2.3372140093476377,320.454127766808,3,646.908255533616,True,180,26.31048607826233
mem_short,19,roving_bump,mixed,0.1905472938655519,3.0363361910910065,3.4269129740144937,1.7649167635914027,0.0,0.8278845486665236,3.862051240917889,306.98851330593885,4,621.9770266118777,True,260,40.66971254348755
mem_short,19,roving_bump,mixed_leaky,0.14709812115300042,1.0026425686011657,4.141472489456111,1.5626894557136728,0.6913203191911029,-4.2215238815457665,9.012443132909995,304.9051943389689,5,619.8103886779378,True,912,216.90775275230408
mem_short,23,roving_bump,level,0.0,0.4436258326719856,4.171830375730053,0.0,0.0,2.366495096595382,1.9784593912073285,196.94431760390307,3,399.88863520780615,True,80,8.94383192062378
mem_short,23,roving_bump,transient,1.0,1.5673712158505129,0.0,7.592228222842951,0.0,1.5836581387286552,3.8898038067445455,149.88789227840357,3,305.77578455680714,True,120,18.647947311401367
mem_short,23,roving_bump,mixed,0.9971228798334936,1.5670099492305658,0.010000000000000004,7.582292375182939,0.0,1.583603916300779,3.889116893297034,149.89598706391862,4,307.79197412783725,True,285,48.08743858337402
mem_short,23,roving_bump,mixed_leaky,0.9971210484800762,138.629436111989,0.010000000000000004,7.577455224049194,0.005000000000000002,1.5726388281712314,3.888930796546201,149.90277120201796,5,309.8055424040359,True,288,80.04822540283203
mem_short,21,roving_bump,level,0.0,0.14819336889908455,7.208455178071886,0.0,0.0,4.001008267648108,1.1158789584334918,401.5489347068986,3,809.0978694137972,True,148,34.783385038375854
mem_short,21,roving_bump,transient,1.0,0.29415534351518385,0.0,8.926073437712475,0.0,2.835390827887949,1.4309941100832715,371.8078921666343,3,749.6157843332686,True,164,39.992095947265625
mem_short,21,roving_bump,mixed,0.6002305956482599,0.5483734968485415,1.981846892656539,6.510112932068919,0.0,2.101175039023506,1.910906901760353,368.7547201058112,4,745.5094402116224,True,210,49.17736291885376
mem_short,21,roving_bump,mixed_leaky,0.5934283537647811,0.3123527437246823,2.128469336601545,6.796861948678543,2.2191166701289085,-1.1232807151159776,2.2790472905638626,367.9442639978286,5,745.8885279956572,True,714,154.5932171344757
mem_short,23,roving_ramp_bump,level,0.0,0.2206519496419798,5.293498301609112,0.0,0.0,3.458150381905788,1.4495934271831794,213.6535968830839,3,433.3071937661678,True,128,13.978895664215088
mem_short,23,roving_ramp_bump,transient,1.0,0.8679828400409435,0.0,6.021289743589669,0.0,1.7223717645387882,2.5180360606023005,189.62982438624067,3,385.25964877248134,True,84,15.166731357574463
mem_short,23,roving_ramp_bump,mixed,0.6017345799684043,0.7414314847607061,1.53383183280023,5.070140137073078,0.0,1.9427500461545781,2.466894296835883,187.07835500809406,4,382.15671001618813,True,200,45.54135227203369
mem_short,23,roving_ramp_bump,mixed_leaky,0.6016440109123221,138.629436111989,1.5341207510262103,5.069179124251731,0.005000000000000002,1.935861055428543,2.4673000553733337,187.08014244368383,5,384.16028488736765,True,360,79.99967741966248
mem_short,23,double_bump,level,0.0,6.1293843794078215,4.140940993745671,0.0,0.0,0.6331139870259266,6.098791867655195,149.26488488987331,3,304.52976977974663,True,120,12.001176834106445
mem_short,23,double_bump,transient,1.0,1.8086164579130641,0.0,6.544000714236422,0.0,1.3252432187268257,3.7249588483811835,140.20790030270504,3,286.4158006054101,True,80,8.605121374130249
mem_short,23,double_bump,mixed,0.5685904849732959,4.283333931679839,1.899275805890711,5.476558745853541,0.0,0.9845943917390239,5.783606979955067,139.6125113453486,4,287.2250226906972,True,250,46.632704734802246
mem_short,23,double_bump,mixed_leaky,0.5700278456389796,138.629436111989,1.8885606109045365,5.477678191832645,0.005000000000000002,0.9693883627143668,5.7789560460268135,139.61270857752376,5,289.2254171550475,True,660,127.8075578212738
mem_short,24,double_bump,level,0.0,4.605976755634513,6.714398635684784,0.0,0.0,0.7488661647276762,4.872937089833657,173.1329001970601,3,352.2658003941202,True,128,13.077750205993652
mem_short,24,double_bump,transient,1.0,0.9829960616085646,0.0,8.860594388589249,0.0,1.7362619986691252,2.6269700518999506,168.6058570718418,3,343.2117141436836,True,132,22.27115797996521
mem_short,24,double_bump,mixed,0.4391082283551359,0.9253204910172418,4.281799570521284,7.333793666978059,0.0,1.8878136566622992,2.6213776323416056,166.8358722233762,4,341.6717444467524,True,220,44.152323722839355
mem_short,24,double_bump,mixed_leaky,0.43894251488500785,138.629436111989,4.283285300540373,7.331403728828973,0.005000000000000002,1.8816464072051349,2.619879341102084,166.8360858074842,5,343.6721716149684,True,636,90.08963084220886
mem_short,24,bump_train,level,0.0,3.247157629705343,9.53546860672885,0.0,0.0,1.0000637551526377,4.466735444630734,169.72222823425122,3,345.44445646850244,True,108,11.519527435302734
mem_short,24,bump_train,transient,1.0,1.9283415545066962,0.0,11.697336667593792,0.0,1.5234835141172896,3.8387428537776436,159.66433872721046,3,325.3286774544209,True,72,19.484167337417603
mem_short,24,bump_train,mixed,0.5821166272160269,2.366703623003628,3.2447156816593923,9.888750221246664,0.0,1.4509915003906042,4.2518042775542755,159.0218097918952,4,326.0436195837904,True,295,46.60369658470154
mem_short,24,bump_train,mixed_leaky,0.5823813394322275,138.629436111989,3.2413098748909213,9.889126982861466,0.005000000000000002,1.4396408955856368,4.252964142728685,159.02377709119537,5,328.04755418239074,True,372,91.54778861999512
mem_short,24,roving_bump,level,0.0,0.7335567020332274,6.194777745564057,0.0,0.0,1.7248080150756595,2.23285625938273,251.90794656097458,3,509.81589312194916,True,128,22.703681468963623
mem_short,24,roving_bump,transient,1.0,1.1299127087964047,0.0,8.674564191253753,0.0,1.5724625731124935,2.668414581691049,242.93733438918986,3,491.8746687783797,True,76,27.94377303123474
mem_short,24,roving_bump,mixed,0.45730580971915763,1.1921707179419467,3.534903012341891,6.516867564368499,0.0,1.60758331734739,2.8554485549956743,237.64936433196792,4,483.29872866393583,True,245,47.56821584701538
mem_short,24,roving_bump,mixed_leaky,0.45731276412924493,138.629436111989,3.533921620802751,6.515240860033262,0.005000000000000002,1.599436262278053,2.8563594462618687,237.65072074271913,5,485.30144148543826,True,384,75.73947477340698
mem_short,25,bump_train,level,0.0,8.928911513942946,5.541290580214123,0.0,0.0,0.4778407399611966,5.2925562699053215,300.0466622773059,3,606.0933245546119,True,116,24.33825993537903
mem_short,25,bump_train,transient,1.0,2.860032717915826,0.0,8.3065084629306,0.0,1.0084836354853277,3.623343570398656,283.10559584891126,3,572.2111916978225,True,104,18.024346113204956
mem_short,25,bump_train,mixed,0.9867453882549673,2.8692706856388344,0.05084882439763484,8.28187855099687,0.0,1.0079056542614744,3.628555830659337,283.1052152769176,4,574.2104305538352,True,295,31.599780559539795
mem_short,25,bump_train,mixed_leaky,0.9870392509209913,138.629436111989,0.04970069175568102,8.280882082788485,0.005000000000000002,0.9984901755551087,3.628368161919039,283.1087097760802,5,576.2174195521604,True,288,87.24273109436035
mem_short,25,double_bump,level,0.0,3.827262660981011,7.7725793564779835,0.0,0.0,0.7782786364829086,4.008969070662874,351.38211651701386,3,708.7642330340277,True,128,19.355693578720093
mem_short,25,double_bump,transient,1.0,1.3287581220189586,0.0,8.876363276873711,0.0,1.398233382589319,2.6507799845492324,343.8029401350192,3,693.6058802700384,True,120,17.632126331329346
mem_short,25,double_bump,mixed,0.42614378489651633,1.9816651252640862,3.886245933461653,6.313834535187599,0.0,1.2135525374606113,3.1754755641415735,340.5342375730626,4,689.0684751461253,True,255,45.55167031288147
mem_short,25,double_bump,mixed_leaky,0.43252815473215195,1.6866680513853811,3.824340349725867,6.377294094558509,0.4109564890320973,0.3822925411143873,3.3920914802821995,340.47385649588483,5,690.9477129917697,True,672,106.42226266860962
mem_short,26,roving_bump,level,0.0,0.9204446612107999,5.787567861297625,0.0,0.0,1.4255603891416553,2.2753876243554862,426.2406730211409,3,858.4813460422818,True,148,22.110461711883545
mem_short,26,roving_bump,transient,1.0,1.4164704423614018,0.0,7.1823648911448235,0.0,1.2300461779339158,2.5659704819918576,419.3820991406137,3,844.7641982812274,True,76,13.113778829574585
mem_short,26,roving_bump,mixed,0.3949556107847888,1.4764830252942986,3.734024145441563,5.332710631607657,0.0,1.314991944060283,2.8110352674104213,408.9052935661423,4,825.8105871322846,True,235,42.371028423309326
mem_short,26,roving_bump,mixed_leaky,0.3949023354595384,138.629436111989,3.7339312644255864,5.331389237132244,0.005000000000000002,1.3072708340363808,2.8117044673824423,408.91175468540365,5,827.8235093708073,True,312,62.299938440322876
mem_short,26,double_bump,level,0.0,4.739425373985185,7.171972520289043,0.0,0.0,0.7087823158572704,4.492132333466565,276.93853169676186,3,559.8770633935237,True,88,18.042534112930298
mem_short,26,double_bump,transient,1.0,3.971776726670684,0.0,7.920034544876786,0.0,0.8898174388389295,4.22777794326459,267.1582790330658,3,540.3165580661316,True,128,20.470369338989258
mem_short,26,double_bump,mixed,0.4456822928819044,3.507993165276876,3.7122566236513292,6.530019303072424,0.0,1.0146096852489868,4.197020924331373,264.6845568914357,4,537.3691137828714,True,260,45.24001479148865
mem_short,26,double_bump,mixed_leaky,0.4457834406003853,138.629436111989,3.7088685235379435,6.526731074830639,0.005000000000000002,1.0024407758598808,4.201310424135969,264.68867081136796,5,539.3773416227359,True,306,87.79866170883179
mem_short,25,roving_ramp_bump,level,0.0,0.39997804508713064,5.117766823931718,0.0,0.0,2.082197468624792,1.5315946126783455,572.8931757365717,3,1151.7863514731434,True,144,29.501161336898804
mem_short,25,roving_ramp_bump,transient,1.0,0.8567275344312183,0.0,8.708507559123015,0.0,1.5600519552562444,1.9993664142381344,559.3892837930538,3,1124.7785675861076,True,148,21.07494878768921
mem_short,25,roving_ramp_bump,mixed,0.5375021544315491,0.7808209875204171,2.740508823051683,6.968054621011966,0.0,1.7050506574790705,2.0312201916858887,550.3039018418161,4,1108.6078036836323,True,180,37.744587659835815
mem_short,25,roving_ramp_bump,mixed_leaky,0.5209782558558412,0.2825022503439377,3.202306049748991,7.619685598959683,2.453598793340797,-3.3169273370285906,2.9286837328833975,549.3747336215931,5,1108.7494672431862,True,804,104.68881011009216
mem_short,29,bump_train,level,0.0,0.25000272907029897,0.010000000000000004,0.0,0.0,30.0,15.0,79.04737485232314,3,164.0947497046463,True,8,1.8546018600463867
mem_short,29,bump_train,transient,1.0,0.2500037625601553,0.0,0.010000000000000004,0.0,30.0,15.0,79.04737485232314,3,164.0947497046463,True,8,1.8556759357452393
mem_short,29,bump_train,mixed,0.4775764455742727,0.25001025446816466,0.010000000000000004,0.02,0.0,30.0,15.0,79.04737485232314,4,166.0947497046463,True,5,1.2761011123657227
mem_short,29,bump_train,mixed_leaky,0.4775764455742727,115.52453009332424,0.010000000000000004,0.02,0.005999999999999998,30.0,15.0,79.04737485232314,5,168.0947497046463,True,6,2.3037986755371094
mem_short,26,roving_ramp_bump,level,0.0,0.2745939842090332,7.184871815902311,0.0,0.0,2.8003710191694555,1.4087096156083494,422.7839222351641,3,851.5678444703282,True,88,22.7589328289032
mem_short,26,roving_ramp_bump,transient,1.0,0.5438216975647646,0.0,9.822843360923038,0.0,2.097577434826541,1.7990444461285247,413.39875716073504,3,832.7975143214701,True,112,20.31434392929077
mem_short,26,roving_ramp_bump,mixed,0.4652734999647168,0.5764974570411753,3.772716912249014,7.18192185782678,0.0,2.1406594456761647,1.951841216824491,402.3331781949898,4,812.6663563899796,True,285,57.35579967498779
mem_short,26,roving_ramp_bump,mixed_leaky,0.4650660179170047,11.626652781442722,3.768912526033094,7.16869863870337,0.059617087874704246,2.0742020488081034,1.9541075755386863,402.33259586398947,5,814.6651917279789,True,150,41.60868740081787
mem_short,27,double_bump,level,0.0,0.40681422581558124,4.076782170994762,0.0,0.0,2.2453867228542768,1.7182842538593168,191.8531110169845,3,389.706222033969,True,216,23.363122701644897
mem_short,27,double_bump,transient,1.0,0.9785495564271416,0.0,4.157216910658034,0.0,1.456062586412401,2.482314190030295,191.19179866101652,3,388.38359732203304,True,132,14.43727993965149
mem_short,27,double_bump,mixed,0.4359138044732018,0.7650718095003056,1.8296252936143351,3.093336404607433,0.0,1.6806540635616771,2.2662533833197136,190.0767179201178,4,388.1534358402356,True,255,51.654865980148315
mem_short,27,double_bump,mixed_leaky,0.4354013022714926,115.53905812154952,1.831766137153684,3.0905069471868347,0.005999245552363253,1.6735664698698314,2.2660225666612193,190.07685456188213,5,390.15370912376426,True,276,64.50401258468628
mem_short,24,roving_ramp_bump,level,0.0,0.4730018163866553,7.137429629073013,0.0,0.0,2.188424101271014,1.8491382465650583,338.24491984199767,3,682.4898396839953,True,104,26.307273864746094
mem_short,24,roving_ramp_bump,transient,1.0,0.7477545035316479,0.0,10.75947020594063,0.0,1.9063448243378645,2.1244517341261417,335.94133902828537,3,677.8826780565707,True,84,15.060892343521118
mem_short,24,roving_ramp_bump,mixed,0.4329087418333554,0.796935232788267,4.417671674747544,7.378136490603495,0.0,1.9668015959746452,2.373283262782885,318.4052072369788,4,644.8104144739576,True,305,55.07362246513367
mem_short,24,roving_ramp_bump,mixed_leaky,0.43473276896907154,0.38441592316693446,4.983229987300033,8.384735077340341,1.8031177659072744,-5.0,4.937728662510668,316.2435053880198,5,642.4870107760396,True,894,175.31373715400696
mem_short,25,roving_bump,level,0.0,0.6003323099089093,6.688299054148305,0.0,0.0,1.8177721966380351,1.9195511883062175,440.7544294813009,3,887.5088589626018,True,132,25.550868034362793
mem_short,25,roving_bump,transient,1.0,1.022916167650546,0.0,9.216494806612713,0.0,1.548198578633692,2.316032465542977,422.14062644551194,3,850.2812528910239,True,64,14.007993221282959
mem_short,25,roving_bump,mixed,0.462158329940952,1.1592963918960755,3.764751035280271,7.077541852158825,0.0,1.565278797304475,2.602475687274232,411.0881744076828,4,830.1763488153656,True,265,45.71184945106506
mem_short,25,roving_bump,mixed_leaky,0.46122480785037556,0.473571754569995,4.177276331960681,7.823626695084357,1.4636581972447356,-2.831032964312712,4.152808462873356,409.4075676910717,5,828.8151353821434,True,696,147.12023067474365
mem_short,26,bump_train,level,0.0,2.0075020309904263,8.870039706726589,0.0,0.0,1.0995615429323522,3.248464187733726,268.6477673212281,3,543.2955346424562,True,140,24.077025413513184
mem_short,26,bump_train,transient,1.0,0.5704481852604469,0.0,10.490944568661412,0.0,2.159227050687083,1.9230498101707538,267.0733062876531,3,540.1466125753062,True,100,18.35977077484131
mem_short,26,bump_train,mixed,0.3289001340051784,0.7990575246925371,5.980716760003012,6.412686072838558,0.0,1.8900211351172043,2.244758212692344,263.12545403175204,4,534.2509080635041,False,385,75.45150852203369
mem_short,26,bump_train,mixed_leaky,0.32798820483996033,0.4415137290268151,6.267737418514852,6.692709430574358,1.5699334697649852,-1.0814599481104346,2.861716323636543,262.6977939744453,5,535.3955879488906,True,666,95.08265399932861
mem_short,27,roving_bump,level,0.0,0.5023607747176015,3.6585590470750113,0.0,0.0,1.9940239591023974,1.8830608721590858,369.3631580656878,3,744.7263161313756,True,96,18.81554079055786
mem_short,27,roving_bump,transient,1.0,1.4041408464389629,0.0,4.4125800850147785,0.0,1.1597297242061226,2.697358909071649,355.28822268319624,3,716.5764453663925,True,84,15.553529500961304
mem_short,27,roving_bump,mixed,0.4755883159049416,1.2659837327523666,1.7204007799432943,3.413487322810978,0.0,1.3144024947325819,2.795147447184401,348.01993572583035,4,704.0398714516607,True,265,47.34085440635681
mem_short,27,roving_bump,mixed_leaky,0.4755359933818515,138.629436111989,1.7203811042364516,3.4127322473154216,0.005000000000000002,1.3067842138312138,2.7955873158320683,348.02101574835973,5,706.0420314967195,True,540,79.7257981300354
mem_short,29,roving_bump,level,0.0,0.2396403308744433,0.5291137076184792,0.0,0.0,10.721605953907844,5.130353578067006,266.60851792351514,3,539.2170358470303,True,12,2.098592758178711
mem_short,29,roving_bump,transient,1.0,1.3550091782071483,0.0,5.360236839364569,0.0,1.4730669394622609,3.3361735697024164,172.9584616240254,3,351.9169232480508,True,132,22.564480304718018
mem_short,29,roving_bump,mixed,0.4530510032307804,1.199661938598814,2.239019453098193,4.057588300346212,0.0,1.7086589855584056,3.4841402698787327,165.54878044347313,4,339.09756088694627,True,205,19.37959909439087
mem_short,29,roving_bump,mixed_leaky,0.45231528865971204,14.173748306470351,2.2430544573918403,4.052847979212189,0.04890359032575186,1.6149198537655576,3.4983419606659742,165.54686479738558,5,341.09372959477116,True,312,56.44563674926758
mem_short,28,roving_bump,level,0.0,0.7561642177453436,5.9689205051891685,0.0,0.0,1.6831185124015267,2.249808443716953,415.92444368912874,3,837.8488873782575,True,96,18.33958625793457
mem_short,28,roving_bump,transient,1.0,1.447362477254037,0.0,7.031266647553228,0.0,1.216142787076442,2.6014337384889887,424.8786805608806,3,855.7573611217612,True,124,18.808626651763916
mem_short,28,roving_bump,mixed,0.3326996209160939,1.3448273677759108,4.341700237488515,4.735879200576843,0.0,1.4485337003266432,2.9385135445684853,397.3096373469387,4,802.6192746938774,True,235,38.3655903339386
mem_short,28,roving_bump,mixed_leaky,0.3322785684691443,3.8595202753321227,4.339803104320318,4.724837619452449,0.17959412857347873,1.1472967059927126,2.98005015632749,397.29234955752213,5,804.5846991150443,True,360,57.691543102264404
mem_short,29,double_bump,level,0.0,2.8918609067536294,3.1188108700980344,0.0,0.0,0.888549658882145,4.548395899148211,110.51592525831472,3,227.03185051662945,True,132,13.499161005020142
mem_short,29,double_bump,transient,1.0,0.2500037625601553,0.0,0.010000000000000004,0.0,30.0,15.0,125.81567637075652,3,257.63135274151307,True,8,1.7643427848815918
mem_short,29,double_bump,mixed,0.7225935892738657,3.41270244240164,0.9998869476061968,5.698208768471992,0.0,1.1766626796241908,6.051701071450918,98.96659177991032,4,205.93318355982063,True,250,23.39932632446289
mem_short,29,double_bump,mixed_leaky,0.6884031349745652,5.720556807411653,1.1442110051619876,5.5305169386367545,0.12116778207007607,0.7846112395013616,6.020262560747475,98.91975972711634,5,207.8395194542327,True,384,79.02134919166565
mem_short,27,roving_ramp_bump,level,0.0,0.3090119015525952,4.175483060424218,0.0,0.0,2.631006921459347,1.5415158658914903,333.51591868324084,3,673.0318373664817,True,112,22.37392497062683
mem_short,27,roving_ramp_bump,transient,1.0,1.5792811822402277,0.0,5.318623517224189,0.0,1.1967405703767109,3.0214949504195934,307.3694556352726,3,620.7389112705451,True,96,17.941415309906006
mem_short,27,roving_ramp_bump,mixed,0.5749266615513717,1.42712488553423,1.525677750640143,4.514620428069866,0.0,1.3371781384468449,3.092234828860591,302.3052791269101,4,612.6105582538202,True,195,40.680124044418335
mem_short,27,roving_ramp_bump,mixed_leaky,0.557034737630957,0.9078580830772164,1.6565207904614163,4.557423074081811,0.763497283860159,-0.3075785821383842,3.5157538486482856,301.69632014650665,5,613.3926402930133,True,408,108.6637053489685
mem_short,27,bump_train,level,0.0,23.145854810188958,3.7490555938583965,0.0,0.0,0.3233019430901298,9.282693590013567,186.76273207939914,3,379.5254641587983,True,188,18.590932846069336
mem_short,27,bump_train,transient,1.0,9.175455186004198,0.0,6.173154308177776,0.0,0.6634363736886627,7.05992911998543,180.88115245029294,3,367.7623049005859,True,124,13.535253763198853
mem_short,27,bump_train,mixed,0.608597723488445,6.722911018773268,1.4692553686928405,4.998205509803068,0.0,0.7482734033079548,6.3798855617956285,179.9806899729441,4,367.9613799458882,True,355,56.913302183151245
mem_short,27,bump_train,mixed_leaky,0.5892991708644999,3.6632028644846257,1.64514386438605,5.164448832307461,0.18921889019036456,-1.5428382260173366,15.0,178.5986323962407,5,367.1972647924814,True,906,156.33426904678345
mem_short,28,bump_train,level,0.0,1.5865816197177227,4.173539119550329,0.0,0.0,1.051516474115393,2.9029347105539207,250.95675722190919,3,507.91351444381837,True,128,19.967775106430054
mem_short,28,bump_train,transient,1.0,0.8207569634659206,0.0,5.312822525673729,0.0,1.5911268409821484,2.21810009134884,249.89163869904948,3,505.78327739809896,True,144,23.705082654953003
mem_short,28,bump_train,mixed,0.35885897982843906,1.3147093856625753,2.755866207498047,3.3747237677233604,0.0,1.2847067313376095,2.740084076643773,248.0563239563124,4,504.1126479126248,True,230,51.603233337402344
mem_short,28,bump_train,mixed_leaky,0.3591310413368259,138.629436111989,2.754239888804418,3.3767220867223067,0.005000000000000002,1.2775743608714203,2.740013763055237,248.05754115208524,5,506.11508230417047,True,348,90.6498670578003
mem_short,28,roving_ramp_bump,level,0.0,1.0204791489614353,4.970945121411594,0.0,0.0,1.4032246681749607,2.53167353668019,432.8003916462715,3,871.600783292543,True,68,15.80939507484436
mem_short,28,roving_ramp_bump,transient,1.0,1.2009949569652159,0.0,5.6365221555528615,0.0,1.239757482869325,2.3666044443432974,457.6068040758797,3,921.2136081517594,True,96,16.319941520690918
mem_short,28,roving_ramp_bump,mixed,0.29915880957678553,1.3765066304417948,4.294397881650586,4.010461062189908,0.0,1.4155169674322423,3.0112719244054413,418.30023382084096,4,844.6004676416819,True,220,46.81933927536011
mem_short,28,roving_ramp_bump,mixed_leaky,0.28726812365269944,0.7256228969284277,4.725971324608762,4.16737117646354,0.9552443610779751,-1.0227707492622202,3.8885458407136064,417.30206227805803,5,844.6041245561161,True,534,106.7872405052185
mem_short,28,double_bump,level,0.0,1.5198431078565011,5.020555056203009,0.0,0.0,1.0644195577915547,2.7357296931220363,342.79239811027946,3,691.5847962205589,True,80,18.36184859275818
mem_short,28,double_bump,transient,1.0,1.6072210629353012,0.0,5.346070530851613,0.0,1.1038945736613086,2.772518252773916,341.36530314090083,3,688.7306062818017,True,68,16.11491584777832
mem_short,28,double_bump,mixed,0.3588180217014596,1.272321336708339,3.281458540829217,4.017627872367655,0.0,1.3105938213200186,2.5999503632388055,337.43910796648794,4,682.8782159329759,True,235,48.35152530670166
mem_short,28,double_bump,mixed_leaky,0.34745131098246035,0.6492157437138671,3.5027507584067386,4.08037535077153,1.067668471184581,-2.8297098893328476,4.984854119688082,336.4829179171035,5,682.965835834207,True,852,162.65814304351807
mem_medium,0,double_bump,level,0.0,6.393327069967119,4.585242056806869,0.0,0.0,0.5712853337922055,5.384787371705459,238.61513716710542,3,483.23027433421083,True,112,18.483322620391846
mem_medium,0,double_bump,transient,1.0,7.1439562052487116,0.0,4.534476771248564,0.0,0.5834049571292165,5.410448640775502,242.5212484560086,3,491.0424969120172,True,104,20.947688102722168
mem_medium,0,double_bump,mixed,0.2296185839469798,6.163690376146369,3.50847379393415,2.2878593395939824,0.0,0.6631159389729878,5.48472028138789,236.379320855282,4,480.758641710564,True,240,38.85533666610718
mem_medium,0,double_bump,mixed_leaky,0.2300639346757613,138.629436111989,3.5014528961858344,2.289032792912704,0.005000000000000002,0.6483562414151027,5.4863182921081215,236.39642382676493,5,482.79284765352986,True,270,77.29699325561523
mem_medium,0,roving_bump,level,0.0,5.57389367895391,2.571541026171893,0.0,0.0,0.49980407685282474,4.632908962694143,395.91247924789684,3,797.8249584957937,True,80,15.01512360572815
mem_medium,0,roving_bump,transient,1.0,8.451991092013655,0.0,3.3562101765308827,0.0,0.43345218578876704,4.76555635995953,395.2664295895488,3,796.5328591790976,True,148,21.61718463897705
mem_medium,0,roving_bump,mixed,0.3697474672145841,7.229797812652866,1.9584006690455213,2.5136337756816634,0.0,0.5435007118859181,5.2904100931393865,385.27942376568114,4,778.5588475313623,True,180,30.32083559036255
mem_medium,0,roving_bump,mixed_leaky,0.3689437104639859,138.629436111989,1.96110582484966,2.508435206734674,0.005000000000000002,0.529083900238309,5.297046788460715,385.2895380177573,5,780.5790760355146,True,300,81.66098237037659
mem_medium,0,roving_ramp_bump,level,0.0,6.600722244337198,2.715013246036278,0.0,0.0,0.48155762942317154,5.18348190901191,385.34117702290337,3,776.6823540458067,True,116,17.438721179962158
mem_medium,0,roving_ramp_bump,transient,1.0,7.442722589044227,0.0,3.9111136190231357,0.0,0.48060305870188824,4.525415186131918,408.1033589621426,3,822.2067179242852,True,104,17.972804307937622
mem_medium,0,roving_ramp_bump,mixed,0.33687300090107,7.127530478043768,2.483275945280011,2.759969755098106,0.0,0.6039465615919829,5.673660838373381,377.64462587076235,4,763.2892517415247,True,185,33.27303957939148
mem_medium,0,roving_ramp_bump,mixed_leaky,0.2787557010367716,2.666485733644983,2.8490116147704128,2.4090478764510674,0.2599478301398747,-0.7896812247727107,7.807642591884368,377.2475601735869,5,764.4951203471738,True,534,88.6706326007843
mem_short,29,roving_ramp_bump,level,0.0,0.25000272907029897,0.010000000000000004,0.0,0.0,30.0,15.0,294.86300689749464,3,595.7260137949893,True,8,1.7630059719085693
mem_short,29,roving_ramp_bump,transient,1.0,1.445061621362815,0.0,5.267362179517898,0.0,1.3428476373554417,3.193661360828078,204.59670173043236,3,415.1934034608647,True,188,26.67673087120056
mem_short,29,roving_ramp_bump,mixed,0.43944749569977226,1.3313690117009847,3.270779677634912,5.6098575550433445,0.0,2.0615728325214224,4.529781875329295,181.1528177465848,4,370.3056354931696,True,270,26.043891668319702
mem_short,29,roving_ramp_bump,mixed_leaky,0.4008963972885544,1.2667457921444913,4.557907066388354,6.672760455857951,0.5471872769251571,-4.510336012395438,15.0,177.99244540011512,5,365.98489080023023,True,978,152.5569064617157
mem_medium,1,double_bump,level,0.0,11.044992746808749,4.65754791016663,0.0,0.0,0.47926982036783766,7.217729958690164,217.07929786995632,3,440.15859573991264,True,140,23.876076459884644
mem_medium,1,double_bump,transient,1.0,8.912486694132683,0.0,7.7890305545895995,0.0,0.7763243937368716,7.569363084580104,199.08262217686593,3,404.16524435373185,True,144,26.256210327148438
mem_medium,1,double_bump,mixed,0.6614786122101792,8.253866283327406,1.6570296791623755,7.083857683666534,0.0,0.8462347050547072,7.793845584919589,198.15019545811225,4,404.3003909162245,True,300,46.247920513153076
mem_medium,1,double_bump,mixed_leaky,0.6610461158609277,138.629436111989,1.6550641558735304,7.061806647655062,0.005000000000000002,0.8230409736705051,7.802941376515386,198.2369288609855,5,406.473857721971,True,264,58.958173513412476
mem_medium,3,bump_train,level,0.0,0.13040037115560243,7.737023498746538,0.0,0.0,4.641888889738949,1.144527469757879,148.53490738327505,3,303.0698147665501,True,212,24.81005311012268
mem_medium,3,bump_train,transient,1.0,0.2500037625601553,0.0,0.010000000000000004,0.0,30.0,15.0,163.5574145479402,3,333.1148290958804,True,8,1.8943250179290771
mem_medium,3,bump_train,mixed,0.0011802315520139802,0.13046212643410607,7.73644391670418,0.02000006096672831,0.0,4.641938796585928,1.1448518562761199,148.53309822694794,4,305.0661964538959,True,25,3.5967459678649902
mem_medium,3,bump_train,mixed_leaky,0.0011355806012115237,2.0032626932197264,8.04275590270551,0.020004428842613435,0.34600912945964696,4.601078912759299,1.1162399278189208,148.52982522983615,5,307.0596504596723,True,72,26.033201932907104
mem_medium,0,bump_train,level,0.0,13.519242255740938,4.71475877325222,0.0,0.0,0.414716914598311,7.038542089217266,214.15432188891586,3,434.3086437778317,True,152,22.68812131881714
mem_medium,0,bump_train,transient,1.0,8.234943021246321,0.0,5.702567083058448,0.0,0.6130957607441466,5.857096890730488,213.3449531238931,3,432.6899062477862,True,104,30.806949138641357
mem_medium,0,bump_train,mixed,0.35926918592395274,7.333653363771784,3.2212224164920653,3.951617666659176,0.0,0.691170311849174,5.973472597861639,209.9561751039041,4,427.9123502078082,True,190,42.570682525634766
mem_medium,0,bump_train,mixed_leaky,0.3598934311355511,138.629436111989,3.213339081478422,3.952647072015004,0.005000000000000002,0.6738620435132772,5.987646677882443,209.9580508065349,5,429.9161016130698,True,378,105.36443829536438
mem_medium,1,bump_train,level,0.0,13.957195433913418,4.5294138035650136,0.0,0.0,0.4463160223541714,8.318057965693981,149.98273676624672,3,305.96547353249343,True,124,13.029697895050049
mem_medium,1,bump_train,transient,1.0,5.701872236562994,0.0,7.4870832858935,0.0,0.8866857321917088,6.256591475923305,142.65241254427278,3,291.30482508854556,True,88,9.48733377456665
mem_medium,1,bump_train,mixed,0.5225102387795378,5.633403343583403,2.6601633220048004,6.368672099020555,0.0,0.9677164905912051,6.681828762384792,141.25576819128636,4,290.51153638257273,True,245,45.950374603271484
mem_medium,1,bump_train,mixed_leaky,0.5225978582338037,138.629436111989,2.6558972953578657,6.360692279175759,0.005000000000000002,0.9482844078947106,6.691137099313686,141.2560490323625,5,292.512098064725,True,456,90.08006072044373
mem_medium,1,roving_ramp_bump,level,0.0,1.3227674798235702,2.475717323530206,0.0,0.0,1.17187512954869,2.8857472461273477,273.6838199672317,3,553.3676399344635,True,88,16.759284496307373
mem_medium,1,roving_ramp_bump,transient,1.0,14.82002511702303,0.0,5.155716293211592,0.0,0.46350830131012644,6.838774463799503,264.93128309699074,3,535.8625661939815,True,152,22.854763746261597
mem_medium,1,roving_ramp_bump,mixed,0.5770932614278866,7.527190521348086,1.433840000973327,4.280671847263641,0.0,0.6634903366979081,6.371943397260654,256.67138190747505,4,521.3427638149501,True,185,32.872804164886475
mem_medium,1,roving_ramp_bump,mixed_leaky,0.44495268846811276,2.4986875267313637,1.8780867296029724,3.2938917478786474,0.2774045066237953,-1.4672355709450091,10.274402352582323,256.1237447647943,5,522.2474895295886,True,630,82.16462802886963
mem_medium,2,double_bump,level,0.0,11.06092457011797,5.62913823885821,0.0,0.0,0.49321179825737604,6.832688005771868,202.46451950439683,3,410.92903900879367,True,144,26.9207763671875
mem_medium,2,double_bump,transient,1.0,9.162284067930294,0.0,6.092159096457139,0.0,0.6062217006415612,6.068372403415,200.57633342297504,3,407.1526668459501,True,84,21.56515908241272
mem_medium,2,double_bump,mixed,0.3794745398556122,7.440837759077752,3.336856384248365,4.464475042522589,0.0,0.7170127663316368,6.044408805121313,198.0858803445097,4,404.1717606890194,True,285,46.750492811203
mem_medium,2,double_bump,mixed_leaky,0.37983755594602114,138.629436111989,3.330312043708061,4.462592329416516,0.005000000000000002,0.7011311963942688,6.041951344379092,198.10464462165956,5,406.2092892433191,True,336,75.17938804626465
mem_medium,1,roving_bump,level,0.0,0.6189391315340195,3.8801003043910103,0.0,0.0,1.8945905207437668,2.187978437183186,233.1588918801121,3,472.3177837602242,True,132,25.745638847351074
mem_medium,1,roving_bump,transient,1.0,6.117062066207699,0.0,6.600497508853214,0.0,0.794938429862425,6.0794505496617335,191.29236331232624,3,388.5847266246525,True,128,24.45263123512268
mem_medium,1,roving_bump,mixed,0.6964229760599245,10.39428942011918,1.4111357276188419,7.082438721633722,0.0,0.7879994937377203,8.77308226207461,189.07113153884694,4,386.1422630776939,True,275,46.6082603931427
mem_medium,1,roving_bump,mixed_leaky,0.6634884249328116,7.927742339199797,1.5669496514287042,6.759245675586833,0.08743311158494456,0.31322956649672395,9.337641528370664,188.1784858451306,5,386.3569716902612,True,300,79.8006649017334
mem_medium,3,double_bump,level,0.0,14.147985378232757,6.933892892380476,0.0,0.0,0.6001209373675664,10.555711224651754,188.2975933966773,3,382.5951867933546,True,200,20.203514575958252
mem_medium,3,double_bump,transient,1.0,11.918127915624215,0.0,4.704500583562,0.0,0.5255915289651562,7.465113170761882,197.4358397417111,3,400.8716794834222,True,180,18.24264407157898
mem_medium,3,double_bump,mixed,0.14236273179361758,11.557627874340765,6.027123430951403,2.1888328614881982,0.0,0.7355691925453142,10.156014192127497,186.62458831782482,4,381.24917663564963,True,260,44.36563563346863
mem_medium,3,double_bump,mixed_leaky,0.14384156547364954,138.629436111989,6.005212323374368,2.207336145615578,0.005000000000000002,0.707598998773655,10.185799775697342,186.65185659722312,5,383.30371319444623,True,300,50.96553707122803
mem_medium,2,bump_train,level,0.0,7.529104404986992,4.940302882103407,0.0,0.0,0.5414229276574223,5.716630441128248,182.26552108919074,3,370.5310421783815,True,72,7.891669750213623
mem_medium,2,bump_train,transient,1.0,5.872839661770672,0.0,4.525362451358752,0.0,0.6392599651000054,5.108661757322957,181.84502611608468,3,369.69005223216936,True,232,34.82642459869385
mem_medium,2,bump_train,mixed,0.3010370343065786,6.6106564535312184,3.1554702519465483,2.973306621881256,0.0,0.6582609039315839,5.561930151772272,180.1978620033581,4,368.3957240067162,True,295,50.21866774559021
mem_medium,2,bump_train,mixed_leaky,0.3016391002663519,138.629436111989,3.1490293036256323,2.975735111120607,0.005000000000000002,0.6428480593334263,5.5703821351018705,180.19924052298327,5,370.39848104596655,True,552,98.51604223251343
mem_medium,2,roving_bump,level,0.0,6.56416722791486,2.157877980950174,0.0,0.0,0.4291681401996242,4.706519759182406,338.9906896815654,3,683.9813793631308,True,112,18.399389505386353
mem_medium,2,roving_bump,transient,1.0,10.407673033262038,0.0,6.203612396594115,0.0,0.5577259692981306,5.779018792046604,308.57750609729203,3,623.1550121945841,False,184,28.448991537094116
mem_medium,2,roving_bump,mixed,0.7712850481472205,11.190682577243557,0.8005146492568279,5.9060821822154494,0.0,0.5704793346131046,6.213152712926599,307.53374444157976,4,623.0674888831595,True,225,39.008689165115356
mem_medium,2,roving_bump,mixed_leaky,0.7441449636857224,3.435444707958041,0.8835520335810099,5.622190459923188,0.20176345116377611,-0.26774425611483743,6.779480999048729,306.6540816751112,5,623.3081633502223,True,216,92.65467691421509
mem_medium,4,bump_train,level,0.0,0.8440636607272342,13.566368224172637,0.0,0.0,2.514749922757409,3.495220185382895,78.58880918355382,3,163.17761836710764,True,112,12.096738576889038
mem_medium,4,bump_train,transient,1.0,0.2500037625601553,0.0,0.010000000000000004,0.0,30.0,15.0,88.40245188175504,3,182.80490376351008,True,8,1.840733289718628
mem_medium,4,bump_train,mixed,0.0006737950519036993,0.8445081341820264,13.557936590044514,0.019999723259472767,0.0,2.51499196313002,3.4964107497578087,78.5900718972139,4,165.1801437944278,True,20,2.6550004482269287
mem_medium,4,bump_train,mixed_leaky,0.0003368204581160838,134.461807552888,13.565799296363007,0.010000000000000004,0.005154974436048013,2.506648873834702,3.4949017641662152,78.58954665773153,5,167.17909331546306,True,228,81.63085389137268
mem_medium,3,roving_bump,level,0.0,6.427599298253162,3.4558221133211213,0.0,0.0,0.5673414803765288,5.838426751602598,436.30862822715164,3,878.6172564543033,True,104,15.94979476928711
mem_medium,3,roving_bump,transient,1.0,5.305422900941463,0.0,2.876717822392813,0.0,0.48926098765837395,3.813294527694552,484.20102635052405,3,974.4020527010481,True,140,23.52814769744873
mem_medium,3,roving_bump,mixed,0.23273027378201264,6.885166765340026,3.3695710992942782,2.236090047435167,0.0,0.6862231780803904,6.539741604161682,423.9893930813836,4,855.9787861627672,True,240,36.994218587875366
mem_medium,3,roving_bump,mixed_leaky,0.20940489191919828,4.819582600276404,3.529924806813999,2.0455401157059327,0.1438189233482985,0.1029508552841752,6.976511428973886,423.4775313883473,5,856.9550627766946,True,318,80.19847178459167
mem_medium,3,roving_ramp_bump,level,0.0,4.4461798399495756,3.413306039849184,0.0,0.0,0.7199147258897449,5.4077473331217965,441.3712450367411,3,888.7424900734821,True,72,14.323882818222046
mem_medium,3,roving_ramp_bump,transient,1.0,5.984216880797566,0.0,3.2560829011305303,0.0,0.4822831048510683,4.012666649096257,482.6107152994521,3,971.2214305989042,True,68,15.707401514053345
mem_medium,3,roving_ramp_bump,mixed,0.2616960544955506,5.074797446081393,3.2497710430413234,2.5201395885779285,0.0,0.8212809055687422,6.100631359569886,429.11916712308755,4,866.2383342461751,True,205,36.58104062080383
mem_medium,3,roving_ramp_bump,mixed_leaky,0.2272010933439271,2.699895194352411,3.565164973610304,2.2931549194567187,0.25673114349396126,-0.24603013790795822,6.898979415156787,427.43405098672923,5,864.8681019734585,True,396,104.43058466911316
mem_medium,4,double_bump,level,0.0,17.89624656503986,4.341780140412279,0.0,0.0,0.3735016017398907,8.279336080733307,201.28340932240934,3,408.5668186448187,True,220,28.686806440353394
mem_medium,4,double_bump,transient,1.0,15.95089916920337,0.0,4.612988786415238,0.0,0.44801313242255353,7.648025266213641,200.52337902905694,3,407.0467580581139,True,144,26.90668773651123
mem_medium,4,double_bump,mixed,0.33948941518986975,14.754198759351485,2.7211832498487474,3.0599483215861913,0.0,0.5017033015600443,8.098044813444853,198.37739565367656,4,404.7547913073531,True,240,50.344515323638916
mem_medium,4,double_bump,mixed_leaky,0.3397392193638867,138.629436111989,2.7012374067721843,3.0409045270071786,0.005000000000000002,0.47962680325464563,8.067136720705665,198.4210082911751,5,406.8420165823502,True,312,75.12941694259644
mem_medium,5,bump_train,level,0.0,7.9748205961796925,2.6629262770106683,0.0,0.0,0.4612556723284269,5.965945235730767,179.99866717148043,3,365.99733434296087,True,92,10.153013706207275
mem_medium,5,bump_train,transient,1.0,0.5056647098497687,0.0,6.0394047023967685,0.0,2.194998234050999,1.9440976131186014,180.09473545297385,3,366.1894709059477,True,92,10.532639503479004
mem_medium,5,bump_train,mixed,0.4809525999516639,0.5905165398206818,2.077663147098748,4.211921221986074,0.0,2.035230043546843,2.0987209377448974,178.52598426243642,4,365.05196852487285,True,430,65.99356150627136
mem_medium,5,bump_train,mixed_leaky,0.47909373954723594,2.337552088056761,2.0715986371573316,4.168467136249644,0.2965269454748998,1.6817759364551117,2.1096315290788152,178.52397724643674,5,367.0479544928735,True,192,46.446213245391846
mem_medium,5,double_bump,level,0.0,2.1715344256081486,3.194820837054121,0.0,0.0,0.9251794979868483,3.5637223106504923,207.3604641250891,3,420.7209282501782,True,248,31.994853973388672
mem_medium,5,double_bump,transient,1.0,0.2500037625601553,0.0,0.010000000000000004,0.0,30.0,15.0,247.88027977791393,3,501.76055955582785,True,8,1.7266812324523926
mem_medium,5,double_bump,mixed,0.0014302613085628315,2.1722662156549695,3.19119368657498,0.010000000000000004,0.0,0.9254320418391364,3.5645749433855505,207.36797370502947,4,422.73594741005894,True,200,19.708733558654785
mem_medium,5,double_bump,mixed_leaky,0.0014304406162679068,138.629436111989,3.190793093089564,0.010000000000000004,0.005000000000000002,0.9157830006990739,3.5658289211320886,207.36844090189226,5,424.7368818037845,True,354,98.0164303779602
mem_medium,4,roving_bump,level,0.0,9.185196939751526,2.9990541242798496,0.0,0.0,0.4410937411667745,6.2988270386683505,275.07703751897765,3,556.1540750379553,True,176,25.10006546974182
mem_medium,4,roving_bump,transient,1.0,7.340091020746651,0.0,3.581703087911974,0.0,0.5037219576228344,5.020738401014942,280.09926022650507,3,566.1985204530101,True,84,22.073713779449463
mem_medium,4,roving_bump,mixed,0.32353570452637903,10.665387629816703,2.6195784334217618,2.741060295750992,0.0,0.5411217086663183,7.072762308703741,267.6665438823721,4,543.3330877647442,True,205,43.47081160545349
mem_medium,4,roving_bump,mixed_leaky,0.27775768246626675,4.846179550119281,2.875071308862461,2.4190320146261843,0.14302961196369304,-0.33979100297480946,9.159624975634378,266.9151838523962,5,543.8303677047924,True,312,100.25130319595337
mem_medium,4,roving_ramp_bump,level,0.0,22.866478170508223,2.84152367537319,0.0,0.0,0.28571755893085654,8.811001021537678,290.0007705239522,3,586.0015410479044,True,132,24.80600595474243
mem_medium,4,roving_ramp_bump,transient,1.0,20.583444946291007,0.0,3.0123425963517017,0.0,0.28973759430779705,6.328594155908344,307.37366330598957,3,620.7473266119791,True,100,29.724350690841675
mem_medium,4,roving_ramp_bump,mixed,0.25319990359692435,19.310866730238786,2.7290353795411124,2.0243154186359997,0.0,0.413995285803095,9.007576254529312,287.5963068441867,4,583.1926136883734,True,275,44.95872187614441
mem_medium,4,roving_ramp_bump,mixed_leaky,0.2512651858512941,138.629436111989,2.7263963011794137,2.0017190491102372,0.005000000000000002,0.38922812299004383,9.006457184049097,287.606615779745,5,585.21323155949,True,204,92.40982675552368
mem_medium,2,roving_ramp_bump,level,0.0,0.9010303019163873,3.30568986419873,0.0,0.0,1.3672392887331406,2.268763575411634,378.27533947884655,3,762.5506789576931,True,88,18.092803955078125
mem_medium,2,roving_ramp_bump,transient,1.0,2.5131077005300884,0.0,5.882642466652393,0.0,0.9205568249828427,3.291946257622248,360.94535852203546,3,727.8907170440709,True,76,16.1065092086792
mem_medium,2,roving_ramp_bump,mixed,0.5957311983945466,2.5912784897890453,1.5177281076150326,4.893098305805158,0.0,0.9529383530167986,3.536118016596304,356.13061574278373,4,720.2612314855675,True,225,40.3541362285614
mem_medium,2,roving_ramp_bump,mixed_leaky,0.5856724063999464,1.0570844785356097,1.6286203269903246,5.03663643391492,0.655715976002381,-0.8175560115711245,4.2355333532916655,355.51850796712677,5,721.0370159342535,True,714,180.06865453720093
mem_medium,5,roving_ramp_bump,level,0.0,7.363771885019315,2.683692435295411,0.0,0.0,0.511174830457772,6.233992047393632,362.8362448858136,3,731.6724897716272,True,116,23.129055738449097
mem_medium,5,roving_ramp_bump,transient,1.0,18.07800106522994,0.0,2.6314327569496045,0.0,0.27703875289198815,5.720944421300423,388.6472157488252,3,783.2944314976504,True,84,8.767405033111572
mem_medium,5,roving_ramp_bump,mixed,0.23207527263428948,8.587734361595826,2.4491491631238262,1.6193297687771382,0.0,0.5527099430763607,6.859731203563782,356.05450134308114,4,720.1090026861623,True,265,40.3477623462677
mem_medium,5,roving_ramp_bump,mixed_leaky,0.1960592699893906,5.575334745037113,2.606232495646598,1.3905491734414446,0.12432386793940052,0.021363910002733903,7.354028425615628,355.80684786242136,5,721.6136957248427,True,378,95.97835183143616
mem_medium,7,double_bump,level,0.0,11.618007531728319,1.989786212881468,0.0,0.0,0.37003679588044414,7.0840640538957045,125.32522440937313,3,256.65044881874627,True,128,13.26175856590271
mem_medium,7,double_bump,transient,1.0,0.2500037625601553,0.0,0.010000000000000004,0.0,30.0,15.0,135.30300891082692,3,276.60601782165384,True,8,1.7837285995483398
mem_medium,7,double_bump,mixed,0.589935326934939,5.996839333506107,1.0259642307208365,3.229193824701703,0.0,0.6709137084557341,5.895093301546709,123.19326033057592,4,254.38652066115185,True,225,21.12500309944153
mem_medium,7,double_bump,mixed_leaky,0.6396636081010794,3.1417047518266825,0.825265679525611,3.2051410663379087,0.2206277277191399,-1.4016215861792258,11.877924035533743,123.06549267863456,5,256.1309853572691,True,618,82.52150392532349
mem_medium,5,roving_bump,level,0.0,3.751003634430687,2.214736863675434,0.0,0.0,0.6658796252049831,4.451318607310296,263.69047978638537,3,533.3809595727707,True,92,17.607444763183594
mem_medium,5,roving_bump,transient,1.0,7.382442307094542,0.0,2.2589795282349647,0.0,0.4367572579147279,4.9427553257612225,277.9754282668113,3,561.9508565336226,True,112,10.950613498687744
mem_medium,5,roving_bump,mixed,0.16472270707662415,4.544449220179071,1.952554508226273,0.8424338495064677,0.0,0.635013314630872,4.844693586234422,262.2371420252675,4,532.474284050535,True,270,38.41681456565857
mem_medium,5,roving_bump,mixed_leaky,0.14635987044238266,2.7210123114586753,2.081453909750006,0.7807712953889308,0.25473871530862874,-0.1660675353592734,5.3108963342303595,261.9240895791431,5,533.8481791582861,True,438,121.04592752456665
mem_medium,7,bump_train,level,0.0,12.411522429696973,2.4938972514169864,0.0,0.0,0.36037166850843944,6.9181902737561805,155.77064232009147,3,317.54128464018294,True,228,23.039781093597412
mem_medium,7,bump_train,transient,1.0,12.597015142164034,0.0,4.0014805512893075,0.0,0.4644714131364039,7.150176567937275,154.25135769751927,3,314.50271539503854,True,140,14.488008737564087
mem_medium,7,bump_train,mixed,0.5581465046947016,13.040861344714196,1.1885938430776646,3.2848325626799317,0.0,0.4723115176919385,7.435287247159723,153.87280475041547,4,315.74560950083094,True,225,23.05360198020935
mem_medium,7,bump_train,mixed_leaky,0.5607210538457953,115.81238198302641,1.1743321725852194,3.279497317488402,0.005985086988898421,0.449346458007723,7.417243986849553,153.87445037528238,5,317.74890075056476,True,246,55.02828764915466
mem_medium,6,bump_train,level,0.0,4.082282121515545,2.8292254356589837,0.0,0.0,0.6224074343911522,4.325215338587527,180.26028314664714,3,366.5205662932943,True,108,11.523930311203003
mem_medium,6,bump_train,transient,1.0,3.6946756555280786,0.0,2.9762824757546755,0.0,0.6922932779589714,4.122622533683713,180.22367696215773,3,366.44735392431545,True,104,11.028274059295654
mem_medium,6,bump_train,mixed,0.3226224706769833,3.799873186732504,1.8710931294332396,1.9497057726975418,0.0,0.7067382487177722,4.2363530923019,179.6339152728985,4,367.267830545797,True,350,60.489540338516235
mem_medium,6,bump_train,mixed_leaky,0.32273871196523557,138.629436111989,1.8679106976864512,1.9474251076696487,0.005000000000000002,0.6947386975048169,4.239692958280607,179.63647471552088,5,369.27294943104175,True,492,88.83982133865356
mem_medium,6,double_bump,level,0.0,10.483343576046149,3.854130649779484,0.0,0.0,0.37550172513696073,5.2266760179391545,361.5851959927278,3,729.1703919854556,True,120,24.8143470287323
mem_medium,6,double_bump,transient,1.0,7.840995103018156,0.0,4.2198345042507945,0.0,0.4956481703394138,4.784927488733533,355.5259833646728,3,717.0519667293456,True,220,29.28145956993103
mem_medium,6,double_bump,mixed,0.5134231488581876,7.910477277235451,1.5829302388606872,3.6542278597350406,0.0,0.5294220018466551,4.9455495537903795,354.81391496163417,4,717.6278299232683,True,235,24.22250533103943
mem_medium,6,double_bump,mixed_leaky,0.5137162798614091,138.629436111989,1.5799808579711474,3.6517015026247326,0.005000000000000002,0.5165422508518845,4.944039998587813,354.8257138784323,5,719.6514277568646,True,288,102.16500544548035
mem_medium,6,roving_bump,level,0.0,16.2303054557203,1.981728380369987,0.0,0.0,0.25615686657551484,6.208360034970829,298.0765113279634,3,602.1530226559267,True,116,23.041207551956177
mem_medium,6,roving_bump,transient,1.0,34.55886367944057,0.0,4.7081374500395485,0.0,0.32195908778330345,7.560545077679638,290.88415414790603,3,587.7683082958121,True,116,19.44303035736084
mem_medium,6,roving_bump,mixed,0.6356569632637072,27.259024357986906,1.0910620605709538,4.164584091304558,0.0,0.36505154933921413,7.702842593871407,289.48834544327536,4,586.9766908865507,True,255,38.89016771316528
mem_medium,6,roving_bump,mixed_leaky,0.6339151459318426,115.60104479183862,1.0945557294384984,4.146647250321529,0.0059960286847587484,0.33999094424676657,7.711485722826863,289.48829495859667,5,588.9765899171933,True,78,94.24656796455383
mem_medium,7,roving_bump,level,0.0,2.218105339874275,2.7971137738407137,0.0,0.0,0.9726074752273146,3.9083292628444513,162.34829444440348,3,330.69658888880696,True,80,8.627969741821289
mem_medium,7,roving_bump,transient,1.0,0.2500037625601553,0.0,0.010000000000000004,0.0,30.0,15.0,191.51805794485884,3,389.0361158897177,True,8,1.732407569885254
mem_medium,7,roving_bump,mixed,0.6771792809164929,15.721725226169209,0.9858336731165882,4.524345434888731,0.0,0.5228352264347013,9.001513967106566,152.08140410025004,4,312.1628082005001,True,255,23.647151470184326
mem_medium,7,roving_bump,mixed_leaky,0.673606700984675,138.629436111989,0.9959675197045157,4.496972034879574,0.005000000000000002,0.498287355464421,9.017362154442699,152.0991096560101,5,314.1982193120202,True,306,69.67418456077576
mem_medium,6,roving_ramp_bump,level,0.0,13.2930995750045,1.381106563199184,0.0,0.0,0.2502072099840782,5.4495875485195855,351.6534989389719,3,709.3069978779438,True,132,21.32588768005371
mem_medium,6,roving_ramp_bump,transient,1.0,12.536445034718415,0.0,4.306042839764701,0.0,0.4081642618238072,5.359236110446837,343.8034646027517,3,693.6069292055034,True,72,16.17809796333313
mem_medium,6,roving_ramp_bump,mixed,0.7242259934390259,9.436602505561517,0.6565165662305429,3.7720402228621346,0.0,0.46376211278239493,5.13265139691306,343.0131915527077,4,694.0263831054154,True,200,36.26199555397034
mem_medium,6,roving_ramp_bump,mixed_leaky,0.7742162553317005,2.286161142060397,0.5748838698792751,4.312802629552342,0.30319261744395154,-2.259962924577273,11.23800934664485,341.77635579737165,5,693.5527115947433,True,600,123.35097169876099
mem_medium,8,bump_train,level,0.0,2.738400087954979,2.5087102091701583,0.0,0.0,0.7389597418237349,3.5971803217396565,217.77525589985848,3,441.55051179971696,True,108,22.249396562576294
mem_medium,8,bump_train,transient,1.0,1.8493638551965228,0.0,4.3272447300840815,0.0,1.0505270554748365,3.1629735581914615,213.78884438550227,3,433.57768877100455,True,80,17.558263301849365
mem_medium,8,bump_train,mixed,0.7191141950336464,1.8073776505958046,0.71237853609549,3.990145586159735,0.0,1.0744651632798188,3.148381750193292,213.67268656477407,4,435.34537312954814,True,250,29.93643045425415
mem_medium,8,bump_train,mixed_leaky,0.7191221558662708,138.629436111989,0.7124075151024667,3.9904651735199907,0.005000000000000002,1.0658255616910812,3.149643117311591,213.67412309981003,5,437.34824619962006,True,402,100.0739676952362
mem_medium,8,roving_ramp_bump,level,0.0,8.709677407627185,1.647736468177107,0.0,0.0,0.3624538848758047,5.373749200219243,324.40715884186585,3,654.8143176837317,True,148,21.84247326850891
mem_medium,8,roving_ramp_bump,transient,1.0,12.61091786000155,0.0,3.532445181052627,0.0,0.38301165451969627,5.637625201579408,320.6730636542128,3,647.3461273084256,True,124,20.27730083465576
mem_medium,8,roving_ramp_bump,mixed,0.511237907372394,10.177601265345913,1.2960057973249197,2.965803160075075,0.0,0.47496074358515544,6.0783154219457245,314.5691245320176,4,637.1382490640352,True,230,43.01254463195801
mem_medium,8,roving_ramp_bump,mixed_leaky,0.5106078120178162,138.629436111989,1.2953146446846622,2.956756392840431,0.005000000000000002,0.4588375577496231,6.076008732975851,314.5883573614928,5,639.1767147229856,True,438,92.58679437637329
mem_medium,9,double_bump,level,0.0,19.59604203644235,1.6120222477298918,0.0,0.0,0.2366134599052111,7.20437400924576,282.42922112447553,3,570.8584422489511,True,116,32.182512044906616
mem_medium,9,double_bump,transient,1.0,0.2500037625601553,0.0,0.010000000000000004,0.0,30.0,15.0,341.9100700311182,3,689.8201400622364,True,8,1.8201215267181396
mem_medium,9,double_bump,mixed,0.3060277174772954,16.10383088043937,1.1665002949482794,1.1254166537889065,0.0,0.30926940605136327,7.093920371089886,281.2365477603672,4,570.4730955207344,True,230,21.53883409500122
mem_medium,9,double_bump,mixed_leaky,0.30813981245800975,138.629436111989,1.1591194213642566,1.129451281959266,0.005000000000000002,0.2906000429796037,7.094939596511423,281.247805699018,5,572.495611398036,True,534,110.69067311286926
mem_medium,8,roving_bump,level,0.0,5.310293861319816,2.3658101045903615,0.0,0.0,0.5187042547785571,4.686095958432911,279.9650262668874,3,565.9300525337748,True,128,27.35561728477478
mem_medium,8,roving_bump,transient,1.0,5.393580299151564,0.0,4.390814020174911,0.0,0.6176507529452478,4.524192477984079,276.3432272845865,3,558.686454569173,True,76,16.76885199546814
mem_medium,8,roving_bump,mixed,0.48323044254695174,5.2987944083019665,1.6939245113686787,3.465462974968414,0.0,0.6722394716052398,4.878072339059841,271.98442356770016,4,551.9688471354003,False,315,45.85134696960449
mem_medium,8,roving_bump,mixed_leaky,0.4826780682088209,138.629436111989,1.6960896426951937,3.4622252852658404,0.005000000000000002,0.6591331493162087,4.881856467480972,271.98542552232885,5,553.9708510446577,True,372,103.49685835838318
mem_medium,7,roving_ramp_bump,level,0.0,2.701386449446085,1.7065091615996304,0.0,0.0,0.7529498089175014,3.7660796623720776,243.97734263981204,3,493.9546852796241,True,124,13.560131072998047
mem_medium,7,roving_ramp_bump,transient,1.0,9.476231696803156,0.0,3.4287818990840346,0.0,0.4547967611990883,5.685494782720224,241.10179855628618,3,488.20359711257237,True,88,20.4728901386261
mem_medium,7,roving_ramp_bump,mixed,0.5519701007030449,6.3832576236936145,0.9543899495132887,2.572434108536584,0.0,0.5666389156825031,5.352215733589514,238.19021490839475,4,484.3804298167895,True,240,43.46899223327637
mem_medium,7,roving_ramp_bump,mixed_leaky,0.5004060288894195,2.7237362828159557,1.0911558286324214,2.3911232805699205,0.2544839546078704,-0.5177653609022079,6.573468861676274,237.97424390588037,5,485.94848781176074,True,696,152.5495421886444
mem_medium,9,bump_train,level,0.0,7.717410026773437,2.3270844145569867,0.0,0.0,0.4560064300734252,5.86211283712776,220.0468443972749,3,446.0936887945498,True,108,22.953718423843384
mem_medium,9,bump_train,transient,1.0,0.2500037625601553,0.0,0.010000000000000004,0.0,30.0,15.0,266.8244435872434,3,539.6488871744868,True,8,1.84806227684021
mem_medium,9,bump_train,mixed,0.38624215780069676,4.737083290416367,1.4888741348486714,2.049889505625755,0.0,0.6739336912417967,5.046156367928035,217.24276204728747,4,442.48552409457494,True,275,26.850149869918823
mem_medium,9,bump_train,mixed_leaky,0.3828153192206924,2.9431607058254197,1.5303396214866976,2.076690804457376,0.2355111561485562,-0.06618451701060367,5.3948975837175235,217.04169488708416,5,444.0833897741683,True,528,118.614018201828
mem_medium,9,roving_bump,level,0.0,12.94889562282717,1.9770681941474078,0.0,0.0,0.3400245819800034,7.12910750257702,433.09541721133064,3,872.1908344226613,True,128,25.22339963912964
mem_medium,9,roving_bump,transient,1.0,24.436020848228093,0.0,1.740131932522417,0.0,0.1949072760299851,5.685785333533355,456.3490104494532,3,918.6980208989064,True,100,10.257905721664429
mem_medium,9,roving_bump,mixed,0.24200680629154797,13.87260275671502,1.9214161489328303,1.3421268271604212,0.0,0.412945943729789,8.03016694338105,425.81680818632634,4,859.6336163726527,True,285,43.48280572891235
mem_medium,9,roving_bump,mixed_leaky,0.2407049955696075,138.629436111989,1.9244973196743091,1.3347554969427446,0.005000000000000002,0.3921063004723235,8.035745168437057,425.8243864542221,5,861.6487729084442,True,336,90.01790809631348
mem_medium,10,roving_ramp_bump,level,0.0,4.573248565512797,3.4509378873994425,0.0,0.0,0.5526478515870814,4.021118987179158,501.7576459841863,3,1009.5152919683726,True,112,21.17072820663452
mem_medium,10,roving_ramp_bump,transient,1.0,4.626922365642797,0.0,5.3642533818272256,0.0,0.6359493158315869,3.6437295732506474,512.1739493810837,3,1030.3478987621675,True,132,18.328244924545288
mem_medium,10,roving_ramp_bump,mixed,0.3883918381350644,5.790600369822165,2.8575158332994057,3.970043947417389,0.0,0.670526124855328,4.605833747855066,486.3165285459163,4,980.6330570918326,True,170,35.890883445739746
mem_medium,10,roving_ramp_bump,mixed_leaky,0.38657045695588044,12.951610879738835,2.858428796718149,3.9409524744662985,0.05351822155530373,0.5356860208262503,4.631159160326317,486.3050694972894,5,982.6101389945788,True,450,67.8248062133789
mem_medium,10,double_bump,level,0.0,6.841443943757648,6.941783841833551,0.0,0.0,0.6169961992764109,5.3317190787917035,281.70272730394953,3,569.4054546078991,True,108,17.706425428390503
mem_medium,10,double_bump,transient,1.0,2.284422998261671,0.0,5.030290782520856,0.0,0.939495701877417,3.2547447338637787,287.20175998801744,3,580.4035199760349,True,116,19.75230836868286
mem_medium,10,double_bump,mixed,0.1640680443062027,5.5546644351852414,5.621667496589491,2.413948914615133,0.0,0.7431945400881073,5.000348301867137,279.82376149696233,4,567.6475229939247,True,260,50.97773265838623
mem_medium,10,double_bump,mixed_leaky,0.1663757257751633,3.922512208080874,5.673366109111467,2.477252452868278,0.17671001230588243,0.11776130040780315,5.679362850064561,279.6851605305689,5,569.3703210611378,True,360,78.36027312278748
mem_medium,9,roving_ramp_bump,level,0.0,10.596754278936823,1.4622184757069907,0.0,0.0,0.33093304452568306,5.998771798680292,427.4682663311666,3,860.9365326623332,True,156,24.65883207321167
mem_medium,9,roving_ramp_bump,transient,1.0,23.737967004333328,0.0,2.3054519783078526,0.0,0.23081454864428513,6.016306752829824,430.34011893114905,3,866.6802378622981,True,124,12.307913064956665
mem_medium,9,roving_ramp_bump,mixed,0.40960552254676785,12.528652977948012,1.279558147479101,1.9421974960819532,0.0,0.4097141318415197,7.0190585694009435,413.6471762126918,4,835.2943524253836,True,240,44.50940132141113
mem_medium,9,roving_ramp_bump,mixed_leaky,0.4080886276827021,138.629436111989,1.2816696595920185,1.9332310340623255,0.005000000000000002,0.3914950461404944,7.018954444880965,413.66963626209116,5,837.3392725241823,False,456,90.09670996665955
mem_medium,8,double_bump,level,0.0,0.9880492734407955,4.42948730178863,0.0,0.0,1.3692278154689976,2.4190782108339883,248.50636515150512,3,503.01273030301024,True,168,31.994805335998535
mem_medium,8,double_bump,transient,1.0,3.4487793221596394,0.0,4.086687444371895,0.0,0.7498527018967145,3.8994560834904983,247.98871368283815,3,501.9774273656763,True,160,23.862030506134033
mem_medium,8,double_bump,mixed,0.35998695321402896,1.9967742379080533,2.397729155892064,2.9505834669187423,0.0,1.0265770473079963,3.2540873809781474,245.95108360354945,4,499.9021672070989,True,275,55.71412372589111
mem_medium,8,double_bump,mixed_leaky,0.34504711813075306,1.2132827389296514,2.5272389892481826,2.912892830099804,0.5712989712286143,-4.450280207565935,10.96211590538313,244.50031001373338,5,499.00062002746677,True,894,169.17469573020935
mem_medium,10,bump_train,level,0.0,10.845897928309006,5.891374300121705,0.0,0.0,0.4707624288586934,6.026606469601914,269.3355533595313,3,544.6711067190625,True,124,27.500735759735107
mem_medium,10,bump_train,transient,1.0,13.227424705507852,0.0,4.0704340524237,0.0,0.40387547518472194,5.822585513821013,277.6299491489641,3,561.2598982979282,True,136,27.518815279006958
mem_medium,10,bump_train,mixed,0.10271701294067077,9.834127110335103,5.266584750611874,1.31902149139097,0.0,0.5309186621442439,5.878685974041756,268.800947157243,4,545.601894314486,True,250,25.71273374557495
mem_medium,10,bump_train,mixed_leaky,0.10057926215250232,3.3684147663644612,5.30056256494569,1.2968130133699467,0.20577845325979877,-0.2849421948923987,6.513558239477723,268.54481980765695,5,547.0896396153139,True,432,132.96954989433289
mem_medium,11,double_bump,level,0.0,29.03420593734965,3.761791616701926,0.0,0.0,0.2607583889094233,7.988204797776602,211.34425684670597,3,428.68851369341195,True,160,24.006030321121216
mem_medium,11,double_bump,transient,1.0,27.5682342298356,0.0,4.764577208265976,0.0,0.35866152774143645,7.914325350377209,207.4111410833599,3,420.8222821667198,True,152,26.293718576431274
mem_medium,11,double_bump,mixed,0.5557922586578101,21.398580262053983,1.5060191121273392,4.1225572962919586,0.0,0.4151256244025426,7.689457500897832,207.06064655868667,4,422.12129311737334,True,280,26.27816152572632
mem_medium,11,double_bump,mixed_leaky,0.5606534049985418,3.586944085464203,1.495267276170551,4.174609667425225,0.19324170214106973,-1.8544391979793566,15.0,206.0317336946496,5,422.0634673892992,True,714,109.94604301452637
mem_medium,10,roving_bump,level,0.0,3.222941177599636,3.469098001269378,0.0,0.0,0.6385560354424803,3.3837551634398353,559.0698499820966,3,1124.1396999641931,True,112,18.999418020248413
mem_medium,10,roving_bump,transient,1.0,5.953463826642252,0.0,4.8198965945874575,0.0,0.5349774084756121,3.7787691425367744,553.2481694163524,3,1112.4963388327049,True,144,18.75021767616272
mem_medium,10,roving_bump,mixed,0.4170403761374947,5.2390387837506,2.336098141284094,3.6562893512839207,0.0,0.626627392429444,4.03450094755585,543.311838548048,4,1094.623677096096,False,355,48.71916747093201
mem_medium,10,roving_bump,mixed_leaky,0.3940400222997024,1.4271501290563178,2.584485514396884,3.6768875055087538,0.4856862403244701,-0.8040742675726678,4.6921007224939215,542.6662020422207,5,1095.3324040844414,True,504,151.33461499214172
mem_medium,11,roving_ramp_bump,level,0.0,17.57354391454284,2.221989296846722,0.0,0.0,0.2548572733416384,6.3999503657228916,323.62531923306847,3,653.2506384661369,True,88,16.8963680267334
mem_medium,11,roving_ramp_bump,transient,1.0,20.915580006927716,0.0,5.395985040867563,0.0,0.3937365410859507,6.279174532957418,320.06622519250305,3,646.1324503850061,True,80,16.925500631332397
mem_medium,11,roving_ramp_bump,mixed,0.5400547665128023,15.880831182738676,1.739248422092644,4.467896925905418,0.0,0.4702792167641987,6.7206320897821294,314.1308590857459,4,636.2617181714918,True,235,40.84277677536011
mem_medium,11,roving_ramp_bump,mixed_leaky,0.5389261211058368,138.629436111989,1.738470855800793,4.445657242067376,0.005000000000000002,0.4518540695451567,6.717778438716642,314.18600607477373,5,638.3720121495475,True,348,78.59088206291199
mem_medium,13,double_bump,level,0.0,20.989808671126216,5.729220040518557,0.0,0.0,0.44278983111215464,10.711794055065223,168.0968758698732,3,342.1937517397464,True,116,11.637228012084961
mem_medium,13,double_bump,transient,1.0,17.582711662248016,0.0,4.204274744067133,0.0,0.42109090036795016,8.132627192300568,175.39640617522898,3,356.79281235045795,True,196,19.49970245361328
mem_medium,13,double_bump,mixed,0.1485689559517621,15.169975252775183,5.063491172955609,1.9330295545286578,0.0,0.5747095692945382,9.757677986531,167.35780280254403,4,342.71560560508806,True,300,32.25258994102478
mem_medium,13,double_bump,mixed_leaky,0.1485437259996779,138.629436111989,5.044262172111054,1.9253046532112192,0.005000000000000002,0.543684118754404,9.84294419846376,167.41382493882838,5,344.82764987765677,True,168,68.8359317779541
mem_medium,12,double_bump,level,0.0,8.99393078245788,4.1914874934818815,0.0,0.0,0.4284356149488477,5.23753905364825,303.11280650027743,3,612.2256130005549,True,140,21.79683232307434
mem_medium,12,double_bump,transient,1.0,9.162740377979961,0.0,3.936499729474902,0.0,0.45485743205075996,5.078436073867434,302.7787155211304,3,611.5574310422608,True,96,25.409883975982666
mem_medium,12,double_bump,mixed,0.3057951537942151,7.067279707292281,2.856461103844585,2.7528409400464033,0.0,0.5667734028651215,4.932081233726013,300.30965128960696,4,608.6193025792139,True,285,47.32326865196228
mem_medium,12,double_bump,mixed_leaky,0.30272085873998444,2.7750926333042574,2.8776599694457845,2.733285483756554,0.24977442995646107,-0.32409208916678633,5.6785317124444115,300.18938029124735,5,610.3787605824947,True,216,74.71728873252869
mem_medium,12,roving_ramp_bump,level,0.0,4.375301326380342,3.0275393761844493,0.0,0.0,0.5878335479076233,4.276298904582525,399.0604078132023,3,804.1208156264046,True,76,17.879237174987793
mem_medium,12,roving_ramp_bump,transient,1.0,5.529409616979362,0.0,2.705537243870342,0.0,0.47132647730242117,3.861422909640234,422.3553142247904,3,850.7106284495808,True,68,14.239013195037842
mem_medium,12,roving_ramp_bump,mixed,0.13977231154379763,4.795307249194187,2.8128166156888343,0.9999055882759549,0.0,0.6002420449412045,4.4402701759664565,397.9568734744401,4,803.9137469488802,True,245,43.71621870994568
mem_medium,12,roving_ramp_bump,mixed_leaky,0.13932718128843866,138.629436111989,2.8125626217371864,0.9961157586087409,0.005000000000000002,0.5885854152622747,4.439849141681485,397.9630026069423,5,805.9260052138847,True,348,83.40565037727356
mem_medium,11,roving_bump,level,0.0,63.60249753106422,1.5035158759362808,0.0,0.0,0.11181129069918014,7.959651828994275,297.05685824581883,3,600.1137164916377,True,116,21.795031785964966
mem_medium,11,roving_bump,transient,1.0,180.92729572583207,0.0,1.8283040596839921,0.0,0.10442156125900316,7.915046505610203,298.83508649196966,3,603.6701729839393,True,136,24.869159936904907
mem_medium,11,roving_bump,mixed,0.27887228547162435,47.200905963117144,1.3360221781461161,1.1303597458252979,0.0,0.177160569016573,7.77607312296339,296.52729565852957,4,601.0545913170591,True,245,24.99908947944641
mem_medium,11,roving_bump,mixed_leaky,0.20179701332399996,3.905905455512699,1.425913509379826,0.7886865158749535,0.17746133091410454,-1.0525075024421386,10.016494992055032,296.43242558089804,5,602.8648511617961,True,438,121.07895302772522
mem_medium,14,bump_train,level,0.0,26.50924586319671,6.255782407687304,0.0,0.0,0.4877875601395039,15.0,95.44197501806799,3,196.88395003613599,True,136,13.50707745552063
mem_medium,14,bump_train,transient,1.0,0.2500037625601553,0.0,0.010000000000000004,0.0,30.0,15.0,107.21061002401075,3,220.4212200480215,True,8,1.8208987712860107
mem_medium,14,bump_train,mixed,0.0014602694361528297,26.465922688688195,6.2509882786769175,0.01999982413637937,0.0,0.4889966764032752,15.0,95.44542316293378,4,198.89084632586756,True,80,7.611274719238281
mem_medium,14,bump_train,mixed_leaky,0.0007487896948030524,95.77956477635284,6.099650870435803,0.010000000000000004,0.007236900503551645,0.41937792798467893,15.0,95.43317803032232,5,200.86635606064465,True,414,62.967745780944824
mem_medium,13,bump_train,level,0.0,18.59195602119814,3.2743241021766467,0.0,0.0,0.3234069544439403,8.038336193240609,154.9868473380265,3,315.973694676053,True,124,12.786643981933594
mem_medium,13,bump_train,transient,1.0,10.745352401757046,0.0,4.539030096114591,0.0,0.5242703519178974,6.862690181303974,150.34204696801436,3,306.6840939360287,True,112,11.761308193206787
mem_medium,13,bump_train,mixed,0.9951991631032198,10.738422548417622,0.010000000000000004,4.535267387444338,0.0,0.5246137477665264,6.862254663184513,150.34340143029837,4,308.68680286059674,True,365,47.55764842033386
mem_medium,13,bump_train,mixed_leaky,0.9951611982232595,5.904289740361352,0.010000000000000004,4.49951236174994,0.11739721643767495,-0.071977137314004,7.992617759324837,150.277007002929,5,310.554014005858,True,402,82.88721132278442
mem_medium,13,roving_bump,level,0.0,8.303279988857659,3.1995713748989547,0.0,0.0,0.47825015714483254,6.202035987011426,315.1982176550025,3,636.396435310005,True,108,16.03318476676941
mem_medium,13,roving_bump,transient,1.0,10.150651856130152,0.0,4.844190133907444,0.0,0.49621021423612977,5.633506712089088,329.69537321694565,3,665.3907464338913,True,108,17.450743436813354
mem_medium,13,roving_bump,mixed,0.378511628587201,11.370804725429828,3.3057625240297392,4.40481545380045,0.0,0.6783474699940677,8.44193894434926,296.6797104314713,4,601.3594208629426,True,245,47.56134510040283
mem_medium,13,roving_bump,mixed_leaky,0.3772842786707888,138.629436111989,3.3114462290121023,4.389412865448951,0.005000000000000002,0.6552850157783132,8.461779093001534,296.7094011925626,5,603.4188023851252,True,348,75.02766299247742
mem_medium,14,double_bump,level,0.0,135.3746947284429,3.903804855224729,0.0,0.0,0.18324548600464255,15.0,181.1380389436603,3,368.2760778873206,True,280,25.729398250579834
mem_medium,14,double_bump,transient,1.0,197.31455171284478,0.0,5.454368469922414,0.0,0.28427534185428305,15.0,178.43604341750822,3,362.87208683501643,True,140,13.575153112411499
mem_medium,14,double_bump,mixed,0.4951878027448368,86.14009760941335,1.9233912183401827,4.127789806973874,0.0,0.3364255009146709,15.0,177.4451112790628,4,362.8902225581256,True,290,30.58741068840027
mem_medium,14,double_bump,mixed_leaky,0.5086596865949622,16.652340614445762,1.8539244636926584,4.199008971241127,0.0416246098136286,-0.009457213512281355,15.0,176.48243153234048,5,362.96486306468097,True,192,45.38921117782593
mem_medium,12,bump_train,level,0.0,9.986177044032589,1.5849870585261736,0.0,0.0,0.3323624903880175,5.601377797323553,210.89408471136647,3,427.78816942273295,True,288,40.59871554374695
mem_medium,12,bump_train,transient,1.0,5.814298970926741,0.0,4.96091974354461,0.0,0.6569975785658527,5.035320615580327,202.91637110501796,3,411.8327422100359,True,172,29.47540831565857
mem_medium,12,bump_train,mixed,0.9956061585872774,5.787088534089633,0.010000000000000004,4.957389504369826,0.0,0.6584758676667661,5.026920158137967,202.92321868055433,4,413.84643736110866,True,285,39.97587704658508
mem_medium,12,bump_train,mixed_leaky,0.9956636206571088,2.751486786071701,0.010000000000000004,5.023370591555934,0.2519173212347321,-0.46402786572360355,6.598411687605401,202.74869730625838,5,415.49739461251676,True,510,87.77540731430054
mem_medium,12,roving_bump,level,0.0,10.190103507721158,2.4181476987614254,0.0,0.0,0.3284117144538686,5.079176350356579,424.026076463215,3,854.05215292643,True,80,22.857201099395752
mem_medium,12,roving_bump,transient,1.0,9.806029661060206,0.0,3.419746831276891,0.0,0.38953930374893914,4.611532354321586,426.2123878990732,3,858.4247757981464,True,80,15.733803987503052
mem_medium,12,roving_bump,mixed,0.36158016389393993,7.639505068326649,1.9793661385467256,2.4526422639683294,0.0,0.4923616592046032,4.840444081310208,417.4682328939316,4,842.9364657878632,True,190,35.53632879257202
mem_medium,12,roving_bump,mixed_leaky,0.27551596679728074,1.352214365777671,2.448938875277007,2.037538133732965,0.5126015505398879,-2.9288110942956274,8.654039133785004,416.05172588535453,5,842.1034517707091,True,708,130.92772388458252
mem_medium,13,roving_ramp_bump,level,0.0,6.008983109396451,3.198505027521174,0.0,0.0,0.558184059651401,5.449400910592084,352.0242395245848,3,710.0484790491696,True,144,20.82051658630371
mem_medium,13,roving_ramp_bump,transient,1.0,7.16861051117298,0.0,4.496779329821259,0.0,0.53751172393264,4.795541598935525,369.69726802229604,3,745.3945360445921,False,224,32.23674702644348
mem_medium,13,roving_ramp_bump,mixed,0.331360822051052,6.289030133884522,2.8456109533775837,3.085280891450148,0.0,0.7045215184274503,5.9372407155632,340.3015386664658,4,688.6030773329315,True,235,39.305567264556885
mem_medium,13,roving_ramp_bump,mixed_leaky,0.33069586677181195,138.629436111989,2.845352871908757,3.0757514702405024,0.005000000000000002,0.688966166762721,5.934319686786673,340.3393629664169,5,690.6787259328338,True,330,62.49998760223389
mem_medium,11,bump_train,level,0.0,1.5194364476544333,3.7328577059497325,0.0,0.0,1.0478123475550107,2.812680192168509,232.5164224241032,3,471.0328448482064,True,124,21.34451460838318
mem_medium,11,bump_train,transient,1.0,5.366246869787535,0.0,2.846218967049655,0.0,0.5483625788500864,4.506098370903014,231.6275683444874,3,469.2551366889748,True,128,27.483120441436768
mem_medium,11,bump_train,mixed,0.36469677276546747,2.881325537050856,1.8119652074073276,2.2756766817357486,0.0,0.7925806161484662,3.633320385083151,231.25206060325053,4,470.50412120650105,True,215,46.4223096370697
mem_medium,11,bump_train,mixed_leaky,0.3582265919416338,0.8989137285696821,2.1048352607017775,2.5704198133688254,0.7710942202015928,-2.8975302403283796,6.375341207182356,230.65618147617784,5,471.31236295235567,True,888,161.42355060577393
mem_medium,15,double_bump,level,0.0,36.567322290874586,5.664829277047116,0.0,0.0,0.39061573680138867,15.0,102.47162741773342,3,210.94325483546683,True,200,19.017159700393677
mem_medium,15,double_bump,transient,1.0,0.2500037625601553,0.0,0.010000000000000004,0.0,30.0,15.0,116.52926886927423,3,239.05853773854847,True,8,1.8250064849853516
mem_medium,15,double_bump,mixed,0.0016120961819149698,36.49131280674843,5.661455198971572,0.019999979944913638,0.0,0.3918354557036139,15.0,102.4709394933612,4,212.9418789867224,True,100,9.156272411346436
mem_medium,15,double_bump,mixed_leaky,0.0017025923865507016,70.79011908180966,5.415697383162112,0.020207611280768933,0.009791580937431385,0.29736234556280494,15.0,102.43958826778412,5,214.87917653556823,True,390,52.37915873527527
mem_medium,16,bump_train,level,0.0,8.282983755634023,5.5103859845031264,0.0,0.0,0.7423871964687884,9.308920711410464,99.82331991458857,3,205.64663982917713,True,132,13.779639959335327
mem_medium,16,bump_train,transient,1.0,0.2500037625601553,0.0,0.010000000000000004,0.0,30.0,15.0,116.60143854311468,3,239.20287708622936,True,8,1.7790193557739258
mem_medium,16,bump_train,mixed,0.0016575500564840718,8.285172994124649,5.5057895979581915,0.01999938182869138,0.0,0.7433325967850245,9.314578393457545,99.83146920127757,4,207.66293840255514,True,25,2.9044761657714844
mem_medium,16,bump_train,mixed_leaky,0.0015811612202311345,138.629436111989,5.5019701948034605,0.01906300962316636,0.005000000000000002,0.717864928531238,9.339590995675985,99.8572310041049,5,209.7144620082098,True,234,43.68619179725647
mem_medium,16,double_bump,level,0.0,14.170477526747499,4.408098040830484,0.0,0.0,0.5125229591682202,10.434131329613288,124.36891654097838,3,254.73783308195675,True,152,15.078181743621826
mem_medium,16,double_bump,transient,1.0,0.2500037625601553,0.0,0.010000000000000004,0.0,30.0,15.0,144.6584192874176,3,295.3168385748352,True,8,1.737677812576294
mem_medium,16,double_bump,mixed,0.33012337124421287,10.982464843347579,4.020873821418054,4.335225940541438,0.0,0.8676114270094095,11.865416837009587,121.29568650858127,4,250.59137301716254,True,285,25.632880687713623
mem_medium,16,double_bump,mixed_leaky,0.33285331746826174,138.629436111989,3.971106941018231,4.334639538734318,0.005000000000000002,0.8326814657995336,11.816076316010417,121.35882769184275,5,252.7176553836855,True,222,45.222707748413086
mem_medium,14,roving_bump,level,0.0,12.703899051204571,2.4314088414257875,0.0,0.0,0.3803467751019903,7.640679197720428,252.39928634981885,3,510.7985726996377,True,152,24.68361496925354
mem_medium,14,roving_bump,transient,1.0,9.410334410795848,0.0,3.0470024721750644,0.0,0.4343018074654259,5.5846479657190065,255.601562872222,3,517.2031257444439,True,128,13.617595434188843
mem_medium,14,roving_bump,mixed,0.3421330879443655,12.772285573328537,2.213399244740476,2.5184111717944133,0.0,0.5102561506115496,8.27808369957723,246.3383436065941,4,500.6766872131882,True,295,50.28255844116211
mem_medium,14,roving_bump,mixed_leaky,0.3416714519825641,138.629436111989,2.2108782184677342,2.510386971426628,0.005000000000000002,0.48750587019455766,8.285930435993674,246.3508966926545,5,502.701793385309,True,156,82.62955474853516
mem_medium,15,bump_train,level,0.0,9.049472491046465,3.2902932559868896,0.0,0.0,0.45594528029058,6.301928797922426,168.61257266977694,3,343.2251453395539,True,100,10.579300165176392
mem_medium,15,bump_train,transient,1.0,11.138765400668087,0.0,1.8920146773797313,0.0,0.3661964098941996,6.254903917340033,173.02933384998568,3,352.05866769997135,True,184,18.830312728881836
mem_medium,15,bump_train,mixed,0.0013885336601491252,9.037244344464733,3.287231499578052,0.010000000000000004,0.0,0.4566476509279202,6.299759925625123,168.6144615368161,4,345.2289230736322,True,270,27.252301454544067
mem_medium,15,bump_train,mixed_leaky,0.0013981392506989048,5.412706263143753,3.264615937618834,0.010000000000000004,0.12805926404684642,-0.09121450089295906,6.99530806224352,168.57302471899226,5,347.1460494379845,True,432,63.76926374435425
mem_medium,15,roving_ramp_bump,level,0.0,9.20261710067439,3.068407118566671,0.0,0.0,0.45624964511297983,6.547918953645675,391.92665331172765,3,789.8533066234553,True,120,19.259182453155518
mem_medium,15,roving_ramp_bump,transient,1.0,14.84975441162424,0.0,2.276904443594595,0.0,0.270030238197672,4.966586674348152,433.89134576306833,3,873.7826915261367,False,228,30.28640651702881
mem_medium,15,roving_ramp_bump,mixed,0.07566888814537893,9.36571793892011,2.982772777550573,0.5342195765559454,0.0,0.47520340696812513,6.6197283562563145,391.56577189907534,4,791.1315437981507,True,280,26.265970706939697
mem_medium,15,roving_ramp_bump,mixed_leaky,0.07481589756261789,138.629436111989,2.9824842659153292,0.52765946954785,0.005000000000000002,0.45790974011573277,6.619372073312583,391.5796887702375,5,793.159377540475,True,342,64.32427406311035
mem_medium,14,roving_ramp_bump,level,0.0,22.23332034222838,2.439788044224278,0.0,0.0,0.2783964831852843,8.826500038190572,309.7942653097737,3,625.5885306195474,True,132,20.420872688293457
mem_medium,14,roving_ramp_bump,transient,1.0,20.735817282123353,0.0,3.757361386696129,0.0,0.33032397939138686,6.663618849129255,321.94659302492823,3,649.8931860498565,True,136,20.425421476364136
mem_medium,14,roving_ramp_bump,mixed,0.3822060259553975,13.073451917373866,2.2397444593058853,3.031532157182948,0.0,0.5380471430829826,8.571611299816729,298.7711658976108,4,605.5423317952216,True,225,47.77469062805176
mem_medium,14,roving_ramp_bump,mixed_leaky,0.38154167573724646,138.629436111989,2.2411996935159615,3.024976076048703,0.005000000000000002,0.5139207858113602,8.601813361480374,298.77082109078316,5,607.5416421815663,True,408,82.71311497688293
mem_medium,16,roving_ramp_bump,level,0.0,9.173837929970137,2.1231037318338926,0.0,0.0,0.42736993086696384,6.565559811316498,364.2111847594857,3,734.4223695189714,True,160,29.552896738052368
mem_medium,16,roving_ramp_bump,transient,1.0,24.35069994976398,0.0,4.076653372898735,0.0,0.32181200561788015,6.708663284692261,369.2549136644917,3,744.5098273289834,True,144,21.649274110794067
mem_medium,16,roving_ramp_bump,mixed,0.4793321376636469,13.487250592706573,2.128395931708336,4.2868475807100594,0.0,0.613184604096892,9.439227923946229,334.65415513213145,4,677.3083102642629,True,240,40.61819815635681
mem_medium,16,roving_ramp_bump,mixed_leaky,0.47750850625013336,138.629436111989,2.1321159771626745,4.2630709337425285,0.005000000000000002,0.5873947623323257,9.449507348042442,334.6799497466629,5,679.3598994933258,True,306,82.4997980594635
mem_medium,16,roving_bump,level,0.0,10.683750679536436,2.273270222376639,0.0,0.0,0.3809616518158947,6.54947022491303,350.434967455103,3,706.869934910206,True,152,27.3605694770813
mem_medium,16,roving_bump,transient,1.0,13.036908819021104,0.0,4.7135169115060975,0.0,0.4506999088453504,6.202555004253876,342.39918351224196,3,690.7983670244839,True,88,22.087474584579468
mem_medium,16,roving_bump,mixed,0.4792474901579031,11.541250145286153,2.353611531018564,4.738851558353838,0.0,0.6694826149607881,8.735481103821389,315.98866005714746,4,639.9773201142949,True,235,39.13166069984436
mem_medium,16,roving_bump,mixed_leaky,0.4475786645142894,8.92620120359582,2.5133035453280774,4.4550616978976425,0.07765309841780384,0.19011738109141996,9.769357097329717,315.7128582185802,5,641.4257164371604,True,522,99.57007265090942
mem_medium,15,roving_bump,level,0.0,6.317114739563565,3.235152586534897,0.0,0.0,0.5829942864611853,6.02713310812406,290.59484702627265,3,587.1896940525453,False,176,33.063737630844116
mem_medium,15,roving_bump,transient,1.0,5.120890387118213,0.0,2.3252365341124213,0.0,0.5072576608642582,4.119993238406817,322.2953875348323,3,650.5907750696646,True,168,27.348397254943848
mem_medium,15,roving_bump,mixed,0.13726894002193293,7.0137037828317865,3.1085258462191567,1.0820844983202935,0.0,0.6097502171451598,6.439906234570796,289.1646053356752,4,586.3292106713504,True,230,50.522297859191895
mem_medium,15,roving_bump,mixed_leaky,0.10542757451142956,4.120927498199316,3.2822756839127147,0.8462985752002692,0.1682017412009368,-0.07774453247201178,6.927681044909698,288.78792528588883,5,587.5758505717777,True,450,104.90199136734009
mem_medium,18,bump_train,level,0.0,6.393342556459677,2.7091407231039994,0.0,0.0,0.4941658819234067,5.18430553243131,173.4701641384878,3,352.9403282769756,True,112,11.86795449256897
mem_medium,18,bump_train,transient,1.0,3.5540387252355363,0.0,3.3286232467507,0.0,0.7354809771139688,4.159600697163583,171.8209905398556,3,349.6419810797112,True,124,13.32063364982605
mem_medium,18,bump_train,mixed,0.7565765104138319,3.7449269206421247,0.45544496700137815,3.096963758648822,0.0,0.7232897807002032,4.258330956096551,171.79928646116844,4,351.59857292233687,True,295,33.3217396736145
mem_medium,18,bump_train,mixed_leaky,0.7586007269944554,138.629436111989,0.45059851755674324,3.0979678163402093,0.005000000000000002,0.7121828257793937,4.2579971579116265,171.80074519702032,5,353.60149039404064,True,684,88.59127831459045
mem_medium,18,roving_bump,level,0.0,3.7083213715911336,1.7567364008674315,0.0,0.0,0.6045053121436725,4.056717085666448,248.59341843476096,3,503.1868368695219,True,152,30.835578680038452
mem_medium,18,roving_bump,transient,1.0,4.181341971427896,0.0,4.080380653575253,0.0,0.6990747307151919,4.305489120668312,239.82214725275838,3,485.64429450551677,True,116,18.430130004882812
mem_medium,18,roving_bump,mixed,0.6686545370048029,3.939579758337293,0.8141534007160636,3.5944864857045697,0.0,0.7394059020887878,4.337102216528181,238.95160371577776,4,485.90320743155553,True,235,42.16290020942688
mem_medium,18,roving_bump,mixed_leaky,0.6365393459408004,1.6975005258700533,0.9139106714804716,3.5017202260183393,0.40833400048855534,-0.9307964787585525,5.936554827583834,238.88858046642792,5,487.77716093285585,True,552,77.29253673553467
mem_medium,18,double_bump,level,0.0,11.32202645995706,5.271850116853115,0.0,0.0,0.47511953357539405,6.849246848639656,195.28729619051956,3,396.5745923810391,True,136,25.471031665802002
mem_medium,18,double_bump,transient,1.0,1.760223941618379,0.0,6.890750025124311,0.0,1.240971682113306,3.273502639994194,190.72056334100012,3,387.44112668200023,False,200,28.42959189414978
mem_medium,18,double_bump,mixed,0.5345226396272111,1.4366676851706646,2.503467513150213,6.289546727470802,0.0,1.4398753525469752,3.085724506674071,189.49157967223456,4,386.98315934446913,True,270,42.81346774101257
mem_medium,18,double_bump,mixed_leaky,0.5342659676533817,138.629436111989,2.503545660417083,6.283258099887967,0.005000000000000002,1.430123028245984,3.0885286650145676,189.49210697264542,5,388.98421394529083,True,342,105.8822135925293
mem_medium,18,roving_ramp_bump,level,0.0,2.127972587935673,2.123175224507294,0.0,0.0,0.8874474132733514,3.481008373820781,202.76802391837415,3,411.5360478367483,True,84,8.762815237045288
mem_medium,18,roving_ramp_bump,transient,1.0,4.265908622436099,0.0,5.493226380363905,0.0,0.8048913487028411,4.7511296637229465,190.80977076305228,3,387.61954152610457,True,124,19.038477420806885
mem_medium,18,roving_ramp_bump,mixed,0.6842887387820492,3.524085832199383,1.018276012539399,4.828638351320215,0.0,0.9030286227450128,4.593070743557932,189.27163035143366,4,386.5432607028673,True,255,49.67125654220581
mem_medium,18,roving_ramp_bump,mixed_leaky,0.6842178342065429,138.629436111989,1.0180652837556112,4.826054982845772,0.005000000000000002,0.8904839217425214,4.595552683633879,189.27671221515635,5,388.5534244303127,True,330,78.4562680721283
mem_medium,17,roving_bump,level,0.0,30.279849083009502,2.282343764135242,0.0,0.0,0.1732505058142589,5.965566468011907,442.354041808688,3,890.708083617376,True,88,17.600797414779663
mem_medium,17,roving_bump,transient,1.0,35.191470213206706,0.0,3.5257923615991755,0.0,0.23924404414361747,5.634461934858098,439.79153641509816,3,885.5830728301963,True,152,26.553033113479614
mem_medium,17,roving_bump,mixed,0.45339023298451764,21.915697093239995,1.4752001866189541,2.677044421779946,0.0,0.2993233768429738,5.704398884047812,436.8658035065815,4,881.731607013163,True,260,46.17353916168213
mem_medium,17,roving_bump,mixed_leaky,0.4069967463064922,2.051958587031303,1.797184160639836,2.6985861667179796,0.3377978410191819,-1.838797805183962,8.705098488491384,434.1328513761277,5,878.2657027522554,True,540,132.77597284317017
mem_medium,17,bump_train,level,0.0,267.69505768850564,3.7901286976449162,0.0,0.0,0.14032189234697934,8.673809959637472,303.5985871212989,3,613.1971742425978,True,140,29.01021718978882
mem_medium,17,bump_train,transient,1.0,218.85072538458348,0.0,3.2688349814387716,0.0,0.1663629792393327,8.217819093440818,303.52672413537726,3,613.0534482707545,True,216,36.1106915473938
mem_medium,17,bump_train,mixed,0.9867883666844061,216.67474288322072,0.020000222658251528,3.2682267961339777,0.0,0.16718549083000928,8.22061182848719,303.5092439461249,4,615.0184878922498,True,95,12.018885612487793
mem_medium,17,bump_train,mixed_leaky,0.37065471699842656,3.6178926492066887,1.8809171134594695,2.4235950354301266,0.191588653331639,-1.6715450137464152,13.069669920361425,302.16790739097735,5,614.3358147819547,True,816,167.08006358146667
mem_medium,17,double_bump,level,0.0,3.9149299649578913,4.456092810086861,0.0,0.0,0.64022624913634,3.8702680970713157,319.1019323577426,3,644.2038647154852,True,104,19.47603464126587
mem_medium,17,double_bump,transient,1.0,12.580226527146587,0.0,2.856422993303295,0.0,0.34257637005836794,5.374492950442572,321.5852347099236,3,649.1704694198472,True,128,24.570557355880737
mem_medium,17,double_bump,mixed,0.0020478820427519504,3.9185266063626094,4.454894146389131,0.020000574434396106,0.0,0.6409394255219616,3.8726434789981132,319.0852546826414,4,646.1705093652828,True,25,4.633769273757935
mem_medium,17,double_bump,mixed_leaky,0.12035722658258065,1.0291662761722467,4.198495391497912,1.2568092248289087,0.6735035888835679,-3.149388232205576,7.35240584815513,317.92782185858175,5,645.8556437171635,True,756,219.97448325157166
mem_medium,19,double_bump,level,0.0,6.5628403266699635,4.403576245712791,0.0,0.0,0.5767175173174518,5.6769495743075336,327.94063055410476,3,661.8812611082095,True,88,17.020403385162354
mem_medium,19,double_bump,transient,1.0,8.247488421916627,0.0,4.01126134297561,0.0,0.506100394500683,5.360731803238492,344.18357798841316,3,694.3671559768263,True,160,26.133506536483765
mem_medium,19,double_bump,mixed,0.1520924613858918,6.537412312449131,3.717617946553275,1.458927781029991,0.0,0.6279930092070107,5.7578389491741495,326.27652042393964,4,660.5530408478793,True,220,46.515178203582764
mem_medium,19,double_bump,mixed_leaky,0.15386888426286716,5.56977959171605,3.7443537254379304,1.4897035554114924,0.12444786533220546,0.17880776776174528,6.169698855523144,325.9940543698132,5,661.9881087396265,True,492,98.79341459274292
mem_medium,22,double_bump,level,0.0,0.25000272907029897,0.010000000000000004,0.0,0.0,30.0,15.0,69.53070775668243,3,145.06141551336486,True,8,1.7999329566955566
mem_medium,22,double_bump,transient,1.0,0.2500037625601553,0.0,0.010000000000000004,0.0,30.0,15.0,69.53070775668243,3,145.06141551336486,True,8,1.7927792072296143
mem_medium,22,double_bump,mixed,0.4775764455742727,0.25001025446816466,0.010000000000000004,0.02,0.0,30.0,15.0,69.53070775668243,4,147.06141551336486,True,5,1.251065731048584
mem_medium,22,double_bump,mixed_leaky,0.4775764455742727,115.52453009332424,0.010000000000000004,0.02,0.005999999999999998,30.0,15.0,69.53070775668243,5,149.06141551336486,True,6,2.2147958278656006
mem_medium,19,roving_bump,level,0.0,4.736806174331696,3.121842983159911,0.0,0.0,0.6236972462229264,4.94012519232455,505.7583420054384,3,1017.5166840108768,True,96,19.288973093032837
mem_medium,19,roving_bump,transient,1.0,5.04624603029022,0.0,2.7556504364501593,0.0,0.49009532379907966,3.6905981728675563,549.2349101008884,3,1104.4698202017769,True,64,17.44383144378662
mem_medium,19,roving_bump,mixed,0.23531836738499978,5.519670670901606,3.0098298694439194,2.026408330419298,0.0,0.7065872565142071,5.702122976002707,490.7385814443039,4,989.4771628886078,True,185,30.787290811538696
mem_medium,19,roving_bump,mixed_leaky,0.2224456801708175,5.515828934221624,3.0932756562007233,1.9360729086050879,0.12566509745425236,0.28666619519637276,5.927413165573372,490.50806483265137,5,991.0161296653027,True,300,94.10356974601746
mem_medium,22,bump_train,level,0.0,0.25000272907029897,0.010000000000000004,0.0,0.0,30.0,15.0,69.65304618758772,3,145.30609237517544,True,8,1.889761209487915
mem_medium,22,bump_train,transient,1.0,0.2500037625601553,0.0,0.010000000000000004,0.0,30.0,15.0,69.65304618758772,3,145.30609237517544,True,8,1.7960281372070312
mem_medium,22,bump_train,mixed,0.4775764455742727,0.25001025446816466,0.010000000000000004,0.02,0.0,30.0,15.0,69.65304618758772,4,147.30609237517544,True,5,1.2861435413360596
mem_medium,22,bump_train,mixed_leaky,0.4775764455742727,115.52453009332424,0.010000000000000004,0.02,0.005999999999999998,30.0,15.0,69.65304618758772,5,149.30609237517544,True,6,2.2335221767425537
mem_medium,23,double_bump,level,0.0,0.25000272907029897,0.010000000000000004,0.0,0.0,30.0,15.0,60.06370939718394,3,126.12741879436788,True,8,1.7383127212524414
mem_medium,23,double_bump,transient,1.0,0.2500037625601553,0.0,0.010000000000000004,0.0,30.0,15.0,60.06370939718394,3,126.12741879436788,True,8,1.7381150722503662
mem_medium,23,double_bump,mixed,0.4775764455742727,0.25001025446816466,0.010000000000000004,0.02,0.0,30.0,15.0,60.06370939718394,4,128.12741879436788,True,5,1.204962968826294
mem_medium,23,double_bump,mixed_leaky,0.4775764455742727,115.52453009332424,0.010000000000000004,0.02,0.005999999999999998,30.0,15.0,60.06370939718394,5,130.12741879436788,True,6,2.1689507961273193
mem_medium,23,bump_train,level,0.0,0.25000272907029897,0.010000000000000004,0.0,0.0,30.0,15.0,97.81986484179991,3,201.63972968359982,True,8,1.8358805179595947
mem_medium,23,bump_train,transient,1.0,0.2500037625601553,0.0,0.010000000000000004,0.0,30.0,15.0,97.81986484179991,3,201.63972968359982,True,8,1.7696526050567627
mem_medium,23,bump_train,mixed,0.4775764455742727,0.25001025446816466,0.010000000000000004,0.02,0.0,30.0,15.0,97.81986484179991,4,203.63972968359982,True,5,1.2597332000732422
mem_medium,23,bump_train,mixed_leaky,0.4775764455742727,115.52453009332424,0.010000000000000004,0.02,0.005999999999999998,30.0,15.0,97.81986484179991,5,205.63972968359982,True,6,2.3144142627716064
mem_medium,23,roving_bump,level,0.0,0.25000272907029897,0.010000000000000004,0.0,0.0,30.0,15.0,210.39021875397972,3,426.78043750795945,True,8,1.74649977684021
mem_medium,23,roving_bump,transient,1.0,0.2500037625601553,0.0,0.010000000000000004,0.0,30.0,15.0,210.39021875397972,3,426.78043750795945,True,8,1.7184672355651855
mem_medium,23,roving_bump,mixed,0.4775764455742727,0.25001025446816466,0.010000000000000004,0.02,0.0,30.0,15.0,210.39021875397972,4,428.78043750795945,True,5,1.2116479873657227
mem_medium,23,roving_bump,mixed_leaky,0.4775764455742727,115.52453009332424,0.010000000000000004,0.02,0.005999999999999998,30.0,15.0,210.39021875397972,5,430.78043750795945,True,6,2.214275598526001
mem_medium,19,bump_train,level,0.0,11.538366864029664,3.9088608982250803,0.0,0.0,0.44352541552230856,7.281081920724714,231.83606190088565,3,469.6721238017713,True,116,17.842506170272827
mem_medium,19,bump_train,transient,1.0,21.088591384743278,0.0,4.536925965547159,0.0,0.4011853466928922,8.281192371025071,243.01891799699388,3,492.03783599398776,True,156,28.996660709381104
mem_medium,19,bump_train,mixed,0.1260643554185197,11.97432522876069,3.4906392075044543,1.1016094770573208,0.0,0.4817699922341165,7.608944343597458,231.33304117548224,4,470.6660823509645,True,240,45.545839071273804
mem_medium,19,bump_train,mixed_leaky,0.12680931893287647,138.629436111989,3.4804104573174324,1.1058147771786748,0.005000000000000002,0.4596173062976766,7.637547953245318,231.35055143657559,5,472.70110287315117,True,450,95.15657138824463
mem_medium,24,double_bump,level,0.0,0.25000272907029897,0.010000000000000004,0.0,0.0,30.0,15.0,154.04566432378746,3,314.0913286475749,True,8,1.762913703918457
mem_medium,24,double_bump,transient,1.0,0.2500037625601553,0.0,0.010000000000000004,0.0,30.0,15.0,154.04566432378746,3,314.0913286475749,True,8,1.7446939945220947
mem_medium,24,double_bump,mixed,0.4775764455742727,0.25001025446816466,0.010000000000000004,0.02,0.0,30.0,15.0,154.04566432378746,4,316.0913286475749,True,5,1.2279376983642578
mem_medium,24,double_bump,mixed_leaky,0.4775764455742727,115.52453009332424,0.010000000000000004,0.02,0.005999999999999998,30.0,15.0,154.04566432378746,5,318.0913286475749,True,6,2.206777334213257
mem_medium,24,bump_train,level,0.0,0.25000272907029897,0.010000000000000004,0.0,0.0,30.0,15.0,191.69381526820064,3,389.3876305364013,True,8,1.8064401149749756
mem_medium,24,bump_train,transient,1.0,0.2500037625601553,0.0,0.010000000000000004,0.0,30.0,15.0,191.69381526820064,3,389.3876305364013,True,8,1.8224341869354248
mem_medium,24,bump_train,mixed,0.4775764455742727,0.25001025446816466,0.010000000000000004,0.02,0.0,30.0,15.0,191.69381526820064,4,391.3876305364013,True,5,1.2627992630004883
mem_medium,24,bump_train,mixed_leaky,0.4775764455742727,115.52453009332424,0.010000000000000004,0.02,0.005999999999999998,30.0,15.0,191.69381526820064,5,393.3876305364013,True,6,2.2863857746124268
mem_medium,20,bump_train,level,0.0,2.779586861551384,2.0234195791968976,0.0,0.0,0.6674608220008017,3.3421579757849353,298.4241362415401,3,602.8482724830802,True,156,24.80477809906006
mem_medium,20,bump_train,transient,1.0,4.960218720888386,0.0,2.3084442082986634,0.0,0.5179943408127444,4.104759431021736,297.67079827668243,3,601.3415965533649,True,100,24.977510452270508
mem_medium,20,bump_train,mixed,0.48033531507815186,3.9744135236801954,0.9261622859391441,1.8729157949384336,0.0,0.5965182987638302,3.8283590615515615,297.475288770972,4,602.950577541944,True,260,34.15472865104675
mem_medium,20,bump_train,mixed_leaky,0.4802783154502933,115.54373620801842,0.9268840557993916,1.8739474117457378,0.005999002657418332,0.5852087358998997,3.826725076275452,297.4756794511307,5,604.9513589022614,True,72,48.871607542037964
mem_medium,24,roving_bump,level,0.0,0.25000272907029897,0.010000000000000004,0.0,0.0,30.0,15.0,341.89406936442134,3,689.7881387288427,True,8,1.7618341445922852
mem_medium,24,roving_bump,transient,1.0,0.2500037625601553,0.0,0.010000000000000004,0.0,30.0,15.0,341.89406936442134,3,689.7881387288427,True,8,1.6797797679901123
mem_medium,24,roving_bump,mixed,0.4775764455742727,0.25001025446816466,0.010000000000000004,0.02,0.0,30.0,15.0,341.89406936442134,4,691.7881387288427,True,5,1.1908280849456787
mem_medium,24,roving_bump,mixed_leaky,0.4775764455742727,115.52453009332424,0.010000000000000004,0.02,0.005999999999999998,30.0,15.0,341.89406936442134,5,693.7881387288427,True,6,2.161133050918579
mem_medium,20,roving_bump,level,0.0,8.140118305966174,1.7489504648757361,0.0,0.0,0.3509320789573462,4.780798913976892,351.7693402386846,3,709.5386804773692,True,108,22.218901872634888
mem_medium,20,roving_bump,transient,1.0,4.263954907829173,0.0,3.9048064762292185,0.0,0.623424042456344,3.813014938836904,347.95656204517627,3,701.9131240903525,True,124,18.444478750228882
mem_medium,20,roving_bump,mixed,0.5388675219791798,5.44120295366526,1.2297600037192833,3.1440287484254523,0.0,0.5804480490171535,4.3336160516766,345.49879379969235,4,698.9975875993847,True,265,41.6596097946167
mem_medium,20,roving_bump,mixed_leaky,0.5406747739514292,2.7366142765456694,1.213810075721538,3.125909458033346,0.2532864008276973,-0.18993585533278942,4.877143029243782,345.45851557017477,5,700.9170311403495,True,384,51.90243124961853
mem_medium,24,roving_ramp_bump,level,0.0,0.25000272907029897,0.010000000000000004,0.0,0.0,30.0,15.0,276.0419315502691,3,558.0838631005382,True,8,1.6426560878753662
mem_medium,24,roving_ramp_bump,transient,1.0,0.2500037625601553,0.0,0.010000000000000004,0.0,30.0,15.0,276.0419315502691,3,558.0838631005382,True,8,1.6878197193145752
mem_medium,24,roving_ramp_bump,mixed,0.4775764455742727,0.25001025446816466,0.010000000000000004,0.02,0.0,30.0,15.0,276.0419315502691,4,560.0838631005382,True,5,1.157510757446289
mem_medium,24,roving_ramp_bump,mixed_leaky,0.4775764455742727,115.52453009332424,0.010000000000000004,0.02,0.005999999999999998,30.0,15.0,276.0419315502691,5,562.0838631005382,True,6,2.154179573059082
mem_medium,17,roving_ramp_bump,level,0.0,30.03397834661432,2.0000154852489214,0.0,0.0,0.16679774511593695,6.084899979399208,436.94060803861635,3,879.8812160772327,True,228,31.50928044319153
mem_medium,17,roving_ramp_bump,transient,1.0,40.49633621812619,0.0,2.934779042315407,0.0,0.2033181353870958,5.735312840907774,440.4672250810633,3,886.9344501621266,True,152,25.39138627052307
mem_medium,17,roving_ramp_bump,mixed,0.36564848977668235,25.38479610701626,1.722401787138632,2.1720915181658658,0.0,0.2752285059233884,6.130551676871642,433.54114511752226,4,875.0822902350445,True,270,39.9107346534729
mem_medium,17,roving_ramp_bump,mixed_leaky,0.2890902955452035,1.394738638571201,2.287159921722414,2.03481742963428,0.49697281009581806,-3.8872486660526215,10.703188147161079,431.7500247377755,5,873.500049475551,True,846,212.52283191680908
mem_medium,19,roving_ramp_bump,level,0.0,6.402384316520959,2.7199409739598814,0.0,0.0,0.48884056798053344,5.1189190611073645,594.7237007325076,3,1195.4474014650152,True,156,19.825782299041748
mem_medium,19,roving_ramp_bump,transient,1.0,7.523988091454906,0.0,2.3158123568409006,0.0,0.3540007132201084,3.753592568717377,649.731554391694,3,1305.463108783388,True,108,21.49266219139099
mem_medium,19,roving_ramp_bump,mixed,0.1866196516482759,6.0998213858983545,2.5703965788926793,1.2902494419707067,0.0,0.5712386212149395,5.231294751297359,588.1972386438115,4,1184.394477287623,True,280,42.581666231155396
mem_medium,19,roving_ramp_bump,mixed_leaky,0.12045531423013796,1.9607964613322937,2.8869969631751466,0.8650161769573369,0.35350287203648645,-0.8463006250114987,6.2259144256015615,587.3595538353145,5,1184.719107670629,True,528,88.12873363494873
mem_medium,26,double_bump,level,0.0,0.25000272907029897,0.010000000000000004,0.0,0.0,30.0,15.0,50.768468194318075,3,107.53693638863615,True,8,1.82950758934021
mem_medium,26,double_bump,transient,1.0,0.2500037625601553,0.0,0.010000000000000004,0.0,30.0,15.0,50.768468194318075,3,107.53693638863615,True,8,1.7855503559112549
mem_medium,26,double_bump,mixed,0.4775764455742727,0.25001025446816466,0.010000000000000004,0.02,0.0,30.0,15.0,50.768468194318075,4,109.53693638863615,True,5,1.2414216995239258
mem_medium,26,double_bump,mixed_leaky,0.4775764455742727,115.52453009332424,0.010000000000000004,0.02,0.005999999999999998,30.0,15.0,50.768468194318075,5,111.53693638863615,True,6,2.251009702682495
mem_medium,26,bump_train,level,0.0,0.25000272907029897,0.010000000000000004,0.0,0.0,30.0,15.0,32.12665031626148,3,70.25330063252296,True,8,1.8082613945007324
mem_medium,26,bump_train,transient,1.0,0.2500037625601553,0.0,0.010000000000000004,0.0,30.0,15.0,32.12665031626148,3,70.25330063252296,True,8,1.8429594039916992
mem_medium,26,bump_train,mixed,0.4775764455742727,0.25001025446816466,0.010000000000000004,0.02,0.0,30.0,15.0,32.12665031626148,4,72.25330063252296,True,5,1.2979230880737305
mem_medium,26,bump_train,mixed_leaky,0.4775764455742727,115.52453009332424,0.010000000000000004,0.02,0.005999999999999998,30.0,15.0,32.12665031626148,5,74.25330063252296,True,6,2.3334827423095703
mem_medium,21,bump_train,level,0.0,6.282324566331868,3.1796889340390826,0.0,0.0,0.5720312641536408,5.879015227314531,149.98704988518352,3,305.97409977036705,True,84,9.109049797058105
mem_medium,21,bump_train,transient,1.0,4.943297034752171,0.0,5.6025296747558135,0.0,0.8496477735123815,5.899264653271249,141.57343823739504,3,289.1468764747901,True,124,12.959980964660645
mem_medium,21,bump_train,mixed,0.9211579335298786,4.870842204612934,0.21183571917142335,5.414833860940265,0.0,0.8533108969320861,5.8634576912252925,141.55566831414882,4,291.11133662829764,True,350,40.423542499542236
mem_medium,21,bump_train,mixed_leaky,0.9206222496195661,138.629436111989,0.21311501668385538,5.407625147345316,0.005000000000000002,0.8374714123946937,5.8640358800130565,141.56505364362735,5,293.1301072872547,True,474,92.02711343765259
mem_medium,26,roving_ramp_bump,level,0.0,0.25000272907029897,0.010000000000000004,0.0,0.0,30.0,15.0,107.04993666252854,3,220.09987332505708,True,8,1.7434470653533936
mem_medium,26,roving_ramp_bump,transient,1.0,0.2500037625601553,0.0,0.010000000000000004,0.0,30.0,15.0,107.04993666252854,3,220.09987332505708,True,8,1.7699105739593506
mem_medium,26,roving_ramp_bump,mixed,0.4775764455742727,0.25001025446816466,0.010000000000000004,0.02,0.0,30.0,15.0,107.04993666252854,4,222.09987332505708,True,5,1.2135095596313477
mem_medium,26,roving_ramp_bump,mixed_leaky,0.4775764455742727,115.52453009332424,0.010000000000000004,0.02,0.005999999999999998,30.0,15.0,107.04993666252854,5,224.09987332505708,True,6,2.174788236618042
mem_medium,21,double_bump,level,0.0,8.715151283506716,3.721481296151645,0.0,0.0,0.5252804690990646,7.031516362249306,175.54886852130585,3,357.0977370426117,True,144,14.23226022720337
mem_medium,21,double_bump,transient,1.0,7.808978334164925,0.0,9.782539335968098,0.0,1.0144803960356408,8.945939509822967,153.7092355240312,3,313.4184710480624,True,140,14.233187198638916
mem_medium,21,double_bump,mixed,0.8385872771146474,7.133825013954864,0.8156892485321635,9.271395118064822,0.0,1.0630055775024831,8.812972009230304,153.46009871651665,4,314.9201974330333,True,280,33.08586001396179
mem_medium,21,double_bump,mixed_leaky,0.8634456737265996,31.351809216031686,0.6763165135536222,9.355982311061275,0.022108682015247332,0.9348435067293906,9.052527309196206,153.44622733567482,5,316.89245467134964,True,420,107.24456667900085
mem_medium,21,roving_bump,level,0.0,0.9724583816810285,3.440479700942477,0.0,0.0,1.5113683102356732,2.720350814795338,235.15234922650933,3,476.30469845301866,True,92,17.052278518676758
mem_medium,21,roving_bump,transient,1.0,6.342161872007017,0.0,5.797617701187891,0.0,0.7540950783845171,6.244903471090381,217.05436747506545,3,440.1087349501309,True,136,24.710474967956543
mem_medium,21,roving_bump,mixed,0.5453018948189707,4.85840080291859,1.882385615787081,4.938923556500679,0.0,0.9563294955260137,6.526694101537372,210.89797367230412,4,429.79594734460824,True,395,54.43694829940796
mem_medium,21,roving_bump,mixed_leaky,0.5433595753353655,138.629436111989,1.8886658245503047,4.916747863303047,0.005000000000000002,0.9391737735647075,6.515531812714043,210.92642338040733,5,431.85284676081466,True,210,97.68630290031433
mem_medium,23,roving_ramp_bump,level,0.0,3.8155943258374356,3.210803345850488,0.0,0.0,0.8582633017414008,5.747157704121514,231.70843948191342,3,469.41687896382683,True,88,17.422659397125244
mem_medium,23,roving_ramp_bump,transient,1.0,8.96572679593068,0.0,2.899349535597728,0.0,0.4398781775534968,5.540324668671339,259.7582392823656,3,525.5164785647312,True,104,10.481938600540161
mem_medium,23,roving_ramp_bump,mixed,0.2553359453687328,6.254643012993338,3.218793508973181,2.4146518956837064,0.0,0.8715571603128284,8.22016346025401,221.59112847605596,4,451.1822569521119,True,315,44.263116121292114
mem_medium,23,roving_ramp_bump,mixed_leaky,0.254203067185004,138.629436111989,3.2219985545315057,2.40267694506877,0.005000000000000002,0.8497616893907706,8.226469613726671,221.6148223765692,5,453.2296447531384,True,192,73.57264876365662
mem_medium,20,double_bump,level,0.0,19.75405640527747,3.725094909321741,0.0,0.0,0.3033029851029264,7.163285715210027,228.02439738805663,3,462.04879477611325,True,132,22.544941902160645
mem_medium,20,double_bump,transient,1.0,14.066238472424212,0.0,3.8217886446227647,0.0,0.3938872276392516,6.2266541985893005,227.6483492273255,3,461.296698454651,True,112,21.5457181930542
mem_medium,20,double_bump,mixed,0.9886770875762827,14.058014110149182,0.020000789575928577,3.82079123145992,0.0,0.3947217891753486,6.229328385502085,227.62714561909283,4,463.25429123818566,True,25,4.575421333312988
mem_medium,20,double_bump,mixed_leaky,0.33521732735700577,1.5255491219293011,2.7024281522263087,2.9813349470280808,0.45435913573425263,-4.240958832859706,12.88151363120683,225.50536858980897,5,461.01073717961793,True,1008,232.16648173332214
mem_medium,25,bump_train,level,0.0,59.07706566953636,5.828959046331237,0.0,0.0,0.2992195867403933,12.799637338224699,186.27746553045458,3,378.55493106090915,True,164,15.944021940231323
mem_medium,25,bump_train,transient,1.0,88.47895527029101,0.0,3.9576401717045444,0.0,0.24110681130736183,11.045569434880775,192.36994118704675,3,390.7398823740935,True,156,16.305277585983276
mem_medium,25,bump_train,mixed,0.05996134126442636,51.27688643525528,5.455185460240687,0.761281000461397,0.0,0.3341707802087181,12.424373749505124,186.20579182676678,4,380.41158365353357,True,305,44.43076944351196
mem_medium,25,bump_train,mixed_leaky,0.06272175632720825,138.629436111989,5.392099004673544,0.7894368208073361,0.005000000000000002,0.2991733724748065,12.46897168084349,186.20844641099256,5,382.41689282198513,True,432,52.835527420043945
mem_medium,22,roving_bump,level,0.0,10.406021210172304,3.360413232003844,0.0,0.0,0.4463138671617945,6.998370209598555,260.05842884485565,3,526.1168576897113,True,128,26.227102994918823
mem_medium,22,roving_bump,transient,1.0,26.369318676978356,0.0,5.559643680378079,0.0,0.4037929115004123,8.057132870758561,262.39116772051557,3,530.7823354410311,True,164,28.956117153167725
mem_medium,22,roving_bump,mixed,0.41089791746765236,15.51348483496602,2.835208752813853,4.3265155555434385,0.0,0.5820865706117055,9.118684147625315,248.02292835475038,4,504.04585670950075,True,255,40.98168754577637
mem_medium,22,roving_bump,mixed_leaky,0.40889694472432775,138.629436111989,2.840413153443507,4.298748357915021,0.005000000000000002,0.5562340291049016,9.138983551324538,248.0491828847774,5,506.0983657695548,True,414,85.40053653717041
mem_medium,22,roving_ramp_bump,level,0.0,9.548507091820706,4.464376759175337,0.0,0.0,0.5760653198193438,8.20911393205137,242.77955400924452,3,491.55910801848904,True,132,24.13099980354309
mem_medium,22,roving_ramp_bump,transient,1.0,7.430072971891539,0.0,4.307479961075365,0.0,0.5266428744135451,4.935945657232511,289.168754412614,3,584.337508825228,True,112,19.079227209091187
mem_medium,22,roving_ramp_bump,mixed,0.2496422687686407,8.613318951372017,4.5170312874349845,3.2878553649591584,0.0,0.803686425766264,8.739309077143748,237.8220125214138,4,483.6440250428276,True,300,45.320995569229126
mem_medium,22,roving_ramp_bump,mixed_leaky,0.16822678414419012,3.9479301453224447,5.132765638042884,2.2711796738595975,0.17557230119210554,-0.4806701892440865,11.026560356497452,236.24446699147296,5,482.4889339829459,True,306,90.51524114608765
mem_medium,21,roving_ramp_bump,level,0.0,0.9407713138178345,3.2159389896993686,0.0,0.0,1.5203739804790568,2.66248977851356,301.63915764899394,3,609.2783152979879,True,140,30.040573120117188
mem_medium,21,roving_ramp_bump,transient,1.0,5.69206636394681,0.0,5.261818164413481,0.0,0.6808463016965713,5.046301307051672,289.4574542474833,3,584.9149084949667,True,148,24.090824604034424
mem_medium,21,roving_ramp_bump,mixed,0.5137710262727679,3.4235430648800045,1.9334956369078067,4.46973543033683,0.0,1.0104573031819057,5.103335310661761,273.2535486458711,4,554.5070972917422,True,240,39.28391146659851
mem_medium,21,roving_ramp_bump,mixed_leaky,0.4458180292781171,1.6939335976424563,2.4188713419647283,4.257237221875761,0.40919383234657936,-2.3692719703392964,10.58408851872252,270.0688970114837,5,550.1377940229675,True,456,138.13098978996277
mem_medium,26,roving_bump,level,0.0,4.5707434943757965,3.1298360065672997,0.0,0.0,0.7203411702898207,5.648010869968491,133.41628467065868,3,272.83256934131737,True,140,13.554984331130981
mem_medium,26,roving_bump,transient,1.0,0.2500037625601553,0.0,0.010000000000000004,0.0,30.0,15.0,153.95449385826473,3,313.90898771652945,True,8,1.7298095226287842
mem_medium,26,roving_bump,mixed,0.21601173513213343,6.978446404783049,2.7458061786787287,1.6551886812021468,0.0,0.6709080773518088,7.065750158631527,132.698934743487,4,273.397869486974,True,280,25.326709747314453
mem_medium,26,roving_bump,mixed_leaky,0.2129675446882664,138.629436111989,2.7526154890389636,1.6295818453778539,0.005000000000000002,0.652648464546989,7.053442449602385,132.71229439593748,5,275.42458879187495,True,492,94.57802653312683
mem_medium,25,roving_ramp_bump,level,0.0,13.582448946956776,2.125687493271442,0.0,0.0,0.30926480306839715,6.5101154750529,377.881920057036,3,761.763840114072,True,84,17.109323978424072
mem_medium,25,roving_ramp_bump,transient,1.0,19.69121799305498,0.0,4.157119837809398,0.0,0.3461771433968706,6.241446865811485,379.53745004354977,3,765.0749000870995,True,160,25.47220754623413
mem_medium,25,roving_ramp_bump,mixed,0.46064443793423243,14.230763950358545,1.7224393692153697,3.218432904950655,0.0,0.45587567778848437,7.233668486813626,366.30547975594544,4,740.6109595118909,True,220,35.9178352355957
mem_medium,25,roving_ramp_bump,mixed_leaky,0.4594648192318226,138.629436111989,1.7243813504278827,3.206796949732674,0.005000000000000002,0.43698980989163166,7.233210790298566,366.33602285322337,5,742.6720457064467,True,432,86.15540313720703
mem_medium,25,roving_bump,level,0.0,3.633258934263133,2.3756131575781185,0.0,0.0,0.6362820002600702,4.058235896721507,309.96424392418385,3,625.9284878483677,True,104,27.220275402069092
mem_medium,25,roving_bump,transient,1.0,11.10507808936252,0.0,3.5969866026899733,0.0,0.40768533472616064,5.447734588196059,308.7302683558212,3,623.4605367116424,True,108,22.324552536010742
mem_medium,25,roving_bump,mixed,0.4334826709029833,8.075095514932784,1.7152163641264209,2.871357708697951,0.0,0.5386590632013183,5.698536793514959,301.33460549856756,4,610.6692109971351,True,215,36.04866671562195
mem_medium,25,roving_bump,mixed_leaky,0.41905073817900174,6.845523532222941,1.7638700898811392,2.783587311342963,0.10125553981330923,0.2290631741253992,5.703066234241826,301.25213511474135,5,612.5042702294827,True,474,93.35302591323853
mem_medium,20,roving_ramp_bump,level,0.0,15.143412946637683,2.0175721046329125,0.0,0.0,0.24414083781055176,5.393126803376632,431.2427909739839,3,868.4855819479678,True,104,17.43302321434021
mem_medium,20,roving_ramp_bump,transient,1.0,20.1846083231804,0.0,3.005747482704295,0.0,0.2669200648604229,5.296862627744942,433.41340577597214,3,872.8268115519443,True,92,20.650567531585693
mem_medium,20,roving_ramp_bump,mixed,0.37864032102891,14.939763494966721,1.6375544669714042,2.1831792371005507,0.0,0.3383848899817522,5.56317427135951,427.4906370930205,4,862.981274186041,True,260,39.3498158454895
mem_medium,20,roving_ramp_bump,mixed_leaky,0.33436954605429314,1.630040386199511,1.9223476964031825,2.1126877784674183,0.4252331331348416,-2.8380256339656533,9.71384850510784,426.66969617871365,5,863.3393923574273,True,1326,248.95164227485657
mem_medium,27,double_bump,level,0.0,8.368003987511491,6.397759740483147,0.0,0.0,0.5420993297293145,5.5661014279914465,217.5306860669991,3,441.0613721339982,True,104,19.69084906578064
mem_medium,27,double_bump,transient,1.0,1.5938767205232576,0.0,8.06186103218016,0.0,1.3143440961230464,3.0294838070335874,210.1860851449356,3,426.3721702898712,True,132,20.515379190444946
mem_medium,27,double_bump,mixed,0.7750704076243426,1.6127095075116011,0.9965737935466209,7.513008297466058,0.0,1.3174029218697842,3.04980783869848,210.08833810733734,4,428.17667621467467,True,325,34.46799421310425
mem_medium,27,double_bump,mixed_leaky,0.7394296590041439,1.300819657314134,1.1202375622231682,6.9549155709103685,0.5328541713392617,-3.3776480790681327,9.908232198915808,209.3398768083613,5,428.6797536167226,True,708,95.97976160049438
mem_medium,27,bump_train,level,0.0,14.193340700914678,4.032244981953809,0.0,0.0,0.33150056956448565,5.661742080690104,329.46594597877294,3,664.9318919575459,True,144,29.37300443649292
mem_medium,27,bump_train,transient,1.0,6.221331683801122,0.0,5.555034891647037,0.0,0.6188963565211195,4.579973870589739,319.2218322962589,3,644.4436645925178,True,148,26.89551877975464
mem_medium,27,bump_train,mixed,0.9960741126966235,6.218251945812209,0.010000000000000004,5.550903419232139,0.0,0.6191942718265167,4.579658767610381,319.2228314779718,4,646.4456629559436,True,360,36.31040859222412
mem_medium,27,bump_train,mixed_leaky,0.9960681260633645,138.629436111989,0.010010058892961197,5.5479934152254,0.005000000000000002,0.6075300548563922,4.577958501223603,319.2305527079464,5,648.4611054158928,True,378,86.62789869308472
mem_medium,28,roving_ramp_bump,level,0.0,0.8915022568617681,4.741358575635356,0.0,0.0,1.7607850469029354,2.862636447126371,122.13959852004403,3,250.27919704008806,True,80,8.94245171546936
mem_medium,28,roving_ramp_bump,transient,1.0,2.665487823362972,0.0,5.475647401668634,0.0,1.0396107432850603,4.224185304352135,120.04393113402453,3,246.08786226804907,True,132,13.605384349822998
mem_medium,28,roving_ramp_bump,mixed,0.43282030213224626,2.5644118859452907,2.4428994694908543,4.078518048746136,0.0,1.165329638812131,4.622009392771974,116.2728674806127,4,240.5457349612254,True,190,40.38555145263672
mem_medium,28,roving_ramp_bump,mixed_leaky,0.43289666615567696,138.629436111989,2.442580855616066,4.079254827066975,0.005000000000000002,1.152705894303515,4.625772762401609,116.27589405682777,5,242.55178811365553,True,360,70.85513019561768
mem_medium,27,roving_ramp_bump,level,0.0,8.361416698777173,3.223043121802451,0.0,0.0,0.3990691040878733,4.908474707830098,375.2366175440051,3,756.4732350880103,True,140,19.515325784683228
mem_medium,27,roving_ramp_bump,transient,1.0,10.859193143464386,0.0,6.402834370296436,0.0,0.5266447808669766,5.159344655612298,367.3687924263517,3,740.7375848527034,True,160,22.182244062423706
mem_medium,27,roving_ramp_bump,mixed,0.4935618476428146,8.541267075834613,2.6686119325350166,5.689976014638521,0.0,0.6645171562516233,5.470194666856558,359.4789521989474,4,726.9579043978948,True,250,39.166014671325684
mem_medium,27,roving_ramp_bump,mixed_leaky,0.49314451169898255,138.629436111989,2.668011260628171,5.679205128292213,0.005000000000000002,0.6494601073694882,5.472314943763867,359.4885466547732,5,728.9770933095464,True,294,72.36818218231201
mem_medium,28,double_bump,level,0.0,0.46972658254379057,8.731729649916096,0.0,0.0,2.5039884694026657,2.083742389459887,90.57468885050864,3,187.14937770101727,True,160,17.408440351486206
mem_medium,28,double_bump,transient,1.0,6.976448793158605,0.0,6.03326880657475,0.0,0.7568462717499586,6.759396536827751,88.54421550157168,3,183.08843100314337,True,160,16.51553463935852
mem_medium,28,double_bump,mixed,0.3645755186800112,1.0073577908452986,3.8519747283481816,4.835226633320591,0.0,1.7986511066342217,2.9297874688787875,88.53527003160946,4,185.0705400632189,True,250,28.99270462989807
mem_medium,28,double_bump,mixed_leaky,0.4362798323378875,2.2896601401129653,3.1415823768940814,5.319365884000574,0.302729286507013,-1.5371720771850208,11.066017419047434,87.88821109734187,5,185.77642219468373,True,558,101.81777954101562
mem_medium,28,bump_train,level,0.0,10.07919395785338,4.795993101349938,0.0,0.0,0.5267931784483089,7.453194328829672,92.17964989398638,3,190.35929978797276,True,160,16.252086400985718
mem_medium,28,bump_train,transient,1.0,5.606728951597889,0.0,5.50764788601268,0.0,0.782450276815896,5.985516661384527,89.86638919327014,3,185.73277838654028,True,176,17.90297031402588
mem_medium,28,bump_train,mixed,0.6799372093792269,6.376436025049841,1.0599727282930353,4.92649627722306,0.0,0.7537757733822651,6.3334812364732205,89.83707681676525,4,187.6741536335305,True,345,37.510863065719604
mem_medium,28,bump_train,mixed_leaky,0.6847529831993858,138.629436111989,1.0376482032031458,4.931090035400667,0.005000000000000002,0.7366417054379818,6.334198791960368,89.83924178257178,5,189.67848356514355,True,546,95.58694267272949
mem_medium,27,roving_bump,level,0.0,19.82287865118129,4.214854693683467,0.0,0.0,0.30602297846659593,6.660204478538767,313.6728198664099,3,633.3456397328198,True,96,17.540663480758667
mem_medium,27,roving_bump,transient,1.0,20.068762007016158,0.0,6.83114494787871,0.0,0.4710094021603948,6.525675795673848,305.50233353630654,3,617.0046670726131,True,120,19.024328470230103
mem_medium,27,roving_bump,mixed,0.4528482372950523,17.031687126440072,3.1668960958986947,5.7344073457122775,0.0,0.5697299072804365,7.054869530373738,299.6243500416577,4,607.2487000833154,True,245,40.1033501625061
mem_medium,27,roving_bump,mixed_leaky,0.42612416276684423,4.337990924242437,3.354866819002445,5.450085962049352,0.15978529984614773,-0.4061334919043451,9.019593350021122,299.0180451480454,5,608.0360902960908,True,606,106.8170952796936
mem_medium,25,double_bump,level,0.0,14.556543716992998,2.3109388623344893,0.0,0.0,0.29647285613401864,6.4279690269277445,235.11738150653008,3,476.23476301306016,True,156,31.30190420150757
mem_medium,25,double_bump,transient,1.0,12.447097302670977,0.0,3.4802350633062926,0.0,0.4006165895521774,6.061333824254719,233.39541212633793,3,472.79082425267586,True,136,23.6453640460968
mem_medium,25,double_bump,mixed,0.5345777533047517,8.658079846869208,1.1046486472762236,2.7758612519888226,0.0,0.4825572267179081,5.5593773604700285,232.897568591444,4,473.795137182888,True,300,62.95969223976135
mem_medium,25,double_bump,mixed_leaky,0.5651896114881219,1.9704681914544877,1.2101004580522585,3.4413237416659888,0.3517677593406384,-3.89197879048995,15.0,230.72009066980715,5,471.4401813396143,True,624,183.56263613700867
mem_medium,29,double_bump,level,0.0,7.254689596370373,4.035028168255677,0.0,0.0,0.4990000696135134,5.322896424667557,227.5411816350184,3,461.0823632700368,True,112,16.598957061767578
mem_medium,29,double_bump,transient,1.0,5.31114355821507,0.0,5.750238165250374,0.0,0.7109982382691803,4.794632102566055,220.5663886519222,3,447.1327773038444,True,84,15.334858894348145
mem_medium,29,double_bump,mixed,0.6077664618782483,4.985837080418046,1.5134396885908554,5.1305859865657535,0.0,0.7634124172903785,4.808375025956515,219.97678758125343,4,447.95357516250687,True,265,25.336445569992065
mem_medium,29,double_bump,mixed_leaky,0.6090564165026698,138.629436111989,1.506420878626125,5.134517117900338,0.005000000000000002,0.7508187091609666,4.808756019260029,219.97890567489787,5,449.95781134979575,True,372,99.46778202056885
mem_medium,29,roving_bump,level,0.0,3.927064182236614,3.201351011497935,0.0,0.0,0.6397757021526926,4.201458391079756,337.3991653038233,3,680.7983306076466,True,108,19.744544506072998
mem_medium,29,roving_bump,transient,1.0,13.01357311562233,0.0,6.533942895350287,0.0,0.5304496001916588,6.127878204148585,318.4233282334584,3,642.8466564669168,True,84,15.953166723251343
mem_medium,29,roving_bump,mixed,0.5618960425079315,12.133080305492625,2.106762307343071,5.91158833012972,0.0,0.6238620233990936,6.987690497270139,311.24762205813255,4,630.4952441162651,True,200,33.8528151512146
mem_medium,29,roving_bump,mixed_leaky,0.5386202953059533,4.396736243661961,2.3519633034863436,6.007096584085078,0.1576503893221113,-0.17908195588184744,8.293546230035085,309.58866894931447,5,629.1773378986289,True,336,87.48002648353577
mem_medium,28,roving_bump,level,0.0,1.9945160696026083,4.607197029298075,0.0,0.0,1.1493148386805363,3.98279373502156,164.00456600200837,3,334.00913200401675,True,112,11.781423330307007
mem_medium,28,roving_bump,transient,1.0,12.50761617148742,0.0,9.291402436999798,0.0,0.7890074902614621,9.24313527473906,154.69157433995707,3,315.38314867991414,True,144,24.653131246566772
mem_medium,28,roving_bump,mixed,0.5366577826790858,10.44507160075186,3.2738603355603155,8.295939075177452,0.0,0.9933633970019321,10.687134605753366,146.25437243934618,4,300.50874487869237,True,260,50.85983490943909
mem_medium,28,roving_bump,mixed_leaky,0.47641672920838657,6.732589517308118,3.373876386772128,6.716457245219469,0.10295402367514088,-0.2297155953504583,15.0,145.81751037253957,5,301.63502074507915,True,324,112.93244194984436
mem_medium,29,bump_train,level,0.0,24.261918068055255,2.7722857325514325,0.0,0.0,0.24462749913988072,7.464874846493941,216.98196621124154,3,439.9639324224831,True,160,26.320446968078613
mem_medium,29,bump_train,transient,1.0,11.643579365277144,0.0,4.956586845090502,0.0,0.4949718008305878,6.315051173744866,210.70938209633846,3,427.4187641926769,True,100,29.766010522842407
mem_medium,29,bump_train,mixed,0.9956001662633055,11.668297750716464,0.010000000000000004,4.950608024321412,0.0,0.49465511728735584,6.319724397768476,210.71340700116068,4,429.42681400232135,True,345,33.77414083480835
mem_medium,29,bump_train,mixed_leaky,0.995595257778031,138.629436111989,0.010000000000000004,4.945066865781594,0.005000000000000002,0.4773210820512814,6.329382661375327,210.71794309785494,5,431.4358861957099,True,402,96.52706599235535
mem_long,1,double_bump,level,0.0,63.76681966423914,4.1361624155826044,0.0,0.0,0.24055564894699477,13.404116008188653,155.81112465002477,3,317.62224930004953,True,160,15.333685874938965
mem_long,1,double_bump,transient,1.0,0.234428030584238,0.0,0.8911892149527032,0.0,10.983929150711251,5.131016288214608,182.1962323010297,3,370.3924646020594,True,12,2.1038990020751953
mem_long,1,double_bump,mixed,0.002165656760258609,84.63668177722793,4.213191842624724,0.020005631236800596,0.0,0.22604285123950965,14.754533586040905,155.31495210705756,4,318.62990421411513,True,110,9.693782091140747
mem_long,1,double_bump,mixed_leaky,0.14281833382641934,138.629436111989,3.9345876847168246,1.4342344939146336,0.005000000000000002,0.2707875311922431,15.0,154.93198654652244,5,319.8639730930449,True,462,81.6963095664978
mem_long,0,bump_train,level,0.0,inf,3.076496100590601,0.0,0.0,0.05084315335735081,15.0,188.59448361872703,3,383.18896723745405,True,268,25.1567165851593
mem_long,0,bump_train,transient,1.0,208.55556389256205,0.0,8.180186916708719,0.0,0.40529742515357087,15.0,177.92211218263662,3,361.84422436527325,True,156,32.06442189216614
mem_long,0,bump_train,mixed,0.9973338549275825,206.36212547880706,0.010000000000000004,8.18401904064203,0.0,0.4061801695189575,15.0,177.92953500162082,4,363.85907000324164,True,320,36.17249822616577
mem_long,0,bump_train,mixed_leaky,0.9972450763470194,86.47064901968872,0.010000000000000004,7.919580532267204,0.008015982167569031,0.3276790052089673,15.0,177.91733867731855,5,365.8346773546371,True,318,59.270482540130615
mem_long,0,double_bump,level,0.0,99.4073401408154,3.690877820308425,0.0,0.0,0.16687619442236948,9.146575422347428,275.7159270971602,3,557.4318541943204,True,152,24.81724452972412
mem_long,0,double_bump,transient,1.0,22.29947531231726,0.0,7.012642652082602,0.0,0.49470572485464887,7.942386825031515,264.72631356709525,3,535.4526271341905,True,132,20.068334102630615
mem_long,0,double_bump,mixed,0.9968835433736144,22.37337540271484,0.010000000000000004,6.9983101598125605,0.0,0.4938819481378663,7.946148735702557,264.7265216122168,4,537.4530432244336,True,335,32.072020530700684
mem_long,0,double_bump,mixed_leaky,0.9967608703429699,5.4732419224179845,0.010016590208417617,6.743609304209298,0.12664289106623752,-0.4936503649754862,10.955379965206882,263.9640438373519,5,537.9280876747038,True,432,85.101881980896
mem_long,1,bump_train,level,0.0,34.81260948837116,3.9545180691813107,0.0,0.0,0.28476918573785326,10.810339135973324,165.19490858020242,3,336.38981716040485,True,148,14.741079568862915
mem_long,1,bump_train,transient,1.0,0.9602777488116953,0.0,4.719610000181102,0.0,1.5322715496975394,2.533560241900268,168.76792735503844,3,343.5358547100769,True,156,16.86854314804077
mem_long,1,bump_train,mixed,0.0023074688772484497,34.73222241758983,3.9527349691279374,0.02000076804826421,0.0,0.286022178708147,10.813742480691708,165.17405194471382,4,338.34810388942765,True,25,7.323983907699585
mem_long,1,bump_train,mixed_leaky,0.3052041079907873,138.629436111989,2.553950846597881,2.4544574848094887,0.005000000000000002,0.3601111311152101,10.198467440421332,163.94810846890275,5,337.8962169378055,True,504,69.12536382675171
mem_medium,29,roving_ramp_bump,level,0.0,47.125089732206995,1.6967227020262308,0.0,0.0,0.1338064171713852,7.374258202247938,360.5863536535449,3,727.1727073070898,True,116,19.569053173065186
mem_medium,29,roving_ramp_bump,transient,1.0,13.123428170546408,0.0,7.0233636433738615,0.0,0.5447262705001217,5.9743384326747435,336.468951572445,3,678.93790314489,True,112,24.425342559814453
mem_medium,29,roving_ramp_bump,mixed,0.703174622457577,10.419180329991812,1.2587673049667303,6.524052696774328,0.0,0.635772650110887,6.25127212039953,331.7522431517341,4,671.5044863034682,True,300,42.206106424331665
mem_medium,29,roving_ramp_bump,mixed_leaky,0.6434134343083631,2.3958373463862483,1.510022390736995,5.960989830437911,0.2893131211955816,-1.0431091996325552,8.34385426628299,330.1039911811874,5,670.2079823623748,True,354,134.3032624721527
mem_long,0,roving_bump,level,0.0,4.627105267172168,2.2747365572907663,0.0,0.0,0.5582086340767213,4.476395410238588,283.6149261650869,3,573.2298523301738,True,152,25.126455545425415
mem_long,0,roving_bump,transient,1.0,34.12484022964702,0.0,7.349528053003195,0.0,0.45897811123972404,8.677715397173536,258.2103348102056,3,522.4206696204112,True,120,24.057249069213867
mem_long,0,roving_bump,mixed,0.7896627995441573,26.268495549717013,0.8402728669348365,6.9016952128590505,0.0,0.5073921871580884,8.840015538802307,256.9388574576963,4,521.8777149153926,True,175,35.31640911102295
mem_long,0,roving_bump,mixed_leaky,0.7018310574893454,5.322424332145238,1.2705258583944243,6.542798306032575,0.13023147673018542,-0.3878419156129048,10.764824255958484,255.4966166680277,5,520.9932333360555,True,408,103.10677313804626
mem_long,0,roving_ramp_bump,level,0.0,32.15165675618942,1.2817583640101775,0.0,0.0,0.16295045489188403,7.779081065692857,239.39257961069532,3,484.78515922139064,True,188,34.05730581283569
mem_long,0,roving_ramp_bump,transient,1.0,26.29302565793436,0.0,5.615326770469214,0.0,0.41004411869635005,8.230341607656111,223.90049210946117,3,453.80098421892234,True,128,21.22582244873047
mem_long,0,roving_ramp_bump,mixed,0.8312548962444931,22.421126779668413,0.4909037203067483,5.290652118248775,0.0,0.43808245346243546,8.212093400275844,223.35402868115963,4,454.70805736231927,True,215,43.269065141677856
mem_long,0,roving_ramp_bump,mixed_leaky,0.8214253286725421,18.284597017561868,0.5195358457388176,5.228457648906868,0.03790880268754055,0.26407040367187085,8.350240005200082,223.2618593250983,5,456.5237186501966,True,402,87.4679913520813
mem_long,2,double_bump,level,0.0,38.58904743638544,4.798962482513374,0.0,0.0,0.29744129743025643,10.826739281118401,271.7121078759562,3,549.4242157519124,True,196,24.263920545578003
mem_long,2,double_bump,transient,1.0,44.39251684479461,0.0,5.746212986273489,0.0,0.3732756777371237,10.10674825234923,272.23089333756747,3,550.4617866751349,True,164,24.52094602584839
mem_long,2,double_bump,mixed,0.345677752210374,27.698916806313456,3.2239557663956857,3.72630726405125,0.0,0.4676817495816621,10.739376837986432,266.21149322447127,4,540.4229864489425,True,265,46.60741472244263
mem_long,2,double_bump,mixed_leaky,0.3449494532178615,138.629436111989,3.2110900596114735,3.699499559538038,0.005000000000000002,0.434505861111328,10.795636995300965,266.24875882672063,5,542.4975176534413,True,348,58.62970328330994
mem_long,2,roving_bump,level,0.0,61.02509748651772,3.636810554544051,0.0,0.0,0.21263405831698354,11.415845186872156,356.64913711082704,3,719.2982742216541,True,136,21.008491039276123
mem_long,2,roving_bump,transient,1.0,227.02796502587242,0.0,4.370195004470403,0.0,0.2153518606550002,8.18997533307865,373.03845513298586,3,752.0769102659717,True,128,28.484384298324585
mem_long,2,roving_bump,mixed,0.35223195401129626,49.30891416312706,3.7670897657077367,4.481516985899465,0.0,0.4668245130443619,13.916686058542002,338.789386828244,4,685.578773656488,True,255,44.11658477783203
mem_long,2,roving_bump,mixed_leaky,0.30831504475289084,11.04843877595414,4.190316452471821,4.086420519921344,0.06273711558854028,-0.07165418656195303,15.0,336.1735571823071,5,682.3471143646142,True,342,44.95525908470154
mem_long,1,roving_ramp_bump,level,0.0,65.47167966159178,1.8087736606908036,0.0,0.0,0.1363652362921029,10.099744743526644,267.752114221111,3,541.504228442222,True,212,30.148932456970215
mem_long,1,roving_ramp_bump,transient,1.0,277.6577786039766,0.0,5.406292712181723,0.0,0.26433532011913513,11.240128442570768,261.9017537514604,3,529.8035075029208,True,224,34.575868129730225
mem_long,1,roving_ramp_bump,mixed,0.5971329987257803,56.24287766486003,1.4332447152907597,4.647715881302756,0.0,0.3654075968105554,12.218926402323019,255.3058839923104,4,518.6117679846209,True,180,32.580819606781006
mem_long,1,roving_ramp_bump,mixed_leaky,0.4888081453252164,8.24370493191137,1.7014493110950402,3.5594538851996975,0.08408199787413224,-0.5227195276813833,15.0,254.3210307590723,5,518.6420615181446,True,300,85.90016007423401
mem_long,1,roving_bump,level,0.0,44.541901714734806,2.5626761442531674,0.0,0.0,0.20702273879214014,10.966124865716058,276.34781816440324,3,558.6956363288065,True,136,23.082851886749268
mem_long,1,roving_bump,transient,1.0,106.26801739041959,0.0,6.53097708997414,0.0,0.355932862452239,12.977231433105931,266.6192048803916,3,539.2384097607832,True,188,37.7222318649292
mem_long,1,roving_bump,mixed,0.48721391323342234,26.320059668345902,2.574680606180113,5.352006803289883,0.0,0.5808974330418465,13.419925011008969,254.05479117015093,4,516.1095823403018,True,255,43.28301787376404
mem_long,1,roving_bump,mixed_leaky,0.48282793094313964,138.629436111989,2.590272522111848,5.290693814569807,0.005000000000000002,0.5425342284735891,13.463856483168636,254.11061747868166,5,518.2212349573633,True,498,81.8462393283844
mem_long,2,bump_train,level,0.0,209.2016654146292,5.30987644809227,0.0,0.0,0.20714327866271925,13.913108902465659,226.36691623373346,3,458.7338324674669,True,136,21.764694690704346
mem_long,2,bump_train,transient,1.0,85.1041514269369,0.0,6.291042544855728,0.0,0.35525638047820524,12.121476742733076,229.16396124095277,3,464.32792248190555,True,156,35.347986936569214
mem_long,2,bump_train,mixed,0.2890946422288754,75.18345793707427,3.7555257035645417,3.3412489925238793,0.0,0.3616875899797085,13.20857200475313,224.1268014453651,4,456.2536028907302,True,330,63.553319692611694
mem_long,2,bump_train,mixed_leaky,0.29077155899331253,27.008367348267626,3.658818519557508,3.281833145701918,0.025664164428080664,0.15362025296645918,13.651317308945828,223.90062061354448,5,457.80124122708895,True,420,61.20427107810974
mem_long,3,double_bump,level,0.0,34.013140704892656,2.6488320425093344,0.0,0.0,0.22053630524498793,9.1013087010599,257.74824615001677,3,521.4964923000335,True,116,22.124074459075928
mem_long,3,double_bump,transient,1.0,69.33215102696039,0.0,2.111799546255552,0.0,0.16087920235285724,9.086860770785709,261.81472529003315,3,529.6294505800663,True,156,29.298532485961914
mem_long,3,double_bump,mixed,0.07488115787936797,30.839967563680844,2.4273014048502417,0.4298417329514188,0.0,0.24403528483937958,8.952069492816763,257.6476433167179,4,523.2952866334358,True,315,32.33462405204773
mem_long,3,double_bump,mixed_leaky,0.07950657068642374,138.629436111989,2.4020318959064255,0.4539112485629987,0.005000000000000002,0.21942260117898996,8.988582146919178,257.67582185543324,5,525.3516437108665,True,216,63.417394161224365
mem_long,2,roving_ramp_bump,level,0.0,inf,2.472088291090696,0.0,0.0,0.0794806452181281,10.758643489215716,407.14976475422407,3,820.2995295084481,True,112,17.92939043045044
mem_long,2,roving_ramp_bump,transient,1.0,100.99446547203402,0.0,4.159762615693132,0.0,0.22424265410749666,7.358294328157616,424.7519627838976,3,855.5039255677952,True,172,28.371497869491577
mem_long,2,roving_ramp_bump,mixed,0.4442006557259532,53.680547374735745,2.5211224178650578,4.4082371055750285,0.0,0.39341472975197883,12.00508490441271,387.9352373299641,4,783.8704746599282,True,205,41.1934335231781
mem_long,2,roving_ramp_bump,mixed_leaky,0.44044441390597056,138.629436111989,2.5225046480559667,4.343998755227293,0.005000000000000002,0.36068636563283685,11.971046766481011,388.07681532794726,5,786.1536306558945,True,390,83.18158006668091
mem_long,3,roving_ramp_bump,level,0.0,inf,1.4214241146024509,0.0,0.0,-0.011952946908303735,11.664364957626885,341.9123893084731,3,689.8247786169462,True,172,24.739303588867188
mem_long,3,roving_ramp_bump,transient,1.0,inf,0.0,3.1658230081625818,0.0,0.05871184788659578,10.4679462090965,344.80929537413795,3,695.6185907482759,True,168,15.680768728256226
mem_long,3,roving_ramp_bump,mixed,0.49615530718239775,922.9485918204439,1.2413566354324186,2.6744061931773193,0.0,0.167756564666971,11.729682185826121,333.438909588668,4,674.877819177336,True,190,33.41850447654724
mem_long,3,roving_ramp_bump,mixed_leaky,0.47383415560438497,29.154928583927113,1.2746318706364275,2.5112984572855575,0.02377461424968374,0.005105365589920681,11.946594288767384,333.32853735211336,5,676.6570747042267,True,354,54.162062644958496
mem_long,3,bump_train,level,0.0,0.596475402599762,3.006425531772448,0.0,0.0,1.745742982936388,1.9651324702044763,223.25581622704942,3,452.51163245409884,True,168,29.731159687042236
mem_long,3,bump_train,transient,1.0,0.23452443929963473,0.0,0.8936036603809149,0.0,10.972470406726208,5.127700579654345,257.4471989674916,3,520.8943979349832,True,12,2.258082628250122
mem_long,3,bump_train,mixed,0.0030402206310067817,0.5961204847508383,2.9955861614723944,0.01998568904851788,0.0,1.7469496141329888,1.964749151229726,223.2622418612989,4,454.5244837225978,True,50,5.738346815109253
mem_long,3,bump_train,mixed_leaky,0.0015224607770235675,113.91040588775451,2.9976597778985106,0.010000000000000004,0.006085020724471489,1.7381356674829616,1.9664296711595206,223.25909014381043,5,456.51818028762085,True,726,123.60181021690369
mem_long,4,bump_train,level,0.0,44.15734991426207,5.041313702540566,0.0,0.0,0.277399808265943,9.918130838974983,196.9338795785399,3,399.8677591570798,True,132,13.765756607055664
mem_long,4,bump_train,transient,1.0,22.931046390367545,0.0,5.899780715341626,0.0,0.4487506820181498,8.364114438267276,192.54657783610097,3,391.09315567220193,True,144,28.33878755569458
mem_long,4,bump_train,mixed,0.6093286661211617,23.765693535365866,1.5065995346163659,5.141001613536905,0.0,0.4645715325345929,8.70376879105804,192.2602537905912,4,392.5205075811824,True,265,31.812865257263184
mem_long,4,bump_train,mixed_leaky,0.6182142931601071,138.629436111989,1.4536427804900014,5.149759156772439,0.005000000000000002,0.4399302688885506,8.70291671869128,192.2649933476231,5,394.5299866952462,True,474,73.86574935913086
mem_long,5,bump_train,level,0.0,145.5055352315243,3.3085918501629177,0.0,0.0,0.15989580505950374,15.0,123.32101396086085,3,252.6420279217217,True,276,25.84418272972107
mem_long,5,bump_train,transient,1.0,0.2500037625601553,0.0,0.010000000000000004,0.0,30.0,15.0,135.3858456957273,3,276.7716913914546,True,8,1.7641117572784424
mem_long,5,bump_train,mixed,0.002755940581605696,144.75929508665305,3.3078809395575113,0.01999991307144309,0.0,0.1610412344053887,15.0,123.32376194966358,4,254.64752389932715,True,70,6.7184484004974365
mem_long,5,bump_train,mixed_leaky,0.0023863116090506588,14.043479320976086,3.413608016737985,0.017864392442716114,0.049357225849624306,-0.2585086984047924,15.0,123.04537325009666,5,256.0907465001933,True,456,50.239421129226685
mem_long,3,roving_bump,level,0.0,34.81500759423774,1.5913633640097524,0.0,0.0,0.16508373875775303,7.866033029686691,356.85921295444183,3,719.7184259088837,True,148,33.20094060897827
mem_long,3,roving_bump,transient,1.0,685.781316120697,0.0,2.2519670649754033,0.0,0.10748707781619392,7.969697119234202,365.7631686162296,3,737.5263372324592,True,176,16.766809701919556
mem_long,3,roving_bump,mixed,0.32430636238996446,34.216609476721004,1.3563042087302515,1.4242052920290251,0.0,0.2301616716168052,8.310655537722262,352.6447898534358,4,713.2895797068716,True,170,29.854867935180664
mem_long,3,roving_bump,mixed_leaky,0.3213206010514372,138.629436111989,1.3612108303411847,1.4099676434536763,0.005000000000000002,0.20840002309438296,8.315103272954257,352.6621680443213,5,715.3243360886426,True,372,93.77600765228271
mem_long,4,roving_bump,level,0.0,inf,2.4086615047521223,0.0,0.0,0.04014475340460644,13.495593248897901,253.79234244494208,3,513.5846848898841,True,244,35.72304844856262
mem_long,4,roving_bump,transient,1.0,inf,0.0,4.2774567555420075,0.0,0.1673011050285424,10.73932329539275,254.85469703639714,3,515.7093940727943,True,140,28.43120503425598
mem_long,4,roving_bump,mixed,0.45505985229722323,3486.7394514857165,1.9037934503455014,3.478158678059231,0.0,0.221230729998686,12.868614349689716,250.07574785264222,4,508.15149570528445,True,235,21.908130407333374
mem_long,4,roving_bump,mixed_leaky,0.4122275287974391,13.74979946539788,1.980535503100463,3.038926718869735,0.050411439258026124,-0.19423964528446205,13.407738050789582,249.59755071361528,5,509.19510142723055,True,204,62.21580767631531
mem_long,4,double_bump,level,0.0,300.7541618144089,2.2988925575173886,0.0,0.0,0.09283435992762916,10.555935118477098,205.75863701464917,3,417.51727402929833,True,192,36.697211503982544
mem_long,4,double_bump,transient,1.0,inf,0.0,2.8243642722238964,0.0,0.1238721796488395,10.847532193834965,205.16664003978408,3,416.33328007956817,True,184,30.893075466156006
mem_long,4,double_bump,mixed,0.9847412180175574,inf,0.020000156869863825,2.823875184928832,0.0,0.12485173766801483,10.850344859726071,205.15537440165468,4,418.31074880330937,False,190,23.282469511032104
mem_long,4,double_bump,mixed_leaky,0.48791419433828004,5.831780110321921,1.1247102841726229,2.344505346701691,0.11885687859408725,-1.1166024003619852,15.0,204.34225509053073,5,418.68451018106146,True,726,102.10485625267029
mem_long,5,roving_ramp_bump,level,0.0,141.97337838534037,2.4788417377575,0.0,0.0,0.12491041089834554,12.417587028967118,246.9477332071587,3,499.8954664143174,True,152,33.86954069137573
mem_long,5,roving_ramp_bump,transient,1.0,inf,0.0,3.4492798607828226,0.0,0.07741529079923176,11.980487707122695,259.9639189853131,3,525.9278379706262,True,132,13.311126470565796
mem_long,5,roving_ramp_bump,mixed,0.23352824272138054,100.9549264885935,2.30803188684437,1.538490807073185,0.0,0.20758418154609132,12.626777175608002,246.14386465790142,4,500.28772931580284,True,310,34.25894069671631
mem_long,5,roving_ramp_bump,mixed_leaky,0.2294156549537982,138.629436111989,2.3057119515157765,1.501819591522789,0.005000000000000002,0.17250044288512892,12.64150811533275,246.23635201371616,5,502.4727040274323,True,216,48.15801739692688
mem_long,5,double_bump,level,0.0,18.780875343462988,7.296917799670549,0.0,0.0,0.5441598878158472,11.463728993359227,107.71897911639527,3,221.43795823279055,True,140,13.496602058410645
mem_long,5,double_bump,transient,1.0,0.07878592248001093,0.0,23.604553770267486,0.0,7.775304439748208,1.0572374073207185,112.76759331937245,3,231.5351866387449,True,304,32.784419775009155
mem_long,5,double_bump,mixed,0.0012520462125867307,18.768502454814453,7.29227580168799,0.020000340454113925,0.0,0.5452083581100504,11.467342885440765,107.70462594551915,4,223.4092518910383,True,65,16.59041666984558
mem_long,5,double_bump,mixed_leaky,0.18885019351257445,14.116683143264602,6.4760906917446235,3.2986719971890928,0.0491012777948949,0.23151126002329248,15.0,106.12537253841386,5,222.2507450768277,True,714,106.6311047077179
mem_long,6,roving_bump,level,0.0,inf,4.400151176470827,0.0,0.0,0.11969894093936334,10.569019318322404,333.4836556213028,3,672.9673112426055,True,148,20.99300193786621
mem_long,6,roving_bump,transient,1.0,inf,0.0,1.5782792027381305,0.0,0.02027334231446033,8.067692883316782,349.87907099830164,3,705.7581419966033,True,144,26.88419270515442
mem_long,6,roving_bump,mixed,0.0010377572987669008,inf,4.39990632902388,0.010000000000000004,0.0,0.12024023804092726,10.569467873295975,333.4857100122031,4,674.9714200244063,True,305,31.931583166122437
mem_long,6,roving_bump,mixed_leaky,0.001041233206415556,138.629436111989,4.389516820739865,0.010009837135200251,0.005000000000000002,0.09311660569443447,10.561118881843383,333.4981563737785,5,676.996312747557,True,336,45.92863464355469
mem_long,5,roving_bump,level,0.0,84.18806099175175,2.669550804967998,0.0,0.0,0.16703688635101838,13.404951592234195,204.15112506822112,3,414.30225013644224,True,184,17.755474090576172
mem_long,5,roving_bump,transient,1.0,61.76136954617904,0.0,5.642598565082677,0.0,0.3465880144649259,11.342407619028595,208.68079916010132,3,423.36159832020263,True,152,26.77534031867981
mem_long,5,roving_bump,mixed,0.4800682179952409,39.85437400511646,2.162867441220776,4.369143805255581,0.0,0.4375162482829257,13.504143390891496,199.6126810828445,4,407.225362165689,True,250,50.54164242744446
mem_long,5,roving_bump,mixed_leaky,0.4720147389947854,138.629436111989,2.1747824715816377,4.253627267018527,0.005000000000000002,0.3940897444631466,13.544456558832103,199.66715761922777,5,409.33431523845553,True,258,51.79622220993042
mem_long,6,bump_train,level,0.0,inf,8.622805912772641,0.0,0.0,0.24007639908746597,14.738984230194347,231.86342775030863,3,469.72685550061726,False,248,35.236751317977905
mem_long,6,bump_train,transient,1.0,inf,0.0,3.9309562192830207,0.0,0.06612259632049228,15.0,237.71253699202668,3,481.42507398405337,True,328,43.662994146347046
mem_long,6,bump_train,mixed,0.001059511321071031,inf,8.618932218936521,0.01999996783454621,0.0,0.2410906080010626,14.739165260341322,231.86384192532725,4,471.7276838506545,True,85,23.910136699676514
mem_long,6,bump_train,mixed_leaky,0.001082024441206225,138.629436111989,8.43379219659269,0.019986648975357253,0.005000000000000002,0.19458906344143553,14.754060463298693,231.92072666106472,5,473.84145332212944,True,198,43.98013710975647
mem_long,6,roving_ramp_bump,level,0.0,31.902405771854212,6.143560255871323,0.0,0.0,0.33796686465324516,8.72687547351583,340.5418579145017,3,687.0837158290034,True,188,25.392463445663452
mem_long,6,roving_ramp_bump,transient,1.0,109.52347023546375,0.0,3.341745873352965,0.0,0.18242217727423193,6.909224505946124,366.52829240082394,3,739.0565848016479,True,124,22.00012707710266
mem_long,6,roving_ramp_bump,mixed,0.10973758367805532,30.50940218448555,5.955182828938737,1.605988013028672,0.0,0.4143992977897132,8.96156630017559,339.26925671247176,4,686.5385134249435,True,265,24.723158836364746
mem_long,6,roving_ramp_bump,mixed_leaky,0.10797428906523135,138.629436111989,5.94614006270727,1.5746642302381306,0.005000000000000002,0.3891545051780303,8.957594130819336,339.3315033980236,5,688.6630067960472,True,198,76.34129786491394
mem_long,4,roving_ramp_bump,level,0.0,95.73754105837155,1.7863705180674714,0.0,0.0,0.10332098930455441,8.581924521746002,298.50087201514646,3,603.0017440302929,True,120,25.425736904144287
mem_long,4,roving_ramp_bump,transient,1.0,74.21575933243317,0.0,5.797911249703543,0.0,0.3181259910240513,8.364123882877912,289.7024880250071,3,585.4049760500142,True,148,25.12877869606018
mem_long,4,roving_ramp_bump,mixed,0.627312343744725,21.499249833587974,1.3768346183413436,5.070262542646625,0.0,0.4545510466085404,7.762915967543263,285.14278930807626,4,578.2855786161525,True,145,31.837995767593384
mem_long,4,roving_ramp_bump,mixed_leaky,0.5311871635264797,3.690673249616547,1.7270143006699201,4.281085063517318,0.18781049789004264,-1.7841794977112897,15.0,282.3433603794104,5,574.6867207588208,True,750,144.56752490997314
mem_long,6,double_bump,level,0.0,inf,5.27950489876731,0.0,0.0,0.14002985681867042,11.662110546907275,266.2409748510555,3,538.481949702111,True,184,28.30665373802185
mem_long,6,double_bump,transient,1.0,inf,0.0,3.7365254714395166,0.0,0.1293053594713388,11.020428639318226,267.1081072045721,3,540.2162144091442,True,216,36.604636669158936
mem_long,6,double_bump,mixed,0.0017290387595348359,inf,5.277977560331595,0.020000169517347375,0.0,0.14110097804608782,11.66402970480323,266.22589805908524,4,540.4517961181705,True,100,17.207926511764526
mem_long,6,double_bump,mixed_leaky,0.20543617671962097,7.5809324525113,3.5667692117781025,2.0175903497295966,0.09143297145858748,-0.7720186229827123,15.0,264.85129980579364,5,539.7025996115873,True,582,103.99368643760681
mem_long,7,double_bump,level,0.0,45.239697944642145,2.8240072465688724,0.0,0.0,0.16684686523790007,6.728491515837193,360.96818252169766,3,727.9363650433953,True,128,23.97543954849243
mem_long,7,double_bump,transient,1.0,33.24156957319572,0.0,5.113986267959654,0.0,0.3320503995050395,6.7250157089167395,353.391132619052,3,712.782265238104,True,136,24.760949850082397
mem_long,7,double_bump,mixed,0.9957353402774676,33.23385564600232,0.010000000000000004,5.108217530161996,0.0,0.33215775998645564,6.7261360579954035,353.3911879814797,4,714.7823759629593,True,340,37.44876837730408
mem_long,7,double_bump,mixed_leaky,0.9957204200467257,138.629436111989,0.010000395792286766,5.090533552178188,0.005000000000000002,0.31356524470207975,6.729598399737251,353.4160348313047,5,716.8320696626095,True,126,70.69373774528503
mem_long,7,roving_bump,level,0.0,31.9528624234401,1.706203385617841,0.0,0.0,0.14982559723757705,6.003944088271744,406.340536217902,3,818.681072435804,True,168,26.63097071647644
mem_long,7,roving_bump,transient,1.0,26.237117102105472,0.0,5.444251960792705,0.0,0.363772180057602,6.190069172785857,387.7533930139108,3,781.5067860278216,True,148,22.45792508125305
mem_long,7,roving_bump,mixed,0.8082043701276139,23.444458233008135,0.5592596727360366,5.155916052676027,0.0,0.3845902410653607,6.2589907095909165,387.3216214744602,4,782.6432429489204,True,245,36.997217893600464
mem_long,7,roving_bump,mixed_leaky,0.7920202524824211,6.6258805306021635,0.6067706387115891,5.0553315538033505,0.1046120854969523,-0.030091098453883216,6.665030892339676,387.20131070516703,5,784.4026214103341,True,366,71.52734851837158
mem_long,7,roving_ramp_bump,level,0.0,19.73734908392041,1.4844737691677414,0.0,0.0,0.1997318198945207,5.965319725622024,385.2948397691742,3,776.5896795383484,True,112,27.47216510772705
mem_long,7,roving_ramp_bump,transient,1.0,67.24843456620657,0.0,6.5128151199764535,0.0,0.35088047713296394,7.6429996065172965,365.3145893059446,3,736.6291786118892,True,128,24.900729179382324
mem_long,7,roving_ramp_bump,mixed,0.7937650250238958,34.47557046622539,0.7035477451421523,5.9242457084830455,0.0,0.3991431908402983,7.489688241376267,363.7658592996242,4,735.5317185992484,True,180,34.17803478240967
mem_long,7,roving_ramp_bump,mixed_leaky,0.7914657315498584,138.629436111989,0.7080417014033448,5.879269474058303,0.005000000000000002,0.37909029106899655,7.467782845896008,363.8156466773622,5,737.6312933547244,True,276,84.42546582221985
mem_long,8,bump_train,level,0.0,23.073771775389986,2.6037023637877903,0.0,0.0,0.2611910235752418,8.118447203417611,164.47354127094326,3,334.9470825418865,False,308,29.404141426086426
mem_long,8,bump_train,transient,1.0,37.43918134699143,0.0,4.4237381085352245,0.0,0.3298697716508653,9.744506042271247,162.465189933908,3,330.930379867816,True,216,21.425846338272095
mem_long,8,bump_train,mixed,0.9902028064374839,37.359058984751485,0.020000016008272357,4.422447175331615,0.0,0.33078860104239954,9.747722200689818,162.46337123802897,4,332.92674247605794,True,105,12.092094421386719
mem_long,8,bump_train,mixed_leaky,0.9591651448151219,12.352589399890137,0.07942557325123797,4.081620036277391,0.056113512569770194,0.04096749338618288,9.410628042382372,162.4510679747508,5,334.9021359495016,True,654,83.6027729511261
mem_long,8,double_bump,level,0.0,inf,2.986675178104687,0.0,0.0,0.08263880826063062,12.024573076735594,217.26635026159468,3,440.53270052318936,True,168,27.025675296783447
mem_long,8,double_bump,transient,1.0,inf,0.0,3.3764141449364047,0.0,0.11627830084272851,12.634797703162114,215.62662384446278,3,437.25324768892557,True,248,36.83684587478638
mem_long,8,double_bump,mixed,0.987203172168155,inf,0.020000045672767905,3.375553915276761,0.0,0.11733755955826804,12.636433703566238,215.62186215505352,4,439.24372431010704,True,90,9.991529703140259
mem_long,8,double_bump,mixed_leaky,0.5430185147012531,9.634838055097026,1.0946277794445876,2.845721168540058,0.07194175725592568,-0.5642712221846113,15.0,214.81325826273698,5,439.62651652547396,True,684,86.22678112983704
mem_long,7,bump_train,level,0.0,87.83860376276799,2.828624322120022,0.0,0.0,0.1361476358378027,7.644500849495022,326.9037258869315,3,659.807451773863,True,180,31.565447330474854
mem_long,7,bump_train,transient,1.0,91.13760545795202,0.0,4.2422223122132525,0.0,0.2343001802345112,7.7947557299694905,323.13319494340584,3,652.2663898868117,True,120,24.298051834106445
mem_long,7,bump_train,mixed,0.7268135565589654,81.0965038972482,0.6669751519862168,3.8822489046293196,0.0,0.24537465795567004,7.825574044830371,323.03415799528983,4,654.0683159905797,True,245,29.945852041244507
mem_long,7,bump_train,mixed_leaky,0.7821125499383591,8.673018106176974,0.48905175345318025,3.8406232364699444,0.07991995082614688,-0.153250704317829,8.288673476628015,322.878215748523,5,655.756431497046,True,402,142.08931803703308
mem_long,9,bump_train,level,0.0,34.89211677758192,3.544553920469721,0.0,0.0,0.23627556603306357,8.387840953278964,283.874782506401,3,573.749565012802,True,84,18.28099751472473
mem_long,9,bump_train,transient,1.0,55.60242953004753,0.0,6.783740393589915,0.0,0.39760854850242433,10.155492672519697,274.78488817356737,3,555.5697763471347,True,104,25.566473484039307
mem_long,9,bump_train,mixed,0.6224784446905824,36.71331730901062,1.5766746632737596,5.687671416638106,0.0,0.4434457845252022,9.913584798811751,273.45570421858616,4,554.9114084371723,True,295,47.02344036102295
mem_long,9,bump_train,mixed_leaky,0.6249111074893002,138.629436111989,1.5535058995629167,5.662481469407556,0.005000000000000002,0.4143984180706595,9.916705058187285,273.5391380073961,5,557.0782760147922,True,204,60.663360834121704
mem_long,8,roving_ramp_bump,level,0.0,43.818913904056295,2.088432450190049,0.0,0.0,0.18218571295138258,9.972546090750065,178.31508505958416,3,362.6301701191683,True,216,20.085876941680908
mem_long,8,roving_ramp_bump,transient,1.0,44.949344693867125,0.0,3.8742915441426904,0.0,0.27688611987248324,9.166222532473407,178.97040732043186,3,363.9408146408637,True,224,22.08222198486328
mem_long,8,roving_ramp_bump,mixed,0.43757701751666545,28.576479005448135,1.513228630742938,2.575762646727168,0.0,0.32684981396887053,9.201516198921354,176.27154316655853,4,360.54308633311706,True,315,46.16439986228943
mem_long,8,roving_ramp_bump,mixed_leaky,0.3261272370510844,4.150938278096519,1.8641527179846678,1.973787993540451,0.16698566302888979,-1.5300225683149835,14.863896739647158,174.91534827764252,5,359.83069655528504,True,354,74.86668038368225
mem_long,9,roving_bump,level,0.0,inf,1.4764988291258752,0.0,0.0,0.030696279749934673,8.43805316306185,470.93007174689393,3,947.8601434937879,True,140,22.613683223724365
mem_long,9,roving_bump,transient,1.0,inf,0.0,4.624513006891579,0.0,0.17588286154761665,8.645864862681078,445.32976871348274,3,896.6595374269655,True,152,24.462685108184814
mem_long,9,roving_bump,mixed,0.6442144546859799,226.54100983033197,1.1176888093394584,4.427646240955527,0.0,0.25823437459068416,9.842456071698606,437.7466649977238,4,883.4933299954477,True,250,48.350788593292236
mem_long,9,roving_bump,mixed_leaky,0.6413026735284718,138.629436111989,1.1198234040174615,4.38020359267832,0.005000000000000002,0.23111775456718078,9.826557697274442,437.85437292081895,5,885.7087458416379,True,270,76.61108922958374
mem_long,8,roving_bump,level,0.0,6.16575963851512,1.9703435085461982,0.0,0.0,0.46042181198564797,4.881999710511524,267.8922889282232,3,541.7845778564464,True,96,22.549402713775635
mem_long,8,roving_bump,transient,1.0,14.032499668804375,0.0,5.907303131083438,0.0,0.5042566058879074,6.666605390500449,251.8367123760679,3,509.6734247521358,True,220,27.530678510665894
mem_long,8,roving_bump,mixed,0.7657442324970758,11.785136888384052,0.7535164405688185,5.3888490807276535,0.0,0.5470602086307748,6.577919450919644,251.09233460844726,4,510.1846692168945,True,230,38.02668499946594
mem_long,8,roving_bump,mixed_leaky,0.7118034945176575,3.857494483724299,0.9608978259250096,5.192284282684174,0.17968844375137819,-0.5938402151445563,9.146971129963015,250.51848556355074,5,511.0369711271015,True,516,118.8447949886322
mem_long,10,bump_train,level,0.0,inf,2.298800710650992,0.0,0.0,0.015557742162767292,10.127570015191674,341.66887025252976,3,689.3377405050595,True,148,29.543801069259644
mem_long,10,bump_train,transient,1.0,inf,0.0,1.8689053188134621,0.0,-0.0065129861106185145,10.335215339944847,343.1857192976845,3,692.371438595369,True,188,38.42091679573059
mem_long,10,bump_train,mixed,0.003961742954875733,inf,2.2983196931123406,0.020000025960018483,0.0,0.016858341322974302,10.13004386449484,341.66360747099424,4,691.3272149419885,True,75,10.093571901321411
mem_long,10,bump_train,mixed_leaky,0.04959232799668337,10.757873070208735,2.0066169778082545,0.2290756308101289,0.06443161915336636,-0.40409080649570833,10.800929390185198,341.61377919600096,5,693.2275583920019,True,564,72.92974472045898
mem_long,9,double_bump,level,0.0,72.6269843611836,2.720025152389518,0.0,0.0,0.15127511233088792,9.034565384591401,288.32149953806504,3,582.6429990761301,True,196,29.14996600151062
mem_long,9,double_bump,transient,1.0,72.71623771773574,0.0,3.5658526125778374,0.0,0.22259946457409086,8.958795826479488,285.1373544135048,3,576.2747088270096,True,188,27.393397331237793
mem_long,9,double_bump,mixed,0.5912863812328989,52.28639256711461,0.9371960124045571,2.9663271424314086,0.0,0.2494428608185395,8.870001059278112,284.7855438523831,4,577.5710877047662,True,235,25.21865177154541
mem_long,9,double_bump,mixed_leaky,0.6485690061965884,6.264645863943442,0.7305672333985426,2.9497564970012364,0.11064427193712527,-0.5230805273338813,10.548663361084568,284.54712508051836,5,579.0942501610367,True,444,125.90454077720642
mem_long,10,roving_ramp_bump,level,0.0,inf,1.3956829055596611,0.0,0.0,-0.0824513216154947,9.19279950421765,493.5545365548892,3,993.1090731097784,True,124,18.976161003112793
mem_long,10,roving_ramp_bump,transient,1.0,inf,0.0,3.3066073508604656,0.0,0.020792052794852432,8.128714850469617,494.4154137967308,3,994.8308275934615,True,164,26.121867418289185
mem_long,10,roving_ramp_bump,mixed,0.5219062316535534,inf,1.1367656244849238,2.7149396367152994,0.0,0.09085722996054439,8.720695849364018,487.2782490520013,4,982.5564981040026,True,165,24.485283613204956
mem_long,10,roving_ramp_bump,mixed_leaky,0.3581072525032126,3.483026727089805,1.433306808244271,1.7494424402184294,0.1990071380069756,-2.131736638151512,14.226076278184031,486.9521090712881,5,983.9042181425762,True,480,63.711548805236816
mem_long,9,roving_ramp_bump,level,0.0,inf,1.5338149362406173,0.0,0.0,0.0021369846062412293,9.25733665000036,399.546565367088,3,805.093130734176,True,140,23.94509482383728
mem_long,9,roving_ramp_bump,transient,1.0,inf,0.0,5.972810364492637,0.0,0.22938338396095503,10.240933143193674,370.37804553994397,3,746.7560910798879,True,200,25.720125913619995
mem_long,9,roving_ramp_bump,mixed,0.6910773156057687,392.86365852761134,1.2151637888675353,5.947322693805514,0.0,0.3231600319937868,11.662853927092552,363.8665384350932,4,735.7330768701864,True,230,42.025835275650024
mem_long,9,roving_ramp_bump,mixed_leaky,0.6794538162436593,27.318240862000987,1.2393662294197718,5.747498096285304,0.025373053267280333,0.15385722189809084,11.723951890182526,363.61726235215815,5,737.2345247043163,True,348,84.57454085350037
mem_long,10,double_bump,level,0.0,inf,3.5402857788772137,0.0,0.0,0.09549813594861785,9.75722316396308,318.5773930926133,3,643.1547861852266,True,128,22.085702896118164
mem_long,10,double_bump,transient,1.0,inf,0.0,4.50885662991569,0.0,0.15531747136741647,10.349532282258268,313.64356278078594,3,633.2871255615719,True,152,25.417208433151245
mem_long,10,double_bump,mixed,0.5190909781904639,inf,1.6423879577028975,3.8785210682152056,0.0,0.21703673422188213,10.217977418046306,312.9662480546768,4,633.9324961093536,True,260,28.472654819488525
mem_long,10,double_bump,mixed_leaky,0.5845366892373904,5.523368839336911,1.224222520688947,3.768333305195266,0.1254935530691734,-0.8781018967475386,12.49806670247369,312.4069487210961,5,634.8138974421922,True,660,96.46393752098083
mem_long,12,double_bump,level,0.0,36.97733592262422,4.714752207820144,0.0,0.0,0.3378043959519641,13.563538175585204,174.83574002593232,3,355.67148005186465,True,172,16.248555421829224
mem_long,12,double_bump,transient,1.0,0.2500037625601553,0.0,0.010000000000000004,0.0,30.0,15.0,210.34630025740154,3,426.6926005148031,True,8,1.735198974609375
mem_long,12,double_bump,mixed,0.24355124083228732,37.414610311264695,3.57147676428435,2.5157559418968307,0.0,0.421724769892788,14.305687677239357,172.974548779853,4,353.949097559706,True,300,25.8886501789093
mem_long,12,double_bump,mixed_leaky,0.24663170481185795,138.629436111989,3.4900359105538996,2.4996621124399527,0.005000000000000002,0.37411767607737817,14.384981108069395,173.03820524805835,5,356.0764104961167,True,306,42.73916053771973
mem_long,11,bump_train,level,0.0,45.532257311774444,3.0317909914495886,0.0,0.0,0.19343119020856964,8.573234587206072,208.26651624476622,3,422.53303248953245,True,192,36.2677948474884
mem_long,11,bump_train,transient,1.0,32.20454197147506,0.0,3.663583275000991,0.0,0.29122853208777677,8.103795850368176,206.18434039181156,3,418.3686807836231,True,192,32.05301880836487
mem_long,11,bump_train,mixed,0.9881949400501742,32.16813880219245,0.019999978089739884,3.6628049733315797,0.0,0.29203220967817367,8.10646368855925,206.1845664879483,4,420.3691329758966,True,80,9.297146081924438
mem_long,11,bump_train,mixed_leaky,0.9879616138270371,6.822990737993298,0.019534470695435683,3.5073838239920607,0.10158993426448736,-0.4801400498157309,10.949489409345233,206.04157685995267,5,422.08315371990534,True,354,57.130669832229614
mem_long,10,roving_bump,level,0.0,inf,2.305788036638534,0.0,0.0,0.02014961053800141,10.961117622605098,372.1962685438099,3,750.3925370876198,True,120,24.318166971206665
mem_long,10,roving_bump,transient,1.0,inf,0.0,5.449262335426462,0.0,0.18293630770287178,9.757502221414416,367.0442758064388,3,740.0885516128776,True,156,25.63765549659729
mem_long,10,roving_bump,mixed,0.5303597224804384,inf,2.004470052855608,4.952387483275012,0.0,0.28159415330184734,11.734307936419095,356.1059410713178,4,720.2118821426355,True,185,35.16981649398804
mem_long,10,roving_bump,mixed_leaky,0.5017249087132037,17.271900905562596,2.0890143457052037,4.60201207680068,0.04013149359470387,-0.004194206590704707,12.058873256462196,355.74812382370305,5,721.4962476474061,True,264,95.41364622116089
mem_long,11,roving_bump,level,0.0,439.95607363456605,2.0792613312165025,0.0,0.0,0.07926272061215352,9.828671318321721,252.89690819311818,3,511.79381638623636,True,164,27.557494163513184
mem_long,11,roving_bump,transient,1.0,inf,0.0,3.129983189209083,0.0,0.13694629292366475,9.313464991067692,253.75665361237682,3,513.5133072247536,True,112,19.677130699157715
mem_long,11,roving_bump,mixed,0.38174829589205533,250.0678569446272,1.6038431060001501,2.1666238179000143,0.0,0.1700189132793741,9.83883105714423,251.38052663970157,4,510.76105327940314,True,245,23.635599851608276
mem_long,11,roving_bump,mixed_leaky,0.38184594479980927,138.629436111989,1.5971276159049634,2.1584446964255855,0.005000000000000002,0.14491676220099678,9.81458135831173,251.38875627363888,5,512.7775125472778,True,612,70.8604428768158
mem_long,12,roving_ramp_bump,level,0.0,0.25000272907029897,0.010000000000000004,0.0,0.0,30.0,15.0,304.2192506421641,3,614.4385012843283,True,8,1.7309858798980713
mem_long,12,roving_ramp_bump,transient,1.0,3005.5486937601513,0.0,4.931089497330766,0.0,0.22486268691156094,13.367402046770339,230.49975626003905,3,466.9995125200781,True,144,13.615825653076172
mem_long,12,roving_ramp_bump,mixed,0.6794850918409623,78.80598019709049,1.0390917903520318,4.819427570970567,0.0,0.3467964843653407,15.0,227.20069059402022,4,462.40138118804043,True,195,17.061538696289062
mem_long,12,roving_ramp_bump,mixed_leaky,0.6698938491985803,138.629436111989,1.0651784302793164,4.729166271866726,0.005000000000000002,0.30669063231332905,15.0,227.2812691853988,5,464.5625383707976,True,270,45.558738708496094
mem_long,15,bump_train,level,0.0,0.23965590208922719,0.529299448294249,0.0,0.0,10.71990099734809,5.1298668139724,172.92040857384967,3,351.84081714769934,True,12,2.210400342941284
mem_long,15,bump_train,transient,1.0,0.2500037625601553,0.0,0.010000000000000004,0.0,30.0,15.0,172.92040857384967,3,351.84081714769934,True,8,1.8559541702270508
mem_long,15,bump_train,mixed,0.016977823844702377,0.23967612412924613,0.529299448294249,0.02,0.0,10.71990099734809,5.1298668139724,172.92040857384967,4,353.84081714769934,True,5,1.0947222709655762
mem_long,15,bump_train,mixed_leaky,0.016977823844702377,115.52453009332424,0.529299448294249,0.02,0.005999999999999998,10.71990099734809,5.1298668139724,172.92040857384967,5,355.84081714769934,True,6,1.705549955368042
mem_long,11,double_bump,level,0.0,39.52760818908734,3.0871310438455115,0.0,0.0,0.20711156589432272,8.380856765625524,194.06675304003193,3,394.13350608006385,True,160,16.174910306930542
mem_long,11,double_bump,transient,1.0,24.598815790853067,0.0,4.721727175761309,0.0,0.3742816354353402,7.925514771314852,189.10165757597645,3,384.2033151519529,True,140,25.21697497367859
mem_long,11,double_bump,mixed,0.9953807028425484,24.56917667897628,0.010000000000000004,4.714364548310975,0.0,0.3744146473869106,7.9227439563822095,189.10536604902862,4,386.21073209805724,True,350,34.17411947250366
mem_long,11,double_bump,mixed_leaky,0.9954558986679759,4.539732836373591,0.010000000000000004,4.792739929990186,0.15268457540193975,-0.5970854222685638,9.748774613625372,188.9078964193826,5,387.8157928387652,True,630,111.96957421302795
mem_long,12,bump_train,level,0.0,78.06027028296269,4.295454987990634,0.0,0.0,0.21873254412152665,12.187221548314692,219.40532074192066,3,444.8106414838413,True,168,30.598543405532837
mem_long,12,bump_train,transient,1.0,149.78243649308502,0.0,5.583306287120056,0.0,0.29546317666157446,12.994124055713787,219.62847792390056,3,445.2569558478011,True,168,27.020469665527344
mem_long,12,bump_train,mixed,0.3612306366368719,77.86732860230002,2.6184221872411393,3.2395897552754884,0.0,0.31392617761211317,12.75610124466149,217.47399511921992,4,442.94799023843984,True,305,29.005188941955566
mem_long,12,bump_train,mixed_leaky,0.3557452456574984,138.629436111989,2.628233605671465,3.1750844645073344,0.005000000000000002,0.2777859261123638,12.752067203328815,217.482445510303,5,444.964891020606,True,306,52.64069724082947
mem_long,15,roving_ramp_bump,level,0.0,0.25000272907029897,0.010000000000000004,0.0,0.0,30.0,15.0,276.1029340920875,3,558.205868184175,True,8,1.7114083766937256
mem_long,15,roving_ramp_bump,transient,1.0,0.2500037625601553,0.0,0.010000000000000004,0.0,30.0,15.0,276.1029340920875,3,558.205868184175,True,8,1.6950383186340332
mem_long,15,roving_ramp_bump,mixed,0.4775764455742727,0.25001025446816466,0.010000000000000004,0.02,0.0,30.0,15.0,276.1029340920875,4,560.205868184175,True,5,1.1788568496704102
mem_long,15,roving_ramp_bump,mixed_leaky,0.4775764455742727,115.52453009332424,0.010000000000000004,0.02,0.005999999999999998,30.0,15.0,276.1029340920875,5,562.205868184175,True,6,2.1182093620300293
mem_long,13,double_bump,level,0.0,59.71360901710714,3.2281361243616367,0.0,0.0,0.21546687707096934,13.107173734238446,152.57062496251345,3,311.1412499250269,True,164,15.947761058807373
mem_long,13,double_bump,transient,1.0,0.2500037625601553,0.0,0.010000000000000004,0.0,30.0,15.0,172.79240324027805,3,351.5848064805561,True,8,1.6829524040222168
mem_long,13,double_bump,mixed,0.0028251059564296612,59.44328886152249,3.2268101797523268,0.02000076789063362,0.0,0.2168422324385849,13.109153158868395,152.54898431456067,4,313.09796862912134,True,35,3.4614272117614746
mem_long,13,double_bump,mixed_leaky,0.4324819224915359,138.629436111989,1.5708713397816374,2.619019436985523,0.005000000000000002,0.2653143678900202,12.433023830807626,151.21996594699627,5,312.43993189399254,True,462,78.61975693702698
mem_long,14,bump_train,level,0.0,inf,2.751458158944276,0.0,0.0,0.04325745427299447,15.0,200.37692393272036,3,406.7538478654407,True,240,23.20427417755127
mem_long,14,bump_train,transient,1.0,39.535231431418644,0.0,5.458055576352407,0.0,0.36804368159278195,9.615936201644834,195.2159864176085,3,396.431972835217,True,172,29.44701051712036
mem_long,14,bump_train,mixed,0.9920441278457294,39.44979443180228,0.01999986076875588,5.456071007651517,0.0,0.36891404450628174,9.619220293980225,195.22282569480544,4,398.4456513896109,True,90,14.234581708908081
mem_long,14,bump_train,mixed_leaky,0.9928735976982571,138.629436111989,0.01783746338915508,5.437090573202263,0.005000000000000002,0.3383777629867537,9.727696184061577,195.22889859645923,5,400.45779719291846,True,354,42.188929319381714
mem_long,15,double_bump,level,0.0,505.108315288716,1.458576547161564,0.0,0.0,0.06062163549215209,12.986801220543793,190.3404850160923,3,386.6809700321846,True,176,17.392099142074585
mem_long,15,double_bump,transient,1.0,0.2500037625601553,0.0,0.010000000000000004,0.0,30.0,15.0,219.80071475918433,3,445.60142951836866,True,8,1.8340728282928467
mem_long,15,double_bump,mixed,0.0031361229067224197,500.40003311707807,1.4528906801307717,0.010000000000000004,0.0,0.0610046604595541,12.983569209743319,190.3451429789011,4,388.6902859578022,True,145,13.010884284973145
mem_long,15,double_bump,mixed_leaky,0.003160038573034455,138.629436111989,1.441860383792274,0.010000000000000004,0.005000000000000002,0.027511365065675055,12.956063375430436,190.34808278083074,5,390.6961655616615,True,444,50.75360441207886
mem_long,13,roving_bump,level,0.0,79.00837578355478,2.428722681045971,0.0,0.0,0.15651570083628874,12.163925675803362,309.6573632085917,3,625.3147264171834,True,156,25.778159141540527
mem_long,13,roving_bump,transient,1.0,inf,0.0,2.035599043220618,0.0,0.08571245153778051,8.442965183257371,330.6118190887716,3,667.2236381775432,True,188,17.459559679031372
mem_long,13,roving_bump,mixed,0.21935258588306403,49.783233102031105,2.364744041627272,1.453723527888731,0.0,0.26383205881620103,12.02310806376679,307.3871940164748,4,622.7743880329496,True,225,34.33877396583557
mem_long,13,roving_bump,mixed_leaky,0.2138328817482369,138.629436111989,2.364381549773388,1.4069770764234513,0.005000000000000002,0.23019455147768644,12.017714427009293,307.40818158912185,5,624.8163631782437,True,438,55.66055703163147
mem_long,13,roving_ramp_bump,level,0.0,87.43691448253989,2.229385442343329,0.0,0.0,0.14421274733699616,12.451672254985196,285.80865864431394,3,577.6173172886279,True,236,36.6686110496521
mem_long,13,roving_ramp_bump,transient,1.0,1777.0270139266645,0.0,3.180053226661863,0.0,0.14621968925535508,9.383240767136765,305.8515131864038,3,617.7030263728076,True,136,12.945866584777832
mem_long,13,roving_ramp_bump,mixed,0.33321379542059343,70.27019706997736,2.020557493285346,2.2091104308626015,0.0,0.25886795540226176,13.064118824541728,281.47782744457027,4,570.9556548891405,True,240,40.8032591342926
mem_long,13,roving_ramp_bump,mixed_leaky,0.32820333411698294,138.629436111989,2.0265691237753765,2.166089576517496,0.005000000000000002,0.22426654575763824,13.055098073692465,281.49473370557143,5,572.9894674111429,True,204,43.45792365074158
mem_long,12,roving_bump,level,0.0,145.12187602286568,1.7146974747071824,0.0,0.0,0.09531825751336172,11.367254649811624,292.93556702775146,3,591.8711340555029,True,184,33.20854926109314
mem_long,12,roving_bump,transient,1.0,35.21616328031714,0.0,4.344955900207542,0.0,0.3277665833921799,9.26830539726912,275.0504328945091,3,556.1008657890181,True,100,10.330384254455566
mem_long,12,roving_bump,mixed,0.6024496566058878,27.17565912588246,1.2161118164015572,4.0319207110980955,0.0,0.4197479509145071,10.755079030428105,269.5256220432078,4,547.0512440864156,True,285,40.242518186569214
mem_long,12,roving_bump,mixed_leaky,0.5291998347654254,8.287326078028592,1.4183832028121397,3.4880806602066916,0.08363942410780978,-0.36449758818504807,13.652036984464337,268.48077240083944,5,546.9615448016789,True,432,94.89561128616333
mem_long,11,roving_ramp_bump,level,0.0,inf,1.721113588109109,0.0,0.0,0.015322411169063207,8.83090816300228,332.33434190685466,3,670.6686838137093,True,184,27.488662004470825
mem_long,11,roving_ramp_bump,transient,1.0,inf,0.0,3.1712945412788307,0.0,0.08300713080659143,8.74908511409611,331.365636741025,3,668.73127348205,True,212,38.7009756565094
mem_long,11,roving_ramp_bump,mixed,0.4784683462800994,inf,1.2718588263673638,2.5528264668622422,0.0,0.1383085042442223,8.724267658216625,329.6310932287453,4,667.2621864574907,True,195,37.878777742385864
mem_long,11,roving_ramp_bump,mixed_leaky,0.45668114325434744,2.7886123723405016,1.6014007200194382,2.9448838292686856,0.24856347459226902,-2.7471509204728766,15.0,327.18362809467214,5,664.3672561893443,True,774,119.25101017951965
mem_long,15,roving_bump,level,0.0,110.88044684271591,2.0077894577965276,0.0,0.0,0.1257716636184933,13.309999796649203,257.22244481991567,3,520.4448896398313,True,276,52.724690675735474
mem_long,15,roving_bump,transient,1.0,0.2500037625601553,0.0,0.010000000000000004,0.0,30.0,15.0,341.7624805481446,3,689.5249610962892,True,8,1.735152244567871
mem_long,15,roving_bump,mixed,0.3373335545347039,53.60461820764612,1.8840449642226824,2.0982907783010356,0.0,0.28461997206769457,13.742340898988006,251.3509119650719,4,510.7018239301438,True,210,17.96986722946167
mem_long,15,roving_bump,mixed_leaky,0.33181392560032796,138.629436111989,1.894085953820182,2.0578168457644543,0.005000000000000002,0.24918980314597022,13.727911375243247,251.3598917782762,5,512.7197835565523,True,384,49.890551805496216
mem_long,14,roving_bump,level,0.0,21.672704483352064,1.9971996877003235,0.0,0.0,0.22425533685563523,6.885421276790663,296.25331527838273,3,598.5066305567655,True,152,24.640556812286377
mem_long,14,roving_bump,transient,1.0,35.10393800972358,0.0,6.616652374160574,0.0,0.41409538192660333,8.098706467667965,279.6772144595654,3,565.3544289191308,True,88,15.961316108703613
mem_long,14,roving_bump,mixed,0.7169701698908001,22.91946019447369,1.047628754463105,5.806121673441529,0.0,0.46895219635599633,7.9070900590194215,277.8844635274882,4,563.7689270549764,True,245,43.414775133132935
mem_long,14,roving_bump,mixed_leaky,0.6245908652581454,5.423779893285995,1.4433825752451028,5.253903562176006,0.12779780783840075,-0.36606686849793063,9.861293544319055,276.89679260112763,5,563.7935852022553,True,492,91.23050618171692
mem_long,13,bump_train,level,0.0,211.650339621165,2.4961942967206365,0.0,0.0,0.11586910783911822,14.44408742568106,160.80025285769437,3,327.60050571538875,True,160,15.885767459869385
mem_long,13,bump_train,transient,1.0,10.688694258599435,0.0,4.714183738238665,0.0,0.5433988249024759,7.06636481266964,157.62049878610213,3,321.24099757220426,True,192,19.617945909500122
mem_long,13,bump_train,mixed,0.7831936208260932,10.02402598105395,0.5403813965375307,4.2707811848720825,0.0,0.557966947093458,6.965581843479295,157.50286064853725,4,323.0057212970745,True,255,56.91526985168457
mem_long,13,bump_train,mixed_leaky,0.8597859022648957,4.276374657075492,0.3457088981276099,4.637875032865256,0.16208757093186302,-1.3646670054700691,15.0,156.05019259968591,5,322.10038519937183,True,576,128.4918918609619
mem_long,14,double_bump,level,0.0,42.03715597200948,3.195135204535683,0.0,0.0,0.20372697887988028,8.331019252048172,248.42796420297995,3,502.8559284059599,True,176,29.668837070465088
mem_long,14,double_bump,transient,1.0,44.32448885091247,0.0,5.229361016256568,0.0,0.33468188424572237,8.738662771936555,241.66972286897408,3,489.33944573794815,True,132,23.35400080680847
mem_long,14,double_bump,mixed,0.7065734041089484,38.4836186393893,0.928860868887495,4.893485712641526,0.0,0.3658912453578188,8.815163205324282,241.50848575937653,4,491.01697151875305,True,370,48.83266043663025
mem_long,14,double_bump,mixed_leaky,0.7144969810140274,138.629436111989,0.8911351036397326,4.879137882887436,0.005000000000000002,0.3400468812702327,8.815897756285349,241.52340277752674,5,493.0468055550535,True,756,113.25207853317261
mem_long,16,bump_train,level,0.0,inf,5.044681352453835,0.0,0.0,0.15082100341335117,15.0,220.7886849728453,3,447.5773699456906,True,160,29.682413816452026
mem_long,16,bump_train,transient,1.0,inf,0.0,5.393018539438802,0.0,0.2257273709242633,13.556666823603639,220.4568163486864,3,446.9136326973728,True,172,28.82832360267639
mem_long,16,bump_train,mixed,0.9919482748616306,inf,0.020000588536146398,5.390793639580248,0.0,0.22670116005000096,13.557561796036898,220.43401341472264,4,448.8680268294453,True,25,6.609218597412109
mem_long,16,bump_train,mixed_leaky,0.397877519840203,9.923849467872728,2.635863996108272,3.810635461908537,0.06984660365959058,-0.37957859046295706,15.0,217.40541263565484,5,444.8108252713097,True,714,94.20514154434204
mem_long,16,double_bump,level,0.0,26.36329085632121,5.65215900087541,0.0,0.0,0.3716586732727025,9.83661956091586,202.64618174075466,3,411.2923634815093,True,144,23.889394521713257
mem_long,16,double_bump,transient,1.0,9.019863456673347,0.0,10.214610244078985,0.0,0.907152887244074,8.04504716505492,184.33257393581508,3,374.66514787163015,True,132,20.7627432346344
mem_long,16,double_bump,mixed,0.8284618070903801,8.740246548297664,0.9129929461500758,9.646925613739025,0.0,0.9261411793472085,8.052964997671058,184.18787169329005,4,376.3757433865801,True,365,39.823055028915405
mem_long,16,double_bump,mixed_leaky,0.7647481683951389,6.100383787938065,1.3601969692939209,9.673799487376343,0.11362353659297059,-0.2605939480001226,13.93183557305419,184.05648807508345,5,378.1129761501669,True,402,80.97563982009888
mem_long,16,roving_bump,level,0.0,43.54370310311251,1.5206448481191406,0.0,0.0,0.14838683645712794,8.585774926635056,265.18628215029776,3,536.3725643005955,True,160,28.770309925079346
mem_long,16,roving_bump,transient,1.0,49.989217019710715,0.0,6.197993133781892,0.0,0.38207645051586325,10.221474972753189,244.89887133215703,3,495.79774266431406,True,164,24.1343834400177
mem_long,16,roving_bump,mixed,0.7134759343056011,36.70913425768325,1.0280749837243883,5.600836072612168,0.0,0.4307735824660054,10.58894780868229,242.8008697370033,4,493.6017394740066,True,225,35.582844972610474
mem_long,16,roving_bump,mixed_leaky,0.7102307898028117,138.629436111989,1.0345191672202938,5.547478742449,0.005000000000000002,0.40079257818905195,10.585338751296238,242.85534033738864,5,495.7106806747773,True,426,74.85206174850464
mem_long,17,bump_train,level,0.0,inf,4.140324773592004,0.0,0.0,0.12112271521106041,15.0,244.3126694644961,3,494.6253389289922,True,164,26.761987924575806
mem_long,17,bump_train,transient,1.0,inf,0.0,5.774337753212372,0.0,0.25030116450886825,15.0,243.84482868204827,3,493.68965736409655,True,128,26.694045066833496
mem_long,17,bump_train,mixed,0.9924734341864683,inf,0.020002320883135274,5.77048429884876,0.0,0.25139608545799286,15.0,243.81170433905064,4,495.62340867810127,True,30,4.807833671569824
mem_long,17,bump_train,mixed_leaky,0.4069690111280717,22.952235162202037,2.367074442731534,3.5539041917021295,0.030199550312268793,0.007246823454778318,15.0,241.41456955981627,5,492.82913911963254,True,552,61.097906827926636
mem_long,17,roving_bump,level,0.0,123.58723826804203,3.4487051988556847,0.0,0.0,0.16943769697824965,13.964819757193457,343.6097157114954,3,693.2194314229909,True,120,17.888923168182373
mem_long,17,roving_bump,transient,1.0,60.950352277170204,0.0,2.382792201703593,0.0,0.163712873717881,6.842250575319165,381.9503244367769,3,769.9006488735538,False,236,21.237138032913208
mem_long,17,roving_bump,mixed,0.19930560796149538,59.47101034957808,3.3736343423504906,1.8372175588878987,0.0,0.31049420775081765,13.923631245625156,338.6172392354014,4,685.2344784708029,True,215,37.96286129951477
mem_long,17,roving_bump,mixed_leaky,0.1961900204407956,138.629436111989,3.371997076400977,1.8006137178479342,0.005000000000000002,0.27413517826107753,13.900494427681005,338.6375074545948,5,687.2750149091896,True,270,49.625667572021484
mem_long,14,roving_ramp_bump,level,0.0,inf,2.338275201652304,0.0,0.0,0.03779423763862825,12.17922964234638,289.20050978292556,3,584.4010195658511,True,188,28.12117338180542
mem_long,14,roving_ramp_bump,transient,1.0,181.26088000186647,0.0,6.074599744781827,0.0,0.3018884460527767,10.012854763545095,283.33218962609806,3,572.6643792521961,True,132,25.730091333389282
mem_long,14,roving_ramp_bump,mixed,0.5613862990183484,36.79602409362261,1.9937361645506277,5.582865287930302,0.0,0.4574712835662775,10.311190751416447,276.5792353679465,4,561.158470735893,True,325,49.824904441833496
mem_long,14,roving_ramp_bump,mixed_leaky,0.4856137642967547,6.762689154961674,2.1598326535321037,4.460993579854257,0.10249579193676152,-0.47429648852007456,12.7090511679136,275.36848462577103,5,560.7369692515421,True,474,124.76045370101929
mem_long,16,roving_ramp_bump,level,0.0,0.5108011662508384,1.797987334209713,0.0,0.0,1.8328054990743035,1.812245034874475,266.5503206479113,3,539.1006412958226,True,148,16.106178998947144
mem_long,16,roving_ramp_bump,transient,1.0,21.8427979061811,0.0,5.722964270728059,0.0,0.45027936169542426,8.382710266416463,239.48072172336478,3,484.96144344672956,True,80,16.58865451812744
mem_long,16,roving_ramp_bump,mixed,0.9961864520225938,21.79616173902537,0.010000000000000004,5.7150661686551505,0.0,0.4506913891376059,8.384042906189064,239.50260592066786,4,487.0052118413357,True,130,33.710951805114746
mem_long,16,roving_ramp_bump,mixed_leaky,0.9961693135846509,138.629436111989,0.010000000000000004,5.689399159435351,0.005000000000000002,0.42806229586775896,8.369911349225756,239.5216626300576,5,489.0433252601152,True,168,76.75791215896606
mem_long,17,double_bump,level,0.0,117.77194437522051,4.668951732764931,0.0,0.0,0.21658350030555068,15.0,198.12182310448577,3,402.24364620897154,True,340,45.31863188743591
mem_long,17,double_bump,transient,1.0,3506.2064548948038,0.0,4.68807033050424,0.0,0.2138056379347424,15.0,197.1353572558931,3,400.2707145117862,True,252,54.314582109451294
mem_long,17,double_bump,mixed,0.3454791441713911,112.39994774990397,2.5964422378876986,2.9983812772715575,0.0,0.2871326038263033,15.0,195.4909593954289,4,398.9819187908578,True,385,50.154683113098145
mem_long,17,double_bump,mixed_leaky,0.35208286427255747,138.629436111989,2.5228828870064897,2.999385999248469,0.005000000000000002,0.2436293278459436,15.0,195.57851041889015,5,401.1570208377803,True,204,49.51000785827637
mem_long,18,double_bump,level,0.0,130.75618434780992,4.880901926319599,0.0,0.0,0.21048105969226705,13.242701517114458,199.87352681663975,3,405.7470536332795,True,200,46.46216678619385
mem_long,18,double_bump,transient,1.0,394.84907096165404,0.0,6.203934894430696,0.0,0.29741729332336214,13.669177435609534,196.31962343811938,3,398.63924687623876,True,184,38.66424751281738
mem_long,18,double_bump,mixed,0.9929928770033195,381.9651866180742,0.020000213314523015,6.2008448707407435,0.0,0.29851782619269823,13.67010699185899,196.30298044431657,4,400.60596088863315,True,80,8.87008810043335
mem_long,18,double_bump,mixed_leaky,0.46676149761307323,138.629436111989,2.684632962916922,5.14124487168845,0.005000000000000002,0.3563606675106433,14.015407093981759,195.1760578417803,5,400.3521156835606,True,660,81.07790660858154
mem_long,18,bump_train,level,0.0,31.32699870756841,5.322078832372784,0.0,0.0,0.3118181823928533,8.61668884007261,222.3931053831338,3,450.7862107662676,True,164,25.246352672576904
mem_long,18,bump_train,transient,1.0,57.62573892828764,0.0,11.8406328699989,0.0,0.6475357759161171,13.015430122329828,200.23983794415585,3,406.4796758883117,True,160,23.980847358703613
mem_long,18,bump_train,mixed,0.9981545799370354,57.563607770561575,0.010000000000000004,11.833478127785831,0.0,0.6476515998255892,13.014219496434853,200.24272340990217,4,408.48544681980434,True,425,46.57490134239197
mem_long,18,bump_train,mixed_leaky,0.9980531419905149,17.803234852775727,0.010000000000000004,11.215773607784701,0.038933777276542285,0.33967487714048855,12.968364704586591,200.03560276446007,5,410.07120552892013,True,330,55.46470093727112
mem_long,17,roving_ramp_bump,level,0.0,68.30654635237856,1.844076289846939,0.0,0.0,0.12746340480948407,9.163008719560475,368.1309234622065,3,742.261846924413,True,108,20.58682632446289
mem_long,17,roving_ramp_bump,transient,1.0,36.807529878785566,0.0,2.920446936745148,0.0,0.22034667812578218,6.51407703313552,382.5600753095915,3,771.120150619183,False,208,30.613295555114746
mem_long,17,roving_ramp_bump,mixed,0.39166438225557776,27.991035508083193,1.6887966514494483,2.378800600748841,0.0,0.3192958891806097,8.766087376342952,360.8513972330099,4,729.7027944660198,True,230,45.235318183898926
mem_long,17,roving_ramp_bump,mixed_leaky,0.2863690942377875,4.07208438065332,1.9144091396537894,1.6807267072025167,0.17021925769837257,-0.9962448544522171,11.108981284094645,359.8398781324347,5,729.6797562648694,True,420,120.67281413078308
mem_long,19,double_bump,level,0.0,1914.046970135436,3.174286396337375,0.0,0.0,0.10682034291872855,10.9761750959258,322.89222318943916,3,651.7844463788783,True,140,23.874130487442017
mem_long,19,double_bump,transient,1.0,256.87079200808284,0.0,6.2690621143129786,0.0,0.307360063274251,12.489902166275668,309.2929144583394,3,624.5858289166788,True,116,24.756598472595215
mem_long,19,double_bump,mixed,0.7542701666284843,126.83938095041002,0.8665324171155027,5.819205647627833,0.0,0.34042717723972826,12.50945049216264,308.930697938964,4,625.861395877928,True,475,49.225056409835815
mem_long,19,double_bump,mixed_leaky,0.7593960967476182,138.629436111989,0.837426447247181,5.7825874716425085,0.005000000000000002,0.3027968260610785,12.525766851935028,309.01614330705127,5,628.0322866141025,True,282,54.19474792480469
mem_long,18,roving_ramp_bump,level,0.0,inf,2.090668422903289,0.0,0.0,0.018478557788225256,13.003981109508478,291.2872215780022,3,588.5744431560043,True,180,27.813215255737305
mem_long,18,roving_ramp_bump,transient,1.0,60.491579768512096,0.0,6.28195109777283,0.0,0.3604372481633044,9.29234023768822,275.29872081574035,3,556.5974416314807,True,132,20.885774612426758
mem_long,18,roving_ramp_bump,mixed,0.6711333316011816,45.599633315805896,1.308804836546375,5.843508597821265,0.0,0.4230129984004963,10.608021519644266,270.36533082034845,4,548.7306616406969,True,300,45.10076689720154
mem_long,18,roving_ramp_bump,mixed_leaky,0.6684467703057048,138.629436111989,1.3124991194750675,5.789251723758674,0.005000000000000002,0.3932613246988352,10.598331134304706,270.4427152052072,5,550.8854304104144,True,354,79.29494071006775
mem_long,19,bump_train,level,0.0,43.971133040035376,4.220815733713479,0.0,0.0,0.2530318608978188,10.096346895128752,260.5238892779444,3,527.0477785558888,True,124,23.834343433380127
mem_long,19,bump_train,transient,1.0,31.18863913685837,0.0,7.156610537231666,0.0,0.4881350823539379,10.293112567146643,246.51600699952246,3,499.0320139990449,True,108,20.49224591255188
mem_long,19,bump_train,mixed,0.7928731552146216,29.247342864562707,0.7893919083900729,6.61104085776464,0.0,0.5019512122084568,10.389302411574864,246.3105384191499,4,500.6210768382998,True,365,35.52649521827698
mem_long,19,bump_train,mixed_leaky,0.796863721654802,10.416654017564268,0.8185550204415571,7.025128731254089,0.06654221013688082,-0.11321914153031727,14.03455798160068,245.2773775333119,5,500.5547550666238,True,456,81.06837439537048
mem_long,20,roving_bump,level,0.0,inf,6.875412935306283,0.0,0.0,0.21213138760560304,12.046744474921288,294.7902779873706,3,595.5805559747412,True,232,30.08235192298889
mem_long,20,roving_bump,transient,1.0,646.8563207318123,0.0,4.2421220008280995,0.0,0.1978154265047708,8.128963867342572,305.3756589926856,3,616.7513179853712,True,124,23.95518922805786
mem_long,20,roving_bump,mixed,0.12371696095583111,inf,6.301654801496046,1.9464770752586558,0.0,0.28433370850882006,12.112728614801703,293.7148405027187,4,595.4296810054374,True,235,26.696592569351196
mem_long,20,roving_bump,mixed_leaky,0.125934239005286,138.629436111989,6.19767982009261,1.9536137196166319,0.005000000000000002,0.25099822769122027,12.02351822885343,293.821587674169,5,597.643175348338,True,408,61.23499631881714
mem_long,18,roving_bump,level,0.0,0.1252226420732252,7.771545273196355,0.0,0.0,4.59311139532449,1.0865831752977348,325.2815019264183,3,656.5630038528366,True,180,52.048343896865845
mem_long,18,roving_bump,transient,1.0,93.99436375970936,0.0,10.38260373077482,0.0,0.5312718537779585,11.748704374751878,279.36506813314855,3,564.7301362662971,True,132,24.440673351287842
mem_long,18,roving_bump,mixed,0.8739086184710785,62.38881465234219,0.6682411616264605,10.132665104923294,0.0,0.5758840458052173,12.042276634436242,278.45992839153917,4,564.9198567830783,True,380,54.546278953552246
mem_long,18,roving_bump,mixed_leaky,0.8020625597450267,7.97047494168689,1.090246725077572,9.665290941245276,0.08696435101184147,-0.26009125013387074,14.883129284408607,275.0529931273917,5,560.1059862547834,True,270,92.32260155677795
mem_long,19,roving_ramp_bump,level,0.0,133.56795286404872,1.2858110938383744,0.0,0.0,0.07639535291116609,9.159285108505573,330.6393165610762,3,667.2786331221524,True,192,41.105347871780396
mem_long,19,roving_ramp_bump,transient,1.0,65.43182952801607,0.0,7.456165743448817,0.0,0.4284991029423511,12.020207099082548,286.30359972662205,3,578.6071994532441,True,156,24.644020795822144
mem_long,19,roving_ramp_bump,mixed,0.7958611194247954,35.679091892399384,0.8420059045484838,7.181853517246693,0.0,0.5243398887513279,12.309606364574224,283.0380752695179,4,574.0761505390358,True,265,35.510740518569946
mem_long,19,roving_ramp_bump,mixed_leaky,0.7926550972680366,138.629436111989,0.8480268583246401,7.092679686851704,0.005000000000000002,0.489634054160314,12.252532558237506,283.24780825409164,5,576.4956165081833,True,246,81.82186532020569
mem_long,20,roving_ramp_bump,level,0.0,29.403937650534164,4.445651265150826,0.0,0.0,0.27617716559661243,7.679650862999873,272.63542337573347,3,551.2708467514669,True,132,25.96755027770996
mem_long,20,roving_ramp_bump,transient,1.0,59.819638557672874,0.0,4.612993757909049,0.0,0.27179760690135013,7.599575821864188,277.2775189814101,3,560.5550379628202,True,172,32.30020332336426
mem_long,20,roving_ramp_bump,mixed,0.2861394335148812,26.27791389521672,4.084162711483282,3.5816010033820143,0.0,0.44891726776168045,8.065095667383583,268.59044415988177,4,545.1808883197635,True,205,40.120874881744385
mem_long,20,roving_ramp_bump,mixed_leaky,0.2853213212218558,138.629436111989,4.072982850175137,3.5575075333030504,0.005000000000000002,0.4250593164872685,8.081139142648674,268.60747253453565,5,547.2149450690713,True,342,74.50749731063843
mem_long,20,bump_train,level,0.0,234.83648607752767,6.677179876589077,0.0,0.0,0.24135736992065676,10.656803449572001,247.09720128432153,3,500.19440256864306,True,168,26.23996138572693
mem_long,20,bump_train,transient,1.0,89.33661826432984,0.0,3.667426900393066,0.0,0.21530946346938987,8.884523759992947,249.27191664196957,3,504.54383328393914,True,184,29.354669094085693
mem_long,20,bump_train,mixed,0.0013676799334533338,232.9835399410195,6.6748637558129795,0.020000051287036264,0.0,0.24237045778799354,10.659356550571333,247.0916785739223,4,502.1833571478446,True,80,15.26854419708252
mem_long,20,bump_train,mixed_leaky,0.07890152904451027,138.629436111989,5.51289337925692,1.0331628884793178,0.005000000000000002,0.23300121395263335,10.290231219208755,246.95882525814997,5,503.91765051629994,False,666,115.52342820167542
mem_long,19,roving_bump,level,0.0,inf,1.1929070218159112,0.0,0.0,-0.0052542543697153814,11.088806660929905,286.98674507588686,3,579.9734901517737,True,236,39.400856256484985
mem_long,19,roving_bump,transient,1.0,126.45205606409547,0.0,8.02866726629417,0.0,0.4153297535914233,13.362210652858803,243.02876074220558,3,492.05752148441115,True,140,23.474950075149536
mem_long,19,roving_bump,mixed,0.9656005432835278,119.6761541341714,0.12996411464465615,7.981402574955348,0.0,0.4211064813781528,13.520937491296143,242.98834669897752,4,493.97669339795505,True,330,38.80619668960571
mem_long,19,roving_bump,mixed_leaky,0.9389864448254479,31.305039879012476,0.22697546713776548,7.642259076304858,0.022141712108938887,0.24503823498617627,13.730617836455199,242.73498128127827,5,495.46996256255653,True,516,103.17172193527222
mem_long,22,double_bump,level,0.0,39.8429564357251,3.8904948428397255,0.0,0.0,0.2719308184725619,11.516447361605856,144.49959292877938,3,294.99918585755876,True,116,11.726199626922607
mem_long,22,double_bump,transient,1.0,50.76164168849029,0.0,6.41285493485444,0.0,0.4192433891183935,13.167845719253393,141.6013578031745,3,289.202715606349,True,132,13.276289463043213
mem_long,22,double_bump,mixed,0.9932190760107922,50.52386926796285,0.02000000968013711,6.409087904436745,0.0,0.4203561923134636,13.169615625559382,141.59921887794297,4,291.19843775588595,True,70,8.177624225616455
mem_long,22,double_bump,mixed_leaky,0.9921404564497721,14.654447625162835,0.021974520524931755,6.068831626229449,0.04729944098130026,-0.04517984324149489,15.0,141.32632874669198,5,292.65265749338397,True,390,47.446696043014526
mem_long,21,roving_bump,level,0.0,inf,2.807462578207249,0.0,0.0,0.024487400513238156,13.948910829947504,253.34583888750845,3,512.6916777750168,True,176,28.20124077796936
mem_long,21,roving_bump,transient,1.0,inf,0.0,3.4215397350865886,0.0,0.08330917614318331,11.654650696760326,257.60917992393615,3,521.2183598478723,True,296,38.73208284378052
mem_long,21,roving_bump,mixed,0.2829240226386589,inf,2.4389801912415434,2.1053425617948434,0.0,0.12889569747945887,13.663872148861017,252.29845063957757,4,512.5969012791552,True,225,27.689724683761597
mem_long,21,roving_bump,mixed_leaky,0.2806302368864627,138.629436111989,2.431312230616527,2.075070539779085,0.005000000000000002,0.09218000817113627,13.6567159244634,252.33493152231628,5,514.6698630446326,True,324,49.81684470176697
mem_long,20,double_bump,level,0.0,182.68500031664152,6.841617554503522,0.0,0.0,0.24867961063052915,8.997964547300558,279.7814210369814,3,565.5628420739628,True,108,22.0866858959198
mem_long,20,double_bump,transient,1.0,inf,0.0,5.331434930534346,0.0,0.23319980592394265,9.126863778782742,275.9244025377494,3,557.8488050754988,True,160,29.518188953399658
mem_long,20,double_bump,mixed,0.47008746121715317,1890.9441154472538,2.2562028864043593,4.378874196810679,0.0,0.2740334086684612,9.227143206604257,275.5230802521913,4,559.0461605043826,True,435,45.770581007003784
mem_long,20,double_bump,mixed_leaky,0.421130657370194,2.7241695369807,2.877376348861979,4.579761106728036,0.2544434812703274,-2.567613410740971,14.653929592322038,273.99018279940327,5,557.9803655988065,True,822,131.6672773361206
mem_long,21,bump_train,level,0.0,67.83930678770963,4.804880998918469,0.0,0.0,0.24365236331075799,11.709035143219012,146.73335855748405,3,299.4667171149681,True,136,13.498445749282837
mem_long,21,bump_train,transient,1.0,167.03515205467818,0.0,5.46838128581281,0.0,0.2875255453573909,13.572574489879322,146.0284219271411,3,298.0568438542822,True,308,29.86904549598694
mem_long,21,bump_train,mixed,0.9920595099663809,165.96668135520247,0.020000180716713035,5.466812590161416,0.0,0.288375043791589,13.573833392686067,146.01773780781375,4,300.0354756156275,True,80,13.977375030517578
mem_long,21,bump_train,mixed_leaky,0.35220096128129885,138.629436111989,3.696618334888767,4.39708334335275,0.005000000000000002,0.3524968702470757,14.267638245834066,145.07828473888262,5,300.15656947776523,True,564,102.050302028656
mem_long,21,roving_ramp_bump,level,0.0,46.52114212812615,2.9981950438642,0.0,0.0,0.2039497791591901,9.840471160002343,213.62890529903657,3,433.25781059807315,True,136,25.19908881187439
mem_long,21,roving_ramp_bump,transient,1.0,88.23390043214619,0.0,3.8153608161526193,0.0,0.22260865441261316,8.884262964769395,224.63643456935404,3,455.2728691387081,True,184,32.95197534561157
mem_long,21,roving_ramp_bump,mixed,0.3041443895698044,43.98700671841119,2.9702639669197852,2.8403088669936936,0.0,0.3485047447699327,10.820190555790923,212.1320843172977,4,432.2641686345954,True,275,31.222059965133667
mem_long,21,roving_ramp_bump,mixed_leaky,0.2959024202471908,138.629436111989,2.9503469999221075,2.712680278674675,0.005000000000000002,0.31378015130146597,10.746983627979045,212.23307009595138,5,434.46614019190275,True,234,49.2832818031311
mem_long,22,roving_ramp_bump,level,0.0,148.66572226230247,2.653339252164027,0.0,0.0,0.13734159457658385,15.0,207.14562311819736,3,420.2912462363947,True,140,13.6103196144104
mem_long,22,roving_ramp_bump,transient,1.0,inf,0.0,5.737638006570879,0.0,0.24890488427954066,13.294270268769232,214.1290905431601,3,434.2581810863202,True,180,27.912829637527466
mem_long,22,roving_ramp_bump,mixed,0.4517468644514674,77.10030059356853,2.175863977648953,3.9224336987277395,0.0,0.3456301841470722,15.0,202.5539699393023,4,413.1079398786046,True,235,37.10375380516052
mem_long,22,roving_ramp_bump,mixed_leaky,0.4175521840983063,23.568033135798412,2.159112090308142,3.386404046152286,0.029410480567727,0.07414636549750159,15.0,202.16980779722482,5,414.33961559444964,True,360,52.05271816253662
mem_long,22,bump_train,level,0.0,75.5280153626453,2.660487717158462,0.0,0.0,0.15690251909824413,10.54002126269686,192.55023127873673,3,391.10046255747346,True,316,30.675390005111694
mem_long,22,bump_train,transient,1.0,0.12246172679135864,0.0,9.059488434792714,0.0,4.813072898651122,1.0786518567650785,196.2335899244583,3,398.4671798489166,True,208,24.09811782836914
mem_long,22,bump_train,mixed,0.0034249698404722993,75.2478186601913,2.6599426302419706,0.01999994799415555,0.0,0.1580681886710511,10.543136805045807,192.55132603735746,4,393.1026520747149,True,75,15.216160535812378
mem_long,22,bump_train,mixed_leaky,0.003469456607584328,8.01532718424686,2.6298299123728377,0.020031263927505608,0.08647771508594693,-0.6374568950858265,13.623159910447114,192.30596252335894,5,394.6119250467179,True,462,89.02036380767822
mem_long,21,double_bump,level,0.0,64.8915488860238,5.46970709889698,0.0,0.0,0.25215694201824246,9.4783600963411,217.50198007478824,3,441.00396014957647,True,172,33.97051215171814
mem_long,21,double_bump,transient,1.0,2.6121571912635306,0.0,4.758081957905496,0.0,0.8829234607414713,3.4903428043686704,218.90499876325313,3,443.80999752650627,True,140,22.528642892837524
mem_long,21,double_bump,mixed,0.1981126590390486,42.51421828175913,4.021504185670481,2.1736881661070986,0.0,0.33152170354363214,8.645811905745916,216.65441837362593,4,441.30883674725186,True,385,42.7618088722229
mem_long,21,double_bump,mixed_leaky,0.3040888342283226,3.4438350777941427,3.114723986047779,2.97766669003945,0.20127188581978273,-1.1123122933165943,10.581765895695908,215.7938380970213,5,441.5876761940426,True,564,146.91291856765747
mem_long,25,double_bump,level,0.0,inf,4.913550825638702,0.0,0.0,0.14042118563219622,13.844173058268618,181.19828672010107,3,368.39657344020213,True,164,15.778215885162354
mem_long,25,double_bump,transient,1.0,inf,0.0,2.1487675890166,0.0,0.05023051409804209,13.151799290844275,182.61878786096364,3,371.23757572192727,True,284,26.503600120544434
mem_long,25,double_bump,mixed,0.001857547363352298,inf,4.912167549711169,0.020000018025734655,0.0,0.14154769923598368,13.84510585282743,181.19546548981734,4,370.3909309796347,True,70,12.021311044692993
mem_long,25,double_bump,mixed_leaky,0.001968255579631126,138.629436111989,4.802049903711515,0.020719231913320136,0.005000000000000002,0.10138454649563346,13.827887907688162,181.22290104282834,5,372.4458020856567,True,378,51.819684743881226
mem_long,24,double_bump,level,0.0,266.90667814869704,7.597146888042003,0.0,0.0,0.27027007534920555,11.463650429332105,249.63637513523304,3,505.2727502704661,True,160,25.164587020874023
mem_long,24,double_bump,transient,1.0,103.34844139245634,0.0,10.045519073075813,0.0,0.506609621752237,10.966098533996428,236.28056795365856,3,478.5611359073171,True,168,26.33798623085022
mem_long,24,double_bump,mixed,0.5769700205751832,68.95315983500575,3.058245602662252,9.125660503356354,0.0,0.5941616417375466,11.306217898687825,235.30287172258886,4,478.6057434451777,False,415,41.47950577735901
mem_long,24,double_bump,mixed_leaky,0.5778450804370694,138.629436111989,3.0427078484682415,9.11191514432182,0.005000000000000002,0.5603073002743804,11.395158457335489,235.32519219143802,5,480.65038438287604,True,276,53.3377206325531
mem_long,23,double_bump,level,0.0,70.6689141540743,4.068935884057462,0.0,0.0,0.19824088557046787,9.185460001168348,302.9761217073528,3,611.9522434147055,True,176,25.26582431793213
mem_long,23,double_bump,transient,1.0,70.52483823480982,0.0,7.6415953637722085,0.0,0.4172697726038437,10.1910391828092,290.6281579147732,3,587.2563158295465,False,216,30.893330097198486
mem_long,23,double_bump,mixed,0.7061063870518837,47.62932966324757,1.3067349899765965,6.868744446999235,0.0,0.45868036889612784,10.074810494915308,290.0727448339269,4,588.1454896678538,True,235,37.23300051689148
mem_long,23,double_bump,mixed_leaky,0.709039096843791,138.629436111989,1.282268825122041,6.836352958607055,0.005000000000000002,0.42976693954965206,10.060180970677996,290.10683289869183,5,590.2136657973837,True,318,85.64594626426697
mem_long,22,roving_bump,level,0.0,inf,1.7748682923040555,0.0,0.0,0.034805735299268496,10.988564666799194,282.4299526677089,3,570.8599053354178,True,160,28.130120515823364
mem_long,22,roving_bump,transient,1.0,inf,0.0,3.963720405370128,0.0,0.14006154385992053,10.164897752459154,279.6217302566822,3,565.2434605133644,False,280,35.236010789871216
mem_long,22,roving_bump,mixed,0.535675797670272,118.36792899312925,1.2729961395583773,3.2130511305761003,0.0,0.22954342177101722,10.128821994721843,275.9316905050848,4,559.8633810101696,True,260,46.48784136772156
mem_long,22,roving_bump,mixed_leaky,0.4181611671241308,5.209534021681561,1.63519760214551,2.5711125241799313,0.1330535855366595,-1.236049882691142,15.0,273.4732180509726,5,556.9464361019452,True,540,91.82242155075073
mem_long,23,roving_ramp_bump,level,0.0,16.244616767798828,2.0671928769290973,0.0,0.0,0.27116642793560625,6.610551557646408,362.0982403502269,3,730.1964807004538,True,140,19.722393035888672
mem_long,23,roving_ramp_bump,transient,1.0,36.102137022634764,0.0,5.798781095670834,0.0,0.36683109958626087,7.582595925256339,355.90397938662187,3,717.8079587732437,True,80,14.715281009674072
mem_long,23,roving_ramp_bump,mixed,0.5695749371592599,19.038900550548917,1.83577111369174,5.314736012682974,0.0,0.522868800560616,8.483335020299737,339.3520805799265,4,686.704161159853,True,210,33.49557542800903
mem_long,23,roving_ramp_bump,mixed_leaky,0.5678097687975807,138.629436111989,1.8389165688709346,5.285666843365873,0.005000000000000002,0.4998464812252274,8.480815814144401,339.3681687081189,5,688.7363374162378,True,402,92.63541030883789
mem_long,23,roving_bump,level,0.0,73.28311507945268,1.8588140299105442,0.0,0.0,0.10969006398266347,7.1548824093614245,420.80390965126855,3,847.6078193025371,True,140,22.396631240844727
mem_long,23,roving_bump,transient,1.0,295.2684399634546,0.0,5.332424112671853,0.0,0.253816105107181,7.710599070682632,400.8771188534547,3,807.7542377069094,True,152,20.92581009864807
mem_long,23,roving_bump,mixed,0.633002067246068,60.00359242062933,1.2684602063026507,4.786611766219158,0.0,0.32549219557890746,8.140845819369018,395.29660258946177,4,798.5932051789235,False,305,47.25373291969299
mem_long,23,roving_bump,mixed_leaky,0.6310308172311891,138.629436111989,1.2720383287833548,4.759600689796555,0.005000000000000002,0.3036611311589101,8.1372506896112,395.3624468383562,5,800.7248936767124,True,360,77.09405446052551
mem_long,23,bump_train,level,0.0,46.50045122184803,3.2344601772190136,0.0,0.0,0.18680644079752978,7.522170291090916,337.513820258009,3,681.027640516018,True,140,22.790496349334717
mem_long,23,bump_train,transient,1.0,43.77011893523285,0.0,4.240904502317312,0.0,0.27623837005666463,7.420028933664873,335.4869194831703,3,676.9738389663406,True,124,25.69463300704956
mem_long,23,bump_train,mixed,0.4286838795189529,38.895405140124566,1.947671158589914,3.197320362350497,0.0,0.308121472725564,7.777450619750401,333.70191157345903,4,675.4038231469181,True,315,45.624640226364136
mem_long,23,bump_train,mixed_leaky,0.4288969804088704,138.629436111989,1.9360435901084574,3.1809988338858477,0.005000000000000002,0.28753580473584583,7.757213097837858,333.74634465490203,5,677.4926893098041,True,408,102.85000920295715
mem_long,25,bump_train,level,0.0,534.5665952575557,2.2693078992606197,0.0,0.0,0.08458290778996623,10.976266167490824,200.76253333155782,3,407.52506666311564,True,260,25.809717893600464
mem_long,25,bump_train,transient,1.0,137.79152618894145,0.0,4.33984933086505,0.0,0.23479349147577241,10.70615643136541,197.07321023599235,3,400.1464204719847,True,188,37.04601860046387
mem_long,25,bump_train,mixed,0.990016008166514,137.15741805597338,0.01999988102212232,4.338856216018555,0.0,0.23559337433431304,10.708940301354561,197.07936062861458,4,402.15872125722916,True,80,9.315549850463867
mem_long,25,bump_train,mixed_leaky,0.9904629579038102,7.204134097592417,0.016974862992391922,3.856920281969808,0.09621519688141165,-0.8095684765618206,15.0,197.03242200566694,5,404.0648440113339,True,354,54.70613622665405
mem_long,24,roving_bump,level,0.0,1159.4375419330654,2.9116886548348235,0.0,0.0,0.0997767729575163,10.257259937070943,256.93221469398,3,519.86442938796,True,148,49.425196409225464
mem_long,24,roving_bump,transient,1.0,inf,0.0,9.594869258933844,0.0,0.4138432874701905,12.137839388114557,241.83503355531673,3,489.67006711063345,True,116,19.515050411224365
mem_long,24,roving_bump,mixed,0.7611251337246566,273.942063175159,1.2139771341239016,8.462641813780218,0.0,0.4428963023307279,11.533921188169906,241.33772459893368,4,490.67544919786735,True,290,27.535915851593018
mem_long,24,roving_bump,mixed_leaky,0.7381893799583635,33.12491765944521,1.3234287036116061,8.163773178608599,0.0209252499186908,0.30433023947578924,11.59819882964963,241.26453939017244,5,492.5290787803449,True,372,68.09651613235474
mem_long,24,bump_train,level,0.0,31.072067628007133,7.516800070893742,0.0,0.0,0.3754341349154546,8.033391772551678,278.7975503506527,3,563.5951007013055,True,100,20.667037963867188
mem_long,24,bump_train,transient,1.0,36.81576591380719,0.0,8.753168098017792,0.0,0.5157989474472457,8.879450054851064,263.87041347924185,3,533.7408269584837,True,120,27.22791600227356
mem_long,24,bump_train,mixed,0.6873129063937627,33.126057565497554,1.670551585615259,8.033675411696288,0.0,0.5517653935541879,8.900082111316829,263.5993478615691,4,535.1986957231381,True,280,32.95885705947876
mem_long,24,bump_train,mixed_leaky,0.6945639562377759,138.629436111989,1.615212530307832,8.03584364398197,0.005000000000000002,0.5266363002131789,8.899066600754667,263.6242947037103,5,537.2485894074206,True,450,119.03259372711182
mem_long,24,roving_ramp_bump,level,0.0,42.47275735450697,3.1307515783112447,0.0,0.0,0.21228169208970754,9.323136996408634,211.58421564186776,3,429.1684312837355,True,152,23.699690580368042
mem_long,24,roving_ramp_bump,transient,1.0,18.33041573312609,0.0,9.09685113461966,0.0,0.6338064583171824,8.1784172254567,196.83246373378879,3,399.66492746757757,True,76,15.881300210952759
mem_long,24,roving_ramp_bump,mixed,0.6104288873287704,14.531730961688126,2.4799402931971968,8.501575247697584,0.0,0.7651540393469284,8.721749230428617,193.0492612430242,4,394.0985224860484,True,340,52.190820932388306
mem_long,24,roving_ramp_bump,mixed_leaky,0.6101866107085054,30.280854365614406,2.4622421371900507,8.432309280539938,0.022890608441585202,0.6442276980314591,8.8758513151026,193.02346591789922,5,396.04693183579843,True,408,95.09869194030762
mem_long,25,roving_bump,level,0.0,50.76360617559375,3.7756386806196116,0.0,0.0,0.22978742177810138,10.776196895967576,217.2357322664635,3,440.471464532927,True,156,32.30856704711914
mem_long,25,roving_bump,transient,1.0,inf,0.0,3.824528817296925,0.0,0.1715743675065706,10.972034160010242,225.19882847594283,3,456.39765695188566,True,160,29.296955108642578
mem_long,25,roving_bump,mixed,0.24894474999958802,53.38214473035993,3.567217221797811,2.5868454816011774,0.0,0.3432185188832988,11.70151263331669,215.25960887334085,4,438.5192177466817,True,285,28.066462755203247
mem_long,25,roving_bump,mixed_leaky,0.1848120036859144,10.663137474507739,3.752023416125888,1.861006054597242,0.06500405553403449,-0.14183781479114993,12.058111290618433,215.05755127234033,5,440.11510254468067,True,486,83.54819631576538
mem_long,26,roving_ramp_bump,level,0.0,inf,1.9347410738978872,0.0,0.0,0.055027806457658666,10.639545514670678,298.72454809120785,3,603.4490961824157,True,104,21.298686265945435
mem_long,26,roving_ramp_bump,transient,1.0,inf,0.0,3.663852494479439,0.0,0.13719451998844354,9.666782442117759,305.3716543974238,3,616.7433087948476,True,164,28.725494146347046
mem_long,26,roving_ramp_bump,mixed,0.39019773678842923,655.4745387351649,1.7473093368884707,2.4461064806387514,0.0,0.17626598474812388,11.277358217178737,296.41668660237457,4,600.8333732047491,True,260,24.490370273590088
mem_long,26,roving_ramp_bump,mixed_leaky,0.3895183901779864,138.629436111989,1.737339625696641,2.42521336319091,0.005000000000000002,0.14679429891467213,11.237085692594013,296.4466641723637,5,602.8933283447274,True,294,45.40877103805542
mem_long,25,roving_ramp_bump,level,0.0,6.936412594047788,4.255556806396099,0.0,0.0,0.5898102694870445,6.248975630826919,145.17763552252381,3,296.35527104504763,True,100,9.958469152450562
mem_long,25,roving_ramp_bump,transient,1.0,214.94145914142877,0.0,3.692534028551325,0.0,0.19358154186387702,11.548148648426634,150.61567875197446,3,307.2313575039489,True,184,17.01914644241333
mem_long,25,roving_ramp_bump,mixed,0.1992669707646604,10.195931731888344,3.8148887430691443,2.077013402526324,0.0,0.5837075937401925,7.442999978314196,144.15242020943973,4,296.30484041887945,True,295,43.538914918899536
mem_long,25,roving_ramp_bump,mixed_leaky,0.1355587133802371,4.641356127372179,4.577535200390727,1.570483855290977,0.14934152035267073,-1.1555532168837603,15.0,141.09918392394107,5,292.19836784788214,True,606,118.27981233596802
mem_long,26,bump_train,level,0.0,5792.86097935297,3.0544049762253955,0.0,0.0,0.10086313922660663,9.685667388982198,271.35998665893953,3,548.7199733178791,True,248,36.575416803359985
mem_long,26,bump_train,transient,1.0,inf,0.0,4.292366161593558,0.0,0.18036777101337334,10.151668991509068,268.8274114361013,3,543.6548228722025,True,164,30.99124240875244
mem_long,26,bump_train,mixed,0.9899063853352763,inf,0.020000081823943267,4.291301451033847,0.0,0.18123740324954218,10.154387394984761,268.8199942859066,4,545.6399885718132,True,85,9.848236322402954
mem_long,26,bump_train,mixed_leaky,0.6276078366074772,138.629436111989,0.9915369215495966,3.6560031527156918,0.005000000000000002,0.16342524000689254,10.220914135508465,268.67485920227296,5,547.3497184045459,True,540,60.624542236328125
mem_long,26,double_bump,level,0.0,inf,1.260700034117506,0.0,0.0,0.029093660580009235,11.735364754835956,192.9440671653329,3,391.8881343306658,True,244,22.880805730819702
mem_long,26,double_bump,transient,1.0,278.78036965104627,0.0,2.309103617747775,0.0,0.12358817492400431,10.778791423943959,192.32302282299008,3,390.64604564598017,True,212,57.53388500213623
mem_long,26,double_bump,mixed,0.9814003518130753,274.2785811200287,0.019999958606386852,2.308768683544665,0.0,0.1245507796400535,10.781785398140023,192.32415637627696,4,392.6483127525539,True,75,11.038646221160889
mem_long,26,double_bump,mixed_leaky,0.9843212023887684,5.1234953241406345,0.02004784474663373,2.7536048803844446,0.13528795025809984,-1.3059237390081326,15.0,191.56366011350391,5,393.12732022700783,True,390,83.35470509529114
mem_long,27,bump_train,level,0.0,75.4349723102351,7.3241062914863955,0.0,0.0,0.3238965260893228,12.679582826861681,227.00896478667275,3,460.0179295733455,True,256,37.77198076248169
mem_long,27,bump_train,transient,1.0,789.6787185493035,0.0,9.764302876945127,0.0,0.4503562217520076,15.0,220.7999959057863,3,447.5999918115726,True,152,30.470555543899536
mem_long,27,bump_train,mixed,0.4185894730843931,60.9597212104231,4.613257036827077,7.266460394337513,0.0,0.5898823783882644,13.499432721779002,217.42893347144238,4,442.85786694288475,True,230,26.856990575790405
mem_long,27,bump_train,mixed_leaky,0.43453646847392646,27.207592115515062,4.4725875397656285,7.519523575118361,0.02547624124976057,0.35892460931905834,15.0,217.24181538808816,5,444.4836307761763,True,474,69.37903833389282
mem_long,28,double_bump,level,0.0,inf,3.8837305453044575,0.0,0.0,-0.0011548862013637958,15.0,256.09741815198515,3,518.1948363039703,True,120,28.59287929534912
mem_long,28,double_bump,transient,1.0,inf,0.0,7.1928035815041875,0.0,0.22316503268707646,15.0,245.76645834219906,3,497.5329166843981,True,196,29.26839780807495
mem_long,28,double_bump,mixed,0.9969654063089071,inf,0.010000000000000004,7.187690774405541,0.0,0.22341120354858304,15.0,245.76768466310466,4,499.5353693262093,True,425,42.2945761680603
mem_long,28,double_bump,mixed_leaky,0.9969142338646498,138.629436111989,0.010048349074785105,7.102305489192572,0.005000000000000002,0.18018429915714104,15.0,245.80945126076347,5,501.61890252152693,True,342,42.368271589279175
mem_long,27,roving_bump,level,0.0,47.83880521870119,3.604682236905858,0.0,0.0,0.20495477535696263,8.315043493093304,442.4750222923643,3,890.9500445847286,True,112,18.826987504959106
mem_long,27,roving_bump,transient,1.0,17.522349045685672,0.0,4.746438156279205,0.0,0.3729772619425484,5.560730723598951,449.29764378146626,3,904.5952875629325,True,136,21.30351972579956
mem_long,27,roving_bump,mixed,0.3792347475966137,17.723521991612515,3.0126735597953282,4.026638542431008,0.0,0.49038818648028537,7.441213179177859,426.00079593844043,4,860.0015918768809,True,255,54.99886703491211
mem_long,27,roving_bump,mixed_leaky,0.37811203188671316,138.629436111989,3.0119021689075303,4.006443757045328,0.005000000000000002,0.4697015670913591,7.444979648376799,426.06125696899886,5,862.1225139379977,True,252,68.04377055168152
mem_long,27,roving_ramp_bump,level,0.0,2116.0024894331114,3.726637778872686,0.0,0.0,0.12427322816390149,9.443645799910753,430.9641422409757,3,867.9282844819514,True,124,18.068074226379395
mem_long,27,roving_ramp_bump,transient,1.0,26.565089328462218,0.0,5.430344068481504,0.0,0.35796636158596756,5.992345480927308,446.6684898752938,3,899.3369797505876,True,88,14.071797132492065
mem_long,27,roving_ramp_bump,mixed,0.3874908460110026,37.128880119174035,3.4011714375170565,4.707466448475766,0.0,0.4454522594764004,9.024303110124892,416.8505691557063,4,841.7011383114126,True,180,32.585790157318115
mem_long,27,roving_ramp_bump,mixed_leaky,0.3330477931546469,5.21507396283855,3.5538454370171397,3.882578349373722,0.1329122435269676,-0.4958919169088364,10.479725284541555,416.0724197682149,5,842.1448395364298,True,546,94.73214983940125
mem_long,27,double_bump,level,0.0,62.97251898832647,6.352234723101996,0.0,0.0,0.2957762124268423,11.051694956309161,228.7974846431219,3,463.5949692862438,True,264,36.399770736694336
mem_long,27,double_bump,transient,1.0,232.2223105620874,0.0,6.178918503020204,0.0,0.30433858967214683,11.77838879653197,230.3566025059312,3,466.7132050118624,True,220,31.180408477783203
mem_long,27,double_bump,mixed,0.0014376802249075902,62.818813944439064,6.34949762075079,0.02000029199337265,0.0,0.29682454390333385,11.05423866587088,228.77617768501182,4,465.55235537002363,True,205,34.863699436187744
mem_long,27,double_bump,mixed_leaky,0.2500840081375797,138.629436111989,4.742539496491472,3.460143490242481,0.005000000000000002,0.37461473000673756,11.73056545312485,227.11165130834917,5,464.22330261669833,True,540,87.17252135276794
mem_long,26,roving_bump,level,0.0,266.00428813526264,1.3710716847308666,0.0,0.0,0.06469475680891307,10.53070267680939,245.91541811911992,3,497.83083623823984,True,144,25.796141147613525
mem_long,26,roving_bump,transient,1.0,198.72842253791066,0.0,4.390861278641471,0.0,0.2248977596544612,10.59229924381851,241.04346144965902,3,488.08692289931804,True,160,37.814974308013916
mem_long,26,roving_bump,mixed,0.6832450268384086,78.88616379068544,0.8065100239951387,3.806033907405658,0.0,0.26519114385093095,10.56073836401834,239.93359393617234,4,487.8671878723447,True,325,50.11919713020325
mem_long,26,roving_bump,mixed_leaky,0.5923564603870571,5.290459821483933,1.0540959953322933,3.351140027176131,0.13101832429482904,-1.156670330806335,15.0,239.33049873731363,5,488.66099747462727,True,450,91.48093748092651
mem_long,28,roving_bump,level,0.0,33.670886970520584,4.177373220156863,0.0,0.0,0.26227087358399653,8.44925282892877,340.0599489897988,3,686.1198979795976,True,104,17.476368188858032
mem_long,28,roving_bump,transient,1.0,37.52234423914707,0.0,4.34626052419775,0.0,0.28560479771630753,6.706815177467173,356.16406871670813,3,718.3281374334163,True,144,21.653841972351074
mem_long,28,roving_bump,mixed,0.2566720193471963,24.409633242881643,3.7417236922823216,2.826699269486213,0.0,0.4197575997707181,8.27956314440299,336.0059152571094,4,680.0118305142188,True,240,38.23200440406799
mem_long,28,roving_bump,mixed_leaky,0.25494142067833037,138.629436111989,3.744284934600068,2.8030362777172,0.005000000000000002,0.396777504279234,8.289047736150026,336.02152185700584,5,682.0430437140117,True,408,77.94581866264343
mem_long,28,bump_train,level,0.0,160.64705451017713,6.273958173762283,0.0,0.0,0.24291366931455147,12.032797659050088,221.74282773485604,3,449.48565546971207,True,172,29.80296540260315
mem_long,28,bump_train,transient,1.0,inf,0.0,5.241335562533514,0.0,0.22682085841378274,12.0743219056698,223.51146146914448,3,453.02292293828896,True,188,29.91791820526123
mem_long,28,bump_train,mixed,0.0014555645268026164,159.84140907181364,6.271433664297708,0.020000495097441583,0.0,0.24392810895101646,12.034500478095978,221.7236258386133,4,451.4472516772266,True,25,9.404402256011963
mem_long,28,bump_train,mixed_leaky,0.22979185372930494,10.758861554680102,4.629957630834332,3.0221316843006814,0.06442569941411937,-0.19721741042911312,13.375597030754768,219.94099121279012,5,449.88198242558025,True,636,98.82808017730713
mem_long,29,bump_train,level,0.0,8.41847734876682,6.6791518258345866,0.0,0.0,0.6475991173027451,7.220814361397704,96.04348943915375,3,198.0869788783075,True,132,13.389015913009644
mem_long,29,bump_train,transient,1.0,0.2500037625601553,0.0,0.010000000000000004,0.0,30.0,15.0,107.1748585343816,3,220.3497170687632,True,8,1.7848789691925049
mem_long,29,bump_train,mixed,0.0013674793409293139,8.420363167372235,6.675828311599302,0.020000003633936638,0.0,0.6485425298919723,7.224945398148708,96.04272649896753,4,200.08545299793505,True,30,3.3446452617645264
mem_long,29,bump_train,mixed_leaky,0.001368470803792626,5.377048139098634,6.705055875556727,0.02010215004520603,0.12890849451761446,-0.8852717336928942,15.0,95.53528689575566,5,201.07057379151132,True,384,68.61733031272888
mem_long,29,double_bump,level,0.0,56.38309092866271,6.10553215889542,0.0,0.0,0.3180284571294528,13.315602396734548,142.61426551797084,3,291.22853103594167,True,156,15.13086462020874
mem_long,29,double_bump,transient,1.0,132.95230953116777,0.0,4.0593117049377385,0.0,0.23223230594970798,13.017150716440668,145.2268476142588,3,296.4536952285176,True,152,15.230759859085083
mem_long,29,double_bump,mixed,0.0014956552305360634,56.26213385987492,6.102973368772389,0.02000013174353535,0.0,0.3191146258047037,13.317076103696456,142.60557790422666,4,293.2111558084533,True,80,13.651181697845459
mem_long,29,double_bump,mixed_leaky,0.11087404172203044,138.629436111989,5.3117799287908145,1.4491605720499072,0.005000000000000002,0.3274692548058571,13.348139118175787,142.34294924395508,5,294.68589848791015,True,504,64.63366746902466
mem_long,28,roving_ramp_bump,level,0.0,253.1300562372316,4.074432005626424,0.0,0.0,0.1539494850262992,10.38744759011807,370.2853123529814,3,746.5706247059628,True,96,16.618592500686646
mem_long,28,roving_ramp_bump,transient,1.0,57.78843069880687,0.0,4.985024296455846,0.0,0.282457079529493,6.632149517451974,396.58850613368764,3,799.1770122673753,True,148,22.362377643585205
mem_long,28,roving_ramp_bump,mixed,0.3550754152069956,60.824332019822556,3.7876810690998597,4.562416409337282,0.0,0.41527441637054213,10.369368795918326,361.6506112524259,4,731.3012225048518,True,245,42.771191358566284
mem_long,28,roving_ramp_bump,mixed_leaky,0.3527009548553292,37.339638745209164,3.772429355088909,4.497100892824972,0.018563307087401296,0.31117860254336605,10.371551617656506,361.59136102706657,5,733.1827220541331,True,528,99.83122420310974
mem_long,29,roving_bump,level,0.0,115.3370759734135,4.229313829099366,0.0,0.0,0.20353041670179803,15.0,194.80849920501262,3,395.61699841002525,True,232,29.379898071289062
mem_long,29,roving_bump,transient,1.0,inf,0.0,3.8829733717360364,0.0,0.15053073865719557,12.610809711971465,208.42379590345053,3,422.84759180690105,True,180,27.966352701187134
mem_long,29,roving_bump,mixed,0.1332550859852333,101.11647446790458,3.9602287011032775,1.3320563747688596,0.0,0.26400578606975417,15.0,194.4302500461245,4,396.860500092249,True,275,28.307116985321045
mem_long,29,roving_bump,mixed_leaky,0.129571861934105,138.629436111989,3.9354501489628064,1.2816871778041212,0.005000000000000002,0.22107790322019058,15.0,194.49151182172483,5,398.98302364344966,True,252,44.82405376434326
mem_long,29,roving_ramp_bump,level,0.0,98.50796180573492,4.012486356079722,0.0,0.0,0.2047205857325918,14.44476070472385,201.88723784832527,3,409.77447569665054,True,164,24.077240467071533
mem_long,29,roving_ramp_bump,transient,1.0,inf,0.0,5.0507967626475505,0.0,0.20837195222910332,12.16219745781001,219.79792559177204,3,445.5958511835441,True,180,40.37162947654724
mem_long,29,roving_ramp_bump,mixed,0.26814401263893284,75.06910142904232,3.759964035393486,3.0139497771467787,0.0,0.35912103956940106,15.0,200.11225904434144,4,408.2245180886829,True,265,24.438798427581787
mem_long,29,roving_ramp_bump,mixed_leaky,0.24270753863057518,19.18070442557922,3.6961139989702123,2.5916409676294387,0.03613773327509131,0.03056462848072414,15.0,199.7194941247707,5,409.4389882495414,True,336,47.372411489486694
mem_long_leaky,0,double_bump,level,0.0,58.03326931054052,3.1431766796840965,0.0,0.0,0.18303497305835797,9.29701044066809,379.11879670458495,3,764.2375934091699,True,128,20.216015815734863
mem_long_leaky,0,double_bump,transient,1.0,78.76603026206199,0.0,5.948100902793531,0.0,0.3428034536075471,11.696195621421525,353.4504785655025,3,712.900957131005,True,108,21.058337211608887
mem_long_leaky,0,double_bump,mixed,0.7710635359517312,60.920682055910525,0.7372645386054935,5.432608222592333,0.0,0.36640437135073756,11.815880948385525,352.7965341704069,4,713.5930683408138,True,300,35.41621017456055
mem_long_leaky,0,double_bump,mixed_leaky,0.7736785115073123,138.629436111989,0.7267764720980473,5.435574466081082,0.005000000000000002,0.3353156675234174,11.837419563258239,352.8348931960355,5,715.669786392071,True,276,87.01295256614685
mem_long_leaky,0,bump_train,level,0.0,70.84723684783651,2.9781695951376106,0.0,0.0,0.16557231285863017,9.641142404108397,341.77722470620216,3,689.5544494124043,True,144,23.611989736557007
mem_long_leaky,0,bump_train,transient,1.0,62.79309912255496,0.0,8.014798500798465,0.0,0.4680790914198656,13.338585433010772,320.7848795119267,3,647.5697590238534,True,168,27.97213077545166
mem_long_leaky,0,bump_train,mixed,0.8669538030389438,55.41217967212742,0.5137343057472913,7.323891555336544,0.0,0.46506220104468704,13.028973426038995,320.5242682334692,4,649.0485364669383,True,315,37.353272438049316
mem_long_leaky,0,bump_train,mixed_leaky,0.876901375001664,34.18482583654746,0.46726175837058725,7.282284379573277,0.02027645786098732,0.31578699990926373,13.123660715373124,320.33978789510564,5,650.6795757902113,True,450,56.084174156188965
mem_long_leaky,1,roving_bump,level,0.0,inf,2.974469435449081,0.0,0.0,-0.008899219278788176,15.0,295.9030239656504,3,597.8060479313008,True,168,25.77589178085327
mem_long_leaky,1,roving_bump,transient,1.0,145.84633226440755,0.0,5.647006745713438,0.0,0.28684411876025556,9.299606997491308,291.255077106324,3,588.510154212648,True,144,21.048317193984985
mem_long_leaky,1,roving_bump,mixed,0.4801075894015305,117.44077190154653,3.0057559271050205,6.07279543809594,0.0,0.4294098818865198,13.338677308671931,280.2490029514679,4,568.4980059029358,True,245,38.2861053943634
mem_long_leaky,1,roving_bump,mixed_leaky,0.443031206607701,9.868041880293907,3.352454258266061,5.834130820955609,0.07024161317597699,-0.21580708394016063,15.0,277.2403490068896,5,564.4806980137791,True,330,44.0539915561676
mem_long_leaky,0,roving_bump,level,0.0,inf,0.967740288797044,0.0,0.0,-0.08016895875692602,9.55465834395871,484.73899487773497,3,975.4779897554699,True,140,28.483001708984375
mem_long_leaky,0,roving_bump,transient,1.0,inf,0.0,4.805984545410034,0.0,0.21318048200906048,8.940069188459798,433.307380693195,3,872.61476138639,True,116,11.08023715019226
mem_long_leaky,0,roving_bump,mixed,0.7391577819774378,81.98817839751875,0.7825502568234683,4.851559408838091,0.0,0.30611435792822594,10.074528459598346,426.5461672942675,4,861.092334588535,True,275,38.180094718933105
mem_long_leaky,0,roving_bump,mixed_leaky,0.7052147533496665,12.216232415749394,0.868516067179143,4.545726985300062,0.0567398488314881,-0.036780609106146715,10.41397351250072,425.70884480111323,5,861.4176896022265,True,384,78.09393215179443
mem_long_leaky,1,bump_train,level,0.0,inf,6.23412880096959,0.0,0.0,0.12436505926845526,13.98018703135193,257.7879312873699,3,521.5758625747397,True,148,24.18760657310486
mem_long_leaky,1,bump_train,transient,1.0,inf,0.0,6.817362488925369,0.0,0.27326657062362736,12.193215015562282,254.29976810453743,3,514.5995362090748,True,156,28.19882583618164
mem_long_leaky,1,bump_train,mixed,0.993619727572623,inf,0.02000059712600983,6.814496785806654,0.0,0.2740418624577876,12.19486145003325,254.27455515743677,4,516.5491103148736,True,25,4.2785797119140625
mem_long_leaky,1,bump_train,mixed_leaky,0.383508839765672,11.838611882255222,3.54253652107655,4.821394939219091,0.058549700543768714,-0.25748569146931316,15.0,251.15634115951406,5,512.3126823190281,True,642,95.02271866798401
mem_long_leaky,0,roving_ramp_bump,level,0.0,inf,1.3316593932425695,0.0,0.0,-0.07075843374515663,12.274730056161864,397.7511037647581,3,801.5022075295162,True,204,32.556522846221924
mem_long_leaky,0,roving_ramp_bump,transient,1.0,157.3307648443709,0.0,4.925049073402366,0.0,0.2514524309354523,9.152326033353921,363.65596138321314,3,733.3119227664263,True,152,30.326051473617554
mem_long_leaky,0,roving_ramp_bump,mixed,0.643762081805914,42.96787475402659,1.3495421277086945,5.335578835266638,0.0,0.42372910288123256,11.913447483918327,347.460600142231,4,702.921200284462,True,275,39.89286208152771
mem_long_leaky,0,roving_ramp_bump,mixed_leaky,0.617688934270089,13.32797591943334,1.4323412889583842,5.063016120416889,0.052006935242828345,0.03482694892508791,12.60189925781512,346.3917527642731,5,702.7835055285462,True,294,72.33947896957397
mem_long_leaky,1,roving_ramp_bump,level,0.0,50.916469142822436,2.4747106402356773,0.0,0.0,0.17224431738734655,9.287295376224613,223.46386033613427,3,452.92772067226855,True,200,27.08400535583496
mem_long_leaky,1,roving_ramp_bump,transient,1.0,47.21729449024906,0.0,8.280780107268539,0.0,0.4769732478489407,9.735797728366085,219.7305889690372,3,445.4611779380744,True,188,30.356133460998535
mem_long_leaky,1,roving_ramp_bump,mixed,0.5967528705539583,31.253204764463856,2.163150184757442,7.003574482060489,0.0,0.5513176349405827,10.267681415777988,212.9300300662149,4,433.8600601324298,True,270,49.388803005218506
mem_long_leaky,1,roving_ramp_bump,mixed_leaky,0.593801574957779,138.629436111989,2.163594590569273,6.9197251280400165,0.005000000000000002,0.5202011033402846,10.25623840824243,213.051086824097,5,436.102173648194,True,246,41.943376541137695
mem_long_leaky,1,double_bump,level,0.0,inf,4.301914071601071,0.0,0.0,0.12555921435757997,11.792356550030446,223.44714755267094,3,452.8942951053419,True,184,33.98231029510498
mem_long_leaky,1,double_bump,transient,1.0,201.610507400265,0.0,4.334501697265074,0.0,0.2215485351768596,10.421489061467991,220.73109113056344,3,447.4621822611269,True,184,30.83476209640503
mem_long_leaky,1,double_bump,mixed,0.9900034396380987,200.08060293087854,0.02000009842464364,4.33339312643704,0.0,0.22235823021985263,10.424349121393844,220.72336476801297,4,449.44672953602594,False,175,16.842962503433228
mem_long_leaky,1,double_bump,mixed_leaky,0.9849760988366938,5.920152460633998,0.029203238688799107,4.188744193465593,0.11708265710537379,-1.0462299782553184,15.0,219.42349604403432,5,448.84699208806865,True,576,89.19597601890564
mem_long_leaky,2,bump_train,level,0.0,73.50636282524059,4.49742776502086,0.0,0.0,0.2132560815896096,9.698742789169431,232.8294692027495,3,471.658938405499,True,244,36.42478322982788
mem_long_leaky,2,bump_train,transient,1.0,210.0971342439907,0.0,4.9018547943410065,0.0,0.2457763711555727,10.276867548351019,232.28172835240662,3,470.56345670481323,True,168,38.39899396896362
mem_long_leaky,2,bump_train,mixed,0.9911493740528916,207.47040647383074,0.02000055134066629,4.900235345440357,0.0,0.24667465489938875,10.279674727495546,232.26196895428808,4,472.52393790857616,True,25,7.804213762283325
mem_long_leaky,2,bump_train,mixed_leaky,0.3385134484615727,138.629436111989,2.8334171720320853,3.172307485157273,0.005000000000000002,0.2695693883008269,10.097160819685627,230.82974701889958,5,471.65949403779916,False,546,76.61286640167236
mem_long_leaky,3,bump_train,level,0.0,0.7085761850123534,7.736162494025163,0.0,0.0,1.8311418693719277,2.2359748742601964,179.49359600253678,3,364.98719200507355,True,140,15.631637334823608
mem_long_leaky,3,bump_train,transient,1.0,0.4441005652454616,0.0,6.078148283713468,0.0,2.2641227246232303,1.7672485242927205,186.80205912239634,3,379.6041182447927,True,152,18.54505729675293
mem_long_leaky,3,bump_train,mixed,0.024801471437488704,0.6987363688770546,7.565376165867853,0.4209444459340172,0.0,1.858294439075668,2.224125604467896,179.47667357980123,4,366.95334715960246,True,285,33.66209602355957
mem_long_leaky,3,bump_train,mixed_leaky,0.02493155919278065,138.629436111989,7.5595858625621615,0.42288491166769304,0.005000000000000002,1.8505751007432165,2.2258003471295025,179.47728999507535,5,368.9545799901507,True,306,65.7540979385376
mem_long_leaky,2,roving_bump,level,0.0,1.6026152157292077,3.121000972736503,0.0,0.0,1.0708174252170213,3.104616223327666,229.59871965775096,3,465.1974393155019,True,104,21.331143856048584
mem_long_leaky,2,roving_bump,transient,1.0,29.796398834564574,0.0,7.042711487386836,0.0,0.46896138172242857,8.997479099826101,202.93558861456538,3,411.87117722913075,True,96,21.804407596588135
mem_long_leaky,2,roving_bump,mixed,0.8995831768482573,24.841588747278955,0.34627540678804875,6.786820171663917,0.0,0.4948725856134258,8.799257005333686,202.81927674297282,4,413.63855348594564,True,275,49.07154989242554
mem_long_leaky,2,roving_bump,mixed_leaky,0.8375841779307194,4.029932363840652,0.5567168908163395,6.281225348488748,0.17199970569713338,-1.4595805691999395,15.0,200.23131947128374,5,410.4626389425675,True,696,122.62588787078857
mem_long_leaky,2,roving_ramp_bump,level,0.0,2.254379392873822,2.5843029635733346,0.0,0.0,0.8840464505096383,3.604366883585679,272.8284119213981,3,551.6568238427961,True,140,25.716440439224243
mem_long_leaky,2,roving_ramp_bump,transient,1.0,12.537147299153053,0.0,6.539321013269724,0.0,0.5621223006552205,6.691619124321227,257.2603984098078,3,520.5207968196156,True,88,16.341766595840454
mem_long_leaky,2,roving_ramp_bump,mixed,0.6488759915689263,11.334375174662942,1.4173701995868944,5.730523839959586,0.0,0.6318423213279574,7.405703900741471,251.9072287374521,4,511.8144574749042,True,250,38.41984701156616
mem_long_leaky,2,roving_ramp_bump,mixed_leaky,0.5788004913429483,3.8460213701126933,1.767505987696169,5.313880398420199,0.18022447455606186,-1.495818117418212,15.0,248.5315344876677,5,507.0630689753354,True,534,105.87407493591309
mem_long_leaky,2,double_bump,level,0.0,34.79699619807928,2.575745843174336,0.0,0.0,0.19580779838894383,7.756669509753872,250.73208145831092,3,507.46416291662183,True,156,33.77700662612915
mem_long_leaky,2,double_bump,transient,1.0,38.640272218076646,0.0,4.706322971975764,0.0,0.32070705121840937,8.3630199709617,242.16761214879497,3,490.33522429758995,True,236,35.58173680305481
mem_long_leaky,2,double_bump,mixed,0.9953682154809881,38.561469843601365,0.010000000000000004,4.701595566011198,0.0,0.32102025142463725,8.361324201793776,242.16988807952922,4,492.33977615905843,True,280,32.76304793357849
mem_long_leaky,2,double_bump,mixed_leaky,0.9954833385126819,2.7988261521132882,0.010177524455890923,4.90759204901215,0.2476563898177727,-1.6105049145474568,11.079610427236053,241.01747144431192,5,492.03494288862385,True,612,130.07070660591125
mem_long_leaky,3,double_bump,level,0.0,17.098325094175074,3.6824580020601294,0.0,0.0,0.3403345294795867,7.514358397854875,184.40483340290376,3,374.8096668058075,True,108,11.082327842712402
mem_long_leaky,3,double_bump,transient,1.0,12.889985893631644,0.0,3.7670600436958783,0.0,0.4284107054840304,6.659683009092414,184.42874234390382,3,374.85748468780764,True,176,17.728750944137573
mem_long_leaky,3,double_bump,mixed,0.002477113203128637,17.09059220263364,3.6813946267285935,0.0200007004684291,0.0,0.3413990157451224,7.517668957895889,184.38762753792378,4,376.77525507584755,True,25,5.093413591384888
mem_long_leaky,3,double_bump,mixed_leaky,0.32158858730653606,138.629436111989,2.4153114438035836,2.504900434409942,0.005000000000000002,0.4596485396419387,6.823486193777157,183.28226664445336,5,376.5645332889067,True,612,148.37137246131897
mem_long_leaky,5,bump_train,level,0.0,56.292186542831885,5.011845533850193,0.0,0.0,0.270930734098403,12.02405386331227,186.11155296706937,3,378.22310593413874,True,144,13.960511684417725
mem_long_leaky,5,bump_train,transient,1.0,0.6319517367222577,0.0,3.6427140587849856,0.0,1.7706210904142605,2.0300215927056695,195.35953048814818,3,396.71906097629636,True,124,13.57850694656372
mem_long_leaky,5,bump_train,mixed,0.001821532586098688,56.06742994673392,5.009468998105538,0.020000013439102182,0.0,0.2722041748778119,12.026312071340856,186.10835678004938,4,380.21671356009875,True,80,38.012348890304565
mem_long_leaky,5,bump_train,mixed_leaky,0.04608040267161132,138.49307867822154,4.693810393726711,0.49606648129420855,0.005004922897052651,0.2544410677399188,12.043924353184986,186.067928737013,5,382.135857474026,True,552,60.35106420516968
mem_long_leaky,3,roving_bump,level,0.0,22.14824781848485,4.119562906993882,0.0,0.0,0.3195303078984269,8.178057089209803,394.40108708642174,3,794.8021741728435,True,92,15.743338108062744
mem_long_leaky,3,roving_bump,transient,1.0,24.511212676913374,0.0,2.936799984270339,0.0,0.2475544152444824,5.635508776982883,425.6493049586035,3,857.298609917207,True,120,19.198161363601685
mem_long_leaky,3,roving_bump,mixed,0.192214126688019,17.5390153729847,4.0483370417787246,2.1075386970258814,0.0,0.4658007492253912,8.350969900208732,390.13598023562156,4,788.2719604712431,True,280,42.77802038192749
mem_long_leaky,3,roving_bump,mixed_leaky,0.17967866743466446,20.1959795045402,4.079185436416985,1.9547706393507904,0.03432104792957038,0.3001551905560549,8.452447466083692,390.0966823512445,5,790.193364702489,True,396,94.5930917263031
mem_long_leaky,4,double_bump,level,0.0,inf,4.6940925929512565,0.0,0.0,0.13429546981723472,14.100313608397352,240.86881257484447,3,487.73762514968894,True,172,24.138014554977417
mem_long_leaky,4,double_bump,transient,1.0,inf,0.0,6.885430388754956,0.0,0.2874572263102757,14.4006726548925,235.12350199532588,3,476.24700399065176,True,268,41.58612537384033
mem_long_leaky,4,double_bump,mixed,0.4912473411052339,94.2391287209331,2.7982929247567077,5.911484314565381,0.0,0.428765894444217,13.235371155552667,233.66679210063455,4,475.3335842012691,True,290,39.0398473739624
mem_long_leaky,4,double_bump,mixed_leaky,0.531603769250756,15.715080205197209,2.221120385545619,5.515140802279189,0.04410713604444165,-0.051939289410179355,15.0,233.18236777155838,5,476.36473554311675,True,330,52.88538098335266
mem_long_leaky,4,roving_bump,level,0.0,inf,2.27768872432713,0.0,0.0,0.04794987489317638,11.156069578524543,314.75404223804736,3,635.5080844760947,True,108,19.85081124305725
mem_long_leaky,4,roving_bump,transient,1.0,inf,0.0,5.259084547838675,0.0,0.19254618223965128,10.93405099400367,303.82525793135954,3,613.6505158627191,True,172,29.88581895828247
mem_long_leaky,4,roving_bump,mixed,0.573904640781471,425.53341514543325,1.5043398751436456,4.432908287495917,0.0,0.2631868697951176,11.72431318237976,297.8871009407005,4,603.774201881401,True,200,39.31533241271973
mem_long_leaky,4,roving_bump,mixed_leaky,0.525093063565301,14.76925273447293,1.6893703904465274,4.086603408609461,0.046931770552078755,-0.07262050228634298,12.334942701505005,297.36307103478913,5,604.7261420695783,True,318,55.662394762039185
mem_long_leaky,4,roving_ramp_bump,level,0.0,inf,2.481641908268455,0.0,0.0,0.029621626137181854,12.408823468941868,355.15517869255433,3,716.3103573851087,True,200,30.46584439277649
mem_long_leaky,4,roving_ramp_bump,transient,1.0,inf,0.0,2.9785265774401246,0.0,0.07125582510600942,9.095449381760504,373.85267692021694,3,753.7053538404339,True,208,29.342732667922974
mem_long_leaky,4,roving_ramp_bump,mixed,0.3103155019324815,426.76222110928677,2.3076993030167436,2.271653416297901,0.0,0.19202180255218554,11.84939112925589,352.11856616144314,4,712.2371323228863,True,275,45.692046880722046
mem_long_leaky,4,roving_ramp_bump,mixed_leaky,0.30389507647776165,138.629436111989,2.310360584495191,2.2066759999733527,0.005000000000000002,0.15647086444701389,11.887484782752521,352.1694455416288,5,714.3388910832576,True,216,44.90446949005127
mem_long_leaky,3,roving_ramp_bump,level,0.0,22.888652977584446,3.793907399975356,0.0,0.0,0.3014613437107188,8.112499432825876,336.87083849919526,3,679.7416769983905,True,128,18.983457565307617
mem_long_leaky,3,roving_ramp_bump,transient,1.0,9.601290461762789,0.0,6.112740162816341,0.0,0.5501582620264955,5.264729074914325,352.42081769107483,3,710.8416353821497,True,152,23.998575687408447
mem_long_leaky,3,roving_ramp_bump,mixed,0.37420858763416226,9.14249832151287,3.158898910673745,4.132660461488314,0.0,0.6491227702765593,6.565846413823908,327.51279977319047,4,663.0255995463809,True,245,47.094871282577515
mem_long_leaky,3,roving_ramp_bump,mixed_leaky,0.33744389157810883,4.2753159897125395,3.3274760073985954,3.70769232317977,0.1621277075724526,-0.1543690082063858,7.663875108604674,327.1638709998601,5,664.3277419997202,True,216,94.29000449180603
mem_long_leaky,5,roving_ramp_bump,level,0.0,3768.2945681591077,1.4751316358648865,0.0,0.0,0.04971290041642852,10.585686216461598,271.2610026570487,3,548.5220053140974,True,112,20.935144186019897
mem_long_leaky,5,roving_ramp_bump,transient,1.0,inf,0.0,3.0688493196903273,0.0,0.09874052334711403,10.296105730920168,272.67321476038137,3,551.3464295207627,True,212,19.351330995559692
mem_long_leaky,5,roving_ramp_bump,mixed,0.4684125510480226,563.2847186409334,1.2473755488154925,2.404699859805355,0.0,0.15981385910877963,11.707194452178536,267.1414586196247,4,542.2829172392494,True,250,37.04071116447449
mem_long_leaky,5,roving_ramp_bump,mixed_leaky,0.461698716865428,138.629436111989,1.2492084425386851,2.3441101189819196,0.005000000000000002,0.12633770034279623,11.703312119456514,267.2221405528222,5,544.4442811056444,True,276,45.21841549873352
mem_long_leaky,5,double_bump,level,0.0,72.16494250814252,1.6480239728767523,0.0,0.0,0.11733966624442578,9.146094763550536,229.48788726024264,3,464.9757745204853,True,112,29.217942237854004
mem_long_leaky,5,double_bump,transient,1.0,187.11974853829517,0.0,1.5385673648976836,0.0,0.09503380901721682,9.568341150133087,229.99561071657394,3,465.99122143314787,True,284,52.65310192108154
mem_long_leaky,5,double_bump,mixed,0.005517254976463211,71.84264167501526,1.6477663881045517,0.020000059557892223,0.0,0.11854395554883775,9.149749147987658,229.48194233754631,4,466.96388467509263,True,85,9.67847490310669
mem_long_leaky,5,double_bump,mixed_leaky,0.161672781382985,138.629436111989,1.3338206471368754,0.5627695945366009,0.005000000000000002,0.10693222936975477,9.235778835601096,229.4097046430289,5,468.8194092860578,True,672,78.49370551109314
mem_long_leaky,5,roving_bump,level,0.0,inf,1.456598914638561,0.0,0.0,0.015325189160191122,11.256349239247248,289.8139985356096,3,585.6279970712192,True,152,27.1216561794281
mem_long_leaky,5,roving_bump,transient,1.0,inf,0.0,1.7219071157342383,0.0,-0.007886606026338304,10.168301649087967,296.1182242945159,3,598.2364485890319,True,144,13.617311954498291
mem_long_leaky,5,roving_bump,mixed,0.22883908148903037,inf,1.3243636083322106,0.8598095584683747,0.0,0.06015006741124669,11.262719458894336,289.05080049084563,4,586.1016009816913,True,195,32.20800232887268
mem_long_leaky,5,roving_bump,mixed_leaky,0.09118981378538898,5.733174745038346,1.5090811514593512,0.3312802795271826,0.12090110826637802,-1.2447449509625743,15.0,287.62500455304405,5,585.2500091060881,True,570,86.45457363128662
mem_long_leaky,4,bump_train,level,0.0,26.791589569307266,5.775807714614088,0.0,0.0,0.36135455059480875,9.227323082599135,200.26471911873716,3,406.5294382374743,True,100,24.213119506835938
mem_long_leaky,4,bump_train,transient,1.0,24.439608784805884,0.0,6.279977352669375,0.0,0.4618627628908373,8.71621634877557,199.73312218956585,3,405.4662443791317,True,104,28.013663053512573
mem_long_leaky,4,bump_train,mixed,0.3283075827775063,20.700118456459585,3.930849447535179,4.203458121720551,0.0,0.5384442264135018,9.105093897804004,196.852729241889,4,401.705458483778,True,290,50.31977200508118
mem_long_leaky,4,bump_train,mixed_leaky,0.32984597447647085,138.629436111989,3.897160347760506,4.1965720039190755,0.005000000000000002,0.5102368604398709,9.14733640960674,196.87566875505965,5,403.7513375101193,True,570,106.0055730342865
mem_long_leaky,6,bump_train,level,0.0,189.50285839170766,4.1298439789882915,0.0,0.0,0.17482337755914568,15.0,173.58659346039832,3,353.17318692079664,True,140,13.996527910232544
mem_long_leaky,6,bump_train,transient,1.0,1.1952444479601303,0.0,5.3477795188792046,0.0,1.3854476851521709,2.734707854680972,175.90950480588455,3,357.8190096117691,True,80,9.086113214492798
mem_long_leaky,6,bump_train,mixed,0.002209392143604128,188.1594180909587,4.128525149622694,0.02000037666040938,0.0,0.1759657834622751,15.0,173.5617732146364,4,355.1235464292728,True,100,30.980053424835205
mem_long_leaky,6,bump_train,mixed_leaky,0.48457326504543086,138.629436111989,1.9370756935750135,3.9842716946626306,0.005000000000000002,0.2442415119547057,15.0,171.12032824434633,5,352.24065648869265,True,534,104.16627883911133
mem_long_leaky,6,double_bump,level,0.0,142.0462418989444,4.438788314498546,0.0,0.0,0.18511618872076543,11.293412405416564,259.8962181215925,3,525.792436243185,True,144,23.865987062454224
mem_long_leaky,6,double_bump,transient,1.0,inf,0.0,4.033252444998411,0.0,0.14313825719701237,11.68034130227761,262.14694662757825,3,530.2938932551565,True,220,43.361347675323486
mem_long_leaky,6,double_bump,mixed,0.2072650988935312,134.00380204178487,3.446215663018138,1.9712899027093465,0.0,0.24466020551260528,11.470199411454871,258.8511538258426,4,525.7023076516851,True,275,27.29376769065857
mem_long_leaky,6,double_bump,mixed_leaky,0.20575051878804057,13.551297167176221,3.279084299457608,1.858430940403315,0.05114987679842765,-0.1784641843434661,12.780784457741074,258.57408130011726,5,527.1481626002345,True,270,66.52185010910034
mem_long_leaky,6,roving_bump,level,0.0,inf,2.8022677759846357,0.0,0.0,0.010086299215708932,13.757468147083795,360.03404933088046,3,726.0680986617609,True,140,22.456135511398315
mem_long_leaky,6,roving_bump,transient,1.0,76.0329857386989,0.0,4.110217093955212,0.0,0.2350509295310181,7.52338086431066,371.4227030203288,3,748.8454060406576,True,232,33.949363470077515
mem_long_leaky,6,roving_bump,mixed,0.4263661773775056,123.84881344042549,2.3239477900945307,3.779063668940332,0.0,0.29319545282833187,11.509219767426112,350.8676985430975,4,709.735397086195,True,200,34.92265510559082
mem_long_leaky,6,roving_bump,mixed_leaky,0.37213414571343995,12.56697744866596,2.426442426500023,3.146389568123187,0.05515623652476005,-0.1551398571311397,12.452610927302228,350.5913361952382,5,711.1826723904765,True,258,90.84705924987793
mem_long_leaky,7,bump_train,level,0.0,21.215861591991995,5.6338514140372515,0.0,0.0,0.4228582697767658,10.113947679166266,160.182848314513,3,326.365696629026,True,132,12.874416589736938
mem_long_leaky,7,bump_train,transient,1.0,12.541336230279452,0.0,8.367338017894934,0.0,0.7409938487305411,9.110231886986368,155.61443240799235,3,317.2288648159847,True,156,15.621246576309204
mem_long_leaky,7,bump_train,mixed,0.45993513987020623,12.106855339084387,3.0955388272452216,5.767621784044879,0.0,0.7461881727531797,9.307885853928793,152.49156420580636,4,312.9831284116127,True,250,44.28767991065979
mem_long_leaky,7,bump_train,mixed_leaky,0.4605496333278049,138.629436111989,3.08006540559181,5.753004762602247,0.005000000000000002,0.7147771061106571,9.386694551729699,152.54745420650323,5,315.09490841300646,True,546,97.2217869758606
mem_long_leaky,8,bump_train,level,0.0,14.479215069292257,4.363091407571304,0.0,0.0,0.4364042354272718,8.499866747801413,153.7151046836648,3,313.4302093673296,True,148,14.722656726837158
mem_long_leaky,8,bump_train,transient,1.0,12.546194481290224,0.0,6.469796180438722,0.0,0.6216403932541696,8.268665369669257,149.2240723967348,3,304.4481447934696,True,92,9.828332662582397
mem_long_leaky,8,bump_train,mixed,0.43678829740298425,10.566090514554048,2.8271304110389037,4.796837569225017,0.0,0.7101629488783796,8.474031822557276,146.27008073159675,4,300.5401614631935,True,210,36.12721657752991
mem_long_leaky,8,bump_train,mixed_leaky,0.4627962300586585,11.524682437331291,2.685386736777821,5.061362543477737,0.06014457962977535,0.3932550443516363,9.08187392218041,146.16014795918068,5,302.32029591836135,True,378,100.45847797393799
mem_long_leaky,7,roving_bump,level,0.0,3.704630822190522,1.9558820936531713,0.0,0.0,0.6080481761506401,4.030608687130787,386.4277234789935,3,778.855446957987,True,140,19.65124535560608
mem_long_leaky,7,roving_bump,transient,1.0,18.5796468411078,0.0,4.949626384409956,0.0,0.4072463018501068,6.828780530596151,360.59120450351276,3,727.1824090070255,True,148,29.62181568145752
mem_long_leaky,7,roving_bump,mixed,0.618045259436789,13.240176232223982,1.276881921863008,4.520317704883923,0.0,0.5242151729299334,7.3696591723763865,351.12793155158676,4,710.2558631031735,True,260,37.93314576148987
mem_long_leaky,7,roving_bump,mixed_leaky,0.5433537590672316,4.298983500410763,1.6635475355909,4.330597798019486,0.16123513395520495,-0.4076960027050445,9.158261551466508,348.64658157142156,5,707.2931631428431,True,402,90.05027627944946
mem_long_leaky,7,roving_ramp_bump,level,0.0,8.470806027628585,1.7860671277375741,0.0,0.0,0.38351522498426416,5.506434421431599,396.0321677988899,3,798.0643355977797,True,120,24.192335605621338
mem_long_leaky,7,roving_ramp_bump,transient,1.0,13.863852032460159,0.0,4.963825636851316,0.0,0.44374507814686875,6.0897840827997305,372.6204309134275,3,751.240861826855,False,236,28.92344880104065
mem_long_leaky,7,roving_ramp_bump,mixed,0.5762176151157126,9.271681641629263,1.6115992730545636,4.794138089149164,0.0,0.6499927822485622,7.060567445859914,356.12413757785356,4,720.2482751557071,True,280,44.257291078567505
mem_long_leaky,7,roving_ramp_bump,mixed_leaky,0.5362426956931553,4.555724872859524,1.9169177679735625,4.849354753110864,0.15214860420771475,-0.1362296521674574,8.544663163017914,353.89004939081076,5,717.7800987816215,True,258,75.30768704414368
mem_long_leaky,7,double_bump,level,0.0,18.49634952304211,4.420261227037304,0.0,0.0,0.3635081358365982,8.092199989601916,276.11322927982826,3,558.2264585596565,True,136,20.70025610923767
mem_long_leaky,7,double_bump,transient,1.0,21.245348754118318,0.0,5.140398501776881,0.0,0.4210774997980511,8.03024425345235,278.09242261761904,3,562.1848452352381,True,164,26.385790824890137
mem_long_leaky,7,double_bump,mixed,0.3052617043832205,17.08508719595924,3.3246690669807566,3.1960190182389487,0.0,0.5076894820647389,8.696692407960327,270.8601497972994,4,549.7202995945988,True,200,48.74933195114136
mem_long_leaky,7,double_bump,mixed_leaky,0.30647650147890415,138.629436111989,3.302188209472186,3.1926232310512206,0.005000000000000002,0.48404979284830496,8.677275991538453,270.9093296427457,5,551.8186592854914,True,324,91.7851972579956
mem_long_leaky,8,double_bump,level,0.0,23.1844991816316,4.279775722826914,0.0,0.0,0.33361119002418377,8.97031524007805,242.34708266937056,3,490.69416533874113,True,136,20.43584132194519
mem_long_leaky,8,double_bump,transient,1.0,28.533001438817983,0.0,4.529266202815236,0.0,0.3635134508052932,9.074458299991466,243.23137036181657,3,492.46274072363315,True,236,37.341835737228394
mem_long_leaky,8,double_bump,mixed,0.2848417145420257,20.918403967601474,3.2459770859988253,2.8285034504817967,0.0,0.46200814371140736,9.538802989800065,239.2996229514467,4,486.5992459028934,True,275,48.57755208015442
mem_long_leaky,8,double_bump,mixed_leaky,0.28541128240690977,138.629436111989,3.22678372525971,2.8196466435862733,0.005000000000000002,0.4349188868552247,9.545661101091339,239.3198222025591,5,488.6396444051182,False,516,65.84228539466858
mem_long_leaky,9,double_bump,level,0.0,33.04851545376641,3.642417550676455,0.0,0.0,0.2396085982428645,7.953121127967873,294.5928554816309,3,595.1857109632618,False,212,30.5891010761261
mem_long_leaky,9,double_bump,transient,1.0,99.76563759034791,0.0,8.931164605824193,0.0,0.46136588505846404,11.597441092235696,272.07795867978444,3,550.1559173595689,True,124,31.774194478988647
mem_long_leaky,9,double_bump,mixed,0.909687310055409,85.79721674824201,0.39436395784471207,8.69061321396731,0.0,0.47244919017513365,11.52304890016077,272.04594784465104,4,552.0918956893021,True,325,35.34979605674744
mem_long_leaky,9,double_bump,mixed_leaky,0.9200823931835641,32.049047575542936,0.33945011183547774,8.550077521419643,0.021627699822471334,0.3277794307835623,11.564240480382287,271.96580629728504,5,553.9316125945701,True,312,55.80338478088379
mem_long_leaky,8,roving_ramp_bump,level,0.0,33.03124462106742,2.49854373047546,0.0,0.0,0.21452619753774196,8.766668902158184,363.27734128516335,3,732.5546825703267,True,92,19.1436984539032
mem_long_leaky,8,roving_ramp_bump,transient,1.0,29.11177806757665,0.0,4.966734356521906,0.0,0.34489177241191665,7.0242939381918,366.97113950403946,3,739.9422790080789,True,112,24.146867513656616
mem_long_leaky,8,roving_ramp_bump,mixed,0.46237852573832416,17.959806833217595,2.283887359338748,4.297397983541572,0.0,0.5188223912740912,8.979933478230993,343.8019275093755,4,695.603855018751,True,210,35.566712856292725
mem_long_leaky,8,roving_ramp_bump,mixed_leaky,0.42930760053279704,8.0976004458899,2.4006947663846776,3.95105687055855,0.08559908397453299,0.03328033700710446,9.508646350464517,343.0060195668886,5,696.0120391337772,True,312,81.21603965759277
mem_long_leaky,9,bump_train,level,0.0,inf,3.347961669497143,0.0,0.0,0.0834133450535673,11.626729311373026,273.52971086866484,3,553.0594217373297,True,164,28.194607257843018
mem_long_leaky,9,bump_train,transient,1.0,1095.7460815463364,0.0,6.503255467662182,0.0,0.29911108373755113,12.02871477168359,265.59878820215295,3,537.1975764043059,True,164,31.032395601272583
mem_long_leaky,9,bump_train,mixed,0.8259896761361478,402.1298054406255,0.591647021366475,6.144296044570575,0.0,0.3116652996371612,11.962982740725367,265.5102172150692,4,539.0204344301384,True,335,37.5978422164917
mem_long_leaky,9,bump_train,mixed_leaky,0.8230661034544828,23.33045449675099,0.5827690498096749,5.931028347087457,0.029709973316485255,0.0904480282467188,12.347858926388133,265.4738267591636,5,540.9476535183272,True,324,52.70898938179016
mem_long_leaky,6,roving_ramp_bump,level,0.0,49.709029706172124,2.775924973569376,0.0,0.0,0.18890833467596585,9.743068671310898,332.3051658724804,3,670.6103317449608,True,180,25.363818883895874
mem_long_leaky,6,roving_ramp_bump,transient,1.0,50.59718864696704,0.0,4.847218416988656,0.0,0.29778756773572035,7.9878238059046165,345.67425923642094,3,697.3485184728419,True,160,29.188679456710815
mem_long_leaky,6,roving_ramp_bump,mixed,0.41773990308472764,28.55910856613808,2.603335606101965,4.086287677793481,0.0,0.45782729390615945,10.742561939736428,321.02974225484644,4,650.0594845096929,True,250,41.88685464859009
mem_long_leaky,6,roving_ramp_bump,mixed_leaky,0.28755299201725004,3.9380096350528957,2.908398170874119,2.5682011325488885,0.17601459742254666,-1.5525878148497028,15.0,320.5736961062935,5,651.147392212587,True,852,170.31635808944702
mem_long_leaky,8,roving_bump,level,0.0,2.413125238791036,3.0556087726076666,0.0,0.0,0.8957427928616895,3.840132792068623,332.2052295663543,3,670.4104591327086,True,108,17.935835123062134
mem_long_leaky,8,roving_bump,transient,1.0,7.787451497563727,0.0,5.079680039315723,0.0,0.582244104721918,5.496326198209614,312.41879022392135,3,630.8375804478427,True,140,19.563787698745728
mem_long_leaky,8,roving_bump,mixed,0.48125993409000145,8.664786417256257,2.729582466960504,5.540334428904115,0.0,0.8214827233494524,8.351930367471493,289.866033491504,4,587.732066983008,True,275,42.921027421951294
mem_long_leaky,8,roving_bump,mixed_leaky,0.43594434027193435,4.693055013710395,3.303896296472561,5.58657117192301,0.14769636804490247,-0.2060785914885338,11.097236482551684,287.25485133128865,5,584.5097026625773,True,576,108.01043248176575
mem_long_leaky,9,roving_bump,level,0.0,inf,0.9291308235329752,0.0,0.0,-0.21902812715654288,13.744221303533088,398.00347075094624,3,802.0069415018925,True,212,40.18550229072571
mem_long_leaky,9,roving_bump,transient,1.0,inf,0.0,6.6570528815673295,0.0,0.13322807523741845,14.141602964900953,370.5308024611501,3,747.0616049223001,True,148,28.006075143814087
mem_long_leaky,9,roving_bump,mixed,0.825706936212084,inf,0.6426366004424666,6.660719298111286,0.0,0.17943149119392895,15.0,368.95939648137994,4,745.9187929627599,True,140,32.59802174568176
mem_long_leaky,9,roving_bump,mixed_leaky,0.820998828130136,115.85762401681944,0.6520996074620568,6.5435051449811334,0.005982749831459678,0.12744657469724507,15.0,368.93358332144874,5,747.8671666428975,True,96,52.75385046005249
mem_long_leaky,9,roving_ramp_bump,level,0.0,inf,1.6234851679148061,0.0,0.0,-0.04720924866247194,12.097772575683885,306.3666692615884,3,618.7333385231768,True,128,26.960153341293335
mem_long_leaky,9,roving_ramp_bump,transient,1.0,inf,0.0,6.034571698280419,0.0,0.23894866015270788,10.97019918127481,289.7736580536183,3,585.5473161072366,True,124,22.325748920440674
mem_long_leaky,9,roving_ramp_bump,mixed,0.7216175978966785,873.6525255980088,0.9845687856602563,5.583689336096509,0.0,0.2910375624770934,11.690545955227192,287.30337486690286,4,582.6067497338057,True,280,42.76294422149658
mem_long_leaky,9,roving_ramp_bump,mixed_leaky,0.6722953479562739,6.21244593207383,1.1451590137113605,5.13988191773893,0.11157395784828342,-0.8680440187412019,15.0,283.035618679203,5,576.071237358406,True,294,80.29036498069763
mem_long_leaky,10,double_bump,level,0.0,86.32010029046008,3.243851459990873,0.0,0.0,0.16242518180972415,9.701336072529708,266.3168939032996,3,538.6337878065992,True,176,25.395013570785522
mem_long_leaky,10,double_bump,transient,1.0,0.12763662319038943,0.0,13.444315272138946,0.0,4.831601378104328,1.0784247973609566,264.32284215466615,3,534.6456843093323,True,164,37.40882134437561
mem_long_leaky,10,double_bump,mixed,0.48660463414801775,67.7067123093007,1.6807782270863882,3.485335231308227,0.0,0.2849696947622308,9.826101704183902,262.7258178203473,4,533.4516356406946,True,285,27.77883768081665
mem_long_leaky,10,double_bump,mixed_leaky,0.4894818585478656,138.629436111989,1.6551090178528445,3.471857345351531,0.005000000000000002,0.2574783480226842,9.819117692365436,262.7464429609731,5,535.4928859219463,True,378,54.32367563247681
mem_long_leaky,11,double_bump,level,0.0,28.398248065064337,3.828186509059282,0.0,0.0,0.28256935168648833,8.92852500091198,287.79716945912946,3,581.5943389182589,True,96,16.181349992752075
mem_long_leaky,11,double_bump,transient,1.0,27.430682406699923,0.0,7.465910912740995,0.0,0.5288792067217211,10.522026447815177,261.9697143036255,3,529.939428607251,True,92,16.56379795074463
mem_long_leaky,11,double_bump,mixed,0.9970749696835605,27.356004042123413,0.010000000000000004,7.457740863315572,0.0,0.5292765301936883,10.517383941747248,261.97008337352395,4,531.9401667470479,True,405,41.88515305519104
mem_long_leaky,11,double_bump,mixed_leaky,0.9972768453178066,5.192597188358431,0.010047710392450475,8.050454131074256,0.13348756998019218,-0.7334160607707958,14.26683724263439,258.40355429010884,5,526.8071085802177,True,330,74.54531168937683
mem_long_leaky,10,bump_train,level,0.0,55.0306561974552,6.995543593638214,0.0,0.0,0.3404985682022233,12.261392183872175,230.76205404201488,3,467.52410808402976,True,136,28.0190749168396
mem_long_leaky,10,bump_train,transient,1.0,138.7584432180179,0.0,8.56687150548469,0.0,0.4355319707393622,13.525440263609037,228.32787134643053,3,462.65574269286105,True,124,24.375685453414917
mem_long_leaky,10,bump_train,mixed,0.3769696057304685,47.17559380086805,4.371549352752103,5.786851442186272,0.0,0.5420458397459254,12.983443209120777,223.23564278335027,4,454.47128556670054,True,330,50.71115589141846
mem_long_leaky,10,bump_train,mixed_leaky,0.4271647064137164,9.616606478520291,3.74274729031276,6.106128589998614,0.07207814753657259,-0.1534666620988753,14.88880634054657,222.55347713343335,5,455.1069542668667,True,492,75.89049673080444
mem_long_leaky,11,bump_train,level,0.0,13.214624791306761,4.109974925415734,0.0,0.0,0.4140327141163979,7.385317018926838,244.47496004372329,3,494.94992008744657,True,92,16.473062753677368
mem_long_leaky,11,bump_train,transient,1.0,17.266179481912445,0.0,10.800210627709598,0.0,0.8100867202946915,11.135192349215068,217.53194447850242,3,441.06388895700485,True,128,21.372151374816895
mem_long_leaky,11,bump_train,mixed,0.676570342510531,14.493710886814707,2.23222448133901,10.2159986992432,0.0,0.9437932228178849,11.868565810564592,215.631429705081,4,439.262859410162,True,275,45.79769039154053
mem_long_leaky,11,bump_train,mixed_leaky,0.7072512964842604,13.886536496567134,1.9481483292122808,10.296998242484966,0.04991505122470941,0.5694186287216462,12.420518799205217,215.0955715028363,5,440.1911430056726,True,276,79.71753025054932
mem_long_leaky,10,roving_bump,level,0.0,381.7894250924968,1.577024048738346,0.0,0.0,0.06469972260133354,9.968195434732234,313.2049042458121,3,632.4098084916242,True,160,33.88478207588196
mem_long_leaky,10,roving_bump,transient,1.0,34.03856212297289,0.0,7.0236278921933355,0.0,0.4521201494941896,9.190619595651546,286.10415801055655,3,578.2083160211131,True,92,23.276651859283447
mem_long_leaky,10,roving_bump,mixed,0.6692492004392186,21.174676292140433,1.7556088855915049,7.771852952762684,0.0,0.6697961619558606,11.07025369438336,279.6498570904544,4,567.2997141809088,True,260,42.285372495651245
mem_long_leaky,10,roving_bump,mixed_leaky,0.6678438641518682,138.629436111989,1.7379619956953043,7.64509317180187,0.005000000000000002,0.6284627079752295,11.053942470828728,279.8439677196451,5,569.6879354392902,True,408,78.73419713973999
mem_long_leaky,12,double_bump,level,0.0,4.037157391609398,6.701529388245951,0.0,0.0,0.7956263780038925,4.6521088002965,145.51822299132073,3,297.03644598264145,True,120,12.53417420387268
mem_long_leaky,12,double_bump,transient,1.0,5.854308703946082,0.0,3.6230265414757485,0.0,0.5988438143161535,5.096339794413095,148.29810363644444,3,302.5962072728889,True,136,14.043800115585327
mem_long_leaky,12,double_bump,mixed,0.0760995357188488,4.19169806548775,6.019664956599392,1.0847733023783346,0.0,0.8106947077401943,4.7331165083288855,145.35654825786435,4,298.7130965157287,True,255,44.924909591674805
mem_long_leaky,12,double_bump,mixed_leaky,0.008295608604882746,4.637693932132422,7.9089969680470595,0.1447429009458172,0.14945944917956985,-1.201433831282775,15.0,143.3430642410382,5,296.6861284820764,True,558,85.41564869880676
mem_long_leaky,10,roving_ramp_bump,level,0.0,inf,0.896483530767448,0.0,0.0,-0.05098739019032693,10.196786650284588,339.5789413022593,3,685.1578826045186,True,204,32.2560338973999
mem_long_leaky,10,roving_ramp_bump,transient,1.0,1497.1697563924438,0.0,7.315337279921,0.0,0.33402484188274517,11.190008245497074,313.30420964602956,3,632.6084192920591,True,140,27.93913459777832
mem_long_leaky,10,roving_ramp_bump,mixed,0.896609611758367,169.39501092652208,0.35931051044123546,6.8171522245524985,0.0,0.35194208871750227,10.97019093111031,312.82945901939587,4,633.6589180387917,True,255,41.08481955528259
mem_long_leaky,10,roving_ramp_bump,mixed_leaky,0.8070337963135605,5.798038398497937,0.6085994933123562,5.5686753833062985,0.11954856676001227,-0.9801703282556874,15.0,311.36841114543347,5,632.7368222908669,True,336,90.28463077545166
mem_long_leaky,12,bump_train,level,0.0,14.282545312279742,6.021063040542459,0.0,0.0,0.46652924408647856,7.693965592356322,131.22781467462764,3,268.4556293492553,True,104,10.636072874069214
mem_long_leaky,12,bump_train,transient,1.0,10.030839346788868,0.0,4.23077524207834,0.0,0.5234549358475922,6.669209262557319,130.5656409779984,3,267.1312819559968,True,164,16.69354820251465
mem_long_leaky,12,bump_train,mixed,0.2932260403327918,12.417558588816343,3.254847174961794,2.954353397900661,0.0,0.540194394531714,7.455847287047983,130.10818219768868,4,268.21636439537735,True,290,28.648696899414062
mem_long_leaky,12,bump_train,mixed_leaky,0.2955339230388211,138.629436111989,3.2227478649968972,2.957899607747066,0.005000000000000002,0.5195328990246192,7.458782660076839,130.1110736937096,5,270.2221473874192,True,636,112.7168505191803
mem_long_leaky,11,roving_bump,level,0.0,0.5334803246802722,3.321915883558908,0.0,0.0,1.992062302267562,2.0093798753545853,305.42064760868226,3,616.8412952173645,True,140,25.204822301864624
mem_long_leaky,11,roving_bump,transient,1.0,27.315758724096007,0.0,8.505130088484673,0.0,0.5749430647685383,10.431127847663138,239.81722161508156,3,485.63444323016313,True,156,34.10102581977844
mem_long_leaky,11,roving_bump,mixed,0.9069796028286142,22.707867971931535,0.3896185697214624,8.311297440905031,0.0,0.6187828636961873,10.480499187605972,239.27299044975948,4,486.54598089951895,True,250,48.15447282791138
mem_long_leaky,11,roving_bump,mixed_leaky,0.8637216308336998,9.710349611095948,0.5612302423794705,7.782117433224866,0.07138230942456396,0.16952330400971502,10.935366922655897,237.47459900724783,5,484.94919801449566,True,462,88.37858939170837
mem_long_leaky,11,roving_ramp_bump,level,0.0,0.417102833458089,2.5172856055799038,0.0,0.0,2.0834494445821674,1.6692556767063247,393.6841208254544,3,793.3682416509088,True,92,20.307467460632324
mem_long_leaky,11,roving_ramp_bump,transient,1.0,172.03280602787353,0.0,9.085722436761795,0.0,0.44424594106070747,11.706897241584812,310.5652406302003,3,627.1304812604006,True,148,24.648980379104614
mem_long_leaky,11,roving_ramp_bump,mixed,0.9975949548855514,166.38280594602827,0.010000000000000004,9.074879419454927,0.0,0.4452261542222424,11.70252776871815,310.57137449856924,4,629.1427489971385,True,395,43.15720295906067
mem_long_leaky,11,roving_ramp_bump,mixed_leaky,0.9087413405453848,4.711356296735449,0.38933948362137105,8.48212162507497,0.1471226408922277,-0.7093367613695708,12.88390517906113,300.0304319983462,5,610.0608639966924,True,456,125.91401290893555
mem_long_leaky,12,roving_bump,level,0.0,34.317439856375145,6.507119651644084,0.0,0.0,0.35108482540508246,9.47068737631798,243.30739075722042,3,492.61478151444084,True,148,26.84741449356079
mem_long_leaky,12,roving_bump,transient,1.0,75.07739554174015,0.0,3.482180324171144,0.0,0.21009764620603238,7.9397434647753675,258.9307888078145,3,523.861577615629,True,88,19.169883012771606
mem_long_leaky,12,roving_bump,mixed,0.10249321680460562,31.47785283273635,6.281641124961121,1.5694242250471437,0.0,0.4283297549936613,9.553902778568975,242.50067393181703,4,493.00134786363407,True,315,30.691646814346313
mem_long_leaky,12,roving_bump,mixed_leaky,0.03006137891708091,4.280398668248002,7.22290171405196,0.4897632531917778,0.16193519208893115,-1.3817472597681126,15.0,239.1233419383826,5,488.2466838767652,True,396,125.82503509521484
mem_long_leaky,13,bump_train,level,0.0,inf,2.4203020843326337,0.0,0.0,0.039884962422989466,12.347144074534043,234.59059024894304,3,475.1811804978861,True,160,28.62129235267639
mem_long_leaky,13,bump_train,transient,1.0,inf,0.0,2.4247110414743616,0.0,0.051246225106394046,12.509373768123616,234.58461410014948,3,475.16922820029896,True,116,26.981138944625854
mem_long_leaky,13,bump_train,mixed,0.9822710383775642,inf,0.02000010916098522,2.424321717063457,0.0,0.05227823618115745,12.510957282603233,234.5751014220284,4,477.1502028440568,True,110,17.60835099220276
mem_long_leaky,13,bump_train,mixed_leaky,0.9713175845387074,9.491439607646782,0.03347083851032371,2.479830332267505,0.07302866680008278,-0.669945095239312,15.0,234.13108700920048,5,478.26217401840097,True,546,74.31581330299377
mem_long_leaky,12,roving_ramp_bump,level,0.0,52.92313531766122,5.94529478204377,0.0,0.0,0.2919470741287338,10.293303263260213,303.86407518990706,3,613.7281503798141,True,116,19.883034229278564
mem_long_leaky,12,roving_ramp_bump,transient,1.0,71.20974659963183,0.0,2.7397432662244747,0.0,0.17031894865119118,6.639514763287807,337.6978413755096,3,681.3956827510192,True,216,44.411571741104126
mem_long_leaky,12,roving_ramp_bump,mixed,0.10728937404070989,50.89672521484185,5.969678435548813,1.5696643386443418,0.0,0.37017068041044376,10.566398128256766,303.1191821354753,4,614.2383642709506,True,310,44.29891324043274
mem_long_leaky,12,roving_ramp_bump,mixed_leaky,0.06528778804026393,3.637282789658641,6.988111607481487,1.067883108617006,0.19056730549812353,-1.6893516679898606,15.0,298.29115076907345,5,606.5823015381469,True,660,91.25620198249817
mem_long_leaky,13,roving_bump,level,0.0,inf,3.6474880884999195,0.0,0.0,0.08203212610171075,12.591699201049087,349.6058999265544,3,705.2117998531088,True,96,17.194392204284668
mem_long_leaky,13,roving_bump,transient,1.0,950.5933139364084,0.0,3.961434388131843,0.0,0.18299557273928338,7.864529158962892,365.8764914719017,3,737.7529829438034,True,140,23.074218034744263
mem_long_leaky,13,roving_bump,mixed,0.2559834939929845,794.4202631285983,3.32496742736173,2.5028028086227634,0.0,0.2294824343342493,12.064275811187667,346.5933459592748,4,701.1866919185496,True,260,39.787034034729004
mem_long_leaky,13,roving_bump,mixed_leaky,0.23855008868699373,19.62208775908609,3.318619929838827,2.2746029881268646,0.03532484356762601,-0.027655636137947286,12.304417547906555,346.3844967306514,5,702.7689934613028,True,306,84.63696479797363
mem_long_leaky,13,double_bump,level,0.0,35.47061763675189,6.216746644157596,0.0,0.0,0.35024064311609004,10.403645806157403,185.11960596144687,3,376.23921192289373,True,136,13.334970474243164
mem_long_leaky,13,double_bump,transient,1.0,14.518503949460172,0.0,5.101666083800443,0.0,0.4704862222570832,6.973114984690248,188.3795636730164,3,382.7591273460328,True,172,24.94853377342224
mem_long_leaky,13,double_bump,mixed,0.19531287380752343,23.13275998281847,5.117257281539006,2.71738338697187,0.0,0.49205744884431785,9.335690024588486,183.8373589886379,4,375.6747179772758,True,355,67.45680928230286
mem_long_leaky,13,double_bump,mixed_leaky,0.20536429535670106,16.48758866866942,4.962689390501684,2.8059750487531634,0.04204054301021591,0.25563802023180765,9.708053899411475,183.77205972147846,5,377.5441194429569,True,720,92.93650531768799
mem_long_leaky,14,bump_train,level,0.0,169.39147488466895,5.792740683636226,0.0,0.0,0.22849309241415192,13.141256693046142,173.21413090403414,3,352.42826180806827,True,136,13.619751453399658
mem_long_leaky,14,bump_train,transient,1.0,0.5013217680564511,0.0,5.2992132416261,0.0,2.086860500598305,1.8524849977793596,179.09686343007684,3,364.1937268601537,True,104,11.999074220657349
mem_long_leaky,14,bump_train,mixed,0.0015761615953940621,168.54260963749172,5.790837420966909,0.02000032340385637,0.0,0.2295334807389225,13.142718939290164,173.19333307723002,4,354.38666615446004,True,95,10.398012161254883
mem_long_leaky,14,bump_train,mixed_leaky,0.394327602501655,138.629436111989,2.6913257907453967,3.8335004276512055,0.005000000000000002,0.24351243538712455,13.952561979111701,171.34722949890832,5,352.69445899781664,True,432,96.5920262336731
mem_long_leaky,13,roving_ramp_bump,level,0.0,813.4766982087833,2.9627219481266573,0.0,0.0,0.10357466724696644,10.65655893684288,330.72493035631146,3,667.4498607126229,True,216,31.182048797607422
mem_long_leaky,13,roving_ramp_bump,transient,1.0,848.032966958295,0.0,3.166629988883241,0.0,0.14737843800644565,7.471102459246363,352.5032875187277,3,711.0065750374554,True,160,26.27411413192749
mem_long_leaky,13,roving_ramp_bump,mixed,0.16554913637648258,252.76951337570716,2.8029227674418133,1.2165980854691922,0.0,0.16757240584921468,10.541233617501687,330.040500625755,4,668.08100125151,True,250,30.603588581085205
mem_long_leaky,13,roving_ramp_bump,mixed_leaky,0.12122925828307475,14.353073581721391,2.8640350837363893,0.8644105112341199,0.04829259577144973,-0.14871267229704324,10.942349922024194,329.9580811255442,5,669.9161622510884,True,156,69.83951044082642
mem_long_leaky,15,bump_train,level,0.0,43.15318790430459,4.00787399973767,0.0,0.0,0.2705419549412065,12.021627944798482,227.391660814453,3,460.783321628906,True,156,27.2819664478302
mem_long_leaky,15,bump_train,transient,1.0,27.870630840436856,0.0,6.869738723331638,0.0,0.5164896696337502,11.500574756538471,220.59706968830784,3,447.1941393766157,True,164,31.072089195251465
mem_long_leaky,15,bump_train,mixed,0.6756828608141053,26.759192890007313,1.2659695513917533,5.770402524367136,0.0,0.5257342490662155,11.97429699696205,219.85830884397961,4,447.71661768795923,True,310,34.99101996421814
mem_long_leaky,15,bump_train,mixed_leaky,0.6859044781598724,138.629436111989,1.1940929163500305,5.704923986403843,0.005000000000000002,0.48623601327028126,11.826772843610954,219.99831503357026,5,449.99663006714053,True,234,53.13244271278381
mem_long_leaky,15,double_bump,level,0.0,86.90138043020832,3.6303374042523777,0.0,0.0,0.18108497439293234,10.809996480011465,346.29583829369017,3,698.5916765873803,True,112,18.812821626663208
mem_long_leaky,15,double_bump,transient,1.0,223.85413397170524,0.0,3.876572387144569,0.0,0.1972369890070123,9.94341329921611,347.7812063356662,3,701.5624126713324,True,136,28.20613408088684
mem_long_leaky,15,double_bump,mixed,0.30131365983036923,66.47463494522401,2.6905034971211754,2.5385164103717313,0.0,0.2889776288558209,11.467351692075724,340.72977753822653,4,689.4595550764531,True,265,41.0618109703064
mem_long_leaky,15,double_bump,mixed_leaky,0.30332968901294927,138.629436111989,2.669742420492956,2.5431198355622446,0.005000000000000002,0.2576941203991757,11.484461616978722,340.75710382021754,5,691.5142076404351,True,354,65.52791547775269
mem_long_leaky,14,roving_bump,level,0.0,1120.0200957292416,2.485583083719936,0.0,0.0,0.08666833438801726,11.803334758129056,260.9081919061957,3,527.8163838123915,True,124,23.8644597530365
mem_long_leaky,14,roving_bump,transient,1.0,26.582233772778114,0.0,4.790587925256374,0.0,0.36625312233576074,7.972430560333693,255.3535581528239,3,516.7071163056478,True,120,19.831688165664673
mem_long_leaky,14,roving_bump,mixed,0.49770635832850935,22.122106079249992,1.9763760444785137,4.284448589682811,0.0,0.4611363419221535,8.980247001254526,251.07194611586328,4,510.14389223172657,True,225,37.291797399520874
mem_long_leaky,14,roving_bump,mixed_leaky,0.44137644692174627,5.0750117662184815,2.181278353126225,3.770603335635026,0.13658040857635817,-0.9712312590461092,14.025347649050198,249.79195464864154,5,509.58390929728307,True,372,112.58312249183655
mem_long_leaky,15,roving_bump,level,0.0,1.749744033207727,2.0080212871544165,0.0,0.0,0.9948757460372392,3.2514306651895692,308.66628410910494,3,623.3325682182099,True,120,25.860514163970947
mem_long_leaky,15,roving_bump,transient,1.0,135.6787340646571,0.0,7.394090309142187,0.0,0.3891211289548929,15.0,273.3967251128276,3,552.7934502256552,True,204,18.6100811958313
mem_long_leaky,15,roving_bump,mixed,0.7647569444493533,49.83715110503108,0.942999447118885,6.706993756741478,0.0,0.48172484878352934,14.75398880223547,269.85129100119343,4,547.7025820023869,True,265,40.32785892486572
mem_long_leaky,15,roving_bump,mixed_leaky,0.7355505419639123,37.82828668019846,1.0614457478121664,6.459181474908907,0.018323515056862968,0.3313180623569449,15.0,269.56042657166375,5,549.1208531433275,True,288,81.06575012207031
mem_long_leaky,16,double_bump,level,0.0,124.24443765129162,4.703264487047683,0.0,0.0,0.2069436705052242,13.149752686387004,179.92129495431797,3,365.84258990863594,True,224,20.75684356689453
mem_long_leaky,16,double_bump,transient,1.0,0.16883593336131583,0.0,15.115642274155126,0.0,4.409929299107794,1.2586575018875212,176.4168595079758,3,358.8337190159516,True,160,34.66131830215454
mem_long_leaky,16,double_bump,mixed,0.99711318216012,0.168900421043138,0.020000006863143748,15.113500629513206,0.0,4.409995027041505,1.2589718693837142,176.4164978960736,4,360.8329957921472,True,65,10.316358089447021
mem_long_leaky,16,double_bump,mixed_leaky,0.9969820354034998,0.13862943611198908,0.02102977362459498,15.199091734361515,4.999999999999999,1.1215539812632573,1.2080753928412564,176.02208050670643,5,362.04416101341286,True,516,67.75175070762634
mem_long_leaky,14,roving_ramp_bump,level,0.0,inf,2.267548524721437,0.0,0.0,0.06968383414387971,11.058171733775213,288.3868640473284,3,582.7737280946568,True,164,28.288222789764404
mem_long_leaky,14,roving_ramp_bump,transient,1.0,1149.3922115216217,0.0,5.040633188997839,0.0,0.2317835010146101,9.651904061919069,286.7931723145038,3,579.5863446290076,True,148,32.76731896400452
mem_long_leaky,14,roving_ramp_bump,mixed,0.5099258818415999,66.0237348658207,1.9501749311329835,4.43944524967847,0.0,0.3466558297360298,10.874031503014091,278.7742348397683,4,565.5484696795367,True,195,33.87236309051514
mem_long_leaky,14,roving_ramp_bump,mixed_leaky,0.42256193739668174,5.622883506301937,2.2336225368934444,3.576058352540344,0.12327254864574189,-0.9319633543483743,14.441038884684072,277.6674763882543,5,565.3349527765085,True,570,112.92939472198486
mem_long_leaky,14,double_bump,level,0.0,2.4044275251378715,3.723978841863338,0.0,0.0,0.8931283111845144,3.708462262295277,148.01356104305935,3,302.0271220861187,True,84,9.133707761764526
mem_long_leaky,14,double_bump,transient,1.0,0.19812550474758667,0.0,5.948629945830686,0.0,3.5351016661234187,1.2943621535124052,150.29562274432263,3,306.59124548864526,True,244,27.662522077560425
mem_long_leaky,14,double_bump,mixed,0.10484255392110527,3.5296463475262154,3.112304516322077,0.7974988995250569,0.0,0.751515098685816,4.331474191151464,147.95031063417994,4,303.9006212683599,True,290,40.654430866241455
mem_long_leaky,14,double_bump,mixed_leaky,0.0487501585398609,138.629436111989,5.299330563025651,0.5941721508097308,0.005000000000000002,0.22927159911525258,15.0,144.14810836161155,5,298.2962167232231,True,648,149.72364926338196
mem_long_leaky,15,roving_ramp_bump,level,0.0,23.69084212170549,0.9093474686477868,0.0,0.0,0.17307873619630199,6.78974717735651,337.78532883757003,3,681.5706576751401,True,124,12.584178686141968
mem_long_leaky,15,roving_ramp_bump,transient,1.0,77.04473934254501,0.0,3.1867454131064417,0.0,0.19788739651821494,8.321711110607449,323.9610420683786,3,653.9220841367572,True,128,12.486164569854736
mem_long_leaky,15,roving_ramp_bump,mixed,0.6822970176775092,34.80696901252397,0.6136957766188937,2.8834681740511474,0.0,0.2725997951966477,8.514722837547877,320.6376720786551,4,649.2753441573102,True,205,40.42765665054321
mem_long_leaky,15,roving_ramp_bump,mixed_leaky,0.6488195928380686,9.748272124429581,0.6566927177492582,2.654396064452566,0.07110461953794757,-0.07933703204721733,8.642792705571386,320.41271268218634,5,650.8254253643727,True,312,101.60741209983826
mem_long_leaky,17,bump_train,level,0.0,25.772887607247533,3.529241066355751,0.0,0.0,0.3134017053420123,10.197012227048306,115.8463946314776,3,237.6927892629552,True,152,15.077477216720581
mem_long_leaky,17,bump_train,transient,1.0,0.2500037625601553,0.0,0.010000000000000004,0.0,30.0,15.0,125.99810063849299,3,257.99620127698597,True,8,1.8470349311828613
mem_long_leaky,17,bump_train,mixed,0.9100543101330311,17.936394747702405,0.2545541520689324,5.634780272580718,0.0,0.5385073904652756,9.892300500174873,111.69493537547677,4,231.38987075095355,True,400,36.41125845909119
mem_long_leaky,17,bump_train,mixed_leaky,0.9088914231815292,138.629436111989,0.25712754985081915,5.61191649839479,0.005000000000000002,0.5099289151988111,9.93331683757354,111.70230211364188,5,233.40460422728376,True,246,50.44847846031189
mem_long_leaky,16,roving_bump,level,0.0,42.77231793643066,4.51035005789611,0.0,0.0,0.27016189417869296,10.475347685631192,278.82422001447156,3,563.6484400289431,True,156,27.09904432296753
mem_long_leaky,16,roving_bump,transient,1.0,29.714393964631878,0.0,5.46005111524651,0.0,0.37408450464077225,7.580912429356346,298.52998237378876,3,603.0599647475775,True,104,17.11698055267334
mem_long_leaky,16,roving_bump,mixed,0.3363983899474529,32.99704196141506,4.519753321221913,5.012692413547306,0.0,0.5600435812767093,12.255446384870824,270.0077685698682,4,548.0155371397364,True,285,41.81689190864563
mem_long_leaky,16,roving_bump,mixed_leaky,0.31034991345650975,16.69664510994895,4.544177369870619,4.473917326918054,0.04151415904186183,0.2434590020090538,12.370216543453505,269.8775940740256,5,549.7551881480512,True,270,72.93951463699341
mem_long_leaky,16,bump_train,level,0.0,20.61483928697804,5.609657816620971,0.0,0.0,0.39274177086448964,8.618403388067978,177.32691099620249,3,360.65382199240497,True,100,10.280237913131714
mem_long_leaky,16,bump_train,transient,1.0,55.4042172163653,0.0,6.070714628494069,0.0,0.37242431600846404,10.895936685265093,177.64510840507145,3,361.2902168101429,True,204,30.985649824142456
mem_long_leaky,16,bump_train,mixed,0.0016277193777377971,20.609614676558387,5.607335548087457,0.020001078348986605,0.0,0.39370750884904915,8.621937870052424,177.2994412080458,4,362.5988824160916,True,25,4.463718891143799
mem_long_leaky,16,bump_train,mixed_leaky,0.2899863803897959,7.604584074078158,3.9897651412202877,3.5650703117000186,0.09114859850424757,-0.15985889256206628,11.261608386131753,174.3361186728929,5,358.6722373457858,True,516,142.48079371452332
mem_long_leaky,17,double_bump,level,0.0,13.568455000599108,6.617676314508613,0.0,0.0,0.5314657674823405,8.541257937749661,153.6021350369492,3,313.2042700738984,True,136,13.277763843536377
mem_long_leaky,17,double_bump,transient,1.0,21.941234550534777,0.0,3.1316004174510663,0.0,0.32457484655163527,8.03852036692504,162.2133816548178,3,330.4267633096356,True,176,17.432039737701416
mem_long_leaky,17,double_bump,mixed,0.0006905925267002694,13.556725554526011,6.6140619010959885,0.010000000000000004,0.0,0.5319861590508255,8.538951527311784,153.60228147994783,4,315.20456295989567,True,510,52.32216262817383
mem_long_leaky,17,double_bump,mixed_leaky,0.0006909617898599475,21.17877513047013,6.611536325667494,0.010001530208494806,0.03272838850641117,0.36411655743019433,8.86572384271845,153.55243009734414,5,317.1048601946883,True,372,87.47517800331116
mem_long_leaky,17,roving_bump,level,0.0,12.867428519382084,3.0624241035218875,0.0,0.0,0.3786020861665274,7.162328101670384,278.15229827903573,3,562.3045965580715,True,104,16.673097848892212
mem_long_leaky,17,roving_bump,transient,1.0,19.754330516921936,0.0,3.065853682260897,0.0,0.2979152544317666,6.3013086829509035,291.6495337445764,3,589.2990674891528,True,192,26.33865261077881
mem_long_leaky,17,roving_bump,mixed,0.2336795042825564,13.422828619762502,2.816932501852974,1.8793015356129403,0.0,0.45967846775691995,7.585982707942794,275.0854989808776,4,558.1709979617552,True,200,34.72840595245361
mem_long_leaky,17,roving_bump,mixed_leaky,0.23175934856091393,138.629436111989,2.822859959049061,1.8631128331029116,0.005000000000000002,0.4400596779816928,7.5851947031868985,275.0987753100189,5,560.1975506200378,True,408,89.23532271385193
mem_long_leaky,16,roving_ramp_bump,level,0.0,22.831277370459386,3.470150709568319,0.0,0.0,0.2973395464456891,8.388090947717654,328.4240806784334,3,662.8481613568669,True,180,24.548463106155396
mem_long_leaky,16,roving_ramp_bump,transient,1.0,15.481078207031873,0.0,4.433714737207955,0.0,0.39249415008661204,5.954386234781168,349.16662061981526,3,704.3332412396305,True,92,20.359920501708984
mem_long_leaky,16,roving_ramp_bump,mixed,0.3620359912041534,15.304834239468036,3.4396042209794295,4.27045243132955,0.0,0.5948045247338763,8.856956109758867,320.23410176154454,4,648.4682035230891,True,275,50.81991505622864
mem_long_leaky,16,roving_ramp_bump,mixed_leaky,0.2947164478247142,4.956554763039301,3.687856394733426,3.3715101068017166,0.1398445520523041,-0.3511828053587611,10.146060419997431,319.5773139243672,5,649.1546278487344,True,306,120.12784194946289
mem_long_leaky,17,roving_ramp_bump,level,0.0,33.15595263507976,3.216482404573509,0.0,0.0,0.23805106490893796,8.800659812012938,355.21289270195274,3,716.4257854039055,True,132,20.08579182624817
mem_long_leaky,17,roving_ramp_bump,transient,1.0,10.744977870918532,0.0,3.402672920553412,0.0,0.38669362504954996,5.008509227032231,380.7826585193224,3,767.5653170386448,False,208,25.61523175239563
mem_long_leaky,17,roving_ramp_bump,mixed,0.24882569655540787,22.121729379694905,2.9576378364796363,2.143430199849205,0.0,0.3838015201588298,8.41366326744352,351.26173869658794,4,710.5234773931759,True,225,37.07577157020569
mem_long_leaky,17,roving_ramp_bump,mixed_leaky,0.24519816059438648,17.192954062967313,2.9472387495824104,2.094640146191816,0.040315769938160106,0.2009884061339857,8.433436021717922,351.1424065196145,5,712.284813039229,True,360,85.75824451446533
mem_long_leaky,18,roving_bump,level,0.0,1.4550491090712596,2.200795918590545,0.0,0.0,0.9820972417792525,2.648260696981798,413.7734297676674,3,833.5468595353348,True,84,16.83316397666931
mem_long_leaky,18,roving_bump,transient,1.0,45.58479918602431,0.0,8.389649690289911,0.0,0.4705609167768626,8.366440581199095,349.4468096446346,3,704.8936192892692,True,84,14.83026671409607
mem_long_leaky,18,roving_bump,mixed,0.8929950576794746,41.49840354538516,0.45626515998654593,8.330525001615777,0.0,0.49592093715472313,8.70266235485809,348.97686904629535,4,705.9537380925907,True,240,38.07421898841858
mem_long_leaky,18,roving_bump,mixed_leaky,0.8924001097965331,138.629436111989,0.4572731157916784,8.297233309777598,0.005000000000000002,0.4724260533024309,8.697535502543722,349.009301986455,5,708.01860397291,True,216,77.52788710594177
mem_long_leaky,18,double_bump,level,0.0,34.43791803009246,4.36768829550502,0.0,0.0,0.2549036159515527,7.705032095020449,332.54008443761404,3,671.0801688752281,True,96,16.723809480667114
mem_long_leaky,18,double_bump,transient,1.0,41.52792431700869,0.0,6.899466274253969,0.0,0.41057184632368077,8.227566508723882,322.4338700428015,3,650.867740085603,True,136,21.492595911026
mem_long_leaky,18,double_bump,mixed,0.5919985294489288,28.1022914733266,1.8040146596454654,5.72675769783369,0.0,0.4619583144839921,8.111232560275452,321.03599059790844,4,650.0719811958169,True,215,37.871044635772705
mem_long_leaky,18,double_bump,mixed_leaky,0.5730780823111022,5.669778189923969,1.8757039643004014,5.508577832331294,0.12225296252184431,-0.29264042200630863,9.506211716064984,320.57724518380604,5,651.1544903676121,True,642,115.74120497703552
mem_long_leaky,18,bump_train,level,0.0,385.58798692589704,4.677942252531016,0.0,0.0,0.16597284644074703,9.853561905171746,327.68125402265713,3,661.3625080453143,True,136,21.766331434249878
mem_long_leaky,18,bump_train,transient,1.0,59.38166999478757,0.0,8.449932610352036,0.0,0.45698621460802097,8.96323547153987,312.8788980651451,3,631.7577961302902,True,156,23.631810665130615
mem_long_leaky,18,bump_train,mixed,0.9010012635584257,60.8784056944403,0.41147573342953137,8.193129566916017,0.0,0.45804113506942573,9.088632260491673,312.8373447589421,4,633.6746895178842,True,235,23.073070287704468
mem_long_leaky,18,bump_train,mixed_leaky,0.8912065676582676,4.822393076927548,0.4288335799146189,7.685539017276744,0.14373510609831178,-0.5376823540067301,10.439665217388812,311.87172435407825,5,633.7434487081565,True,420,109.98065161705017
mem_long_leaky,19,double_bump,level,0.0,152.4560042218503,7.207424006542154,0.0,0.0,0.2748807067124647,11.84536862441923,266.6203786806158,3,539.2407573612315,True,172,26.331050872802734
mem_long_leaky,19,double_bump,transient,1.0,2.964488018301104,0.0,5.180531661963381,0.0,0.853069363069209,3.6710330597361716,271.70049189237903,3,549.4009837847581,True,128,22.003609895706177
mem_long_leaky,19,double_bump,mixed,0.18495332971151143,156.98035261734,5.3976295900871785,2.67973964358478,0.0,0.3358608793432991,11.963888162381672,264.97748195990346,4,537.9549639198069,True,330,34.483607053756714
mem_long_leaky,19,double_bump,mixed_leaky,0.274276791670514,5.330245927344115,4.212022060372284,3.482719779160517,0.1300403752487491,-1.040802215556593,15.0,262.9387325975217,5,535.8774651950434,True,402,80.6718156337738
mem_long_leaky,19,roving_ramp_bump,level,0.0,inf,2.7940912048984843,0.0,0.0,0.02873250721552,11.315971492283815,355.4142974877211,3,716.8285949754422,True,136,23.614445447921753
mem_long_leaky,19,roving_ramp_bump,transient,1.0,inf,0.0,3.2818521146111164,0.0,0.050381236526424865,9.425302754972993,372.6429374491303,3,751.2858748982605,True,248,31.489384174346924
mem_long_leaky,19,roving_ramp_bump,mixed,0.22912239650501623,inf,2.584538991698591,1.680641370653739,0.0,0.12310219667153803,11.277977898755232,353.81251216922567,4,715.6250243384513,True,285,25.843740701675415
mem_long_leaky,19,roving_ramp_bump,mixed_leaky,0.1908440921274514,15.601684021334982,2.664649174403527,1.3749800456606114,0.04442771559865465,-0.18776089183196498,11.702950705374286,353.6593903160103,5,717.3187806320205,True,456,62.03203868865967
mem_long_leaky,19,bump_train,level,0.0,908.1263718478586,7.424048351721263,0.0,0.0,0.2506512064555077,13.667051674974022,242.75470714300772,3,491.50941428601544,True,152,24.603095293045044
mem_long_leaky,19,bump_train,transient,1.0,inf,0.0,6.21722975773983,0.0,0.2670939825550131,12.29262072533887,245.19883783363593,3,496.39767566727187,True,120,24.795775651931763
mem_long_leaky,19,bump_train,mixed,0.001230493571503966,875.5544444217268,7.420298396832517,0.020000704405172952,0.0,0.2517117460380946,13.667710462392801,242.7237990506972,4,493.4475981013944,True,25,4.328173398971558
mem_long_leaky,19,bump_train,mixed_leaky,0.2380785673461758,61.397196444999395,5.336092898211279,3.6479034761564617,0.011289557515559816,0.2838322374028347,13.561917246117673,239.83258157789058,5,489.66516315578116,True,780,119.6279673576355
mem_long_leaky,21,double_bump,level,0.0,17.783901394078406,11.40447660656804,0.0,0.0,0.6937854070600519,11.392582897569017,129.23446416862444,3,264.4689283372489,True,104,10.462866067886353
mem_long_leaky,21,double_bump,transient,1.0,18.62791239540636,0.0,8.83881919508193,0.0,0.6618347800874742,9.789404570561421,126.5539094604444,3,259.1078189208888,True,108,11.033854007720947
mem_long_leaky,21,double_bump,mixed,0.28556721319692097,14.49864316479919,7.895585745809758,6.904642022110652,0.0,0.967525900669858,11.518085784529779,123.10474302957591,4,254.20948605915183,True,280,26.080384254455566
mem_long_leaky,21,double_bump,mixed_leaky,0.3011955766242779,26.230488958631284,7.490643537769094,7.0635320660002305,0.026425248177917075,0.7931535503312314,11.542945251908252,123.05201615725109,5,256.1040323145022,True,306,44.20965838432312
mem_long_leaky,20,double_bump,level,0.0,13.718792144474085,4.408964121563792,0.0,0.0,0.42474576877994563,7.692370086899685,277.50641970897647,3,561.0128394179529,True,140,21.044713497161865
mem_long_leaky,20,double_bump,transient,1.0,14.463570064899134,0.0,6.606370423240982,0.0,0.5820509032371667,8.208741303794334,269.19448088227153,3,544.3889617645431,True,180,26.482531309127808
mem_long_leaky,20,double_bump,mixed,0.46645679765609255,10.917937839159835,2.667595627422388,5.102366829937444,0.0,0.7031448269265788,8.415831011887091,264.13469869456634,4,536.2693973891327,True,265,41.95898461341858
mem_long_leaky,20,double_bump,mixed_leaky,0.4665873824033187,138.629436111989,2.6619552267321214,5.094250523153723,0.005000000000000002,0.6784805804098336,8.440003237604293,264.1488912788922,5,538.2977825577844,True,426,78.47730422019958
mem_long_leaky,19,roving_bump,level,0.0,453.55784488278334,3.3394492473397466,0.0,0.0,0.11942572342057534,9.129045551535873,415.0301836808161,3,836.0603673616322,True,144,21.26477074623108
mem_long_leaky,19,roving_bump,transient,1.0,inf,0.0,4.669169601344764,0.0,0.19779705882520704,7.514919704305207,428.76710063421154,3,863.5342012684231,True,184,25.375914096832275
mem_long_leaky,19,roving_bump,mixed,0.3299814000103075,107.30078380794461,2.9942349822135954,3.2262523072672784,0.0,0.2869393084339487,9.27448261564391,409.40256728695937,4,826.8051345739187,True,245,37.783276319503784
mem_long_leaky,19,roving_bump,mixed_leaky,0.319391429124589,34.25488641488154,3.007584379632514,3.0878309136409654,0.02023498697864073,0.17796735975105152,9.355377078328504,409.3912984482206,5,828.7825968964412,True,540,105.89537167549133
mem_long_leaky,18,roving_ramp_bump,level,0.0,73.139128949249,0.8865956362923445,0.0,0.0,0.07318964694839011,6.458913856256224,440.8495071620067,3,887.6990143240134,True,164,25.273657083511353
mem_long_leaky,18,roving_ramp_bump,transient,1.0,21.980982336285123,0.0,7.156319637605624,0.0,0.4815490053969127,6.965371961667098,391.70759352972055,3,789.4151870594411,True,132,19.113795280456543
mem_long_leaky,18,roving_ramp_bump,mixed,0.9485832825257247,19.965163367306893,0.1749100582010858,7.059854492852536,0.0,0.4984053954500409,6.9448671650630684,391.58363917291587,4,791.1672783458317,True,305,29.35486125946045
mem_long_leaky,18,roving_ramp_bump,mixed_leaky,0.8764651951247996,2.833820417225015,0.42709679015752317,6.629510992274478,0.2445981320293759,-1.132835221836728,9.513318389891108,389.13489214348965,5,788.2697842869793,True,690,146.81760382652283
mem_long_leaky,20,bump_train,level,0.0,313.72059136517294,4.231126016277468,0.0,0.0,0.16246959481756285,15.0,198.64209115580618,3,403.28418231161237,True,204,20.078914642333984
mem_long_leaky,20,bump_train,transient,1.0,inf,0.0,4.806743129870259,0.0,0.2158969592722807,15.0,198.16927692463238,3,402.33855384926477,True,408,39.248085021972656
mem_long_leaky,20,bump_train,mixed,0.3652410517170884,269.09370639226285,2.303562125383669,2.899883350732972,0.0,0.23423936020286207,15.0,196.7000243481406,4,401.4000486962812,True,280,44.289008378982544
mem_long_leaky,20,bump_train,mixed_leaky,0.3888834345237211,52.43961221043665,2.172864133502401,3.0250865530704716,0.013218007367758406,0.1306924277166924,15.0,196.60557427790812,5,403.21114855581624,True,342,61.89710068702698
mem_long_leaky,20,roving_bump,level,0.0,1.1385709147239167,2.4238133625288363,0.0,0.0,1.240202803803288,2.6433667748068577,310.0024324695342,3,626.0048649390684,True,128,20.035720348358154
mem_long_leaky,20,roving_bump,transient,1.0,17.787532428312435,0.0,5.732143232146532,0.0,0.4753729424246588,7.704364891520932,283.4502699849992,3,572.9005399699984,True,100,18.539238691329956
mem_long_leaky,20,roving_bump,mixed,0.6586245540555876,17.81538527721463,1.3113029615133744,5.535011474108125,0.0,0.551921586336232,9.230949138069487,275.16216380361476,4,558.3243276072295,True,220,40.618152141571045
mem_long_leaky,20,roving_bump,mixed_leaky,0.5646550387102426,4.955252401391933,1.7361752650809557,4.926665729193538,0.13988130662430837,-0.5064028177995455,11.520528830221775,271.9902579941962,5,553.9805159883924,True,378,90.91174912452698
mem_long_leaky,20,roving_ramp_bump,level,0.0,1.1816006033861204,2.382701442353067,0.0,0.0,1.2357348866341031,2.7358899040792983,344.2906078523619,3,694.5812157047238,True,132,25.175745487213135
mem_long_leaky,20,roving_ramp_bump,transient,1.0,15.320336588529202,0.0,5.638270918778841,0.0,0.48844616800093427,7.166179277614598,315.8444859973901,3,637.6889719947802,True,112,19.28715181350708
mem_long_leaky,20,roving_ramp_bump,mixed,0.6775497068542174,10.586222152808181,1.1730604128567705,5.392729182280482,0.0,0.6461464556396763,7.712032182469281,306.2747486770483,4,620.5494973540966,True,230,43.98213982582092
mem_long_leaky,20,roving_ramp_bump,mixed_leaky,0.6683279474528392,18.09202675530236,1.1932677759087549,5.260517904547537,0.03831230132117728,0.48050560417861055,7.7544727973236665,306.2079054336479,5,622.4158108672958,True,318,84.97366261482239
mem_long_leaky,21,bump_train,level,0.0,20.37119076107027,6.36739844898916,0.0,0.0,0.4340181418762717,9.187222971425138,128.44668369295772,3,262.89336738591544,True,164,15.944352388381958
mem_long_leaky,21,bump_train,transient,1.0,3.1485692198551076,0.0,7.140547093990126,0.0,1.0307716784585457,4.460739691554288,124.89695735365055,3,255.7939147073011,True,88,9.342268228530884
mem_long_leaky,21,bump_train,mixed,0.4708881464126247,25.001142486200322,3.049841459166057,5.938234958988365,0.0,0.5760065322964757,10.401339405049045,123.90352232161904,4,255.80704464323807,True,325,56.18418788909912
mem_long_leaky,21,bump_train,mixed_leaky,0.48934216007364306,5.5869063970219885,3.1104785805828787,6.521082465713646,0.12406636719910259,-0.5985334548544328,14.30634446236289,122.60837370295927,5,255.21674740591854,True,546,77.53634738922119
mem_long_leaky,24,double_bump,level,0.0,28.00415509379934,9.879858278564193,0.0,0.0,0.5913678012382072,15.0,116.01900425415117,3,238.03800850830234,True,120,11.501875877380371
mem_long_leaky,24,double_bump,transient,1.0,0.2500037625601553,0.0,0.010000000000000004,0.0,30.0,15.0,135.20833829947273,3,276.41667659894546,True,8,1.69431734085083
mem_long_leaky,24,double_bump,mixed,0.0009250934707158355,27.972841050624492,9.872690596481197,0.020000135491302317,0.0,0.5923358841817412,15.0,116.01217367756338,4,240.02434735512676,True,75,6.887578010559082
mem_long_leaky,24,double_bump,mixed_leaky,0.0012116733299835415,21.918846454010644,8.697385113988956,0.023083977272649412,0.03162334213227336,0.26036299393209206,15.0,115.77415271644234,5,241.5483054328847,True,342,52.835601568222046
mem_long_leaky,22,bump_train,level,0.0,15.12397158417337,5.178883438944992,0.0,0.0,0.4376159081876723,8.106912043403787,172.258947049479,3,350.517894098958,True,100,10.33766770362854
mem_long_leaky,22,bump_train,transient,1.0,11.28859623506964,0.0,4.052590053455675,0.0,0.4780430101577552,6.661816005364854,176.571598461393,3,359.143196922786,True,144,14.5813148021698
mem_long_leaky,22,bump_train,mixed,0.17330820733127564,13.146056237483464,4.523312157241007,2.0746360024295947,0.0,0.5475820159837862,8.039614965659293,171.34949335803483,4,350.69898671606967,True,315,31.362547159194946
mem_long_leaky,22,bump_train,mixed_leaky,0.1747965885602342,138.629436111989,4.4858688121529475,2.078874886019948,0.005000000000000002,0.5256867376275427,8.018883490022308,171.38616647866155,5,352.7723329573231,True,324,85.71164584159851
mem_long_leaky,21,roving_ramp_bump,level,0.0,142.1288590853068,3.00610644500603,0.0,0.0,0.13436152731081122,10.209426412391858,266.23874018267577,3,538.4774803653515,True,128,20.10639786720276
mem_long_leaky,21,roving_ramp_bump,transient,1.0,33.975825418864154,0.0,10.521857460917298,0.0,0.6220079824652924,9.985201034101234,240.21841805414263,3,486.43683610828526,True,160,29.360109567642212
mem_long_leaky,21,roving_ramp_bump,mixed,0.6439545115092347,30.153301626911073,2.6188305620765933,10.36255741979775,0.0,0.7518466312472418,11.953612375673595,232.07733546844042,4,472.15467093688085,True,300,51.03770923614502
mem_long_leaky,21,roving_ramp_bump,mixed_leaky,0.6295058455846937,12.176607658246352,2.836305799546586,10.543415131587828,0.05692448997406317,0.34818431133056293,13.037661983780803,230.787062281964,5,471.574124563928,True,402,68.4381959438324
mem_long_leaky,22,roving_ramp_bump,level,0.0,516.6931261078039,3.060786805428596,0.0,0.0,0.11125589418388088,11.38766853120733,351.1504086963443,3,708.3008173926886,True,184,26.12715792655945
mem_long_leaky,22,roving_ramp_bump,transient,1.0,36.36262212546097,0.0,5.959674929820947,0.0,0.3677436240079628,7.175367030855327,357.28455180125263,3,720.5691036025053,True,108,16.21066689491272
mem_long_leaky,22,roving_ramp_bump,mixed,0.4863311994866006,30.082916379225733,2.6816604960433414,5.554725272603622,0.0,0.5091475755858216,10.260150025604913,330.1009541884874,4,668.2019083769748,True,275,40.47116780281067
mem_long_leaky,22,roving_ramp_bump,mixed_leaky,0.42538345620902385,4.913410054029092,3.0228562298333554,4.895869222659315,0.1410725286385473,-0.6230192380278378,12.23074301387142,326.5099162996818,5,663.0198325993636,True,258,73.01174640655518
mem_long_leaky,23,bump_train,level,0.0,12.815171710266448,7.082252213107904,0.0,0.0,0.5321571243748723,7.694846433563579,173.55144681872756,3,353.1028936374551,True,140,14.012717962265015
mem_long_leaky,23,bump_train,transient,1.0,1.3050743646719745,0.0,5.2104449529525185,0.0,1.3143458952002527,2.8165960546515985,176.60814509173218,3,359.21629018346437,True,88,10.237394332885742
mem_long_leaky,23,bump_train,mixed,0.20541225731153645,11.35469721694758,5.784275256008546,3.2714726339340476,0.0,0.6801583195393586,7.789888522119208,172.0482378912256,4,352.0964757824512,True,365,36.92842221260071
mem_long_leaky,23,bump_train,mixed_leaky,0.20034426610477976,9.03048456842488,6.060932683139561,3.3221800700528323,0.07675636620691836,0.2568800481258942,9.041045415124419,171.83595202586932,5,353.67190405173864,True,318,93.14252805709839
mem_long_leaky,23,double_bump,level,0.0,26.380654288314066,3.0189628430371567,0.0,0.0,0.24851301277567062,7.8955478064997555,221.32350074322196,3,448.6470014864439,True,116,21.454455137252808
mem_long_leaky,23,double_bump,transient,1.0,5.653839319281931,0.0,5.703011882543751,0.0,0.71313963741724,5.152325786002475,213.48746187039143,3,432.97492374078286,True,124,23.547510385513306
mem_long_leaky,23,double_bump,mixed,0.9961747548547933,5.655321462265388,0.010000000000000004,5.697523240720208,0.0,0.71317944089249,5.153225514448797,213.48900869753342,4,434.97801739506684,True,320,31.612322092056274
mem_long_leaky,23,double_bump,mixed_leaky,0.9965529571718607,2.68836635537046,0.010047227296492364,6.354915446933973,0.2578321139807706,-2.521436214643742,15.0,212.06222231667743,5,434.12444463335487,True,582,83.50049877166748
mem_long_leaky,23,roving_ramp_bump,level,0.0,16.067199273603695,2.1545875413140587,0.0,0.0,0.3091727075774085,7.667692549120713,164.57128610191927,3,335.14257220383854,True,136,13.363762378692627
mem_long_leaky,23,roving_ramp_bump,transient,1.0,34.27169475646402,0.0,4.046228066181335,0.0,0.31301223209464757,8.932907886988481,166.30070681603064,3,338.6014136320613,True,136,13.696182012557983
mem_long_leaky,23,roving_ramp_bump,mixed,0.4172626091509822,18.520495851812303,1.7696637837241875,2.7722806507242357,0.0,0.4104996400847685,8.42227851591237,162.57554819362835,4,333.1510963872567,False,340,48.70246696472168
mem_long_leaky,23,roving_ramp_bump,mixed_leaky,0.36588336010534206,5.195875522615304,1.9608142164047815,2.475254179656969,0.1334033460853687,-0.6159944599934495,11.264946768916479,162.4503599087855,5,334.900719817571,True,456,64.43838405609131
mem_long_leaky,23,roving_bump,level,0.0,29.956435453350387,2.1158367382254815,0.0,0.0,0.19649469068981115,7.6211712510251175,285.1510917643869,3,576.3021835287738,True,100,20.668415546417236
mem_long_leaky,23,roving_bump,transient,1.0,23.637921482818854,0.0,4.63940156251356,0.0,0.36314319006476725,7.265068509534209,276.401116278086,3,558.802232556172,True,144,22.106987953186035
mem_long_leaky,23,roving_bump,mixed,0.6039593018861377,23.359395472228815,1.2425168959241442,4.14552946702194,0.0,0.398863414598252,7.989008386458322,274.50897025231535,4,557.0179405046307,True,225,36.957980155944824
mem_long_leaky,23,roving_bump,mixed_leaky,0.5841733312143733,10.177827815181912,1.275755006338101,3.921087332058616,0.06810364580210344,0.062210594930614364,8.31473045806246,274.3223817693249,5,558.6447635386498,True,234,85.33211708068848
mem_long_leaky,21,roving_bump,level,0.0,0.22529904230547965,7.7156868573853075,0.0,0.0,3.3377338788133217,1.3901206917739435,205.76117082560827,3,417.52234165121655,True,184,36.30568480491638
mem_long_leaky,21,roving_bump,transient,1.0,1.5173143035297476,0.0,7.988393009767394,0.0,1.3978919941374999,3.1475644697564342,192.55481602709582,3,391.10963205419165,True,104,17.735843420028687
mem_long_leaky,21,roving_bump,mixed,0.7044976698451066,1.5130753644767303,1.3240822469445481,6.906268524416119,0.0,1.406590519215211,3.181726692891044,191.82897216875713,4,391.65794433751427,True,325,49.131150245666504
mem_long_leaky,21,roving_bump,mixed_leaky,0.6413035200401811,1.4790681298798631,1.8113884023377356,7.085295017851516,0.46863776357364006,-5.0,15.0,189.05924282722552,5,388.11848565445104,True,840,143.88261818885803
mem_long_leaky,24,bump_train,level,0.0,18.78707234987712,4.146428408984696,0.0,0.0,0.35178289547832997,8.115776372940035,166.71206553883886,3,339.4241310776777,True,220,21.21579337120056
mem_long_leaky,24,bump_train,transient,1.0,10.212789324536562,0.0,2.556692006424289,0.0,0.4082041818674921,5.979985008618432,171.56720713963864,3,349.1344142792773,False,292,29.273228406906128
mem_long_leaky,24,bump_train,mixed,0.0011032661847713517,18.70021737717506,4.138380694763258,0.010000000000000004,0.0,0.35260945962062745,8.10214057694282,166.71526960695925,4,341.4305392139185,True,305,50.32509160041809
mem_long_leaky,24,bump_train,mixed_leaky,0.0010624832287739069,3.7948269466231346,4.297658878436403,0.010000588251933956,0.18265580757951277,-1.7339818362141473,14.957286883212594,166.23002692150496,5,342.4600538430099,True,546,75.60920262336731
mem_long_leaky,25,double_bump,level,0.0,10.422624149377626,3.545952335920552,0.0,0.0,0.4444576648222207,6.844184870207334,167.73123167405797,3,341.46246334811593,True,172,16.897766828536987
mem_long_leaky,25,double_bump,transient,1.0,6.720786946683929,0.0,4.188870011201215,0.0,0.6112561172179365,5.674070871949324,167.3527095472166,3,340.7054190944332,True,180,18.104381561279297
mem_long_leaky,25,double_bump,mixed,0.3447714531048546,7.5888245295820775,2.415527829806717,2.780739978295602,0.0,0.6200291843488966,6.30439741615187,165.7867040795827,4,339.5734081591654,True,215,39.034146785736084
mem_long_leaky,25,double_bump,mixed_leaky,0.3777267387384094,4.017472436496816,2.201216626371325,2.9232719537900937,0.1725331515066624,-1.511053541327651,15.0,164.7890650127407,5,339.5781300254814,True,384,59.524211168289185
mem_long_leaky,24,roving_bump,level,0.0,19.179664438968558,3.6418755489705266,0.0,0.0,0.32246668475787443,7.79464531729425,338.34700298408325,3,682.6940059681665,True,140,19.762876510620117
mem_long_leaky,24,roving_bump,transient,1.0,17.501627908563982,0.0,2.7329621223711604,0.0,0.2835373109111014,5.605559837043656,367.1858697452997,3,740.3717394905995,True,80,22.982043504714966
mem_long_leaky,24,roving_bump,mixed,0.14178034249355528,16.900992802478186,3.4439553854434473,1.244758000995649,0.0,0.3968428084301744,7.702039549114248,336.8130089406311,4,681.6260178812622,True,225,40.246421098709106
mem_long_leaky,24,roving_bump,mixed_leaky,0.10747218294909813,4.682637952232772,3.715597380245248,0.9788424698663423,0.14802493543824785,-0.43522377747081625,8.93138106302031,335.85432309426153,5,681.7086461885231,True,432,81.05096077919006
mem_long_leaky,22,double_bump,level,0.0,18.072522947233313,3.9959125015932577,0.0,0.0,0.34977822374351875,7.912806172022281,198.77886108507366,3,403.5577221701473,True,140,23.399704456329346
mem_long_leaky,22,double_bump,transient,1.0,18.984266223424495,0.0,4.697581728879042,0.0,0.4177237843093892,7.807384669902061,198.8679613140842,3,403.7359226281684,True,160,45.593191623687744
mem_long_leaky,22,double_bump,mixed,0.3438696664822357,9.324484281127917,2.749794497419215,3.152926424534451,0.0,0.5883915686553902,6.638756807396875,195.80991181812718,4,399.61982363625435,True,275,47.997156620025635
mem_long_leaky,22,double_bump,mixed_leaky,0.3890348542466304,3.9719754981974806,2.692624148087761,3.75109151360256,0.17450943009958192,-1.4883712185994395,15.0,193.34727463218744,5,396.69454926437487,True,648,146.7724199295044
mem_long_leaky,25,bump_train,level,0.0,32.29348898137336,3.7401043116170376,0.0,0.0,0.2658712382617011,9.261028870079906,197.34347331210373,3,400.68694662420745,True,112,11.562120199203491
mem_long_leaky,25,bump_train,transient,1.0,25.77875554957994,0.0,5.348644785093094,0.0,0.4206481341047148,9.23686816471311,193.01318508250276,3,392.0263701650055,True,184,35.23670291900635
mem_long_leaky,25,bump_train,mixed,0.5920308835564951,24.187394676438622,1.4394435654090667,4.570056440147469,0.0,0.4488194991638031,9.44961164402381,192.55442378084476,4,393.1088475616895,True,305,35.63589811325073
mem_long_leaky,25,bump_train,mixed_leaky,0.6012169449609537,138.629436111989,1.3876670058812324,4.577091822626124,0.005000000000000002,0.42281657760824193,9.426857872534955,192.56504229129737,5,395.13008458259475,True,378,51.433624029159546
mem_long_leaky,24,roving_ramp_bump,level,0.0,13.376084750481589,4.737834235507939,0.0,0.0,0.46652726603513567,8.329832847540436,383.89627733037156,3,773.7925546607431,True,112,21.032145500183105
mem_long_leaky,24,roving_ramp_bump,transient,1.0,10.039728573005183,0.0,3.108578405776594,0.0,0.36874698345303353,4.586038314083147,448.24992579618515,3,902.4998515923703,True,196,26.94146227836609
mem_long_leaky,24,roving_ramp_bump,mixed,0.17673503778663072,12.579769342041441,4.765475077980937,2.2382009396414793,0.0,0.6082218502738665,8.833637030448376,379.3707264892601,4,766.7414529785202,True,255,59.55636119842529
mem_long_leaky,24,roving_ramp_bump,mixed_leaky,0.16507882268881122,19.992744301864327,4.794694591909277,2.0740378683183476,0.03466993675777213,0.43573766781892476,8.903416438826227,379.2336621311252,5,768.4673242622504,True,318,81.55529642105103
mem_long_leaky,26,double_bump,level,0.0,inf,3.1174651339692394,0.0,0.0,0.05716284289787061,11.550708990729452,259.58486082641963,3,525.1697216528393,True,172,33.64359521865845
mem_long_leaky,26,double_bump,transient,1.0,inf,0.0,4.61751620776041,0.0,0.18045115618559643,10.961846604703645,256.9919983140976,3,519.9839966281952,True,132,21.080845832824707
mem_long_leaky,26,double_bump,mixed,0.990609775188485,inf,0.02000019556832153,4.616052166128013,0.0,0.18145540191055695,10.964293937918114,256.9764413635542,4,521.9528827271084,True,100,10.696501016616821
mem_long_leaky,26,double_bump,mixed_leaky,0.5338052519637118,138.629436111989,1.5360991164175404,3.8480840691879634,0.005000000000000002,0.18622707979754222,11.14629748434526,256.4263911005186,5,522.8527822010371,True,378,68.36308312416077
mem_long_leaky,25,roving_bump,level,0.0,6.031586441052877,2.3007279800601474,0.0,0.0,0.5359720559803263,5.556619488641391,222.14537991348746,3,450.2907598269749,True,100,10.725101709365845
mem_long_leaky,25,roving_bump,transient,1.0,39.325790744282116,0.0,6.225578356038174,0.0,0.4190717702615309,10.852867764503136,213.64813497542892,3,433.29626995085783,True,112,11.466031312942505
mem_long_leaky,25,roving_bump,mixed,0.5571310290746251,17.032600337594655,1.5713678123171035,4.324837490817309,0.0,0.5204826165528212,9.325556610507352,208.7517083911264,4,425.5034167822528,True,350,46.589895486831665
mem_long_leaky,25,roving_bump,mixed_leaky,0.4502362656693555,6.431186016317949,2.017395238537897,3.6146414440055397,0.10777905953912888,-0.2788093863186333,11.422993569257645,208.28253758134187,5,426.56507516268374,True,420,97.94756197929382
mem_long_leaky,22,roving_bump,level,0.0,2.826626401799618,2.9845456688532006,0.0,0.0,0.7612363347938323,3.7509161762382695,379.1360980673232,3,764.2721961346464,True,164,27.147567987442017
mem_long_leaky,22,roving_bump,transient,1.0,8.742911229608584,0.0,4.620465899549133,0.0,0.4913421051084448,4.943729410658422,382.6191540457995,3,771.238308091599,False,216,31.687390089035034
mem_long_leaky,22,roving_bump,mixed,0.4282026361946161,7.0810025055094155,2.4169024357455,3.959826463443185,0.0,0.6666189761809064,5.787767123210811,362.9614553387643,4,733.9229106775286,True,200,33.72820591926575
mem_long_leaky,22,roving_bump,mixed_leaky,0.29925295362402843,1.528350668663567,3.0643106552002317,2.8629898438406585,0.4535262716677794,-3.409072128731742,11.26300170882474,360.79052586202863,5,731.5810517240573,False,936,236.12032842636108
mem_long_leaky,25,roving_ramp_bump,level,0.0,52.63160798371833,1.7580563255916433,0.0,0.0,0.15198122854127522,9.937641841070175,241.60880052705528,3,489.21760105411056,True,248,38.341909408569336
mem_long_leaky,25,roving_ramp_bump,transient,1.0,5270.8518904253015,0.0,4.988152553741855,0.0,0.22638637957484276,12.345184292217208,241.17189947368306,3,488.3437989473661,True,120,11.791835069656372
mem_long_leaky,25,roving_ramp_bump,mixed,0.553586095339623,58.78867930310092,1.6120545987998829,4.373579781481366,0.0,0.36318808577323947,13.277826020363301,233.19581458576752,4,474.39162917153504,True,280,46.45772576332092
mem_long_leaky,25,roving_ramp_bump,mixed_leaky,0.5459439317822322,138.629436111989,1.6189433319095214,4.258729467516112,0.005000000000000002,0.3237831407209567,13.22023871478143,233.25519768984037,5,476.51039537968074,True,450,58.20122838020325
mem_long_leaky,27,double_bump,level,0.0,37.26783914780855,4.619587861197727,0.0,0.0,0.3042472760956629,11.40118361120179,224.38685127702146,3,454.7737025540429,True,148,22.145875930786133
mem_long_leaky,27,double_bump,transient,1.0,121.78451032418438,0.0,5.042222053862452,0.0,0.2778532118904827,12.226354396815426,231.81214586817322,3,469.62429173634644,True,184,32.25587296485901
mem_long_leaky,27,double_bump,mixed,0.17467489450443693,35.795419885572336,3.9692894952983315,1.8379261407969945,0.0,0.37805665271108996,11.81864449960717,223.44539043758306,4,454.8907808751661,True,300,27.94660496711731
mem_long_leaky,27,double_bump,mixed_leaky,0.17520794943662754,138.629436111989,3.919225988596194,1.8214593903050695,0.005000000000000002,0.3433821699571302,11.793653863999566,223.51888566381606,5,457.03777132763213,True,282,47.5964252948761
mem_long_leaky,26,roving_bump,level,0.0,322.94783084263344,2.6856692960659125,0.0,0.0,0.10222049134447533,9.216212690556361,363.7249421035029,3,733.4498842070058,True,196,34.68112134933472
mem_long_leaky,26,roving_bump,transient,1.0,313.06269455974024,0.0,4.339790300731542,0.0,0.20866394554855253,7.965711024235526,366.98554091493753,3,739.9710818298751,True,132,22.395193099975586
mem_long_leaky,26,roving_bump,mixed,0.4031664920256482,66.65921668831643,2.3425832790258903,3.4620721756301367,0.0,0.3018254955053744,9.171872829500002,357.24005637811734,4,722.4801127562347,False,355,48.799726247787476
mem_long_leaky,26,roving_bump,mixed_leaky,0.3738093251785415,8.288493065716747,2.485238849536792,3.2457982049588923,0.08362764800117564,-0.19734825498913183,9.893332223513772,356.5606180560989,5,723.1212361121978,True,384,73.98676943778992
mem_long_leaky,26,bump_train,level,0.0,inf,4.3511432785238995,0.0,0.0,0.08989846274080304,11.141392700101344,301.67519935744815,3,609.3503987148963,True,164,29.07387089729309
mem_long_leaky,26,bump_train,transient,1.0,inf,0.0,3.807550706935409,0.0,0.11184925826793392,10.359153526018236,302.7481885046906,3,611.4963770093811,True,236,36.455726146698
mem_long_leaky,26,bump_train,mixed,0.002097101454963425,inf,4.350040476266383,0.020000198309410078,0.0,0.09093861649433449,11.143520399937708,301.6577569428327,4,611.3155138856654,True,80,11.218742609024048
mem_long_leaky,26,bump_train,mixed_leaky,0.23865920613823163,56.57218875108123,3.1550159552876313,2.1637670216277067,0.012252437034207865,0.07990966892993805,11.165920350602883,300.71629411067596,5,611.4325882213519,True,660,117.097811460495
mem_long_leaky,26,roving_ramp_bump,level,0.0,inf,2.712937416381456,0.0,0.0,0.056386472280271605,11.344641973289546,346.88802146033316,3,699.7760429206663,True,140,22.628339767456055
mem_long_leaky,26,roving_ramp_bump,transient,1.0,inf,0.0,6.042380502911971,0.0,0.21977268638851508,10.254711213576524,343.39671860427643,3,692.7934372085529,True,108,19.293161630630493
mem_long_leaky,26,roving_ramp_bump,mixed,0.5237648938645889,343.37986005223416,2.0563278865500942,4.9478575843910635,0.0,0.3074567920505892,11.48206445872772,332.0227765547285,4,672.045553109457,True,255,38.30892753601074
mem_long_leaky,26,roving_ramp_bump,mixed_leaky,0.41264765115492047,4.95954366030582,2.6877130880316407,4.131173360625478,0.13976027393560717,-1.159678027311756,15.0,327.9317383260827,5,665.8634766521654,True,360,98.31806421279907
mem_long_leaky,28,double_bump,level,0.0,inf,2.6945123289125847,0.0,0.0,0.08512582183614988,13.269118215792844,288.6779192257641,3,583.3558384515281,True,152,27.951359033584595
mem_long_leaky,28,double_bump,transient,1.0,476.1135367137972,0.0,4.701156352332168,0.0,0.22683263065046727,13.878921251352724,280.83055713633837,3,567.6611142726767,True,92,20.880356311798096
mem_long_leaky,28,double_bump,mixed,0.6295582562337695,145.33747604245062,1.0400539770245385,3.867067291332045,0.0,0.2564041917598727,13.878492605687612,279.81226311441026,4,567.6245262288205,True,280,44.816070556640625
mem_long_leaky,28,double_bump,mixed_leaky,0.6470844793967314,10.553475086564864,0.9572791571958161,3.84006587383232,0.06567952024090705,-0.3590557591713975,15.0,278.25025215774184,5,566.5005043154837,True,204,53.25360131263733
mem_long_leaky,28,roving_bump,level,0.0,1.2413602741297618,1.2120269290804306,0.0,0.0,1.0655173046023472,2.54683744588573,322.30444536513846,3,650.6088907302769,True,92,9.413999795913696
mem_long_leaky,28,roving_bump,transient,1.0,inf,0.0,3.911196156644318,0.0,0.17595925315586253,10.363786293361212,296.7682097212808,3,599.5364194425616,True,132,12.234197854995728
mem_long_leaky,28,roving_bump,mixed,0.9944199510376169,11753.550526490597,0.010000000000000004,3.8988961329956293,0.0,0.1768032309826635,10.35301202957462,296.7870490048703,4,601.5740980097406,True,265,31.975116968154907
mem_long_leaky,28,roving_bump,mixed_leaky,0.9943140847797295,14.653643848324183,0.010000000000000004,3.8258950977556867,0.047302035434634564,-0.13154857274116766,10.938506440483136,296.1884410792647,5,602.3768821585294,True,354,65.86404347419739
mem_long_leaky,27,roving_bump,level,0.0,1467.2944103433636,1.876367350521836,0.0,0.0,0.06515037303132945,10.864384672305524,324.9900309238059,3,655.9800618476118,True,132,21.12385082244873
mem_long_leaky,27,roving_bump,transient,1.0,59.86554466282248,0.0,3.9918242515009403,0.0,0.24863852588988922,8.190503523591532,320.8930747760876,3,647.7861495521752,True,156,25.42966079711914
mem_long_leaky,27,roving_bump,mixed,0.4976934186857888,46.13919817115223,1.8428803391289572,3.994845729092461,0.0,0.36113594978216507,11.111883480569219,307.5980148895664,4,623.1960297791328,True,255,39.68593978881836
mem_long_leaky,27,roving_bump,mixed_leaky,0.42261312449080124,10.452775000687836,2.120238812827439,3.3952417234506447,0.06631226449572801,-0.2060395899987042,13.0618313091871,306.86795728866275,5,623.7359145773255,True,642,94.42593336105347
mem_long_leaky,27,roving_ramp_bump,level,0.0,inf,2.078578831307434,0.0,0.0,0.024483707084751408,11.243417376325489,390.62137521368646,3,787.2427504273729,True,144,27.990540504455566
mem_long_leaky,27,roving_ramp_bump,transient,1.0,inf,0.0,4.730252753992854,0.0,0.19841174952832116,9.034686959424334,391.8529366822655,3,789.705873364531,True,112,22.967584133148193
mem_long_leaky,27,roving_ramp_bump,mixed,0.5212380138576971,127.89454555429347,1.8598121044206997,4.429914433619434,0.0,0.30761080887302894,11.943803995053681,372.14865810408105,4,752.2973162081621,True,295,45.97716784477234
mem_long_leaky,27,roving_ramp_bump,mixed_leaky,0.47955590650687596,15.862071236609625,1.9716509007960075,3.9747061631633875,0.043698402952583086,-0.022745853954837043,12.459538335239916,371.52408975974856,5,753.0481795194971,True,330,82.85937070846558
mem_long_leaky,27,bump_train,level,0.0,24.492430283440047,4.299228960728935,0.0,0.0,0.3172940960242002,8.645869829894977,238.5632537467965,3,483.126507493593,True,128,23.743763208389282
mem_long_leaky,27,bump_train,transient,1.0,37.01266141015165,0.0,4.63363563814726,0.0,0.33612956926410986,9.395347566174657,246.6681928282623,3,499.3363856565246,True,112,23.385068893432617
mem_long_leaky,27,bump_train,mixed,0.20429499086900002,20.961458322900654,3.6378289716820245,2.043420518720911,0.0,0.424899713842886,8.950785831469029,237.07745456813527,4,482.15490913627053,True,250,43.705475091934204
mem_long_leaky,27,bump_train,mixed_leaky,0.23062656622134092,4.329799418134682,3.3978881189630874,2.2283893183195085,0.1600875961266953,-1.387561827681062,15.0,235.03642594459464,5,480.0728518891893,True,402,114.78610372543335
mem_long_leaky,28,roving_ramp_bump,level,0.0,inf,0.8225925571957855,0.0,0.0,-0.15522223568700197,13.368563055748632,353.4610850964151,3,712.9221701928302,True,200,19.049264669418335
mem_long_leaky,28,roving_ramp_bump,transient,1.0,inf,0.0,3.2661867620189486,0.0,0.08768664882413582,10.874883359705487,340.6314227945267,3,687.2628455890534,True,164,15.921259641647339
mem_long_leaky,28,roving_ramp_bump,mixed,0.7153996078800443,inf,0.5558693776317183,3.057002541991347,0.0,0.147719192472036,11.384418655799266,337.91884442949834,4,683.8376888589967,True,320,46.42231631278992
mem_long_leaky,28,roving_ramp_bump,mixed_leaky,0.5826987050653906,7.95406970536858,0.7602829028245978,2.322626577002686,0.0871437146310281,-0.7964974755082478,15.0,336.7126041130543,5,683.4252082261086,True,414,73.7442409992218
mem_long_leaky,29,bump_train,level,0.0,inf,3.5731378216111294,0.0,0.0,0.10918481634855239,11.684445430535401,334.03921037029556,3,674.0784207405911,True,112,22.6920645236969
mem_long_leaky,29,bump_train,transient,1.0,inf,0.0,4.327573703009106,0.0,0.14937862612091454,11.788513811505053,336.78158277215584,3,679.5631655443117,True,152,24.568058967590332
mem_long_leaky,29,bump_train,mixed,0.2771017523326069,inf,2.588234404061284,2.1705787770126745,0.0,0.17128902758011433,12.533096193426534,331.77939241016276,4,671.5587848203255,True,220,50.75466752052307
mem_long_leaky,29,bump_train,mixed_leaky,0.2824447086611424,138.629436111989,2.538709368069585,2.1862554430536023,0.005000000000000002,0.13805422015082858,12.495751345031309,331.8416272077932,5,673.6832544155864,True,294,43.3098258972168
mem_long_leaky,29,roving_bump,level,0.0,233.61082908912582,2.690682545886525,0.0,0.0,0.11037446482268769,10.39973965831242,413.8209066963443,3,833.6418133926886,True,100,18.726776361465454
mem_long_leaky,29,roving_bump,transient,1.0,23.475835392653277,0.0,3.5682340590023025,0.0,0.29049278586100796,6.074929583429702,425.9865771839431,3,857.9731543678862,True,140,26.71487784385681
mem_long_leaky,29,roving_bump,mixed,0.3839568380252128,43.11548003882579,2.526702728670637,3.44536518549426,0.0,0.3626169703391092,10.719620470680152,387.77487718030227,4,783.5497543606045,True,230,32.38087201118469
mem_long_leaky,29,roving_bump,mixed_leaky,0.3565464842928722,14.800188300742185,2.6732849326244987,3.240813784046473,0.0468336730908475,0.0572132349906981,11.357570559742683,387.1504168023302,5,784.3008336046604,True,330,62.4530930519104
mem_long_leaky,28,bump_train,level,0.0,27.499604760695192,2.367462155324373,0.0,0.0,0.24285975793872772,9.092961916403638,216.57955498565823,3,439.15910997131647,True,164,16.790695905685425
mem_long_leaky,28,bump_train,transient,1.0,24.634532923454923,0.0,4.29199889389093,0.0,0.38555424502441354,9.448344189665304,209.29265837472394,3,424.5853167494479,True,204,20.59964656829834
mem_long_leaky,28,bump_train,mixed,0.7967436430981547,24.63191351634357,0.4551681038218671,3.9035175597344747,0.0,0.3863983644719773,9.61867922047084,209.14727686650372,4,426.29455373300743,True,250,49.37638783454895
mem_long_leaky,28,bump_train,mixed_leaky,0.9196471972646157,4.399667649453183,0.16279354739287788,4.076310477432663,0.15754535019164317,-0.7716860038639493,11.1640763603265,208.17526440763407,5,426.35052881526815,True,762,114.96652054786682
mem_long_leaky,29,double_bump,level,0.0,46.34485278676628,3.429707193946939,0.0,0.0,0.21560498332927922,9.573666179979746,302.7004345951916,3,611.4008691903832,True,228,33.125152826309204
mem_long_leaky,29,double_bump,transient,1.0,73.84584000920208,0.0,3.206501119246277,0.0,0.20386960002978008,8.727978471575794,309.5647924594076,3,625.1295849188152,True,116,26.43863582611084
mem_long_leaky,29,double_bump,mixed,0.15957618575275723,37.38162163211135,2.888442375824201,1.199895112575847,0.0,0.2745227976215006,9.40187913185843,301.8913407409141,4,611.7826814818281,True,265,41.554234981536865
mem_long_leaky,29,double_bump,mixed_leaky,0.17259229086417738,9.734002368513316,2.7833430357129676,1.2702184347089978,0.07120885678044173,-0.14173458077246914,9.9076224962973,301.54882968392593,5,613.0976593678519,True,294,77.4346776008606
mem_long_leaky,29,roving_ramp_bump,level,0.0,18.872000136230998,2.1939877581149183,0.0,0.0,0.2683664750581741,7.417326282716901,427.04540184512797,3,860.0908036902559,True,96,20.820735454559326
mem_long_leaky,29,roving_ramp_bump,transient,1.0,20.845495226508874,0.0,3.2319682668563194,0.0,0.2845753219489856,5.780531614050973,444.05778054430283,3,894.1155610886057,True,224,30.9045090675354
mem_long_leaky,29,roving_ramp_bump,mixed,0.40937542962301415,16.635808761441673,2.1413178055928355,3.247141676926463,0.0,0.4762191369605141,8.633506845819445,408.1958644840996,4,824.3917289681992,True,175,36.6200168132782
mem_long_leaky,29,roving_ramp_bump,mixed_leaky,0.4074385278757843,138.629436111989,2.1431225232333038,3.2239294569121997,0.005000000000000002,0.4529133480248949,8.627958498712893,408.2056614542372,5,826.4113229084744,True,390,70.79239010810852
