gen,pid,design,m50,m50_hat,true_s,true_k,true_c,true_vL,true_vT,true_delta,true_a,true_lam,n_step,n_ramp,n_null,n_return,hit_step,hit_ramp,null_fa,return_press,late,stable_fa,extra,n_change,hit,hit_rate,hit_rate_step,hit_rate_ramp,stable_fa_per_min,settled_min,median_rt_breaths,median_ramp_mag_at_detect,n_presses
level,3,roving_ramp50,0.1750931949076045,0.1896497309196157,0.0,3.4899086033813447,1.0695921595415567,3.4899086033813447,0.0,1.1838813829161892,2.5282360980876213,0.0,25,24,3,0,12,18,1,0,7,1,31,49,30,0.6122448979591837,0.48,0.75,0.6230529595015576,1.6050000000000002,2.814239774654964,0.37925,70
level,3,ramp,0.1750931949076045,0.1896497309196157,0.0,3.4899086033813447,1.0695921595415567,3.4899086033813447,0.0,1.1838813829161892,2.5282360980876213,0.0,0,34,17,0,0,29,5,0,2,0,43,34,29,0.8529411764705882,,0.8529411764705882,0.0,0.2,3.260169150221581,0.2845,79
level,0,roving_mixed,0.1179842142910259,0.1556414059634207,0.0,4.688369651584561,0.8984680643943388,4.688369651584561,0.0,1.0520050727428194,2.619564652512258,0.0,19,22,0,0,12,16,0,0,21,3,38,41,28,0.6829268292682927,0.631578947368421,0.7272727272727273,0.8008898776418243,3.745833333333333,1.9255007178215893,0.0931008167432363,90
level,0,ramp,0.1179842142910259,0.1556414059634207,0.0,4.688369651584561,0.8984680643943388,4.688369651584561,0.0,1.0520050727428194,2.619564652512258,0.0,0,40,13,0,0,37,6,0,5,0,65,40,37,0.925,,0.925,0.0,0.1333333333333333,2.845966761248476,0.1944999999999999,113
level,5,roving_ramp50,0.0786981706291711,0.0809769429429938,0.0,6.450630554163316,1.104723559591969,6.450630554163316,0.0,1.315971944606321,2.1586278158852767,0.0,27,19,7,0,10,15,4,0,18,4,37,46,25,0.5434782608695652,0.3703703703703703,0.7894736842105263,2.5263157894736845,1.5833333333333333,1.956496004735188,0.14175,88
level,4,roving_mixed,0.3533272867755426,0.4036346707599209,0.0,2.92467734003232,1.2181829455758688,2.92467734003232,0.0,1.3139617007816122,2.9516859665829025,0.0,27,23,0,0,15,16,0,0,6,0,23,50,31,0.62,0.5555555555555556,0.6956521739130435,0.0,1.3508333333333336,3.3061016083737584,0.3681207447820671,60
level,1,roving_mixed,0.1533812761879285,0.1155029636556313,0.0,3.78384056291752,0.9038686304794388,3.78384056291752,0.0,1.027783680544153,2.755856215211564,0.0,23,25,0,0,8,11,0,0,13,1,7,48,19,0.3958333333333333,0.3478260869565217,0.44,0.8350730688935281,1.1975000000000002,3.822195343211373,0.1346801346801347,40
level,1,ramp,0.1533812761879285,0.1155029636556313,0.0,3.78384056291752,0.9038686304794388,3.78384056291752,0.0,1.027783680544153,2.755856215211564,0.0,0,37,15,0,0,26,3,0,3,0,23,37,26,0.7027027027027027,,0.7027027027027027,0.0,0.1333333333333333,4.137174162771473,0.18775,55
level,3,roving_ramp,0.1750931949076045,0.1896497309196157,0.0,3.4899086033813447,1.0695921595415567,3.4899086033813447,0.0,1.1838813829161892,2.5282360980876213,0.0,40,11,4,0,23,10,2,0,17,1,19,51,33,0.6470588235294118,0.575,0.9090909090909092,0.5774783445620789,1.731666666666667,1.971837282074248,0.2608749999999999,72
level,2,roving_mixed,0.2812526523531151,0.221768350832845,0.0,2.518530397706296,0.7538575532797305,2.518530397706296,0.0,0.8363356109917205,3.609390030280805,0.0,21,22,0,0,13,7,0,0,8,2,10,43,20,0.4651162790697674,0.6190476190476191,0.3181818181818182,0.6688963210702341,2.99,2.51813128110036,0.251238499646143,40
level,4,roving_ramp50,0.3533272867755426,0.4036346707599209,0.0,2.92467734003232,1.2181829455758688,2.92467734003232,0.0,1.3139617007816122,2.9516859665829025,0.0,27,17,10,0,15,13,0,0,7,0,40,44,28,0.6363636363636364,0.5555555555555556,0.7647058823529411,0.0,1.2466666666666666,1.8332268755345025,0.4499999999999999,75
level,1,roving_ramp,0.1533812761879285,0.1155029636556313,0.0,3.78384056291752,0.9038686304794388,3.78384056291752,0.0,1.027783680544153,2.755856215211564,0.0,39,12,2,0,10,7,1,0,12,0,6,51,17,0.3333333333333333,0.2564102564102564,0.5833333333333334,0.0,2.2825,1.6400000000000243,0.1732499999999999,36
level,4,ramp,0.3533272867755426,0.4036346707599209,0.0,2.92467734003232,1.2181829455758688,2.92467734003232,0.0,1.3139617007816122,2.9516859665829025,0.0,0,38,13,0,0,33,0,0,0,0,38,38,33,0.868421052631579,,0.868421052631579,0.0,0.2,3.4713636363637552,0.4499999999999999,71
level,0,roving_ramp50,0.1179842142910259,0.1556414059634207,0.0,4.688369651584561,0.8984680643943388,4.688369651584561,0.0,1.0520050727428194,2.619564652512258,0.0,26,26,1,0,15,24,1,0,15,0,63,52,39,0.75,0.5769230769230769,0.9230769230769232,0.0,0.6633333333333334,2.700243210377008,0.2335,118
level,5,roving_ramp,0.0786981706291711,0.0809769429429938,0.0,6.450630554163316,1.104723559591969,6.450630554163316,0.0,1.315971944606321,2.1586278158852767,0.0,38,8,5,0,27,7,6,0,18,1,30,46,34,0.7391304347826086,0.7105263157894737,0.875,0.4528301886792452,2.208333333333333,1.6185504554468724,0.1215,89
level,1,roving_ramp50,0.1533812761879285,0.1155029636556313,0.0,3.78384056291752,0.9038686304794388,3.78384056291752,0.0,1.027783680544153,2.755856215211564,0.0,28,23,4,0,10,19,4,0,12,0,15,51,29,0.5686274509803921,0.3571428571428571,0.8260869565217391,0.0,0.9525,3.292067858780402,0.1445,60
level,2,roving_ramp,0.2812526523531151,0.221768350832845,0.0,2.518530397706296,0.7538575532797305,2.518530397706296,0.0,0.8363356109917205,3.609390030280805,0.0,36,10,5,0,19,10,0,0,9,0,15,46,29,0.6304347826086957,0.5277777777777778,1.0,0.0,3.086666666666667,1.8137013307047765,0.33275,53
level,0,roving_ramp,0.1179842142910259,0.1556414059634207,0.0,4.688369651584561,0.8984680643943388,4.688369651584561,0.0,1.0520050727428194,2.619564652512258,0.0,38,7,7,0,23,6,2,0,14,5,28,45,29,0.6444444444444445,0.6052631578947368,0.8571428571428571,1.3992537313432836,3.5733333333333333,1.51176792556102,0.214,78
level,5,ramp,0.0786981706291711,0.0809769429429938,0.0,6.450630554163316,1.104723559591969,6.450630554163316,0.0,1.315971944606321,2.1586278158852767,0.0,0,35,19,0,0,30,17,0,9,1,35,35,30,0.8571428571428571,,0.8571428571428571,7.5,0.1333333333333333,3.2247918593894496,0.10125,92
level,2,roving_ramp50,0.2812526523531151,0.221768350832845,0.0,2.518530397706296,0.7538575532797305,2.518530397706296,0.0,0.8363356109917205,3.609390030280805,0.0,26,22,3,0,10,14,0,0,12,1,15,48,24,0.5,0.3846153846153846,0.6363636363636364,0.9049773755656108,1.105,3.416891284815812,0.4435,52
level,4,roving_ramp,0.3533272867755426,0.4036346707599209,0.0,2.92467734003232,1.2181829455758688,2.92467734003232,0.0,1.3139617007816122,2.9516859665829025,0.0,43,10,3,0,25,8,0,0,10,0,23,53,33,0.6226415094339622,0.5813953488372093,0.8,0.0,1.771666666666667,1.483893889152089,0.40375,66
level,2,ramp,0.2812526523531151,0.221768350832845,0.0,2.518530397706296,0.7538575532797305,2.518530397706296,0.0,0.8363356109917205,3.609390030280805,0.0,0,41,11,0,0,31,2,0,1,0,26,41,31,0.7560975609756098,,0.7560975609756098,0.0,0.2,4.251124178484992,0.4435,60
level,5,roving_mixed,0.0786981706291711,0.0809769429429938,0.0,6.450630554163316,1.104723559591969,6.450630554163316,0.0,1.315971944606321,2.1586278158852767,0.0,23,28,0,0,12,18,0,0,12,1,13,51,30,0.5882352941176471,0.5217391304347826,0.6428571428571429,0.8915304606240714,1.1216666666666666,3.605793799701664,0.0870117624116511,56
level,8,roving_ramp,0.2823077510278912,0.3803598048840075,0.0,4.067840708956816,1.1718909964396886,4.067840708956816,0.0,1.3051066213382725,3.371727297276571,0.0,41,11,1,0,23,11,0,0,13,1,77,52,34,0.6538461538461539,0.5609756097560976,1.0,0.5499541704857928,1.8183333333333336,1.2290835155380968,0.4499999999999999,125
level,8,roving_ramp50,0.2823077510278912,0.3803598048840075,0.0,4.067840708956816,1.1718909964396886,4.067840708956816,0.0,1.3051066213382725,3.371727297276571,0.0,27,21,3,0,15,21,1,0,7,0,78,48,36,0.75,0.5555555555555556,1.0,0.0,0.9183333333333332,1.8929312402788847,0.38025,122
level,6,ramp,0.140198747674723,0.1010357696984437,0.0,3.072081991078502,0.5379863685670314,3.072081991078502,0.0,0.6385924029380672,3.6095532981771328,0.0,0,42,11,0,0,30,3,0,7,0,24,42,30,0.7142857142857143,,0.7142857142857143,0.0,0.2,4.564405151484856,0.1514999999999999,64
level,7,roving_ramp,0.1406494373123539,0.0893078818605358,0.0,5.2151741456164,0.955512118159495,5.2151741456164,0.0,1.1263011761561612,2.914061063228313,0.0,40,10,3,0,6,7,1,0,12,0,4,50,13,0.26,0.15,0.7,0.0,1.4566666666666668,3.9627782041442825,0.08925,30
level,3,roving_mixed,0.1750931949076045,0.1896497309196157,0.0,3.4899086033813447,1.0695921595415567,3.4899086033813447,0.0,1.1838813829161892,2.5282360980876213,0.0,22,21,0,0,14,13,0,0,17,0,12,43,27,0.627906976744186,0.6363636363636364,0.6190476190476191,0.0,3.695833333333333,2.2823146292585195,0.1477882037533512,56
level,8,ramp,0.2823077510278912,0.3803598048840075,0.0,4.067840708956816,1.1718909964396886,4.067840708956816,0.0,1.3051066213382725,3.371727297276571,0.0,0,33,19,0,0,32,0,0,0,0,69,33,32,0.9696969696969696,,0.9696969696969696,0.0,0.1333333333333333,2.976156533059528,0.4499999999999999,101
level,9,roving_ramp,0.1636809390108907,0.1574318298087088,0.0,3.613817227042569,1.0557481134820608,3.613817227042569,0.0,1.1740951566958546,2.4448870582385736,0.0,44,9,5,0,15,8,1,0,19,0,22,53,23,0.4339622641509434,0.3409090909090909,0.8888888888888888,0.0,0.6441666666666668,1.3576528335564626,0.1967499999999999,65
level,9,roving_ramp50,0.1636809390108907,0.1574318298087088,0.0,3.613817227042569,1.0557481134820608,3.613817227042569,0.0,1.1740951566958546,2.4448870582385736,0.0,26,22,5,0,18,17,2,0,10,0,35,48,35,0.7291666666666666,0.6923076923076923,0.7727272727272727,0.0,1.1483333333333334,2.709077652205622,0.23625,82
level,6,roving_ramp50,0.140198747674723,0.1010357696984437,0.0,3.072081991078502,0.5379863685670314,3.072081991078502,0.0,0.6385924029380672,3.6095532981771328,0.0,30,19,8,0,12,9,3,0,9,1,9,49,21,0.4285714285714285,0.4,0.4736842105263157,1.6666666666666667,0.6,2.506034009873842,0.1767499999999999,43
level,8,roving_mixed,0.2823077510278912,0.3803598048840075,0.0,4.067840708956816,1.1718909964396886,4.067840708956816,0.0,1.3051066213382725,3.371727297276571,0.0,17,27,0,0,12,17,0,0,11,0,34,44,29,0.6590909090909091,0.7058823529411765,0.6296296296296297,0.0,1.3550000000000002,2.3816559799275554,0.379288833437305,74
level,6,roving_ramp,0.140198747674723,0.1010357696984437,0.0,3.072081991078502,0.5379863685670314,3.072081991078502,0.0,0.6385924029380672,3.6095532981771328,0.0,37,12,2,0,16,9,0,0,16,0,5,49,25,0.5102040816326531,0.4324324324324324,0.75,0.0,2.1950000000000003,2.6615257504819727,0.1262499999999999,46
level,10,roving_ramp,0.2629914458327206,0.3722671174180415,0.0,3.877433390114247,1.2047521403545804,3.877433390114247,0.0,1.331732213819445,2.867297795062763,0.0,43,7,5,0,30,7,0,0,17,1,60,50,37,0.74,0.6976744186046512,1.0,0.7177033492822965,1.3933333333333335,1.3088607594936412,0.3722499999999999,115
level,10,roving_ramp50,0.2629914458327206,0.3722671174180415,0.0,3.877433390114247,1.2047521403545804,3.877433390114247,0.0,1.331732213819445,2.867297795062763,0.0,27,22,4,0,20,21,0,0,10,0,75,49,41,0.8367346938775511,0.7407407407407407,0.9545454545454546,0.0,0.5375,2.1110130214080747,0.4499999999999999,126
level,7,roving_ramp50,0.1406494373123539,0.0893078818605358,0.0,5.2151741456164,0.955512118159495,5.2151741456164,0.0,1.1263011761561612,2.914061063228313,0.0,22,21,6,0,9,14,2,0,3,0,17,43,23,0.5348837209302325,0.4090909090909091,0.6666666666666666,0.0,2.0516666666666667,3.02690090584688,0.145125,45
level,10,roving_mixed,0.2629914458327206,0.3722671174180415,0.0,3.877433390114247,1.2047521403545804,3.877433390114247,0.0,1.331732213819445,2.867297795062763,0.0,17,25,0,0,5,19,0,0,16,2,28,42,24,0.5714285714285714,0.2941176470588235,0.76,0.6502302898943375,3.0758333333333336,3.767461462254936,0.3959505061867266,70
level,9,ramp,0.1636809390108907,0.1574318298087088,0.0,3.613817227042569,1.0557481134820608,3.613817227042569,0.0,1.1740951566958546,2.4448870582385736,0.0,0,42,12,0,0,35,3,0,5,1,41,42,35,0.8333333333333334,,0.8333333333333334,5.0,0.2,3.231032515687399,0.2362499999999999,85
level,10,ramp,0.2629914458327206,0.3722671174180415,0.0,3.877433390114247,1.2047521403545804,3.877433390114247,0.0,1.331732213819445,2.867297795062763,0.0,0,37,15,0,0,37,1,0,0,0,65,37,37,1.0,,1.0,0.0,0.2,2.799545454545461,0.4499999999999999,103
level,6,roving_mixed,0.140198747674723,0.1010357696984437,0.0,3.072081991078502,0.5379863685670314,3.072081991078502,0.0,0.6385924029380672,3.6095532981771328,0.0,30,22,0,0,13,16,0,0,20,1,7,52,29,0.5576923076923077,0.4333333333333333,0.7272727272727273,0.6629834254143646,1.5083333333333333,2.6566455696203155,0.0683137928123091,57
level,7,roving_mixed,0.1406494373123539,0.0893078818605358,0.0,5.2151741456164,0.955512118159495,5.2151741456164,0.0,1.1263011761561612,2.914061063228313,0.0,25,26,0,0,10,10,0,0,8,0,2,51,20,0.392156862745098,0.4,0.3846153846153846,0.0,1.4783333333333333,3.295657962109612,0.0609214783242483,30
level,11,roving_mixed,0.2380212109958092,0.1673845567561944,0.0,3.5960549329744493,1.085153945326476,3.5960549329744493,0.0,1.2029193002999443,2.8424529793717306,0.0,20,25,0,0,3,9,0,0,6,1,4,45,12,0.2666666666666666,0.15,0.36,0.8571428571428571,1.1666666666666667,5.234405958767024,0.2092426187419769,23
level,9,roving_mixed,0.1636809390108907,0.1574318298087088,0.0,3.613817227042569,1.0557481134820608,3.613817227042569,0.0,1.1740951566958546,2.4448870582385736,0.0,19,27,0,0,9,18,0,0,20,2,14,46,27,0.5869565217391305,0.4736842105263157,0.6666666666666666,2.9447852760736195,0.6791666666666667,2.610348209906825,0.1196143902791844,63
level,7,ramp,0.1406494373123539,0.0893078818605358,0.0,5.2151741456164,0.955512118159495,5.2151741456164,0.0,1.1263011761561612,2.914061063228313,0.0,0,45,9,0,0,29,0,0,3,0,15,45,29,0.6444444444444445,,0.6444444444444445,0.0,0.2,4.54457676215006,0.15625,47
level,11,roving_ramp,0.2380212109958092,0.1673845567561944,0.0,3.5960549329744493,1.085153945326476,3.5960549329744493,0.0,1.2029193002999443,2.8424529793717306,0.0,34,7,6,0,14,5,1,0,8,0,11,41,19,0.4634146341463415,0.4117647058823529,0.7142857142857143,0.0,3.626666666666667,2.2132934763495733,0.4185,39
level,11,roving_ramp50,0.2380212109958092,0.1673845567561944,0.0,3.5960549329744493,1.085153945326476,3.5960549329744493,0.0,1.2029193002999443,2.8424529793717306,0.0,27,21,6,0,3,16,0,0,1,0,23,48,19,0.3958333333333333,0.1111111111111111,0.7619047619047619,0.0,1.0466666666666666,3.433789099082273,0.293,43
level,12,roving_mixed,0.1577497440900831,0.0885489834142031,0.0,2.387674036722006,0.7216839480296412,2.387674036722006,0.0,0.7998766580233457,2.8765015913225707,0.0,25,25,0,0,10,15,0,0,12,0,10,50,25,0.5,0.4,0.6,0.0,0.7725000000000001,3.775110375275992,0.0671251719394772,47
level,13,ramp,0.0112744585563519,0.04,0.0,4.043796045850564,0.7911341927523143,4.043796045850564,0.0,0.9235623913354764,2.2955380584499205,0.0,0,41,12,0,0,34,11,0,12,0,23,41,34,0.8292682926829268,,0.8292682926829268,0.0,0.2,3.6706730769230953,0.055,80
level,12,ramp,0.1577497440900831,0.0885489834142031,0.0,2.387674036722006,0.7216839480296412,2.387674036722006,0.0,0.7998766580233457,2.8765015913225707,0.0,0,38,15,0,0,21,5,0,12,0,7,38,21,0.5526315789473685,,0.5526315789473685,0.0,0.2,3.138062871707751,0.13275,45
level,13,roving_ramp,0.0112744585563519,0.04,0.0,4.043796045850564,0.7911341927523143,4.043796045850564,0.0,0.9235623913354764,2.2955380584499205,0.0,38,11,3,0,19,10,3,0,34,5,18,49,29,0.5918367346938775,0.5,0.9090909090909092,5.464480874316939,0.915,2.727352297593013,0.05,89
level,12,roving_ramp,0.1577497440900831,0.0885489834142031,0.0,2.387674036722006,0.7216839480296412,2.387674036722006,0.0,0.7998766580233457,2.8765015913225707,0.0,34,12,2,0,13,7,1,0,10,1,7,46,20,0.4347826086956521,0.3823529411764705,0.5833333333333334,0.3733665214685749,2.6783333333333337,2.860236606688104,0.155,39
level,13,roving_ramp50,0.0112744585563519,0.04,0.0,4.043796045850564,0.7911341927523143,4.043796045850564,0.0,0.9235623913354764,2.2955380584499205,0.0,26,22,5,0,17,16,5,0,27,1,25,48,33,0.6875,0.6538461538461539,0.7272727272727273,1.3377926421404682,0.7475,2.282446808510672,0.05,91
level,14,roving_ramp50,0.1358068394751925,0.135978620569999,0.0,4.520490521780991,1.064812509865429,4.520490521780991,0.0,1.2128517308657054,2.433849237243145,0.0,27,24,2,0,13,21,1,0,15,1,41,51,34,0.6666666666666666,0.4814814814814814,0.875,0.5943536404160475,1.6825,1.9666968230707416,0.2039999999999999,92
level,15,ramp,0.1019809878758917,0.0801239344098923,0.0,3.6432502136357767,0.7108867220222775,3.6432502136357767,0.0,0.830197650988287,2.776348045513979,0.0,0,38,15,0,0,27,10,0,2,0,18,38,27,0.7105263157894737,,0.7105263157894737,0.0,0.2,3.7121310062486654,0.1202499999999999,57
level,11,ramp,0.2380212109958092,0.1673845567561944,0.0,3.5960549329744493,1.085153945326476,3.5960549329744493,0.0,1.2029193002999443,2.8424529793717306,0.0,0,37,13,0,0,25,0,0,2,0,22,37,25,0.6756756756756757,,0.6756756756756757,0.0,0.2,4.089104817035361,0.2509999999999999,49
level,15,roving_ramp50,0.1019809878758917,0.0801239344098923,0.0,3.6432502136357767,0.7108867220222775,3.6432502136357767,0.0,0.830197650988287,2.776348045513979,0.0,21,16,11,0,11,15,4,0,15,2,15,37,26,0.7027027027027027,0.5238095238095238,0.9375,1.162790697674419,1.72,2.5955931069547704,0.1202499999999999,62
level,12,roving_ramp50,0.1577497440900831,0.0885489834142031,0.0,2.387674036722006,0.7216839480296412,2.387674036722006,0.0,0.7998766580233457,2.8765015913225707,0.0,26,19,9,0,13,11,5,0,11,0,11,45,24,0.5333333333333333,0.5,0.5789473684210527,0.0,1.1975000000000002,3.070847217636958,0.177,51
level,14,ramp,0.1358068394751925,0.135978620569999,0.0,4.520490521780991,1.064812509865429,4.520490521780991,0.0,1.2128517308657054,2.433849237243145,0.0,0,35,19,0,0,28,8,0,4,0,29,35,28,0.8,,0.8,0.0,0.2,4.149242424242437,0.2209999999999999,69
level,14,roving_mixed,0.1358068394751925,0.135978620569999,0.0,4.520490521780991,1.064812509865429,4.520490521780991,0.0,1.2128517308657054,2.433849237243145,0.0,19,23,0,0,12,14,0,0,19,1,12,42,26,0.6190476190476191,0.631578947368421,0.6086956521739131,0.4741209008297115,2.109166666666667,3.0328450532993045,0.1408279300054258,58
level,16,ramp,0.1217997499456538,0.1794116681831532,0.0,4.583305815651055,0.713823020159347,4.583305815651055,0.0,0.8639193469375521,3.1777540427718245,0.0,0,41,11,0,0,40,2,0,5,0,90,41,40,0.975609756097561,,0.975609756097561,0.0,0.1333333333333333,3.362525675318901,0.2466249999999999,137
level,14,roving_ramp,0.1358068394751925,0.135978620569999,0.0,4.520490521780991,1.064812509865429,4.520490521780991,0.0,1.2128517308657054,2.433849237243145,0.0,42,13,1,0,22,11,0,0,14,0,26,55,33,0.6,0.5238095238095238,0.8461538461538461,0.0,2.0558333333333336,2.3318318318318374,0.2039999999999999,73
level,15,roving_mixed,0.1019809878758917,0.0801239344098923,0.0,3.6432502136357767,0.7108867220222775,3.6432502136357767,0.0,0.830197650988287,2.776348045513979,0.0,16,25,0,0,8,13,0,0,21,4,9,41,21,0.5121951219512195,0.5,0.52,1.59256801592568,2.511666666666667,2.663672963765881,0.0455945779420825,55
level,13,roving_mixed,0.0112744585563519,0.04,0.0,4.043796045850564,0.7911341927523143,4.043796045850564,0.0,0.9235623913354764,2.2955380584499205,0.0,23,16,0,0,15,13,0,0,35,13,19,39,28,0.717948717948718,0.6521739130434783,0.8125,2.262837249782419,5.745000000000001,1.6003633585566477,0.0149860299720598,95
level,16,roving_ramp,0.1217997499456538,0.1794116681831532,0.0,4.583305815651055,0.713823020159347,4.583305815651055,0.0,0.8639193469375521,3.1777540427718245,0.0,37,9,5,0,27,8,1,0,21,3,51,46,35,0.7608695652173914,0.7297297297297297,0.8888888888888888,1.1642949547218626,2.576666666666667,1.4266886326194452,0.2689999999999999,111
level,16,roving_ramp50,0.1217997499456538,0.1794116681831532,0.0,4.583305815651055,0.713823020159347,4.583305815651055,0.0,0.8639193469375521,3.1777540427718245,0.0,28,24,4,0,18,23,1,0,13,1,90,52,41,0.7884615384615384,0.6428571428571429,0.9583333333333334,1.1374407582938388,0.8791666666666667,1.7350668927831294,0.1795,146
level,15,roving_ramp,0.1019809878758917,0.0801239344098923,0.0,3.6432502136357767,0.7108867220222775,3.6432502136357767,0.0,0.830197650988287,2.776348045513979,0.0,41,10,4,0,21,8,4,0,17,1,9,51,29,0.5686274509803921,0.5121951219512195,0.8,0.3801076971808678,2.630833333333334,2.9031466190583024,0.18025,60
level,16,roving_mixed,0.1217997499456538,0.1794116681831532,0.0,4.583305815651055,0.713823020159347,4.583305815651055,0.0,0.8639193469375521,3.1777540427718245,0.0,17,28,0,0,10,16,0,0,19,1,12,45,26,0.5777777777777777,0.5882352941176471,0.5714285714285714,0.3815580286168522,2.620833333333333,3.308965530502316,0.1140022722745741,58
level,18,roving_ramp50,0.2218537590088666,0.2049242361975043,0.0,3.4315244186234897,0.9348601060690624,3.4315244186234897,0.0,1.0472373357809177,3.0749018250609064,0.0,25,21,5,0,13,18,1,0,16,1,37,46,31,0.6739130434782609,0.52,0.8571428571428571,0.6666666666666666,1.5,2.143028557715384,0.281875,86
level,17,roving_ramp50,0.2963896842702178,0.2704492422251169,0.0,2.8762412594397806,1.0345405365592957,2.8762412594397806,0.0,1.1287330834532026,3.063814630093306,0.0,26,19,9,0,13,16,1,0,8,0,24,45,29,0.6444444444444445,0.5,0.8421052631578947,0.0,1.2625,2.019441831295045,0.40575,62
level,18,ramp,0.2218537590088666,0.2049242361975043,0.0,3.4315244186234897,0.9348601060690624,3.4315244186234897,0.0,1.0472373357809177,3.0749018250609064,0.0,0,45,9,0,0,38,0,0,3,0,41,45,38,0.8444444444444444,,0.8444444444444444,0.0,0.2,3.359640749938493,0.3075,82
level,18,roving_ramp,0.2218537590088666,0.2049242361975043,0.0,3.4315244186234897,0.9348601060690624,3.4315244186234897,0.0,1.0472373357809177,3.0749018250609064,0.0,35,13,4,0,16,7,0,0,9,1,27,48,23,0.4791666666666667,0.4571428571428571,0.5384615384615384,0.3899902502437438,2.564166666666667,1.278804471822948,0.3075,60
level,17,ramp,0.2963896842702178,0.2704492422251169,0.0,2.8762412594397806,1.0345405365592957,2.8762412594397806,0.0,1.1287330834532026,3.063814630093306,0.0,0,41,13,0,0,33,2,0,3,0,17,41,33,0.8048780487804879,,0.8048780487804879,0.0,0.1333333333333333,4.2586858006042085,0.40575,55
level,19,roving_ramp,0.3292396673618295,0.4203776829693886,0.0,3.1665841894909152,1.4114453149270083,3.1665841894909152,0.0,1.5151461532288075,2.576100164160508,0.0,35,9,5,0,19,8,1,0,9,2,43,44,27,0.6136363636363636,0.5428571428571428,0.8888888888888888,0.5139186295503212,3.8916666666666666,1.624192854068035,0.4499999999999999,82
level,19,roving_ramp50,0.3292396673618295,0.4203776829693886,0.0,3.1665841894909152,1.4114453149270083,3.1665841894909152,0.0,1.5151461532288075,2.576100164160508,0.0,25,11,13,0,13,9,2,0,2,1,40,36,22,0.6111111111111112,0.52,0.8181818181818182,0.4285714285714285,2.333333333333333,1.3037804219928912,0.4205000000000001,67
level,17,roving_mixed,0.2963896842702178,0.2704492422251169,0.0,2.8762412594397806,1.0345405365592957,2.8762412594397806,0.0,1.1287330834532026,3.063814630093306,0.0,21,23,0,0,12,11,0,0,12,0,12,44,23,0.5227272727272727,0.5714285714285714,0.4782608695652174,0.0,2.0316666666666667,3.4845384794234566,0.3687707641196014,47
level,20,roving_ramp,0.2587355733347694,0.3029716762035865,0.0,3.837709546724776,1.0645938317416008,3.837709546724776,0.0,1.19027300947354,3.151595688701299,0.0,40,9,3,0,25,9,0,0,9,0,56,49,34,0.6938775510204082,0.625,1.0,0.0,1.7966666666666669,2.336843675004294,0.5302500000000001,99
level,21,roving_ramp50,0.1788799640384556,0.1707908343490804,0.0,4.841374281641147,0.9397700749136892,4.841374281641147,0.0,1.0983177532622228,3.2970536165466777,0.0,30,18,9,0,15,18,1,0,7,0,37,48,33,0.6875,0.5,1.0,0.0,0.7833333333333333,2.3559663865546114,0.25625,78
level,19,ramp,0.3292396673618295,0.4203776829693886,0.0,3.1665841894909152,1.4114453149270083,3.1665841894909152,0.0,1.5151461532288075,2.576100164160508,0.0,0,40,11,0,0,34,0,0,2,0,34,40,34,0.85,,0.85,0.0,0.1333333333333333,3.614969801553075,0.4499999999999999,70
level,20,roving_ramp50,0.2587355733347694,0.3029716762035865,0.0,3.837709546724776,1.0645938317416008,3.837709546724776,0.0,1.19027300947354,3.151595688701299,0.0,24,22,5,0,21,22,4,0,15,1,68,46,43,0.9347826086956522,0.875,1.0,0.6048387096774194,1.653333333333333,2.192064264849072,0.414375,131
level,17,roving_ramp,0.2963896842702178,0.2704492422251169,0.0,2.8762412594397806,1.0345405365592957,2.8762412594397806,0.0,1.1287330834532026,3.063814630093306,0.0,38,10,2,0,18,8,1,0,8,1,26,48,26,0.5416666666666666,0.4736842105263157,0.8,0.2742857142857143,3.6458333333333335,1.5252837232767331,0.371875,62
level,19,roving_mixed,0.3292396673618295,0.4203776829693886,0.0,3.1665841894909152,1.4114453149270083,3.1665841894909152,0.0,1.5151461532288075,2.576100164160508,0.0,22,24,0,0,17,14,0,0,14,2,27,46,31,0.6739130434782609,0.7727272727272727,0.5833333333333334,1.3706453455168472,1.459166666666667,1.6879354602126793,0.3726375474531615,74
level,20,ramp,0.2587355733347694,0.3029716762035865,0.0,3.837709546724776,1.0645938317416008,3.837709546724776,0.0,1.19027300947354,3.151595688701299,0.0,0,38,13,0,0,35,3,0,1,0,67,38,35,0.9210526315789472,,0.9210526315789472,0.0,0.2,3.1101147776183704,0.4499999999999999,106
level,21,roving_ramp,0.1788799640384556,0.1707908343490804,0.0,4.841374281641147,0.9397700749136892,4.841374281641147,0.0,1.0983177532622228,3.2970536165466777,0.0,38,15,0,0,23,13,0,0,8,0,40,53,36,0.6792452830188679,0.6052631578947368,0.8666666666666667,0.0,1.7325000000000002,1.8526719026344551,0.25625,84
level,20,roving_mixed,0.2587355733347694,0.3029716762035865,0.0,3.837709546724776,1.0645938317416008,3.837709546724776,0.0,1.19027300947354,3.151595688701299,0.0,23,21,0,0,14,8,0,0,12,1,19,44,22,0.5,0.6086956521739131,0.3809523809523809,0.7797270955165693,1.2825,2.856510157080498,0.3238209942496983,54
level,21,ramp,0.1788799640384556,0.1707908343490804,0.0,4.841374281641147,0.9397700749136892,4.841374281641147,0.0,1.0983177532622228,3.2970536165466777,0.0,0,44,11,0,0,38,2,0,3,0,54,44,38,0.8636363636363636,,0.8636363636363636,0.0,0.2,3.748481397114662,0.277625,97
level,22,roving_ramp,0.2518398481037516,0.2674115841564448,0.0,3.426804870677776,0.9137405050207776,3.426804870677776,0.0,1.025963176682353,3.470337404513101,0.0,38,12,1,0,21,11,0,0,3,1,39,50,32,0.64,0.5526315789473685,0.9166666666666666,0.6030150753768844,1.6583333333333334,2.079683828260519,0.401,75
level,21,roving_mixed,0.1788799640384556,0.1707908343490804,0.0,4.841374281641147,0.9397700749136892,4.841374281641147,0.0,1.0983177532622228,3.2970536165466777,0.0,16,23,0,0,8,10,0,0,9,0,16,39,18,0.4615384615384615,0.5,0.4347826086956521,0.0,3.1125,3.4716535403012365,0.2230859809581699,43
level,18,roving_mixed,0.2218537590088666,0.2049242361975043,0.0,3.4315244186234897,0.9348601060690624,3.4315244186234897,0.0,1.0472373357809177,3.0749018250609064,0.0,26,24,0,0,12,12,0,0,8,1,16,50,24,0.48,0.4615384615384615,0.5,0.4462625511342505,2.2408333333333337,3.6198861484463953,0.2329517174424328,49
level,23,roving_ramp,0.1174804005024742,0.1585656858652133,0.0,7.2955519063970895,0.8585712346314966,7.2955519063970895,0.0,1.0974895148018078,3.440517103468736,0.0,41,10,4,0,26,10,1,0,9,0,65,51,36,0.7058823529411765,0.6341463414634146,1.0,0.0,1.4633333333333336,1.7917554999584269,0.23775,111
level,23,ramp,0.1174804005024742,0.1585656858652133,0.0,7.2955519063970895,0.8585712346314966,7.2955519063970895,0.0,1.0974895148018078,3.440517103468736,0.0,0,39,13,0,0,38,1,0,0,0,110,39,38,0.9743589743589745,,0.9743589743589745,0.0,0.2,3.5638960087880154,0.23775,149
level,23,roving_mixed,0.1174804005024742,0.1585656858652133,0.0,7.2955519063970895,0.8585712346314966,7.2955519063970895,0.0,1.0974895148018078,3.440517103468736,0.0,14,26,0,0,8,20,0,0,12,0,29,40,28,0.7,0.5714285714285714,0.7692307692307693,0.0,1.3758333333333337,4.345393087983132,0.1758432459556604,69
level,23,roving_ramp50,0.1174804005024742,0.1585656858652133,0.0,7.2955519063970895,0.8585712346314966,7.2955519063970895,0.0,1.0974895148018078,3.440517103468736,0.0,26,26,3,0,21,25,0,0,10,1,106,52,46,0.8846153846153846,0.8076923076923077,0.9615384615384616,0.9309542280837858,1.0741666666666667,1.7916223982955612,0.1585,163
level,22,ramp,0.2518398481037516,0.2674115841564448,0.0,3.426804870677776,0.9137405050207776,3.426804870677776,0.0,1.025963176682353,3.470337404513101,0.0,0,41,12,0,0,40,2,0,0,0,57,41,40,0.975609756097561,,0.975609756097561,0.0,0.1333333333333333,4.019602756889243,0.401,99
level,24,roving_ramp,0.0297434479040297,0.04,0.0,4.2709231305899085,0.5657496343480084,4.2709231305899085,0.0,0.7056159011078138,2.7939097856512465,0.0,39,11,3,0,20,10,4,0,33,1,13,50,30,0.6,0.5128205128205128,0.9090909090909092,0.6163328197226502,1.6225,2.8205549118657505,0.035,81
level,22,roving_mixed,0.2518398481037516,0.2674115841564448,0.0,3.426804870677776,0.9137405050207776,3.426804870677776,0.0,1.025963176682353,3.470337404513101,0.0,26,21,0,0,13,12,0,0,8,2,26,47,25,0.5319148936170213,0.5,0.5714285714285714,0.7310386841303685,2.7358333333333333,2.213325183374112,0.3563153677181169,61
level,25,roving_ramp50,0.1632437466811033,0.1767166588201055,0.0,4.341744539446776,0.6699740324227891,4.341744539446776,0.0,0.8121595931058526,3.884158879226826,0.0,25,20,9,0,18,15,2,0,10,0,39,45,33,0.7333333333333333,0.72,0.75,0.0,1.794166666666667,1.9853580416380727,0.2649999999999999,84
level,26,ramp,0.136279854893487,0.1429427554431732,0.0,4.037374076657309,1.0422188606574316,4.037374076657309,0.0,1.1744367494717587,2.403653894708468,0.0,0,29,23,0,0,25,11,0,3,0,38,29,25,0.8620689655172413,,0.8620689655172413,0.0,0.2,2.1585007902461046,0.143,77
level,25,roving_ramp,0.1632437466811033,0.1767166588201055,0.0,4.341744539446776,0.6699740324227891,4.341744539446776,0.0,0.8121595931058526,3.884158879226826,0.0,47,6,8,0,24,5,1,0,9,0,17,53,29,0.5471698113207547,0.5106382978723404,0.8333333333333334,0.0,1.2,1.449038891372377,0.3534999999999999,56
level,25,ramp,0.1632437466811033,0.1767166588201055,0.0,4.341744539446776,0.6699740324227891,4.341744539446776,0.0,0.8121595931058526,3.884158879226826,0.0,0,40,13,0,0,39,5,0,1,0,52,40,39,0.975,,0.975,0.0,0.2,3.9101123595505833,0.2649999999999999,97
level,22,roving_ramp50,0.2518398481037516,0.2674115841564448,0.0,3.426804870677776,0.9137405050207776,3.426804870677776,0.0,1.025963176682353,3.470337404513101,0.0,26,14,12,0,15,11,1,0,4,0,26,40,26,0.65,0.5769230769230769,0.7857142857142857,0.0,1.3191666666666668,1.8356031574565432,0.401,57
level,24,roving_ramp50,0.0297434479040297,0.04,0.0,4.2709231305899085,0.5657496343480084,4.2709231305899085,0.0,0.7056159011078138,2.7939097856512465,0.0,27,19,7,0,14,12,8,0,19,2,16,46,26,0.5652173913043478,0.5185185185185185,0.631578947368421,1.4067995310668229,1.4216666666666669,1.805359847119115,0.035,71
level,24,ramp,0.0297434479040297,0.04,0.0,4.2709231305899085,0.5657496343480084,4.2709231305899085,0.0,0.7056159011078138,2.7939097856512465,0.0,0,35,18,0,0,25,21,0,9,0,21,35,25,0.7142857142857143,,0.7142857142857143,0.0,0.2,3.395833333333342,0.06,76
level,27,roving_ramp,0.1384103845832058,0.1378526059562128,0.0,4.637785442098807,1.131929522308717,4.637785442098807,0.0,1.283809974376169,2.3499202654848963,0.0,40,12,1,0,22,10,0,0,14,5,36,52,32,0.6153846153846154,0.55,0.8333333333333334,1.4962593516209477,3.341666666666667,1.74427832141634,0.155,87
level,27,roving_mixed,0.1384103845832058,0.1378526059562128,0.0,4.637785442098807,1.131929522308717,4.637785442098807,0.0,1.283809974376169,2.3499202654848963,0.0,24,19,0,0,13,10,0,0,11,3,14,43,23,0.5348837209302325,0.5416666666666666,0.5263157894736842,0.7898200965335673,3.798333333333333,1.9540229885058191,0.1409859435658128,51
level,27,roving_ramp50,0.1384103845832058,0.1378526059562128,0.0,4.637785442098807,1.131929522308717,4.637785442098807,0.0,1.283809974376169,2.3499202654848963,0.0,27,22,5,0,15,19,2,0,14,2,48,49,34,0.6938775510204082,0.5555555555555556,0.8636363636363636,1.3114754098360657,1.525,1.9980764558503263,0.20675,100
level,24,roving_mixed,0.0297434479040297,0.04,0.0,4.2709231305899085,0.5657496343480084,4.2709231305899085,0.0,0.7056159011078138,2.7939097856512465,0.0,24,23,0,0,14,16,0,0,18,2,19,47,30,0.6382978723404256,0.5833333333333334,0.6956521739130435,0.9933774834437084,2.0133333333333336,3.026642171449176,0.0270956595598315,69
level,26,roving_ramp,0.136279854893487,0.1429427554431732,0.0,4.037374076657309,1.0422188606574316,4.037374076657309,0.0,1.1744367494717587,2.403653894708468,0.0,41,10,4,0,19,7,2,0,15,2,7,51,26,0.5098039215686274,0.4634146341463415,0.7,1.273209549071618,1.5708333333333333,2.1633957128999914,0.2502500000000001,52
level,28,ramp,0.2131294589442533,0.1814307426053459,0.0,4.59765243460893,0.9278889635109132,4.59765243460893,0.0,1.078455120340587,3.694032517786716,0.0,0,43,8,0,0,38,1,0,2,0,53,43,38,0.8837209302325582,,0.8837209302325582,0.0,0.2,4.415144947931311,0.3627499999999999,94
level,26,roving_mixed,0.136279854893487,0.1429427554431732,0.0,4.037374076657309,1.0422188606574316,4.037374076657309,0.0,1.1744367494717587,2.403653894708468,0.0,21,21,0,0,11,7,0,0,16,1,16,42,18,0.4285714285714285,0.5238095238095238,0.3333333333333333,0.5352363960749331,1.8683333333333327,2.499783047994291,0.1465878295146587,51
level,28,roving_ramp50,0.2131294589442533,0.1814307426053459,0.0,4.59765243460893,0.9278889635109132,4.59765243460893,0.0,1.078455120340587,3.694032517786716,0.0,28,25,4,0,9,21,0,0,3,0,46,53,30,0.5660377358490566,0.3214285714285714,0.84,0.0,0.6091666666666667,3.505982653785214,0.3175,79
level,29,ramp,0.1862520937226998,0.148626180654073,0.0,3.833527503358373,1.1086819873000653,3.833527503358373,0.0,1.2342242094429663,2.529989872822016,0.0,0,39,14,0,0,29,3,0,2,0,48,39,29,0.7435897435897436,,0.7435897435897436,0.0,0.1333333333333333,2.91924066924066,0.2229999999999999,82
level,27,ramp,0.1384103845832058,0.1378526059562128,0.0,4.637785442098807,1.131929522308717,4.637785442098807,0.0,1.283809974376169,2.3499202654848963,0.0,0,39,16,0,0,30,6,0,5,0,55,39,30,0.7692307692307693,,0.7692307692307693,0.0,0.1333333333333333,3.82202662535798,0.20675,96
leaky,0,roving_ramp50,0.065488626339779,0.0733335850591183,0.0,1.988803563262569,0.432039270823466,1.988803563262569,0.0,0.4971695766629235,2.385687446905749,0.2610472654568055,23,21,6,0,13,13,4,0,26,1,14,44,26,0.5909090909090909,0.5652173913043478,0.6190476190476191,0.7874015748031495,1.27,1.4949551115442836,0.07325,71
level,26,roving_ramp50,0.136279854893487,0.1429427554431732,0.0,4.037374076657309,1.0422188606574316,4.037374076657309,0.0,1.1744367494717587,2.403653894708468,0.0,31,21,7,0,16,15,2,0,11,1,26,52,31,0.5961538461538461,0.5161290322580645,0.7142857142857143,0.6711409395973155,1.49,2.3549008810572967,0.2145,71
leaky,0,ramp,0.065488626339779,0.0733335850591183,0.0,1.988803563262569,0.432039270823466,1.988803563262569,0.0,0.4971695766629235,2.385687446905749,0.2610472654568055,0,38,15,0,0,28,19,0,13,0,13,38,28,0.7368421052631579,,0.7368421052631579,0.0,0.1333333333333333,3.462097569641026,0.09175,73
level,28,roving_mixed,0.2131294589442533,0.1814307426053459,0.0,4.59765243460893,0.9278889635109132,4.59765243460893,0.0,1.078455120340587,3.694032517786716,0.0,32,21,0,0,10,10,0,0,4,0,5,53,20,0.3773584905660377,0.3125,0.4761904761904761,0.0,1.1166666666666667,3.1534891401484293,0.2648015524047014,29
level,28,roving_ramp,0.2131294589442533,0.1814307426053459,0.0,4.59765243460893,0.9278889635109132,4.59765243460893,0.0,1.078455120340587,3.694032517786716,0.0,37,7,5,0,16,7,0,0,8,1,30,44,23,0.5227272727272727,0.4324324324324324,1.0,0.330396475770925,3.026666666666667,1.702920016927659,0.2722500000000001,62
level,29,roving_ramp,0.1862520937226998,0.148626180654073,0.0,3.833527503358373,1.1086819873000653,3.833527503358373,0.0,1.2342242094429663,2.529989872822016,0.0,38,13,1,0,16,10,0,0,14,1,19,51,26,0.5098039215686274,0.4210526315789473,0.7692307692307693,0.5141388174807198,1.945,1.8888338634640192,0.334375,60
level,25,roving_mixed,0.1632437466811033,0.1767166588201055,0.0,4.341744539446776,0.6699740324227891,4.341744539446776,0.0,0.8121595931058526,3.884158879226826,0.0,19,19,0,0,10,11,0,0,15,2,5,38,21,0.5526315789473685,0.5263157894736842,0.5789473684210527,0.6077487971638389,3.290833333333333,3.951890034364263,0.1818181818181818,43
leaky,1,roving_ramp,0.2361821947432025,0.2134934489451574,0.0,4.335706325540536,0.3757458130535907,4.335706325540536,0.0,0.5177336313725003,2.575047670465783,0.6913010036031013,37,11,1,0,15,9,0,0,14,0,30,48,24,0.5,0.4054054054054054,0.8181818181818182,0.0,1.409166666666667,1.8706492776349792,0.3734999999999999,68
level,29,roving_ramp50,0.1862520937226998,0.148626180654073,0.0,3.833527503358373,1.1086819873000653,3.833527503358373,0.0,1.2342242094429663,2.529989872822016,0.0,25,21,5,0,7,16,1,0,11,0,22,46,23,0.5,0.28,0.7619047619047619,0.0,1.82,3.621181262729131,0.2415,57
leaky,0,roving_mixed,0.065488626339779,0.0733335850591183,0.0,1.988803563262569,0.432039270823466,1.988803563262569,0.0,0.4971695766629235,2.385687446905749,0.2610472654568055,25,17,0,0,12,14,0,0,26,6,14,42,26,0.6190476190476191,0.48,0.8235294117647058,2.521008403361344,2.3800000000000003,3.088844342672443,0.0474083822290183,72
leaky,1,ramp,0.2361821947432025,0.2134934489451574,0.0,4.335706325540536,0.3757458130535907,4.335706325540536,0.0,0.5177336313725003,2.575047670465783,0.6913010036031013,0,39,14,0,0,34,1,0,2,0,52,39,34,0.8717948717948718,,0.8717948717948718,0.0,0.2,3.93159844518489,0.346875,89
leaky,0,roving_ramp,0.065488626339779,0.0733335850591183,0.0,1.988803563262569,0.432039270823466,1.988803563262569,0.0,0.4971695766629235,2.385687446905749,0.2610472654568055,42,13,1,0,21,6,4,0,31,2,10,55,27,0.4909090909090909,0.5,0.4615384615384615,1.5915119363395225,1.2566666666666668,1.96782178217822,0.03675,74
level,29,roving_mixed,0.1862520937226998,0.148626180654073,0.0,3.833527503358373,1.1086819873000653,3.833527503358373,0.0,1.2342242094429663,2.529989872822016,0.0,27,21,0,0,13,13,0,0,12,4,5,48,26,0.5416666666666666,0.4814814814814814,0.6190476190476191,1.803833145434047,2.2175,3.8144732878453342,0.1962174940898344,47
leaky,2,roving_ramp50,0.2959935906877672,0.2948186624339132,0.0,2.98477463812678,0.3686956529437734,2.98477463812678,0.0,0.4664425036805788,3.2401880275351727,0.3556519579157912,23,17,11,0,14,12,1,0,10,1,20,40,26,0.65,0.6086956521739131,0.7058823529411765,0.4794246903715541,2.085833333333333,2.013934930190862,0.44225,58
leaky,5,roving_ramp,0.0842753215380074,0.1253029671469698,0.0,6.015490343283258,0.3461919667624309,6.015490343283258,0.0,0.5431901686309057,2.5544664230416183,0.4217601937029994,42,10,4,0,35,10,2,0,24,0,52,52,45,0.8653846153846154,0.8333333333333334,1.0,0.0,1.27,1.3609480321809266,0.12525,123
leaky,2,roving_ramp,0.2959935906877672,0.2948186624339132,0.0,2.98477463812678,0.3686956529437734,2.98477463812678,0.0,0.4664425036805788,3.2401880275351727,0.3556519579157912,40,12,1,0,22,10,0,0,6,0,30,52,32,0.6153846153846154,0.55,0.8333333333333334,0.0,2.6158333333333337,1.1693424281263214,0.446125,68
leaky,2,ramp,0.2959935906877672,0.2948186624339132,0.0,2.98477463812678,0.3686956529437734,2.98477463812678,0.0,0.4664425036805788,3.2401880275351727,0.3556519579157912,0,39,14,0,0,33,1,0,0,0,27,39,33,0.8461538461538461,,0.8461538461538461,0.0,0.1333333333333333,3.978021978022064,0.44225,61
leaky,1,roving_mixed,0.2361821947432025,0.2134934489451574,0.0,4.335706325540536,0.3757458130535907,4.335706325540536,0.0,0.5177336313725003,2.575047670465783,0.6913010036031013,27,15,0,0,17,11,0,0,12,1,25,42,28,0.6666666666666666,0.6296296296296297,0.7333333333333333,0.510204081632653,1.96,2.053966257217259,0.2465631929046563,66
leaky,4,roving_ramp,0.0100013373778227,0.04,0.0,4.6902036397528,0.3812720677064135,4.6902036397528,0.0,0.5348691363909223,2.217042448005884,0.3307812275081124,40,8,5,0,18,7,6,0,28,6,15,48,25,0.5208333333333334,0.45,0.875,2.819107282693813,2.1283333333333334,2.279059145923722,0.04,80
leaky,1,roving_ramp50,0.2361821947432025,0.2134934489451574,0.0,4.335706325540536,0.3757458130535907,4.335706325540536,0.0,0.5177336313725003,2.575047670465783,0.6913010036031013,29,20,5,0,14,18,0,0,2,1,47,49,32,0.6530612244897959,0.4827586206896552,0.9,0.9237875288683602,1.0825,2.855017038396543,0.373625,82
leaky,4,roving_ramp50,0.0100013373778227,0.04,0.0,4.6902036397528,0.3812720677064135,4.6902036397528,0.0,0.5348691363909223,2.217042448005884,0.3307812275081124,31,18,9,0,18,12,4,0,30,4,23,49,30,0.6122448979591837,0.5806451612903226,0.6666666666666666,4.367606915377616,0.9158333333333334,2.149698387880611,0.06,91
leaky,4,roving_mixed,0.0100013373778227,0.04,0.0,4.6902036397528,0.3812720677064135,4.6902036397528,0.0,0.5348691363909223,2.217042448005884,0.3307812275081124,27,21,0,0,11,17,0,0,34,5,17,48,28,0.5833333333333334,0.4074074074074074,0.8095238095238095,2.6501766784452294,1.8866666666666667,2.085573194545664,0.0146952541556251,84
leaky,3,roving_ramp,0.1106783727727161,0.0878697601958136,0.0,4.635666331573583,0.4172281763753735,4.635666331573583,0.0,0.5690392307812543,2.658367030367509,0.3114099674203271,38,9,4,0,19,9,3,0,14,0,12,47,28,0.5957446808510638,0.5,1.0,0.0,1.745,1.446773304603941,0.1757499999999999,57
leaky,3,roving_mixed,0.1106783727727161,0.0878697601958136,0.0,4.635666331573583,0.4172281763753735,4.635666331573583,0.0,0.5690392307812543,2.658367030367509,0.3114099674203271,35,20,0,0,18,13,0,0,10,0,13,55,31,0.5636363636363636,0.5142857142857142,0.65,0.0,0.7275000000000001,2.740283919013274,0.069640644361834,54
leaky,5,roving_ramp50,0.0842753215380074,0.1253029671469698,0.0,6.015490343283258,0.3461919667624309,6.015490343283258,0.0,0.5431901686309057,2.5544664230416183,0.4217601937029994,25,23,4,0,18,20,2,0,18,1,65,48,38,0.7916666666666666,0.72,0.8695652173913043,0.7343941248470012,1.3616666666666668,2.324936840540952,0.2036249999999999,124
leaky,2,roving_mixed,0.2959935906877672,0.2948186624339132,0.0,2.98477463812678,0.3686956529437734,2.98477463812678,0.0,0.4664425036805788,3.2401880275351727,0.3556519579157912,26,16,0,0,14,9,0,0,12,2,17,42,23,0.5476190476190477,0.5384615384615384,0.5625,0.7113218731475992,2.811666666666667,2.0330910482019897,0.2798456650022696,54
leaky,6,roving_ramp50,0.1788321276156093,0.2118949064240854,0.0,4.761580756970663,0.3309026738874182,4.761580756970663,0.0,0.4868372351027186,3.42096446759934,0.3039803570407847,28,18,8,0,16,18,0,0,8,0,60,46,34,0.7391304347826086,0.5714285714285714,1.0,0.0,1.0091666666666668,2.4606082814217887,0.31775,102
leaky,5,roving_mixed,0.0842753215380074,0.1253029671469698,0.0,6.015490343283258,0.3461919667624309,6.015490343283258,0.0,0.5431901686309057,2.5544664230416183,0.4217601937029994,25,28,0,0,16,26,0,0,16,1,21,53,42,0.7924528301886793,0.64,0.9285714285714286,0.7142857142857143,1.4,2.121809790590931,0.0905567396087059,80
leaky,4,ramp,0.0100013373778227,0.04,0.0,4.6902036397528,0.3812720677064135,4.6902036397528,0.0,0.5348691363909223,2.217042448005884,0.3307812275081124,0,41,11,0,0,34,18,0,8,0,32,41,34,0.8292682926829268,,0.8292682926829268,0.0,0.2,2.1159793814433105,0.03,92
leaky,3,ramp,0.1106783727727161,0.0878697601958136,0.0,4.635666331573583,0.4172281763753735,4.635666331573583,0.0,0.5690392307812543,2.658367030367509,0.3114099674203271,0,45,9,0,0,36,4,0,6,0,36,45,36,0.8,,0.8,0.0,0.1333333333333333,2.9719675832228845,0.13175,82
leaky,6,ramp,0.1788321276156093,0.2118949064240854,0.0,4.761580756970663,0.3309026738874182,4.761580756970663,0.0,0.4868372351027186,3.42096446759934,0.3039803570407847,0,39,15,0,0,37,4,0,3,0,78,39,37,0.9487179487179488,,0.9487179487179488,0.0,0.2,3.076355748373103,0.31775,122
leaky,3,roving_ramp50,0.1106783727727161,0.0878697601958136,0.0,4.635666331573583,0.4172281763753735,4.635666331573583,0.0,0.5690392307812543,2.658367030367509,0.3114099674203271,30,20,7,0,9,15,1,0,6,0,20,50,24,0.48,0.3,0.75,0.0,1.544166666666667,2.906836178393082,0.15375,51
leaky,6,roving_ramp,0.1788321276156093,0.2118949064240854,0.0,4.761580756970663,0.3309026738874182,4.761580756970663,0.0,0.4868372351027186,3.42096446759934,0.3039803570407847,38,8,4,0,21,8,1,0,10,1,48,46,29,0.6304347826086957,0.5526315789473685,1.0,0.5333333333333333,1.875,1.278680910357651,0.31775,89
leaky,5,ramp,0.0842753215380074,0.1253029671469698,0.0,6.015490343283258,0.3461919667624309,6.015490343283258,0.0,0.5431901686309057,2.5544664230416183,0.4217601937029994,0,39,11,0,0,38,4,0,5,0,81,39,38,0.9743589743589745,,0.9743589743589745,0.0,0.2,3.015858050719106,0.12525,128
leaky,7,roving_ramp50,0.1457426515517567,0.1601522700527201,0.0,5.816663720987502,0.4666418322780896,5.816663720987502,0.0,0.6571287632707694,2.7377209377805984,0.4309094715410153,28,23,5,0,17,22,0,0,13,0,60,51,39,0.7647058823529411,0.6071428571428571,0.9565217391304348,0.0,0.6766666666666666,2.4442250740375573,0.24025,112
leaky,9,roving_ramp50,0.1009497643754572,0.1613320010024022,0.0,4.960208629227908,0.4154600275947852,4.960208629227908,0.0,0.5778993509230078,2.786443281326472,0.2755933557045576,27,19,8,0,21,19,6,0,26,1,73,46,40,0.8695652173913043,0.7777777777777778,1.0,0.7797270955165693,1.2825,2.1804657628012807,0.2017499999999999,146
leaky,9,roving_ramp,0.1009497643754572,0.1613320010024022,0.0,4.960208629227908,0.4154600275947852,4.960208629227908,0.0,0.5778993509230078,2.786443281326472,0.2755933557045576,33,9,5,0,23,8,2,0,9,0,46,42,31,0.7380952380952381,0.696969696969697,0.8888888888888888,0.0,1.7708333333333333,1.4575749807741816,0.1612499999999999,88
leaky,8,ramp,0.1218649199314858,0.113589983975347,0.0,4.442509898614609,0.3262347593822404,4.442509898614609,0.0,0.4717202330289842,3.1916851130328205,0.2143992441124412,0,41,11,0,0,33,2,0,4,1,40,41,33,0.8048780487804879,,0.8048780487804879,7.5,0.1333333333333333,3.4011646716272343,0.142,80
leaky,6,roving_mixed,0.1788321276156093,0.2118949064240854,0.0,4.761580756970663,0.3309026738874182,4.761580756970663,0.0,0.4868372351027186,3.42096446759934,0.3039803570407847,30,23,0,0,19,12,0,0,15,0,39,53,31,0.5849056603773585,0.6333333333333333,0.5217391304347826,0.0,2.299166666666667,2.388973577235774,0.1340856875591982,85
leaky,8,roving_ramp,0.1218649199314858,0.113589983975347,0.0,4.442509898614609,0.3262347593822404,4.442509898614609,0.0,0.4717202330289842,3.1916851130328205,0.2143992441124412,38,12,1,0,23,11,2,0,21,2,18,50,34,0.68,0.6052631578947368,0.9166666666666666,1.0475774770842423,1.909166666666667,1.3795248095452006,0.1705000000000001,77
leaky,7,roving_mixed,0.1457426515517567,0.1601522700527201,0.0,5.816663720987502,0.4666418322780896,5.816663720987502,0.0,0.6571287632707694,2.7377209377805984,0.4309094715410153,32,15,0,0,21,5,0,0,9,0,27,47,26,0.5531914893617021,0.65625,0.3333333333333333,0.0,2.4825000000000004,1.5601366136654184,0.1364659538548114,62
leaky,7,roving_ramp,0.1457426515517567,0.1601522700527201,0.0,5.816663720987502,0.4666418322780896,5.816663720987502,0.0,0.6571287632707694,2.7377209377805984,0.4309094715410153,48,10,5,0,28,9,2,0,14,0,42,58,37,0.6379310344827587,0.5833333333333334,0.9,0.0,1.5233333333333334,1.721893491124321,0.3202499999999999,95
leaky,9,ramp,0.1009497643754572,0.1613320010024022,0.0,4.960208629227908,0.4154600275947852,4.960208629227908,0.0,0.5778993509230078,2.786443281326472,0.2755933557045576,0,37,16,0,0,36,4,0,4,0,97,37,36,0.972972972972973,,0.972972972972973,0.0,0.2,2.359802737520156,0.242,141
leaky,7,ramp,0.1457426515517567,0.1601522700527201,0.0,5.816663720987502,0.4666418322780896,5.816663720987502,0.0,0.6571287632707694,2.7377209377805984,0.4309094715410153,0,42,13,0,0,37,1,0,1,0,85,42,37,0.8809523809523809,,0.8809523809523809,0.0,0.1333333333333333,3.715336520779759,0.2402499999999999,124
leaky,9,roving_mixed,0.1009497643754572,0.1613320010024022,0.0,4.960208629227908,0.4154600275947852,4.960208629227908,0.0,0.5778993509230078,2.786443281326472,0.2755933557045576,22,26,0,0,13,23,0,0,20,1,42,48,36,0.75,0.5909090909090909,0.8846153846153846,0.9360374414976596,1.0683333333333336,2.294377725000495,0.1258941344778255,99
leaky,11,roving_ramp,0.0100013373778227,0.04,0.0,4.154351954863282,0.3914351955274286,4.154351954863282,0.0,0.5274839327597398,2.5522995189717417,0.1759077608614909,39,11,3,0,25,9,3,0,32,4,15,50,34,0.68,0.6410256410256411,0.8181818181818182,4.363636363636364,0.9166666666666666,1.8976461716780035,0.03,88
leaky,8,roving_ramp50,0.1218649199314858,0.113589983975347,0.0,4.442509898614609,0.3262347593822404,4.442509898614609,0.0,0.4717202330289842,3.1916851130328205,0.2143992441124412,27,20,7,0,16,18,1,0,12,0,35,47,34,0.723404255319149,0.5925925925925926,0.9,0.0,0.5158333333333334,2.009721048258035,0.1419999999999999,82
leaky,10,roving_ramp,0.2508315245613768,0.177531511997164,0.0,3.0366532688910404,0.399100143013238,3.0366532688910404,0.0,0.4985459403683137,3.174838574894511,0.3094396519488179,41,9,5,0,11,3,1,0,10,0,10,50,14,0.28,0.2682926829268293,0.3333333333333333,0.0,1.1766666666666667,1.955126224147956,0.1775,35
leaky,10,ramp,0.2508315245613768,0.177531511997164,0.0,3.0366532688910404,0.399100143013238,3.0366532688910404,0.0,0.4985459403683137,3.174838574894511,0.3094396519488179,0,41,14,0,0,23,0,0,1,0,18,41,23,0.5609756097560976,,0.5609756097560976,0.0,0.1333333333333333,4.021276595744678,0.3107500000000001,42
leaky,12,roving_ramp50,0.1173861752032383,0.0949728640058819,0.0,3.39010946738562,0.5109487018947958,3.39010946738562,0.0,0.6219696546518656,2.3949054251849984,0.3145218981767678,26,21,8,0,19,15,6,0,20,2,15,47,34,0.723404255319149,0.7307692307692307,0.7142857142857143,3.1290743155149934,0.6391666666666667,2.4452680300857805,0.1899999999999999,77
leaky,10,roving_ramp50,0.2508315245613768,0.177531511997164,0.0,3.0366532688910404,0.399100143013238,3.0366532688910404,0.0,0.4985459403683137,3.174838574894511,0.3094396519488179,24,21,6,0,9,16,2,0,5,0,17,45,25,0.5555555555555556,0.375,0.7619047619047619,0.0,2.495833333333333,2.83692003948668,0.2885,49
leaky,8,roving_mixed,0.1218649199314858,0.113589983975347,0.0,4.442509898614609,0.3262347593822404,4.442509898614609,0.0,0.4717202330289842,3.1916851130328205,0.2143992441124412,27,27,0,0,15,17,0,0,24,0,16,54,32,0.5925925925925926,0.5555555555555556,0.6296296296296297,0.0,1.0808333333333335,1.9070392937580536,0.1020036429872495,72
leaky,15,roving_ramp,0.336180311317572,0.3574474260352323,0.0,3.833517978348669,0.5682172103821113,3.833517978348669,0.0,0.6937591205953645,3.082847113933544,0.4771167457883238,36,9,4,0,15,9,0,0,1,0,30,45,24,0.5333333333333333,0.4166666666666667,1.0,0.0,2.15,1.4597399524111765,0.4499999999999999,55
leaky,12,roving_ramp,0.1173861752032383,0.0949728640058819,0.0,3.39010946738562,0.5109487018947958,3.39010946738562,0.0,0.6219696546518656,2.3949054251849984,0.3145218981767678,40,7,6,0,26,6,4,0,22,1,12,47,32,0.6808510638297872,0.65,0.8571428571428571,0.4620716211012707,2.1641666666666666,1.764135215319829,0.1899999999999999,71
leaky,11,roving_ramp50,0.0100013373778227,0.04,0.0,4.154351954863282,0.3914351955274286,4.154351954863282,0.0,0.5274839327597398,2.5522995189717417,0.1759077608614909,25,22,5,0,18,20,2,0,26,2,15,47,38,0.8085106382978723,0.72,0.9090909090909092,1.4879107253564785,1.3441666666666667,3.396588164251225,0.065,83
leaky,12,ramp,0.1173861752032383,0.0949728640058819,0.0,3.39010946738562,0.5109487018947958,3.39010946738562,0.0,0.6219696546518656,2.3949054251849984,0.3145218981767678,0,44,10,0,0,33,3,0,14,0,27,44,33,0.75,,0.75,0.0,0.1333333333333333,3.955882352941167,0.1899999999999999,77
leaky,14,ramp,0.2139289984607926,0.1468142030509209,0.0,6.063005020971239,0.5264094929002334,6.063005020971239,0.0,0.7249637285303356,4.077126967907639,0.2717103393861787,0,37,17,0,0,24,0,0,0,0,31,37,24,0.6486486486486487,,0.6486486486486487,0.0,0.2,3.5792971655765147,0.2937499999999999,55
leaky,12,roving_mixed,0.1173861752032383,0.0949728640058819,0.0,3.39010946738562,0.5109487018947958,3.39010946738562,0.0,0.6219696546518656,2.3949054251849984,0.3145218981767678,23,22,0,0,11,13,0,0,21,5,19,45,24,0.5333333333333333,0.4782608695652174,0.5909090909090909,2.497918401332223,2.001666666666667,2.522260755816575,0.0616039426523297,69
leaky,10,roving_mixed,0.2508315245613768,0.177531511997164,0.0,3.0366532688910404,0.399100143013238,3.0366532688910404,0.0,0.4985459403683137,3.174838574894511,0.3094396519488179,23,20,0,0,10,5,0,0,5,2,10,43,15,0.3488372093023256,0.4347826086956521,0.25,0.7027818448023426,2.845833333333333,1.8604148660328368,0.1788978122403766,32
leaky,13,roving_ramp50,0.0608935948826366,0.0544646456499515,0.0,3.743793146664977,0.3369367063421882,3.743793146664977,0.0,0.4595402641525695,2.6852587503243504,0.2269659528938769,28,15,11,0,20,9,12,0,11,3,10,43,29,0.6744186046511628,0.7142857142857143,0.6,2.2988505747126435,1.3050000000000002,2.409406734366629,0.1089999999999999,65
leaky,13,roving_mixed,0.0608935948826366,0.0544646456499515,0.0,3.743793146664977,0.3369367063421882,3.743793146664977,0.0,0.4595402641525695,2.6852587503243504,0.2269659528938769,21,19,0,0,6,13,0,0,14,6,11,40,19,0.475,0.2857142857142857,0.6842105263157895,1.5761821366024518,3.806666666666666,2.168408551068952,0.0236176715754377,50
leaky,13,roving_ramp,0.0608935948826366,0.0544646456499515,0.0,3.743793146664977,0.3369367063421882,3.743793146664977,0.0,0.4595402641525695,2.6852587503243504,0.2269659528938769,38,11,2,0,20,9,3,0,28,1,15,49,29,0.5918367346938775,0.5263157894736842,0.8181818181818182,0.9097801364670204,1.0991666666666666,2.6711213196909465,0.09525,76
leaky,11,ramp,0.0100013373778227,0.04,0.0,4.154351954863282,0.3914351955274286,4.154351954863282,0.0,0.5274839327597398,2.5522995189717417,0.1759077608614909,0,43,10,0,0,33,9,0,12,1,23,43,33,0.7674418604651163,,0.7674418604651163,5.0,0.2,2.21462264150944,0.05,78
leaky,11,roving_mixed,0.0100013373778227,0.04,0.0,4.154351954863282,0.3914351955274286,4.154351954863282,0.0,0.5274839327597398,2.5522995189717417,0.1759077608614909,20,28,0,0,15,21,0,0,33,2,17,48,36,0.75,0.75,0.75,1.327433628318584,1.5066666666666668,2.2784425916483224,0.020986954055587,88
leaky,13,ramp,0.0608935948826366,0.0544646456499515,0.0,3.743793146664977,0.3369367063421882,3.743793146664977,0.0,0.4595402641525695,2.6852587503243504,0.2269659528938769,0,39,14,0,0,29,16,0,7,0,22,39,29,0.7435897435897436,,0.7435897435897436,0.0,0.1333333333333333,3.3762559492332103,0.0817499999999999,74
leaky,14,roving_ramp,0.2139289984607926,0.1468142030509209,0.0,6.063005020971239,0.5264094929002334,6.063005020971239,0.0,0.7249637285303356,4.077126967907639,0.2717103393861787,41,7,7,0,13,5,0,0,4,0,11,48,18,0.375,0.3170731707317073,0.7142857142857143,0.0,1.8716666666666668,1.9813900687402253,0.367,33
leaky,20,roving_ramp,0.4917509938385635,0.3700587406591247,0.0,2.7669567059567206,0.4273147447170943,2.7669567059567206,0.0,0.5179283879307387,3.717473359233404,0.4243428179989137,36,11,3,0,13,3,0,0,2,0,5,47,16,0.3404255319148936,0.3611111111111111,0.2727272727272727,0.0,3.925,1.827203506787644,0.4499999999999999,23
leaky,16,ramp,0.2320496394437987,0.3150798771975583,0.0,4.338889341458295,0.3458630585023237,4.338889341458295,0.0,0.4879551157737597,3.3698583581141905,0.3810645881811558,0,40,12,0,0,39,0,0,0,0,104,40,39,0.975,,0.975,0.0,0.2,2.894926350245512,0.39375,143
leaky,16,roving_mixed,0.2320496394437987,0.3150798771975583,0.0,4.338889341458295,0.3458630585023237,4.338889341458295,0.0,0.4879551157737597,3.3698583581141905,0.3810645881811558,19,21,0,0,12,11,0,0,10,0,31,40,23,0.575,0.631578947368421,0.5238095238095238,0.0,1.544166666666667,2.231469677654377,0.302771855010661,64
leaky,17,roving_ramp,0.1969598210452483,0.2394842788467836,0.0,4.8768170318808455,0.2854662680430875,4.8768170318808455,0.0,0.445174642805055,2.8418373047180685,0.56104398475904,44,10,3,0,23,10,0,0,12,1,57,54,33,0.6111111111111112,0.5227272727272727,1.0,0.6091370558375635,1.6416666666666666,1.4520643806857974,0.2395,103
leaky,16,roving_ramp50,0.2320496394437987,0.3150798771975583,0.0,4.338889341458295,0.3458630585023237,4.338889341458295,0.0,0.4879551157737597,3.3698583581141905,0.3810645881811558,22,19,6,0,9,19,0,0,7,0,63,41,28,0.6829268292682927,0.4090909090909091,1.0,0.0,3.4283333333333337,2.416277143908742,0.39375,98
leaky,17,roving_ramp50,0.1969598210452483,0.2394842788467836,0.0,4.8768170318808455,0.2854662680430875,4.8768170318808455,0.0,0.445174642805055,2.8418373047180685,0.56104398475904,23,21,6,0,12,19,3,0,5,0,66,44,31,0.7045454545454546,0.5217391304347826,0.9047619047619048,0.0,2.5108333333333333,3.1248780487804853,0.29925,105
leaky,15,roving_ramp50,0.336180311317572,0.3574474260352323,0.0,3.833517978348669,0.5682172103821113,3.833517978348669,0.0,0.6937591205953645,3.082847113933544,0.4771167457883238,24,19,6,0,16,19,0,0,4,0,43,43,35,0.813953488372093,0.6666666666666666,1.0,0.0,1.885,2.6460537021969124,0.4499999999999999,82
leaky,15,ramp,0.336180311317572,0.3574474260352323,0.0,3.833517978348669,0.5682172103821113,3.833517978348669,0.0,0.6937591205953645,3.082847113933544,0.4771167457883238,0,39,12,0,0,35,0,0,0,0,48,39,35,0.8974358974358975,,0.8974358974358975,0.0,0.2,3.44409090909091,0.4499999999999999,83
leaky,17,roving_mixed,0.1969598210452483,0.2394842788467836,0.0,4.8768170318808455,0.2854662680430875,4.8768170318808455,0.0,0.445174642805055,2.8418373047180685,0.56104398475904,22,24,0,0,13,15,0,0,8,0,20,46,28,0.6086956521739131,0.5909090909090909,0.625,0.0,2.086666666666667,1.5786465805208851,0.1253378378378378,56
leaky,15,roving_mixed,0.336180311317572,0.3574474260352323,0.0,3.833517978348669,0.5682172103821113,3.833517978348669,0.0,0.6937591205953645,3.082847113933544,0.4771167457883238,21,18,0,0,9,7,0,0,4,0,15,39,16,0.4102564102564102,0.4285714285714285,0.3888888888888889,0.0,3.7058333333333335,2.160521442393783,0.3623671598249635,35
leaky,16,roving_ramp,0.2320496394437987,0.3150798771975583,0.0,4.338889341458295,0.3458630585023237,4.338889341458295,0.0,0.4879551157737597,3.3698583581141905,0.3810645881811558,39,9,6,0,26,9,1,0,18,0,47,48,35,0.7291666666666666,0.6666666666666666,1.0,0.0,1.6483333333333334,1.3327803583278175,0.4499999999999999,101
leaky,20,roving_ramp50,0.4917509938385635,0.3700587406591247,0.0,2.7669567059567206,0.4273147447170943,2.7669567059567206,0.0,0.5179283879307387,3.717473359233404,0.4243428179989137,28,17,10,0,9,8,0,0,3,0,5,45,17,0.3777777777777777,0.3214285714285714,0.4705882352941176,0.0,1.6391666666666669,1.6189320388350326,0.4499999999999999,25
leaky,20,roving_mixed,0.4917509938385635,0.3700587406591247,0.0,2.7669567059567206,0.4273147447170943,2.7669567059567206,0.0,0.5179283879307387,3.717473359233404,0.4243428179989137,24,22,0,0,6,4,0,0,3,0,3,46,10,0.217391304347826,0.25,0.1818181818181818,0.0,2.889166666666667,1.3450135849144702,0.5136722001035492,16
leaky,14,roving_ramp50,0.2139289984607926,0.1468142030509209,0.0,6.063005020971239,0.5264094929002334,6.063005020971239,0.0,0.7249637285303356,4.077126967907639,0.2717103393861787,27,24,1,0,7,19,0,0,2,0,33,51,26,0.5098039215686274,0.2592592592592592,0.7916666666666666,0.0,0.9733333333333334,3.5418998760207314,0.2937499999999999,61
leaky,14,roving_mixed,0.2139289984607926,0.1468142030509209,0.0,6.063005020971239,0.5264094929002334,6.063005020971239,0.0,0.7249637285303356,4.077126967907639,0.2717103393861787,19,25,0,0,4,6,0,0,2,0,3,44,10,0.2272727272727272,0.2105263157894736,0.24,0.0,1.709166666666667,2.609994594078926,0.1743735149603409,15
leaky,18,roving_ramp50,0.2506973868053181,0.3128097992056085,0.0,4.059423303683279,0.3214442947879748,4.059423303683279,0.0,0.4543842624069925,3.0171449337169447,0.5130954716007557,24,16,11,0,16,14,2,0,11,0,42,40,30,0.75,0.6666666666666666,0.875,0.0,2.2033333333333336,2.158107139554295,0.391,85
leaky,18,ramp,0.2506973868053181,0.3128097992056085,0.0,4.059423303683279,0.3214442947879748,4.059423303683279,0.0,0.4543842624069925,3.0171449337169447,0.5130954716007557,0,37,13,0,0,35,0,0,2,0,75,37,35,0.945945945945946,,0.945945945945946,0.0,0.1333333333333333,3.1102737619194247,0.4499999999999999,112
leaky,17,ramp,0.1969598210452483,0.2394842788467836,0.0,4.8768170318808455,0.2854662680430875,4.8768170318808455,0.0,0.445174642805055,2.8418373047180685,0.56104398475904,0,40,14,0,0,39,1,0,4,0,96,40,39,0.975,,0.975,0.0,0.2,2.9785407725322925,0.3592499999999999,140
leaky,18,roving_ramp,0.2506973868053181,0.3128097992056085,0.0,4.059423303683279,0.3214442947879748,4.059423303683279,0.0,0.4543842624069925,3.0171449337169447,0.5130954716007557,36,10,4,0,19,9,0,0,11,1,41,46,28,0.6086956521739131,0.5277777777777778,0.9,0.3819223424570337,2.6183333333333336,1.4161529780830766,0.391,81
leaky,20,ramp,0.4917509938385635,0.3700587406591247,0.0,2.7669567059567206,0.4273147447170943,2.7669567059567206,0.0,0.5179283879307387,3.717473359233404,0.4243428179989137,0,41,11,0,0,21,1,0,0,0,7,41,21,0.5121951219512195,,0.5121951219512195,0.0,0.1333333333333333,3.610632183908046,0.4499999999999999,29
leaky,18,roving_mixed,0.2506973868053181,0.3128097992056085,0.0,4.059423303683279,0.3214442947879748,4.059423303683279,0.0,0.4543842624069925,3.0171449337169447,0.5130954716007557,17,25,0,0,13,14,0,0,5,0,24,42,27,0.6428571428571429,0.7647058823529411,0.56,0.0,3.694166666666667,1.5749493585415175,0.2843570723278203,56
leaky,19,roving_ramp,0.2562562989208519,0.2033406286171415,0.0,4.769942230809755,0.4037377727698322,4.769942230809755,0.0,0.5599461595948954,3.668220166867916,0.3584733261513156,37,10,3,0,14,6,0,0,2,0,28,47,20,0.425531914893617,0.3783783783783784,0.6,0.0,2.7416666666666667,1.3616683815119075,0.38125,50
leaky,19,roving_ramp50,0.2562562989208519,0.2033406286171415,0.0,4.769942230809755,0.4037377727698322,4.769942230809755,0.0,0.5599461595948954,3.668220166867916,0.3584733261513156,29,16,10,0,10,12,1,0,3,0,25,45,22,0.4888888888888889,0.3448275862068966,0.75,0.0,1.0691666666666668,2.2275551540509757,0.4067499999999999,51
leaky,19,ramp,0.2562562989208519,0.2033406286171415,0.0,4.769942230809755,0.4037377727698322,4.769942230809755,0.0,0.5599461595948954,3.668220166867916,0.3584733261513156,0,40,15,0,0,32,1,0,0,0,25,40,32,0.8,,0.8,0.0,0.2,4.638482689787652,0.35575,58
leaky,21,roving_ramp50,0.1267855345086347,0.078133131755079,0.0,6.094740531191773,0.3657749448216358,6.094740531191773,0.0,0.5653684703669491,2.8109876289620184,0.4315409382779607,27,22,6,0,9,10,3,0,7,0,8,49,19,0.3877551020408163,0.3333333333333333,0.4545454545454545,0.0,1.2983333333333331,3.840592592592724,0.195375,37
leaky,21,roving_ramp,0.1267855345086347,0.078133131755079,0.0,6.094740531191773,0.3657749448216358,6.094740531191773,0.0,0.5653684703669491,2.8109876289620184,0.4315409382779607,39,9,6,0,12,7,2,0,6,0,8,48,19,0.3958333333333333,0.3076923076923077,0.7777777777777778,0.0,1.2625,2.206821873308039,0.15625,35
leaky,22,roving_ramp,0.1967492200516145,0.3205244441279375,0.0,3.3516083615205425,0.4534808136821417,3.3516083615205425,0.0,0.563240913509103,2.9826886513884827,0.258738438505201,34,13,2,0,28,13,0,0,16,2,71,47,41,0.8723404255319149,0.8235294117647058,1.0,0.477516912057302,4.1883333333333335,1.3065243179122523,0.40075,130
leaky,19,roving_mixed,0.2562562989208519,0.2033406286171415,0.0,4.769942230809755,0.4037377727698322,4.769942230809755,0.0,0.5599461595948954,3.668220166867916,0.3584733261513156,30,18,0,0,13,1,0,0,1,0,9,48,14,0.2916666666666667,0.4333333333333333,0.0555555555555555,0.0,1.215,0.8872461595620131,0.2481289579735175,24
leaky,21,ramp,0.1267855345086347,0.078133131755079,0.0,6.094740531191773,0.3657749448216358,6.094740531191773,0.0,0.5653684703669491,2.8109876289620184,0.4315409382779607,0,40,12,0,0,22,3,0,2,0,17,40,22,0.55,,0.55,0.0,0.2,4.610123405145373,0.15625,44
leaky,22,roving_ramp50,0.1967492200516145,0.3205244441279375,0.0,3.3516083615205425,0.4534808136821417,3.3516083615205425,0.0,0.563240913509103,2.9826886513884827,0.258738438505201,24,24,4,0,19,24,1,0,12,1,83,48,43,0.8958333333333334,0.7916666666666666,1.0,0.7250755287009063,1.3791666666666669,1.906548933038978,0.3205,140
leaky,21,roving_mixed,0.1267855345086347,0.078133131755079,0.0,6.094740531191773,0.3657749448216358,6.094740531191773,0.0,0.5653684703669491,2.8109876289620184,0.4315409382779607,23,18,0,0,9,5,0,0,10,0,7,41,14,0.3414634146341463,0.391304347826087,0.2777777777777778,0.0,3.686666666666667,2.8875018491951274,0.0499198534463019,31
leaky,22,roving_mixed,0.1967492200516145,0.3205244441279375,0.0,3.3516083615205425,0.4534808136821417,3.3516083615205425,0.0,0.563240913509103,2.9826886513884827,0.258738438505201,22,22,0,0,20,16,0,0,19,0,49,44,36,0.8181818181818182,0.9090909090909092,0.7272727272727273,0.0,1.0958333333333334,1.6761330206224736,0.223310275980738,104
leaky,22,ramp,0.1967492200516145,0.3205244441279375,0.0,3.3516083615205425,0.4534808136821417,3.3516083615205425,0.0,0.563240913509103,2.9826886513884827,0.258738438505201,0,37,16,0,0,37,4,0,4,0,82,37,37,1.0,,1.0,0.0,0.2,2.780454545454564,0.4499999999999999,127
leaky,24,roving_ramp50,0.2045293092602443,0.2496084087547662,0.0,5.369979590371647,0.417956601613246,5.369979590371647,0.0,0.5938153035650863,3.4614508407432365,0.3556400584230457,27,22,2,0,16,21,2,0,10,0,87,49,37,0.7551020408163265,0.5925925925925926,0.9545454545454546,0.0,0.5766666666666667,2.302158273381329,0.3745,136
leaky,23,ramp,0.1215394183270462,0.062787157863383,0.0,5.029269928160413,0.3091943105932015,5.029269928160413,0.0,0.4738952869092967,3.1381301814629343,0.2819730372562731,0,43,10,0,0,24,4,0,1,0,11,43,24,0.5581395348837209,,0.5581395348837209,0.0,0.1333333333333333,4.50702247191011,0.157,40
leaky,23,roving_mixed,0.1215394183270462,0.062787157863383,0.0,5.029269928160413,0.3091943105932015,5.029269928160413,0.0,0.4738952869092967,3.1381301814629343,0.2819730372562731,28,23,0,0,10,13,0,0,12,1,6,51,23,0.4509803921568627,0.3571428571428571,0.5652173913043478,0.8645533141210374,1.1566666666666667,2.32007400555042,0.0591995553085047,42
leaky,24,roving_ramp,0.2045293092602443,0.2496084087547662,0.0,5.369979590371647,0.417956601613246,5.369979590371647,0.0,0.5938153035650863,3.4614508407432365,0.3556400584230457,45,12,1,0,31,12,0,0,10,0,85,57,43,0.7543859649122807,0.6888888888888889,1.0,0.0,0.9583333333333334,1.9845526711006096,0.3745,138
leaky,23,roving_ramp50,0.1215394183270462,0.062787157863383,0.0,5.029269928160413,0.3091943105932015,5.029269928160413,0.0,0.4738952869092967,3.1381301814629343,0.2819730372562731,26,21,6,0,8,13,2,0,7,2,6,47,21,0.4468085106382978,0.3076923076923077,0.6190476190476191,1.3363028953229397,1.4966666666666668,3.2490004442470224,0.1254999999999999,38
leaky,24,roving_mixed,0.2045293092602443,0.2496084087547662,0.0,5.369979590371647,0.417956601613246,5.369979590371647,0.0,0.5938153035650863,3.4614508407432365,0.3556400584230457,26,20,0,0,16,8,0,0,9,1,22,46,24,0.5217391304347826,0.6153846153846154,0.4,0.4140786749482401,2.415,1.4187991805149216,0.3513954088212535,56
leaky,24,ramp,0.2045293092602443,0.2496084087547662,0.0,5.369979590371647,0.417956601613246,5.369979590371647,0.0,0.5938153035650863,3.4614508407432365,0.3556400584230457,0,36,15,0,0,36,1,0,1,0,129,36,36,1.0,,1.0,0.0,0.1333333333333333,2.7308112040742243,0.3745,167
leaky,25,roving_ramp50,0.0100013373778227,0.04,0.0,6.787036612708379,0.1800848706178052,6.787036612708379,0.0,0.4023500447630771,2.4324889941752965,0.3314225431972822,20,23,4,0,13,18,4,0,34,5,40,43,31,0.7209302325581395,0.65,0.782608695652174,1.8220467658669903,2.744166666666666,1.7174759270641164,0.04,114
leaky,23,roving_ramp,0.1215394183270462,0.062787157863383,0.0,5.029269928160413,0.3091943105932015,5.029269928160413,0.0,0.4738952869092967,3.1381301814629343,0.2819730372562731,37,8,5,0,10,5,2,0,7,0,5,45,15,0.3333333333333333,0.2702702702702703,0.625,0.0,2.533333333333333,2.178305271874189,0.157,29
leaky,26,ramp,0.4062658281679377,0.3987848711257845,0.0,2.4444406639290794,0.3996896460512339,2.4444406639290794,0.0,0.4797413771467541,3.5756271420894192,0.3139756895720352,0,34,16,0,0,25,0,0,0,0,13,34,25,0.7352941176470589,,0.7352941176470589,0.0,0.2,4.2029166666667,0.4499999999999999,38
leaky,25,roving_ramp,0.0100013373778227,0.04,0.0,6.787036612708379,0.1800848706178052,6.787036612708379,0.0,0.4023500447630771,2.4324889941752965,0.3314225431972822,43,12,2,0,28,12,2,0,38,2,27,55,40,0.7272727272727273,0.6511627906976745,1.0,1.509433962264151,1.325,2.577982338359886,0.04,109
leaky,25,ramp,0.0100013373778227,0.04,0.0,6.787036612708379,0.1800848706178052,6.787036612708379,0.0,0.4023500447630771,2.4324889941752965,0.3314225431972822,0,40,13,0,0,35,18,0,18,0,60,40,35,0.875,,0.875,0.0,0.1333333333333333,2.455188679245298,0.04,131
leaky,27,roving_ramp,0.1680278755833029,0.332387195313733,0.0,5.512545716272563,0.3892537224869713,5.512545716272563,0.0,0.5697812492306582,2.899289098214476,0.4464700568869341,36,8,5,0,29,8,0,0,34,2,138,44,37,0.8409090909090909,0.8055555555555556,1.0,0.4959702417854928,4.032500000000001,0.4394618834080722,0.4569999999999999,211
leaky,26,roving_ramp50,0.4062658281679377,0.3987848711257845,0.0,2.4444406639290794,0.3996896460512339,2.4444406639290794,0.0,0.4797413771467541,3.5756271420894192,0.3139756895720352,30,20,5,0,11,15,1,0,4,0,11,50,26,0.52,0.3666666666666666,0.75,0.0,0.55,3.364925092405016,0.4984999999999999,42
leaky,27,ramp,0.1680278755833029,0.332387195313733,0.0,5.512545716272563,0.3892537224869713,5.512545716272563,0.0,0.5697812492306582,2.899289098214476,0.4464700568869341,0,40,13,0,0,39,1,0,0,0,166,40,39,0.975,,0.975,0.0,0.2,2.010656010656024,0.3325,206
leaky,27,roving_mixed,0.1680278755833029,0.332387195313733,0.0,5.512545716272563,0.3892537224869713,5.512545716272563,0.0,0.5697812492306582,2.899289098214476,0.4464700568869341,19,27,0,0,15,22,0,0,14,0,85,46,37,0.8043478260869565,0.7894736842105263,0.8148148148148148,0.0,1.3333333333333333,1.896013864818042,0.2254814264487369,136
leaky,25,roving_mixed,0.0100013373778227,0.04,0.0,6.787036612708379,0.1800848706178052,6.787036612708379,0.0,0.4023500447630771,2.4324889941752965,0.3314225431972822,25,18,0,0,18,16,0,0,41,4,36,43,34,0.7906976744186046,0.72,0.8888888888888888,2.1438142027690934,1.8658333333333332,1.7168891370223776,0.0214874274847177,115
leaky,26,roving_ramp,0.4062658281679377,0.3987848711257845,0.0,2.4444406639290794,0.3996896460512339,2.4444406639290794,0.0,0.4797413771467541,3.5756271420894192,0.3139756895720352,35,12,1,0,21,6,0,0,9,1,16,47,27,0.574468085106383,0.6,0.5,0.3057324840764331,3.270833333333333,1.351045510455103,0.3987499999999999,53
leaky,27,roving_ramp50,0.1680278755833029,0.332387195313733,0.0,5.512545716272563,0.3892537224869713,5.512545716272563,0.0,0.5697812492306582,2.899289098214476,0.4464700568869341,24,21,5,0,19,21,1,0,18,1,127,45,40,0.8888888888888888,0.7916666666666666,1.0,0.6715165081141578,1.4891666666666667,1.1882798940348969,0.3325,187
leaky,26,roving_mixed,0.4062658281679377,0.3987848711257845,0.0,2.4444406639290794,0.3996896460512339,2.4444406639290794,0.0,0.4797413771467541,3.5756271420894192,0.3139756895720352,26,20,0,0,14,12,0,0,7,0,15,46,26,0.5652173913043478,0.5384615384615384,0.6,0.0,2.5725,4.011872673019846,0.5264955223880596,48
leaky,28,roving_mixed,0.327308086801837,0.2494798824441989,0.0,1.928150999789614,0.4006568508386688,1.928150999789614,0.0,0.463800877046537,3.0137967486409982,0.313670136858987,23,21,0,0,10,14,0,0,11,0,8,44,24,0.5454545454545454,0.4347826086956521,0.6666666666666666,0.0,2.374166666666667,2.836819124315559,0.1649803282726256,43
transient,0,ramp,0.2173315744525896,0.1942414176355158,1.0,8.399335342064418,1.0065951762336052,0.0,8.399335342064418,1.385825522592912,3.695970988378336,0.0,0,37,15,0,0,12,0,0,0,0,2,37,12,0.3243243243243243,,0.3243243243243243,0.0,0.1333333333333333,3.117084555316847,0.339875,14
transient,0,roving_ramp50,0.2173315744525896,0.1942414176355158,1.0,8.399335342064418,1.0065951762336052,0.0,8.399335342064418,1.385825522592912,3.695970988378336,0.0,26,20,6,0,16,7,0,0,1,0,3,46,23,0.5,0.6153846153846154,0.35,0.0,0.95,0.6421116017663727,0.24275,27
leaky,28,roving_ramp,0.327308086801837,0.2494798824441989,0.0,1.928150999789614,0.4006568508386688,1.928150999789614,0.0,0.463800877046537,3.0137967486409982,0.313670136858987,40,10,3,0,22,6,1,0,10,0,15,50,28,0.56,0.55,0.6,0.0,1.1408333333333334,2.399459532563403,0.44325,54
leaky,28,roving_ramp50,0.327308086801837,0.2494798824441989,0.0,1.928150999789614,0.4006568508386688,1.928150999789614,0.0,0.463800877046537,3.0137967486409982,0.313670136858987,28,24,4,0,7,19,2,0,8,0,12,52,26,0.5,0.25,0.7916666666666666,0.0,0.5275000000000001,3.030053143259916,0.3742499999999999,48
leaky,28,ramp,0.327308086801837,0.2494798824441989,0.0,1.928150999789614,0.4006568508386688,1.928150999789614,0.0,0.463800877046537,3.0137967486409982,0.313670136858987,0,35,15,0,0,25,2,0,3,0,13,35,25,0.7142857142857143,,0.7142857142857143,0.0,0.1333333333333333,4.434795996920719,0.4499999999999999,43
leaky,29,roving_ramp50,0.1328252813734792,0.1498250448489871,0.0,3.157024336766252,0.3719435905187385,3.157024336766252,0.0,0.475331358116503,2.4078679737813253,0.4292527051250752,27,16,12,0,21,14,7,0,7,0,26,43,35,0.813953488372093,0.7777777777777778,0.875,0.0,1.535,2.1893292682926773,0.1684999999999999,75
leaky,29,roving_ramp,0.1328252813734792,0.1498250448489871,0.0,3.157024336766252,0.3719435905187385,3.157024336766252,0.0,0.475331358116503,2.4078679737813253,0.4292527051250752,39,8,5,0,20,8,4,0,20,1,28,47,28,0.5957446808510638,0.5128205128205128,1.0,0.5402971634398919,1.8508333333333336,2.28627614814447,0.22475,81
transient,1,ramp,0.1994513336220985,0.1764128124319589,1.0,7.103447891454047,1.2033883596473594,0.0,7.103447891454047,1.5241093327379878,2.417609598357629,0.0,0,39,14,0,0,17,3,0,4,0,3,39,17,0.4358974358974359,,0.4358974358974359,0.0,0.1333333333333333,3.4100905562742656,0.2644999999999999,27
leaky,29,ramp,0.1328252813734792,0.1498250448489871,0.0,3.157024336766252,0.3719435905187385,3.157024336766252,0.0,0.475331358116503,2.4078679737813253,0.4292527051250752,0,38,16,0,0,34,11,0,12,0,57,38,34,0.8947368421052632,,0.8947368421052632,0.0,0.1333333333333333,2.936022542843806,0.22475,114
transient,0,roving_ramp,0.2173315744525896,0.1942414176355158,1.0,8.399335342064418,1.0065951762336052,0.0,8.399335342064418,1.385825522592912,3.695970988378336,0.0,39,8,4,0,22,2,0,0,2,0,4,47,24,0.5106382978723404,0.5641025641025641,0.25,0.0,2.3375,0.5428241377821914,0.169875,30
transient,1,roving_mixed,0.1994513336220985,0.1764128124319589,1.0,7.103447891454047,1.2033883596473594,0.0,7.103447891454047,1.5241093327379878,2.417609598357629,0.0,18,17,0,0,4,8,0,0,6,3,3,35,12,0.3428571428571428,0.2222222222222222,0.4705882352941176,0.8984277514349888,3.339166666666667,4.369968580620119,0.1817914201017791,24
leaky,29,roving_mixed,0.1328252813734792,0.1498250448489871,0.0,3.157024336766252,0.3719435905187385,3.157024336766252,0.0,0.475331358116503,2.4078679737813253,0.4292527051250752,26,19,0,0,12,8,0,0,28,4,11,45,20,0.4444444444444444,0.4615384615384615,0.4210526315789473,1.7917133258678608,2.2325000000000004,2.342364325986501,0.1082661961588893,63
transient,1,roving_ramp50,0.1994513336220985,0.1764128124319589,1.0,7.103447891454047,1.2033883596473594,0.0,7.103447891454047,1.5241093327379878,2.417609598357629,0.0,27,21,6,0,9,11,4,0,4,0,2,48,20,0.4166666666666667,0.3333333333333333,0.5238095238095238,0.0,1.1616666666666666,1.6763645615088034,0.1765,30
transient,0,roving_mixed,0.2173315744525896,0.1942414176355158,1.0,8.399335342064418,1.0065951762336052,0.0,8.399335342064418,1.385825522592912,3.695970988378336,0.0,21,19,0,0,14,4,0,0,2,0,2,40,18,0.45,0.6666666666666666,0.2105263157894736,0.0,2.3208333333333333,0.6330329126500889,0.0982510068277257,22
transient,2,roving_ramp,0.1774978890554904,0.2989500649906732,1.0,9.559933314372564,1.193411502798248,0.0,9.559933314372564,1.6250428967521318,2.6662044405574736,0.0,39,8,4,0,34,5,2,0,4,0,22,47,39,0.8297872340425532,0.8717948717948718,0.625,0.0,1.9575,0.3753076292042742,0.2989999999999999,67
transient,3,ramp,0.2337939394940986,0.1864959138555147,1.0,5.0443280952028005,0.9731998708673456,0.0,5.0443280952028005,1.2009514979649687,2.585215836516339,0.0,0,39,14,0,0,15,8,0,1,0,7,39,15,0.3846153846153846,,0.3846153846153846,0.0,0.2,3.1646030589949063,0.2797499999999999,31
transient,4,roving_ramp,0.2639780389320353,0.3211049307476969,1.0,7.959155327263409,1.2329398448293245,0.0,7.959155327263409,1.5922960448811925,3.565394706098165,0.0,36,11,2,0,28,3,0,0,0,0,9,47,31,0.6595744680851063,0.7777777777777778,0.2727272727272727,0.0,3.0383333333333336,0.4374316939891018,0.3209999999999999,40
transient,1,roving_ramp,0.1994513336220985,0.1764128124319589,1.0,7.103447891454047,1.2033883596473594,0.0,7.103447891454047,1.5241093327379878,2.417609598357629,0.0,42,12,2,0,21,1,1,0,5,1,4,54,22,0.4074074074074074,0.5,0.0833333333333333,0.7590132827324477,1.3175,0.7399466548470379,0.08825,33
transient,2,roving_mixed,0.1774978890554904,0.2989500649906732,1.0,9.559933314372564,1.193411502798248,0.0,9.559933314372564,1.6250428967521318,2.6662044405574736,0.0,20,17,0,0,15,7,0,0,5,3,15,37,22,0.5945945945945946,0.75,0.4117647058823529,0.7109004739336492,4.220000000000001,0.5878953773776652,0.2353961827646038,45
transient,4,roving_ramp50,0.2639780389320353,0.3211049307476969,1.0,7.959155327263409,1.2329398448293245,0.0,7.959155327263409,1.5922960448811925,3.565394706098165,0.0,26,25,3,0,16,7,0,0,3,0,5,51,23,0.4509803921568627,0.6153846153846154,0.28,0.0,1.095,0.4427833650448852,0.24075,31
transient,2,roving_ramp50,0.1774978890554904,0.2989500649906732,1.0,9.559933314372564,1.193411502798248,0.0,9.559933314372564,1.6250428967521318,2.6662044405574736,0.0,27,22,8,0,22,15,2,0,6,0,21,49,37,0.7551020408163265,0.8148148148148148,0.6818181818181818,0.0,0.7875,0.4836079791847374,0.1494999999999999,66
transient,4,roving_mixed,0.2639780389320353,0.3211049307476969,1.0,7.959155327263409,1.2329398448293245,0.0,7.959155327263409,1.5922960448811925,3.565394706098165,0.0,22,19,0,0,13,2,0,0,1,0,5,41,15,0.3658536585365853,0.5909090909090909,0.1052631578947368,0.0,3.832500000000001,0.4649832314066057,0.3786288139876749,21
transient,2,ramp,0.1774978890554904,0.2989500649906732,1.0,9.559933314372564,1.193411502798248,0.0,9.559933314372564,1.6250428967521318,2.6662044405574736,0.0,0,40,14,0,0,27,2,0,4,1,22,40,27,0.675,,0.675,5.0,0.2,1.0742879137798682,0.1494999999999999,56
transient,5,ramp,0.2067291730724795,0.2311798196521507,1.0,7.098857239478364,0.9556357963946964,0.0,7.098857239478364,1.2761495013542343,3.007609446454552,0.0,0,34,16,0,0,19,7,0,1,0,2,34,19,0.5588235294117647,,0.5588235294117647,0.0,0.2,2.3103712208189955,0.2312499999999999,29
transient,4,ramp,0.2639780389320353,0.3211049307476969,1.0,7.959155327263409,1.2329398448293245,0.0,7.959155327263409,1.5922960448811925,3.565394706098165,0.0,0,38,17,0,0,10,1,0,0,0,1,38,10,0.2631578947368421,,0.2631578947368421,0.0,0.1333333333333333,1.6299615540143253,0.3209999999999999,12
transient,3,roving_ramp50,0.2337939394940986,0.1864959138555147,1.0,5.0443280952028005,0.9731998708673456,0.0,5.0443280952028005,1.2009514979649687,2.585215836516339,0.0,33,21,5,0,15,9,2,0,7,1,5,54,24,0.4444444444444444,0.4545454545454545,0.4285714285714285,1.3953488372093024,0.7166666666666667,0.951503695651085,0.2329999999999999,39
transient,3,roving_mixed,0.2337939394940986,0.1864959138555147,1.0,5.0443280952028005,0.9731998708673456,0.0,5.0443280952028005,1.2009514979649687,2.585215836516339,0.0,19,31,0,0,12,7,0,0,14,0,3,50,19,0.38,0.631578947368421,0.2258064516129032,0.0,0.5516666666666666,1.561578105562461,0.1138155639355502,36
transient,3,roving_ramp,0.2337939394940986,0.1864959138555147,1.0,5.0443280952028005,0.9731998708673456,0.0,5.0443280952028005,1.2009514979649687,2.585215836516339,0.0,42,10,2,0,18,7,0,0,9,0,9,52,25,0.4807692307692308,0.4285714285714285,0.7,0.0,1.215833333333333,0.7133392226148451,0.13975,43
transient,5,roving_ramp,0.2067291730724795,0.2311798196521507,1.0,7.098857239478364,0.9556357963946964,0.0,7.098857239478364,1.2761495013542343,3.007609446454552,0.0,39,7,5,0,29,3,1,0,6,0,11,46,32,0.6956521739130435,0.7435897435897436,0.4285714285714285,0.0,1.515,0.4534890526370019,0.1154999999999999,50
transient,6,roving_ramp,0.171111777747906,0.109277143069978,1.0,9.26605632062591,1.0861657054491958,0.0,9.26605632062591,1.504528540691363,2.841919481162474,0.0,37,7,7,0,8,3,4,0,4,0,3,44,11,0.25,0.2162162162162162,0.4285714285714285,0.0,1.9808333333333332,3.3716475095786214,0.1092499999999999,22
transient,6,roving_ramp50,0.171111777747906,0.109277143069978,1.0,9.26605632062591,1.0861657054491958,0.0,9.26605632062591,1.504528540691363,2.841919481162474,0.0,25,21,5,0,8,6,0,0,8,1,1,46,14,0.3043478260869565,0.32,0.2857142857142857,0.5799903334944417,1.7241666666666666,1.4522872394409077,0.15025,24
transient,5,roving_mixed,0.2067291730724795,0.2311798196521507,1.0,7.098857239478364,0.9556357963946964,0.0,7.098857239478364,1.2761495013542343,3.007609446454552,0.0,13,26,0,0,8,11,0,0,9,0,6,39,19,0.4871794871794871,0.6153846153846154,0.4230769230769231,0.0,2.1675,0.4928554696649834,0.1172424824056301,34
transient,7,roving_ramp,0.1444233395540121,0.1283918178120031,1.0,4.931754270820521,0.5684471543281708,0.0,4.931754270820521,0.7911160684880592,3.1098072045759,0.0,34,8,6,0,20,1,2,0,11,0,6,42,21,0.5,0.5882352941176471,0.125,0.0,1.7608333333333337,0.8351621555718284,0.06425,40
transient,5,roving_ramp50,0.2067291730724795,0.2311798196521507,1.0,7.098857239478364,0.9556357963946964,0.0,7.098857239478364,1.2761495013542343,3.007609446454552,0.0,25,19,6,0,16,4,0,0,5,0,6,44,20,0.4545454545454545,0.64,0.2105263157894736,0.0,1.1141666666666667,0.6325590839884143,0.34675,31
transient,6,roving_mixed,0.171111777747906,0.109277143069978,1.0,9.26605632062591,1.0861657054491958,0.0,9.26605632062591,1.504528540691363,2.841919481162474,0.0,28,20,0,0,7,7,0,0,10,2,2,48,14,0.2916666666666667,0.25,0.35,1.0840108401084012,1.845,2.712370167173047,0.0725050916496945,28
transient,7,roving_mixed,0.1444233395540121,0.1283918178120031,1.0,4.931754270820521,0.5684471543281708,0.0,4.931754270820521,0.7911160684880592,3.1098072045759,0.0,22,24,0,0,13,12,0,0,12,5,5,46,25,0.5434782608695652,0.5909090909090909,0.5,3.422703936109526,1.4608333333333334,1.021178637200864,0.0490918911335578,47
transient,6,ramp,0.171111777747906,0.109277143069978,1.0,9.26605632062591,1.0861657054491958,0.0,9.26605632062591,1.504528540691363,2.841919481162474,0.0,0,43,10,0,0,17,1,0,1,0,4,43,17,0.3953488372093023,,0.3953488372093023,0.0,0.2,3.962248666393117,0.1364999999999999,23
transient,7,roving_ramp50,0.1444233395540121,0.1283918178120031,1.0,4.931754270820521,0.5684471543281708,0.0,4.931754270820521,0.7911160684880592,3.1098072045759,0.0,26,19,7,0,13,16,1,0,11,0,8,45,29,0.6444444444444445,0.5,0.8421052631578947,0.0,1.5125,1.860934930702364,0.1445,49
transient,8,roving_ramp,0.0678964174309352,0.0914049375541757,1.0,12.886041890812429,0.8161814213323626,0.0,12.886041890812429,1.39798675835469,2.8262335596398684,0.0,40,13,1,0,23,7,0,0,16,2,9,53,30,0.5660377358490566,0.575,0.5384615384615384,1.5936254980079685,1.255,0.6424564970954171,0.0915,57
transient,8,roving_ramp50,0.0678964174309352,0.0914049375541757,1.0,12.886041890812429,0.8161814213323626,0.0,12.886041890812429,1.39798675835469,2.8262335596398684,0.0,25,22,6,0,12,11,9,0,14,1,9,47,23,0.4893617021276595,0.48,0.5,0.6088280060882799,1.6425000000000003,0.6580298215596339,0.0457499999999999,56
transient,10,roving_ramp50,0.2736104126589208,0.3061782011688432,1.0,6.9994538602361525,1.1387597183736802,0.0,6.9994538602361525,1.4547853565512523,3.539242491141568,0.0,28,20,5,0,18,3,0,0,0,0,5,48,21,0.4375,0.6428571428571429,0.15,0.0,1.896666666666667,0.345725995316171,0.2297499999999999,26
transient,10,roving_ramp,0.2736104126589208,0.3061782011688432,1.0,6.9994538602361525,1.1387597183736802,0.0,6.9994538602361525,1.4547853565512523,3.539242491141568,0.0,34,11,3,0,26,4,0,0,0,0,6,45,30,0.6666666666666666,0.7647058823529411,0.3636363636363636,0.0,4.0841666666666665,0.4863436534454896,0.3015,36
transient,10,roving_mixed,0.2736104126589208,0.3061782011688432,1.0,6.9994538602361525,1.1387597183736802,0.0,6.9994538602361525,1.4547853565512523,3.539242491141568,0.0,24,21,0,0,15,2,0,0,1,0,4,45,17,0.3777777777777777,0.625,0.0952380952380952,0.0,1.9625,0.6382978723404105,0.289644987098496,22
transient,10,ramp,0.2736104126589208,0.3061782011688432,1.0,6.9994538602361525,1.1387597183736802,0.0,6.9994538602361525,1.4547853565512523,3.539242491141568,0.0,0,46,9,0,0,17,2,0,1,0,0,46,17,0.3695652173913043,,0.3695652173913043,0.0,0.1333333333333333,2.683181818181889,0.4499999999999999,20
transient,7,ramp,0.1444233395540121,0.1283918178120031,1.0,4.931754270820521,0.5684471543281708,0.0,4.931754270820521,0.7911160684880592,3.1098072045759,0.0,0,37,16,0,0,20,8,0,5,1,7,37,20,0.5405405405405406,,0.5405405405405406,5.0,0.2,1.887219617122871,0.1284999999999999,41
transient,8,ramp,0.0678964174309352,0.0914049375541757,1.0,12.886041890812429,0.8161814213323626,0.0,12.886041890812429,1.39798675835469,2.8262335596398684,0.0,0,40,13,0,0,27,10,0,7,0,18,40,27,0.675,,0.675,0.0,0.1333333333333333,2.935136323658736,0.0915,62
transient,9,roving_ramp,0.1363527725818776,0.1464814562256821,1.0,10.943509884839177,0.8500584984377777,0.0,10.943509884839177,1.3441584331349952,3.246956261606769,0.0,43,9,6,0,20,5,3,0,8,1,5,52,25,0.4807692307692308,0.4651162790697674,0.5555555555555556,0.5237887385421213,1.909166666666667,0.6922039384946868,0.07325,42
transient,8,roving_mixed,0.0678964174309352,0.0914049375541757,1.0,12.886041890812429,0.8161814213323626,0.0,12.886041890812429,1.39798675835469,2.8262335596398684,0.0,20,25,0,0,7,18,0,0,18,5,13,45,25,0.5555555555555556,0.35,0.72,3.144654088050314,1.59,3.454973676918829,0.0688988643782373,61
transient,9,ramp,0.1363527725818776,0.1464814562256821,1.0,10.943509884839177,0.8500584984377777,0.0,10.943509884839177,1.3441584331349952,3.246956261606769,0.0,0,38,14,0,0,17,7,0,4,0,12,38,17,0.4473684210526316,,0.4473684210526316,0.0,0.2,2.569378971100686,0.1465,40
transient,9,roving_mixed,0.1363527725818776,0.1464814562256821,1.0,10.943509884839177,0.8500584984377777,0.0,10.943509884839177,1.3441584331349952,3.246956261606769,0.0,25,21,0,0,11,9,0,0,8,0,9,46,20,0.4347826086956521,0.44,0.4285714285714285,0.0,1.185,0.6179790646788513,0.0603181617322139,37
transient,9,roving_ramp50,0.1363527725818776,0.1464814562256821,1.0,10.943509884839177,0.8500584984377777,0.0,10.943509884839177,1.3441584331349952,3.246956261606769,0.0,28,18,9,0,18,9,1,0,4,0,10,46,27,0.5869565217391305,0.6428571428571429,0.5,0.0,1.9266666666666667,0.7915594441585234,0.21975,42
transient,12,ramp,0.2205521892086765,0.1755732965343059,1.0,7.678489711129459,1.2300959789543977,0.0,7.678489711129459,1.576780114553191,2.7530909623105684,0.0,0,40,11,0,0,15,3,0,1,0,3,40,15,0.375,,0.375,0.0,0.2,3.194634597594824,0.3512499999999999,22
transient,11,roving_mixed,0.0988655960040254,0.099089223735496,1.0,7.62315240061212,0.7681452632244411,0.0,7.62315240061212,1.1123309169101496,2.627304049682812,0.0,26,22,0,0,20,12,0,0,16,1,7,48,32,0.6666666666666666,0.7692307692307693,0.5454545454545454,0.5893909626719057,1.6966666666666668,2.2214988469486534,0.073026862761962,56
transient,13,roving_mixed,0.2622889948105515,0.2004303334372743,1.0,6.058905507260057,1.0389589305087228,0.0,6.058905507260057,1.3125187707224368,3.1723581543820734,0.0,15,24,0,0,7,4,0,0,3,0,1,39,11,0.282051282051282,0.4666666666666667,0.1666666666666666,0.0,2.825,0.9300684789375564,0.1383693772473864,15
transient,13,roving_ramp50,0.2622889948105515,0.2004303334372743,1.0,6.058905507260057,1.0389589305087228,0.0,6.058905507260057,1.3125187707224368,3.1723581543820734,0.0,25,25,3,0,8,6,0,0,3,1,2,50,14,0.28,0.32,0.24,0.4651162790697674,2.15,0.6374323333408376,0.1503749999999999,20
transient,11,roving_ramp,0.0988655960040254,0.099089223735496,1.0,7.62315240061212,0.7681452632244411,0.0,7.62315240061212,1.1123309169101496,2.627304049682812,0.0,42,8,6,0,23,6,6,0,19,2,6,50,29,0.58,0.5476190476190477,0.75,0.9371339320577898,2.1341666666666668,1.178629425138054,0.1362499999999999,62
transient,13,ramp,0.2622889948105515,0.2004303334372743,1.0,6.058905507260057,1.0389589305087228,0.0,6.058905507260057,1.3125187707224368,3.1723581543820734,0.0,0,41,12,0,0,14,0,0,3,0,2,41,14,0.3414634146341463,,0.3414634146341463,0.0,0.1333333333333333,2.7006071885699567,0.1753749999999999,19
transient,11,ramp,0.0988655960040254,0.099089223735496,1.0,7.62315240061212,0.7681452632244411,0.0,7.62315240061212,1.1123309169101496,2.627304049682812,0.0,0,40,14,0,0,27,11,0,6,0,9,40,27,0.675,,0.675,0.0,0.2,4.40245928880027,0.1735,53
transient,11,roving_ramp50,0.0988655960040254,0.099089223735496,1.0,7.62315240061212,0.7681452632244411,0.0,7.62315240061212,1.1123309169101496,2.627304049682812,0.0,25,20,7,0,10,8,5,0,18,0,8,45,18,0.4,0.4,0.4,0.0,1.4483333333333337,2.015749588547933,0.111375,49
transient,13,roving_ramp,0.2622889948105515,0.2004303334372743,1.0,6.058905507260057,1.0389589305087228,0.0,6.058905507260057,1.3125187707224368,3.1723581543820734,0.0,39,11,3,0,18,4,0,0,1,0,2,50,22,0.44,0.4615384615384615,0.3636363636363636,0.0,2.3008333333333337,0.5981867035160374,0.250625,25
transient,12,roving_ramp,0.2205521892086765,0.1755732965343059,1.0,7.678489711129459,1.2300959789543977,0.0,7.678489711129459,1.576780114553191,2.7530909623105684,0.0,43,6,7,0,18,1,2,0,6,0,0,49,19,0.3877551020408163,0.4186046511627907,0.1666666666666666,0.0,1.5783333333333334,0.7139813581890919,0.6145,27
transient,12,roving_mixed,0.2205521892086765,0.1755732965343059,1.0,7.678489711129459,1.2300959789543977,0.0,7.678489711129459,1.576780114553191,2.7530909623105684,0.0,17,24,0,0,11,6,0,0,6,0,5,41,17,0.4146341463414634,0.6470588235294118,0.25,0.0,3.0125,0.7650058846606523,0.1551412536820174,28
transient,15,roving_ramp50,0.2082274415650049,0.2299374372693307,1.0,6.370515715061766,1.1195872001157567,0.0,6.370515715061766,1.4072162544066755,2.501454306037397,0.0,25,20,6,0,13,8,0,0,6,1,7,45,21,0.4666666666666667,0.52,0.4,0.6091370558375635,1.6416666666666666,1.5632662502891643,0.345,35
transient,15,ramp,0.2082274415650049,0.2299374372693307,1.0,6.370515715061766,1.1195872001157567,0.0,6.370515715061766,1.4072162544066755,2.501454306037397,0.0,0,44,7,0,0,23,4,0,3,0,7,44,23,0.5227272727272727,,0.5227272727272727,0.0,0.1333333333333333,2.18358778625954,0.2299999999999999,37
transient,12,roving_ramp50,0.2205521892086765,0.1755732965343059,1.0,7.678489711129459,1.2300959789543977,0.0,7.678489711129459,1.576780114553191,2.7530909623105684,0.0,33,20,7,0,11,7,0,0,1,0,1,53,18,0.3396226415094339,0.3333333333333333,0.35,0.0,0.7675000000000001,1.2610501641845635,0.1755,20
transient,14,roving_ramp,0.1501342972149556,0.2361376740156375,1.0,8.397306239787223,0.8395906625387093,0.0,8.397306239787223,1.2187293948442797,2.934412020489978,0.0,34,11,2,0,26,6,1,0,16,6,15,45,32,0.7111111111111111,0.7647058823529411,0.5454545454545454,1.3724742661075104,4.371666666666667,0.585363273528607,0.3542499999999999,70
transient,14,roving_mixed,0.1501342972149556,0.2361376740156375,1.0,8.397306239787223,0.8395906625387093,0.0,8.397306239787223,1.2187293948442797,2.934412020489978,0.0,19,23,0,0,15,14,0,0,8,1,14,42,29,0.6904761904761905,0.7894736842105263,0.6086956521739131,0.3460207612456747,2.89,0.5439846533297142,0.1904444448087389,52
transient,14,roving_ramp50,0.1501342972149556,0.2361376740156375,1.0,8.397306239787223,0.8395906625387093,0.0,8.397306239787223,1.2187293948442797,2.934412020489978,0.0,25,21,6,0,17,14,1,0,10,1,17,46,31,0.6739130434782609,0.68,0.6666666666666666,0.3902439024390244,2.5625,0.6326695371367058,0.23625,60
transient,15,roving_ramp,0.2082274415650049,0.2299374372693307,1.0,6.370515715061766,1.1195872001157567,0.0,6.370515715061766,1.4072162544066755,2.501454306037397,0.0,37,11,2,0,19,5,2,0,4,0,12,48,24,0.5,0.5135135135135135,0.4545454545454545,0.0,1.3458333333333334,0.5862611925194741,0.1149999999999999,42
transient,16,roving_ramp,0.0295294335045887,0.04,1.0,11.635956519382166,0.6917496346630048,0.0,11.635956519382166,1.217113564231099,2.712113848142184,0.0,32,10,3,0,15,8,4,0,26,7,10,42,23,0.5476190476190477,0.46875,0.8,2.238209432454037,3.1275,2.7537735849057468,0.06,70
transient,15,roving_mixed,0.2082274415650049,0.2299374372693307,1.0,6.370515715061766,1.1195872001157567,0.0,6.370515715061766,1.4072162544066755,2.501454306037397,0.0,27,15,0,0,13,4,0,0,8,1,8,42,17,0.4047619047619047,0.4814814814814814,0.2666666666666666,0.3148779847808973,3.1758333333333337,0.624552327894971,0.3131488022241425,34
transient,14,ramp,0.1501342972149556,0.2361376740156375,1.0,8.397306239787223,0.8395906625387093,0.0,8.397306239787223,1.2187293948442797,2.934412020489978,0.0,0,38,15,0,0,26,6,0,3,0,16,38,26,0.6842105263157895,,0.6842105263157895,0.0,0.1333333333333333,2.5003148643863846,0.2362499999999999,51
transient,16,roving_ramp50,0.0295294335045887,0.04,1.0,11.635956519382166,0.6917496346630048,0.0,11.635956519382166,1.217113564231099,2.712113848142184,0.0,31,21,7,0,17,15,4,0,21,0,15,52,32,0.6153846153846154,0.5483870967741935,0.7142857142857143,0.0,0.5183333333333333,2.4312303824941472,0.04,72
transient,19,roving_ramp50,0.4175016005447546,0.4117647185019604,1.0,5.698180007275434,1.4483444026266898,0.0,5.698180007275434,1.7056174712413812,3.765449986894587,0.0,25,25,3,0,13,1,0,0,0,0,0,50,14,0.28,0.52,0.04,0.0,1.731666666666667,0.5965481750943984,0.4117499999999999,14
transient,19,roving_mixed,0.4175016005447546,0.4117647185019604,1.0,5.698180007275434,1.4483444026266898,0.0,5.698180007275434,1.7056174712413812,3.765449986894587,0.0,17,20,0,0,10,2,0,0,0,0,1,37,12,0.3243243243243243,0.5882352941176471,0.1,0.0,4.148333333333333,0.4558652237797356,0.385311791971426,13
transient,19,ramp,0.4175016005447546,0.4117647185019604,1.0,5.698180007275434,1.4483444026266898,0.0,5.698180007275434,1.7056174712413812,3.765449986894587,0.0,0,42,11,0,0,2,0,0,0,0,0,42,2,0.0476190476190476,,0.0476190476190476,0.0,0.2,2.5447295484869863,0.41175,2
transient,17,roving_ramp,0.0173654745950176,0.04,1.0,9.583221738691902,0.5797647458148849,0.0,9.583221738691902,1.012447613112922,2.7802141043914728,0.0,42,12,1,0,24,8,0,0,25,1,12,54,32,0.5925925925925926,0.5714285714285714,0.6666666666666666,0.5576208178438662,1.7933333333333334,1.4878869493438178,0.05,70
transient,19,roving_ramp,0.4175016005447546,0.4117647185019604,1.0,5.698180007275434,1.4483444026266898,0.0,5.698180007275434,1.7056174712413812,3.765449986894587,0.0,42,9,5,0,24,1,0,0,1,0,2,51,25,0.4901960784313725,0.5714285714285714,0.1111111111111111,0.0,0.9325,0.5367744793974809,0.4117499999999999,28
transient,17,roving_ramp50,0.0173654745950176,0.04,1.0,9.583221738691902,0.5797647458148849,0.0,9.583221738691902,1.012447613112922,2.7802141043914728,0.0,23,22,5,0,14,16,8,0,22,2,15,45,30,0.6666666666666666,0.6086956521739131,0.7272727272727273,1.6382252559726962,1.2208333333333334,1.8542971096051928,0.05,77
transient,16,roving_mixed,0.0295294335045887,0.04,1.0,11.635956519382166,0.6917496346630048,0.0,11.635956519382166,1.217113564231099,2.712113848142184,0.0,15,23,0,0,8,18,0,0,21,8,18,38,26,0.6842105263157895,0.5333333333333333,0.782608695652174,2.447730749617542,3.268333333333333,3.1550263250229404,0.0255222767587696,73
transient,16,ramp,0.0295294335045887,0.04,1.0,11.635956519382166,0.6917496346630048,0.0,11.635956519382166,1.217113564231099,2.712113848142184,0.0,0,44,9,0,0,30,12,0,7,0,12,44,30,0.6818181818181818,,0.6818181818181818,0.0,0.1333333333333333,3.230246655518422,0.055,61
transient,17,roving_mixed,0.0173654745950176,0.04,1.0,9.583221738691902,0.5797647458148849,0.0,9.583221738691902,1.012447613112922,2.7802141043914728,0.0,23,22,0,0,12,18,0,0,32,3,16,45,30,0.6666666666666666,0.5217391304347826,0.8181818181818182,1.9427954668105771,1.544166666666667,2.9056618445739653,0.0268993768751442,81
transient,18,roving_ramp50,0.0119673597783078,0.04,1.0,9.495973603789864,0.9023629968306124,0.0,9.495973603789864,1.3311066071433495,2.175049338388157,0.0,28,18,9,0,17,14,16,0,20,0,17,46,31,0.6739130434782609,0.6071428571428571,0.7777777777777778,0.0,0.8058333333333334,1.6398197690791465,0.045,84
transient,18,roving_ramp,0.0119673597783078,0.04,1.0,9.495973603789864,0.9023629968306124,0.0,9.495973603789864,1.3311066071433495,2.175049338388157,0.0,38,12,2,0,27,8,2,0,28,1,15,50,35,0.7,0.7105263157894737,0.6666666666666666,0.5777563793933558,1.7308333333333334,1.7001055966209195,0.04,81
transient,17,ramp,0.0173654745950176,0.04,1.0,9.583221738691902,0.5797647458148849,0.0,9.583221738691902,1.012447613112922,2.7802141043914728,0.0,0,37,16,0,0,31,18,0,8,0,18,37,31,0.8378378378378378,,0.8378378378378378,0.0,0.1333333333333333,1.8188775510204171,0.04,75
transient,18,roving_mixed,0.0119673597783078,0.04,1.0,9.495973603789864,0.9023629968306124,0.0,9.495973603789864,1.3311066071433495,2.175049338388157,0.0,22,14,0,0,10,11,0,0,30,9,19,36,21,0.5833333333333334,0.4545454545454545,0.7857142857142857,2.517482517482517,3.575,1.3472704035055767,0.0226151315789473,79
transient,21,ramp,0.1941875601282773,0.2029201536440391,1.0,8.551524207515742,1.0496029336115875,0.0,8.551524207515742,1.4357046136903733,3.006530906832228,0.0,0,41,12,0,0,19,1,0,1,0,7,41,19,0.4634146341463415,,0.4634146341463415,0.0,0.1333333333333333,2.912418551169035,0.2537499999999999,28
transient,18,ramp,0.0119673597783078,0.04,1.0,9.495973603789864,0.9023629968306124,0.0,9.495973603789864,1.3311066071433495,2.175049338388157,0.0,0,38,15,0,0,28,15,0,14,0,19,38,28,0.7368421052631579,,0.7368421052631579,0.0,0.2,2.170007128756307,0.04,76
transient,20,roving_mixed,0.1217671780230671,0.1041056880954562,1.0,4.19805813659441,0.5700576180068055,0.0,4.19805813659441,0.7596001206384376,2.8857694505110985,0.0,25,27,0,0,12,18,0,0,18,1,12,52,30,0.5769230769230769,0.48,0.6666666666666666,1.8376722817764164,0.5441666666666667,2.7885790679908364,0.0866350421918034,61
transient,22,roving_ramp50,0.2354883597255604,0.215555883728922,1.0,5.97682471097774,1.0990064055984228,0.0,5.97682471097774,1.3688602943843255,2.6574745229675387,0.0,28,19,7,0,17,6,2,0,5,1,6,47,23,0.4893617021276595,0.6071428571428571,0.3157894736842105,2.0066889632107023,0.4983333333333333,0.6948565776458817,0.2155,37
transient,22,ramp,0.2354883597255604,0.215555883728922,1.0,5.97682471097774,1.0990064055984228,0.0,5.97682471097774,1.3688602943843255,2.6574745229675387,0.0,0,36,18,0,0,15,3,0,4,0,5,36,15,0.4166666666666667,,0.4166666666666667,0.0,0.1333333333333333,2.454008127077961,0.32325,27
transient,20,roving_ramp,0.1217671780230671,0.1041056880954562,1.0,4.19805813659441,0.5700576180068055,0.0,4.19805813659441,0.7596001206384376,2.8857694505110985,0.0,46,10,4,0,29,6,6,0,21,1,9,56,35,0.625,0.6304347826086957,0.6,0.8146639511201629,1.2275,1.689563679245291,0.20825,72
transient,20,ramp,0.1217671780230671,0.1041056880954562,1.0,4.19805813659441,0.5700576180068055,0.0,4.19805813659441,0.7596001206384376,2.8857694505110985,0.0,0,36,17,0,0,22,13,0,7,0,11,36,22,0.6111111111111112,,0.6111111111111112,0.0,0.1333333333333333,3.46720463480242,0.20825,53
transient,20,roving_ramp50,0.1217671780230671,0.1041056880954562,1.0,4.19805813659441,0.5700576180068055,0.0,4.19805813659441,0.7596001206384376,2.8857694505110985,0.0,27,20,8,0,15,12,10,0,19,2,9,47,27,0.574468085106383,0.5555555555555556,0.6,1.386481802426343,1.4425,1.6671112296612431,0.130125,67
transient,21,roving_ramp50,0.1941875601282773,0.2029201536440391,1.0,8.551524207515742,1.0496029336115875,0.0,8.551524207515742,1.4357046136903733,3.006530906832228,0.0,29,19,6,0,17,12,1,0,2,0,9,48,29,0.6041666666666666,0.5862068965517241,0.631578947368421,0.0,0.8108333333333334,0.6895814237702602,0.25375,41
transient,21,roving_mixed,0.1941875601282773,0.2029201536440391,1.0,8.551524207515742,1.0496029336115875,0.0,8.551524207515742,1.4357046136903733,3.006530906832228,0.0,23,25,0,0,17,8,0,0,4,0,5,48,25,0.5208333333333334,0.7391304347826086,0.32,0.0,1.4266666666666667,0.6160448993066971,0.1771723122407392,34
transient,22,roving_ramp,0.2354883597255604,0.215555883728922,1.0,5.97682471097774,1.0990064055984228,0.0,5.97682471097774,1.3688602943843255,2.6574745229675387,0.0,41,8,4,0,23,4,1,0,3,3,10,49,27,0.5510204081632653,0.5609756097560976,0.5,2.177858439201452,1.3775000000000002,0.6654497178891833,0.485,44
transient,22,roving_mixed,0.2354883597255604,0.215555883728922,1.0,5.97682471097774,1.0990064055984228,0.0,5.97682471097774,1.3688602943843255,2.6574745229675387,0.0,25,23,0,0,12,6,0,0,10,2,0,48,18,0.375,0.48,0.2608695652173913,1.1544011544011543,1.7325000000000002,0.5092668757165681,0.0521582737988508,30
transient,23,roving_ramp,0.0100013373778227,0.04,1.0,7.998984298223247,0.3888875760563898,0.0,7.998984298223247,0.7500420558336296,3.0962482428431963,0.0,38,13,1,0,20,9,3,0,30,1,19,51,29,0.5686274509803921,0.5263157894736842,0.6923076923076923,0.6880733944954128,1.4533333333333334,1.2272058823529184,0.03,82
transient,23,roving_mixed,0.0100013373778227,0.04,1.0,7.998984298223247,0.3888875760563898,0.0,7.998984298223247,0.7500420558336296,3.0962482428431963,0.0,22,26,0,0,10,22,0,0,32,0,19,48,32,0.6666666666666666,0.4545454545454545,0.8461538461538461,0.0,1.5475,2.147331234487205,0.0248376308943357,83
transient,21,roving_ramp,0.1941875601282773,0.2029201536440391,1.0,8.551524207515742,1.0496029336115875,0.0,8.551524207515742,1.4357046136903733,3.006530906832228,0.0,39,8,5,0,24,2,2,0,8,0,2,47,26,0.5531914893617021,0.6153846153846154,0.25,0.0,2.4691666666666667,0.5482984174790297,0.25375,38
transient,25,roving_ramp50,0.2259859889481293,0.3278962992303689,1.0,7.11658298464392,1.2352264814314473,0.0,7.11658298464392,1.5565405045357967,2.595039721101404,0.0,24,18,8,0,18,9,0,0,3,0,16,42,27,0.6428571428571429,0.75,0.5,0.0,1.4925000000000002,0.3160564622849565,0.3279999999999999,46
transient,24,ramp,0.1209233585998758,0.1294541340622337,1.0,9.172727325171929,0.6841611047548589,0.0,9.172727325171929,1.0983101319003157,3.2086359384430976,0.0,0,46,9,0,0,23,3,0,3,0,15,46,23,0.5,,0.5,0.0,0.1333333333333333,2.952657807308978,0.1294999999999999,44
transient,23,ramp,0.0100013373778227,0.04,1.0,7.998984298223247,0.3888875760563898,0.0,7.998984298223247,0.7500420558336296,3.0962482428431963,0.0,0,36,17,0,0,30,20,0,7,0,20,36,30,0.8333333333333334,,0.8333333333333334,0.0,0.1333333333333333,2.889505861879459,0.05,77
transient,25,ramp,0.2259859889481293,0.3278962992303689,1.0,7.11658298464392,1.2352264814314473,0.0,7.11658298464392,1.5565405045357967,2.595039721101404,0.0,0,42,8,0,0,26,1,0,4,0,10,42,26,0.6190476190476191,,0.6190476190476191,0.0,0.2,2.368328915093616,0.328,41
transient,23,roving_ramp50,0.0100013373778227,0.04,1.0,7.998984298223247,0.3888875760563898,0.0,7.998984298223247,0.7500420558336296,3.0962482428431963,0.0,25,21,7,0,12,13,7,0,33,1,12,46,25,0.5434782608695652,0.48,0.6190476190476191,0.9433962264150942,1.06,1.9648437500000404,0.04,78
transient,24,roving_mixed,0.1209233585998758,0.1294541340622337,1.0,9.172727325171929,0.6841611047548589,0.0,9.172727325171929,1.0983101319003157,3.2086359384430976,0.0,25,23,0,0,16,8,0,0,11,0,7,48,24,0.5,0.64,0.3478260869565217,0.0,1.044166666666667,1.5342438890464414,0.0871742039241745,42
transient,24,roving_ramp50,0.1209233585998758,0.1294541340622337,1.0,9.172727325171929,0.6841611047548589,0.0,9.172727325171929,1.0983101319003157,3.2086359384430976,0.0,25,21,5,0,14,16,1,0,15,0,14,46,30,0.6521739130434783,0.56,0.7619047619047619,0.0,1.3725,1.119542509430551,0.1132499999999999,60
transient,26,ramp,0.1809006908769518,0.158619886787515,1.0,10.100830954521056,0.8726942677275454,0.0,10.100830954521056,1.3287472130381377,3.727993983327913,0.0,0,42,11,0,0,16,2,0,0,0,1,42,16,0.3809523809523809,,0.3809523809523809,0.0,0.2,3.5634703205549583,0.277625,19
transient,24,roving_ramp,0.1209233585998758,0.1294541340622337,1.0,9.172727325171929,0.6841611047548589,0.0,9.172727325171929,1.0983101319003157,3.2086359384430976,0.0,40,9,5,0,22,6,2,0,12,1,9,49,28,0.5714285714285714,0.55,0.6666666666666666,0.4932182490752157,2.0275000000000003,0.7266533554709224,0.1779999999999999,52
transient,27,roving_ramp50,0.206452901315718,0.2796296608462786,1.0,9.308803221470267,1.1867889863379455,0.0,9.308803221470267,1.6070818459633291,3.3001299870613234,0.0,26,20,6,0,21,11,0,0,0,0,8,46,32,0.6956521739130435,0.8076923076923077,0.55,0.0,1.2800000000000002,0.44430746277583,0.20975,40
transient,28,roving_ramp50,0.219375571430493,0.2198632956390973,1.0,7.905044750453569,0.878910252737787,0.0,7.905044750453569,1.235823357955409,3.79122000887654,0.0,26,24,4,0,11,7,0,0,0,1,4,50,18,0.36,0.4230769230769231,0.2916666666666667,0.8064516129032259,1.24,0.6930426291099483,0.21975,23
transient,25,roving_mixed,0.2259859889481293,0.3278962992303689,1.0,7.11658298464392,1.2352264814314473,0.0,7.11658298464392,1.5565405045357967,2.595039721101404,0.0,22,22,0,0,16,9,0,0,4,0,17,44,25,0.5681818181818182,0.7272727272727273,0.4090909090909091,0.0,2.3466666666666667,0.4953320885569559,0.3297213622291022,46
transient,27,ramp,0.206452901315718,0.2796296608462786,1.0,9.308803221470267,1.1867889863379455,0.0,9.308803221470267,1.6070818459633291,3.3001299870613234,0.0,0,39,14,0,0,20,1,0,2,0,8,39,20,0.5128205128205128,,0.5128205128205128,0.0,0.2,2.0233501031011816,0.2797499999999999,31
transient,25,roving_ramp,0.2259859889481293,0.3278962992303689,1.0,7.11658298464392,1.2352264814314473,0.0,7.11658298464392,1.5565405045357967,2.595039721101404,0.0,39,10,4,0,32,5,1,0,4,1,23,49,37,0.7551020408163265,0.8205128205128205,0.5,0.5364327223960661,1.8641666666666667,0.2748287671232616,0.4097499999999999,66
transient,28,ramp,0.219375571430493,0.2198632956390973,1.0,7.905044750453569,0.878910252737787,0.0,7.905044750453569,1.235823357955409,3.79122000887654,0.0,0,34,16,0,0,12,1,0,2,0,1,34,12,0.3529411764705882,,0.3529411764705882,0.0,0.1333333333333333,1.8057006817229253,0.2197499999999999,16
transient,29,roving_mixed,0.2521768558997901,0.2798430994654975,1.0,6.3829902662460585,0.8830842040712317,0.0,6.3829902662460585,1.1712764848763493,3.5193901893146973,0.0,17,27,0,0,10,7,0,0,1,0,7,44,17,0.3863636363636363,0.5882352941176471,0.2592592592592592,0.0,0.5741666666666667,0.7546777546777931,0.1879999999999999,25
transient,27,roving_ramp,0.206452901315718,0.2796296608462786,1.0,9.308803221470267,1.1867889863379455,0.0,9.308803221470267,1.6070818459633291,3.3001299870613234,0.0,33,11,2,0,24,4,1,0,6,0,16,44,28,0.6363636363636364,0.7272727272727273,0.3636363636363636,0.0,2.7816666666666667,0.3559550205891713,0.24475,51
transient,29,ramp,0.2521768558997901,0.2798430994654975,1.0,6.3829902662460585,0.8830842040712317,0.0,6.3829902662460585,1.1712764848763493,3.5193901893146973,0.0,0,43,13,0,0,18,1,0,2,0,4,43,18,0.4186046511627907,,0.4186046511627907,0.0,0.2,1.806837903505757,0.27975,25
transient,26,roving_ramp,0.1809006908769518,0.158619886787515,1.0,10.100830954521056,0.8726942677275454,0.0,10.100830954521056,1.3287472130381377,3.727993983327913,0.0,41,10,3,0,20,3,1,0,2,0,6,51,23,0.4509803921568627,0.4878048780487805,0.3,0.0,1.8416666666666663,0.6814917766967818,0.07925,32
transient,29,roving_ramp,0.2521768558997901,0.2798430994654975,1.0,6.3829902662460585,0.8830842040712317,0.0,6.3829902662460585,1.1712764848763493,3.5193901893146973,0.0,40,10,3,0,22,2,0,0,2,0,3,50,24,0.48,0.55,0.2,0.0,2.0175,0.5906400682199513,0.3148749999999999,29
transient,26,roving_mixed,0.1809006908769518,0.158619886787515,1.0,10.100830954521056,0.8726942677275454,0.0,10.100830954521056,1.3287472130381377,3.727993983327913,0.0,22,21,0,0,11,7,0,0,3,2,3,43,18,0.4186046511627907,0.5,0.3333333333333333,0.7782101167315174,2.5700000000000003,0.7430562617098668,0.1268123782731011,26
transient,26,roving_ramp50,0.1809006908769518,0.158619886787515,1.0,10.100830954521056,0.8726942677275454,0.0,10.100830954521056,1.3287472130381377,3.727993983327913,0.0,26,17,11,0,10,7,1,0,6,2,3,43,17,0.3953488372093023,0.3846153846153846,0.4117647058823529,1.0638297872340423,1.88,0.8864864864864711,0.238,29
transient,28,roving_ramp,0.219375571430493,0.2198632956390973,1.0,7.905044750453569,0.878910252737787,0.0,7.905044750453569,1.235823357955409,3.79122000887654,0.0,39,11,3,0,20,4,0,0,2,1,3,50,24,0.48,0.5128205128205128,0.3636363636363636,0.4667444574095682,2.1425,0.5074652951855849,0.30225,30
transient,28,roving_mixed,0.219375571430493,0.2198632956390973,1.0,7.905044750453569,0.878910252737787,0.0,7.905044750453569,1.235823357955409,3.79122000887654,0.0,30,17,0,0,14,3,0,0,4,0,2,47,17,0.3617021276595745,0.4666666666666667,0.1764705882352941,0.0,1.2100000000000002,0.7360108303250509,0.308736015234468,23
transient,29,roving_ramp50,0.2521768558997901,0.2798430994654975,1.0,6.3829902662460585,0.8830842040712317,0.0,6.3829902662460585,1.1712764848763493,3.5193901893146973,0.0,21,17,10,0,17,6,3,0,3,1,10,38,23,0.6052631578947368,0.8095238095238095,0.3529411764705882,0.4796163069544364,2.085,0.6379211878926272,0.31475,40
transient,27,roving_mixed,0.206452901315718,0.2796296608462786,1.0,9.308803221470267,1.1867889863379455,0.0,9.308803221470267,1.6070818459633291,3.3001299870613234,0.0,23,19,0,0,15,4,0,0,1,0,11,42,19,0.4523809523809524,0.6521739130434783,0.2105263157894736,0.0,2.665833333333333,0.3924709651581971,0.133506565555232,31
mixed,0,roving_ramp50,0.1444619718514181,0.1435443655922803,0.5308676686061702,1.037680265216494,0.7602270827493179,1.874486933362092,4.640696597047135,1.0311413398882696,2.9981979637510565,0.0,18,22,7,0,8,19,2,0,5,3,17,40,27,0.675,0.4444444444444444,0.8636363636363636,0.9188361408882082,3.265,2.832749283211224,0.21525,54
mixed,1,roving_ramp,0.0893590307788923,0.0661243191964953,0.6323548659579724,1.1285072568325882,0.7138857775683045,1.5975581459287655,6.011717482918223,1.0376326872145576,2.819330309208217,0.0,35,13,1,0,14,9,1,0,21,1,9,48,23,0.4791666666666667,0.4,0.6923076923076923,0.4530011325028311,2.2075000000000005,2.5016019935920637,0.09925,55
mixed,1,ramp,0.0893590307788923,0.0661243191964953,0.6323548659579724,1.1285072568325882,0.7138857775683045,1.5975581459287655,6.011717482918223,1.0376326872145576,2.819330309208217,0.0,0,39,14,0,0,27,11,0,1,1,13,39,27,0.6923076923076923,,0.6923076923076923,5.0,0.2,2.516912815626506,0.09925,53
mixed,0,roving_mixed,0.1444619718514181,0.1435443655922803,0.5308676686061702,1.037680265216494,0.7602270827493179,1.874486933362092,4.640696597047135,1.0311413398882696,2.9981979637510565,0.0,27,26,0,0,16,16,0,0,17,0,12,53,32,0.6037735849056604,0.5925925925925926,0.6153846153846154,0.0,0.4666666666666667,2.0018588515331195,0.0908861059222072,61
mixed,1,roving_ramp50,0.0893590307788923,0.0661243191964953,0.6323548659579724,1.1285072568325882,0.7138857775683045,1.5975581459287655,6.011717482918223,1.0376326872145576,2.819330309208217,0.0,23,20,6,0,10,12,2,0,12,3,9,43,22,0.5116279069767442,0.4347826086956521,0.6,2.5974025974025974,1.155,2.5946861975574147,0.09925,48
mixed,0,ramp,0.1444619718514181,0.1435443655922803,0.5308676686061702,1.037680265216494,0.7602270827493179,1.874486933362092,4.640696597047135,1.0311413398882696,2.9981979637510565,0.0,0,42,11,0,0,37,4,0,2,0,21,42,37,0.8809523809523809,,0.8809523809523809,0.0,0.1333333333333333,3.8990182328191016,0.2152499999999999,64
mixed,2,roving_ramp,0.2374489546080916,0.2763982926358999,0.0569528516203099,0.9137825689240608,1.067537629264781,3.3181786995252343,0.4384213402610866,1.1959977003481814,2.78048263860019,0.0,40,8,5,0,24,8,2,0,18,1,44,48,32,0.6666666666666666,0.6,1.0,0.3472222222222221,2.8800000000000003,1.087438822059415,0.3632499999999999,97
mixed,0,roving_ramp,0.1444619718514181,0.1435443655922803,0.5308676686061702,1.037680265216494,0.7602270827493179,1.874486933362092,4.640696597047135,1.0311413398882696,2.9981979637510565,0.0,39,11,3,0,25,9,0,0,12,0,16,50,34,0.68,0.6410256410256411,0.8181818181818182,0.0,1.38,1.504524226503193,0.35875,62
mixed,1,roving_mixed,0.0893590307788923,0.0661243191964953,0.6323548659579724,1.1285072568325882,0.7138857775683045,1.5975581459287655,6.011717482918223,1.0376326872145576,2.819330309208217,0.0,25,24,0,0,8,11,0,0,20,1,6,49,19,0.3877551020408163,0.32,0.4583333333333333,0.841514726507714,1.1883333333333332,1.4027583449930243,0.029404617253949,46
mixed,2,roving_ramp50,0.2374489546080916,0.2763982926358999,0.0569528516203099,0.9137825689240608,1.067537629264781,3.3181786995252343,0.4384213402610866,1.1959977003481814,2.78048263860019,0.0,26,23,4,0,18,23,1,0,12,0,49,49,41,0.8367346938775511,0.6923076923076923,1.0,0.0,1.2025,2.143894107600337,0.4145,103
mixed,2,ramp,0.2374489546080916,0.2763982926358999,0.0569528516203099,0.9137825689240608,1.067537629264781,3.3181786995252343,0.4384213402610866,1.1959977003481814,2.78048263860019,0.0,0,39,13,0,0,35,3,0,0,0,66,39,35,0.8974358974358975,,0.8974358974358975,0.0,0.2,2.839342523859985,0.4145,104
mixed,2,roving_mixed,0.2374489546080916,0.2763982926358999,0.0569528516203099,0.9137825689240608,1.067537629264781,3.3181786995252343,0.4384213402610866,1.1959977003481814,2.78048263860019,0.0,22,22,0,0,12,14,0,0,15,1,33,44,26,0.5909090909090909,0.5454545454545454,0.6363636363636364,0.3497522588166715,2.859166666666667,1.1559137743631878,0.1194221055127012,75
mixed,3,roving_ramp50,0.1961187672294514,0.2100569979947556,0.5859282920133323,1.2307985395157504,1.0902623748805722,1.9623931788589284,6.07525879823216,1.4288259726071688,3.072416372162481,0.0,27,19,8,0,15,9,2,0,5,1,6,46,24,0.5217391304347826,0.5555555555555556,0.4736842105263157,0.5417607223476297,1.8458333333333332,1.120469039888691,0.4199999999999999,38
mixed,3,roving_mixed,0.1961187672294514,0.2100569979947556,0.5859282920133323,1.2307985395157504,1.0902623748805722,1.9623931788589284,6.07525879823216,1.4288259726071688,3.072416372162481,0.0,16,30,0,0,11,4,0,0,9,0,10,46,15,0.3260869565217391,0.6875,0.1333333333333333,0.0,1.6483333333333334,0.6604733466047564,0.1484781610542822,34
mixed,4,ramp,0.1961712277151727,0.2758840280435916,0.8208894989855657,0.8911766013519143,1.1576308747704476,0.6146223085762315,6.16285312104493,1.4560119042749375,2.4617434046500226,0.0,0,40,12,0,0,27,3,0,4,0,12,40,27,0.675,,0.675,0.0,0.1333333333333333,2.5684110970996565,0.276,46
mixed,3,ramp,0.1961187672294514,0.2100569979947556,0.5859282920133323,1.2307985395157504,1.0902623748805722,1.9623931788589284,6.07525879823216,1.4288259726071688,3.072416372162481,0.0,0,44,8,0,0,31,1,0,1,0,20,44,31,0.7045454545454546,,0.7045454545454546,0.0,0.2,3.4465189873417543,0.3149999999999999,53
mixed,3,roving_ramp,0.1961187672294514,0.2100569979947556,0.5859282920133323,1.2307985395157504,1.0902623748805722,1.9623931788589284,6.07525879823216,1.4288259726071688,3.072416372162481,0.0,38,14,1,0,23,9,0,0,3,1,18,52,32,0.6153846153846154,0.6052631578947368,0.6428571428571429,0.4140786749482401,2.415,0.7108153621913258,0.3149999999999999,54
mixed,5,roving_ramp,0.2056813030092998,0.2274344926241138,0.2800586372237195,1.1678400748429525,0.9865855036673626,3.2374569012316448,2.755279667609646,1.2170083096475317,3.13600437140183,0.0,34,12,4,0,18,10,0,0,11,0,26,46,28,0.6086956521739131,0.5294117647058824,0.8333333333333334,0.0,2.1141666666666667,1.3662197701884198,0.31275,65
mixed,4,roving_ramp50,0.1961712277151727,0.2758840280435916,0.8208894989855657,0.8911766013519143,1.1576308747704476,0.6146223085762315,6.16285312104493,1.4560119042749375,2.4617434046500226,0.0,25,21,4,0,15,15,2,0,4,1,15,46,30,0.6521739130434783,0.6,0.7142857142857143,0.5859375,1.7066666666666668,0.8894240489568679,0.276,52
mixed,6,ramp,0.2458501418541535,0.2524050432514277,0.7949865208845698,1.0145711369140122,1.0230950445415536,0.8009186644488144,6.794783294127789,1.3561086717395148,3.735470900705367,0.0,0,43,10,0,0,16,1,0,0,0,2,43,16,0.3720930232558139,,0.3720930232558139,0.0,0.2,3.512768133777314,0.3784999999999999,19
mixed,6,roving_ramp50,0.2458501418541535,0.2524050432514277,0.7949865208845698,1.0145711369140122,1.0230950445415536,0.8009186644488144,6.794783294127789,1.3561086717395148,3.735470900705367,0.0,24,23,6,0,14,11,0,0,1,0,6,47,25,0.5319148936170213,0.5833333333333334,0.4782608695652174,0.0,1.7475,0.657713651498378,0.3784999999999999,32
mixed,4,roving_mixed,0.1961712277151727,0.2758840280435916,0.8208894989855657,0.8911766013519143,1.1576308747704476,0.6146223085762315,6.16285312104493,1.4560119042749375,2.4617434046500226,0.0,23,18,0,0,18,7,0,0,4,3,12,41,25,0.6097560975609756,0.782608695652174,0.3888888888888889,1.0419681620839365,2.879166666666667,0.510760073260072,0.0876494023904382,44
mixed,6,roving_mixed,0.2458501418541535,0.2524050432514277,0.7949865208845698,1.0145711369140122,1.0230950445415536,0.8009186644488144,6.794783294127789,1.3561086717395148,3.735470900705367,0.0,21,25,0,0,10,5,0,0,0,0,0,46,15,0.3260869565217391,0.4761904761904761,0.2,0.0,1.4466666666666668,0.8396857238382043,0.1402925531914893,15
mixed,5,ramp,0.2056813030092998,0.2274344926241138,0.2800586372237195,1.1678400748429525,0.9865855036673626,3.2374569012316448,2.755279667609646,1.2170083096475317,3.13600437140183,0.0,0,44,10,0,0,41,0,0,3,0,66,44,41,0.9318181818181818,,0.9318181818181818,0.0,0.1333333333333333,2.711090400745574,0.28425,110
mixed,5,roving_ramp50,0.2056813030092998,0.2274344926241138,0.2800586372237195,1.1678400748429525,0.9865855036673626,3.2374569012316448,2.755279667609646,1.2170083096475317,3.13600437140183,0.0,27,19,6,0,16,17,2,0,9,0,37,46,33,0.717391304347826,0.5925925925925926,0.8947368421052632,0.0,0.8291666666666667,1.9374745417515409,0.2842499999999999,81
mixed,4,roving_ramp,0.1961712277151727,0.2758840280435916,0.8208894989855657,0.8911766013519143,1.1576308747704476,0.6146223085762315,6.16285312104493,1.4560119042749375,2.4617434046500226,0.0,40,11,3,0,29,7,0,0,7,0,18,51,36,0.7058823529411765,0.725,0.6363636363636364,0.0,1.215833333333333,0.4789146077850019,0.276,61
mixed,5,roving_mixed,0.2056813030092998,0.2274344926241138,0.2800586372237195,1.1678400748429525,0.9865855036673626,3.2374569012316448,2.755279667609646,1.2170083096475317,3.13600437140183,0.0,12,30,0,0,7,13,0,0,3,0,7,42,20,0.4761904761904761,0.5833333333333334,0.4333333333333333,0.0,1.2666666666666666,3.1032821759485474,0.1962025316455696,30
mixed,7,roving_mixed,0.1808523140674611,0.1814099410745636,0.4402911900057085,0.969976108143052,0.8361526942678448,2.0904831707459337,3.597778106962508,1.067052687194466,3.086225239282948,0.0,21,19,0,0,11,13,0,0,5,1,10,40,24,0.6,0.5238095238095238,0.6842105263157895,0.2551020408163265,3.92,2.2267861303082808,0.146273756139227,40
mixed,6,roving_ramp,0.2458501418541535,0.2524050432514277,0.7949865208845698,1.0145711369140122,1.0230950445415536,0.8009186644488144,6.794783294127789,1.3561086717395148,3.735470900705367,0.0,37,11,3,0,24,4,1,0,1,0,7,48,28,0.5833333333333334,0.6486486486486487,0.3636363636363636,0.0,2.4466666666666668,0.5492503669124212,0.3469999999999999,37
mixed,7,roving_ramp,0.1808523140674611,0.1814099410745636,0.4402911900057085,0.969976108143052,0.8361526942678448,2.0904831707459337,3.597778106962508,1.067052687194466,3.086225239282948,0.0,38,10,3,0,25,8,1,0,8,1,7,48,33,0.6875,0.6578947368421053,0.8,0.3598200899550224,2.779166666666667,1.3249896565990924,0.204125,50
mixed,7,ramp,0.1808523140674611,0.1814099410745636,0.4402911900057085,0.969976108143052,0.8361526942678448,2.0904831707459337,3.597778106962508,1.067052687194466,3.086225239282948,0.0,0,42,10,0,0,31,3,0,5,0,32,42,31,0.7380952380952381,,0.7380952380952381,0.0,0.1333333333333333,3.7621667371984953,0.22675,71
mixed,7,roving_ramp50,0.1808523140674611,0.1814099410745636,0.4402911900057085,0.969976108143052,0.8361526942678448,2.0904831707459337,3.597778106962508,1.067052687194466,3.086225239282948,0.0,26,20,6,0,12,15,2,0,5,1,21,46,27,0.5869565217391305,0.4615384615384615,0.75,0.9382329945269742,1.0658333333333334,2.308459779671593,0.3175,56
mixed,8,roving_mixed,0.1707003866478428,0.1038134373765605,0.3437241257255021,1.419983538661029,0.9990870634529124,3.588337177026059,4.111749685180462,1.3022453459986216,3.095189528023236,0.0,16,22,0,0,6,10,0,0,3,2,7,38,16,0.4210526315789473,0.375,0.4545454545454545,0.5526134008749712,3.619166666666666,2.8080238408989557,0.0594476185269507,28
mixed,8,roving_ramp,0.1707003866478428,0.1038134373765605,0.3437241257255021,1.419983538661029,0.9990870634529124,3.588337177026059,4.111749685180462,1.3022453459986216,3.095189528023236,0.0,43,13,1,0,11,9,0,0,4,0,6,56,20,0.3571428571428571,0.2558139534883721,0.6923076923076923,0.0,0.6558333333333334,2.159798145505115,0.18175,30
mixed,10,roving_mixed,0.3406150940088443,0.3899669836545776,0.3355298460289968,0.9510585131567648,1.3141399780977578,2.4333591414156364,2.688262890737619,1.5152039894570957,3.249500825208091,0.0,26,20,0,0,15,7,0,0,3,2,12,46,22,0.4782608695652174,0.5769230769230769,0.35,0.5164622336991607,3.872500000000001,0.628922300688328,0.4423592493297587,39
mixed,8,roving_ramp50,0.1707003866478428,0.1038134373765605,0.3437241257255021,1.419983538661029,0.9990870634529124,3.588337177026059,4.111749685180462,1.3022453459986216,3.095189528023236,0.0,25,22,5,0,9,11,2,0,2,0,8,47,20,0.425531914893617,0.36,0.5,0.0,1.185,3.1438504790310686,0.15575,32
mixed,10,ramp,0.3406150940088443,0.3899669836545776,0.3355298460289968,0.9510585131567648,1.3141399780977578,2.4333591414156364,2.688262890737619,1.5152039894570957,3.249500825208091,0.0,0,37,13,0,0,24,0,0,0,0,13,37,24,0.6486486486486487,,0.6486486486486487,0.0,0.1333333333333333,3.725260804769013,0.4499999999999999,37
mixed,8,ramp,0.1707003866478428,0.1038134373765605,0.3437241257255021,1.419983538661029,0.9990870634529124,3.588337177026059,4.111749685180462,1.3022453459986216,3.095189528023236,0.0,0,42,12,0,0,25,0,0,2,0,15,42,25,0.5952380952380952,,0.5952380952380952,0.0,0.1333333333333333,4.499324780553694,0.15575,42
mixed,9,ramp,0.1573283940015578,0.1068403979887268,0.0456234604064239,1.8897667333196155,1.0759162499512438,6.944667387986624,0.7263229446192885,1.3361371050543336,3.42098359755797,0.0,0,38,15,0,0,25,2,0,0,0,24,38,25,0.6578947368421053,,0.6578947368421053,0.0,0.2,5.161147902869795,0.2669999999999999,51
mixed,9,roving_ramp,0.1573283940015578,0.1068403979887268,0.0456234604064239,1.8897667333196155,1.0759162499512438,6.944667387986624,0.7263229446192885,1.3361371050543336,3.42098359755797,0.0,37,8,6,0,10,4,1,0,5,0,7,45,14,0.3111111111111111,0.2702702702702703,0.5,0.0,2.235,1.790223853228726,0.29375,27
mixed,9,roving_mixed,0.1573283940015578,0.1068403979887268,0.0456234604064239,1.8897667333196155,1.0759162499512438,6.944667387986624,0.7263229446192885,1.3361371050543336,3.42098359755797,0.0,27,27,0,0,9,7,0,0,9,0,5,54,16,0.2962962962962963,0.3333333333333333,0.2592592592592592,0.0,1.4608333333333334,2.615377325834575,0.1549034175334322,30
mixed,9,roving_ramp50,0.1573283940015578,0.1068403979887268,0.0456234604064239,1.8897667333196155,1.0759162499512438,6.944667387986624,0.7263229446192885,1.3361371050543336,3.42098359755797,0.0,29,17,11,0,11,11,0,0,1,0,17,46,22,0.4782608695652174,0.3793103448275862,0.6470588235294118,0.0,0.9025,2.668077864431432,0.21375,40
mixed,11,roving_ramp50,0.3508788073727582,0.4349713098195379,0.3182691731103058,1.14555105382534,1.681283555520361,3.0071208193644243,3.0714423419624444,1.9184379616608205,2.951822218455656,0.0,21,20,10,0,11,16,0,0,1,0,8,41,27,0.6585365853658537,0.5238095238095238,0.8,0.0,2.085,1.3982300884956156,0.4425,36
mixed,11,roving_mixed,0.3508788073727582,0.4349713098195379,0.3182691731103058,1.14555105382534,1.681283555520361,3.0071208193644243,3.0714423419624444,1.9184379616608205,2.951822218455656,0.0,20,24,0,0,11,5,0,0,4,0,15,44,16,0.3636363636363636,0.55,0.2083333333333333,0.0,3.01,0.5680090996881508,0.5212878254750176,35
mixed,10,roving_ramp50,0.3406150940088443,0.3899669836545776,0.3355298460289968,0.9510585131567648,1.3141399780977578,2.4333591414156364,2.688262890737619,1.5152039894570957,3.249500825208091,0.0,23,19,7,0,15,12,0,0,1,0,13,42,27,0.6428571428571429,0.6521739130434783,0.631578947368421,0.0,2.4916666666666667,0.7503105590062631,0.42,41
mixed,12,roving_ramp50,0.150455877695926,0.1208444971494926,0.803671071094514,1.736573283447507,1.2478455868481604,1.3128070737882196,11.757224015795346,1.8216771932171805,3.074520170238892,0.0,26,20,8,0,13,10,3,0,1,0,8,46,23,0.5,0.5,0.5,0.0,0.6175,1.239454899415982,0.1358749999999999,35
mixed,11,ramp,0.3508788073727582,0.4349713098195379,0.3182691731103058,1.14555105382534,1.681283555520361,3.0071208193644243,3.0714423419624444,1.9184379616608205,2.951822218455656,0.0,0,43,6,0,0,33,0,0,0,0,17,43,33,0.7674418604651163,,0.7674418604651163,0.0,0.1333333333333333,2.6883509833585406,0.4499999999999999,50
mixed,12,ramp,0.150455877695926,0.1208444971494926,0.803671071094514,1.736573283447507,1.2478455868481604,1.3128070737882196,11.757224015795346,1.8216771932171805,3.074520170238892,0.0,0,41,14,0,0,21,2,0,2,0,5,41,21,0.5121951219512195,,0.5121951219512195,0.0,0.1333333333333333,5.581176470588313,0.24175,30
mixed,12,roving_mixed,0.150455877695926,0.1208444971494926,0.803671071094514,1.736573283447507,1.2478455868481604,1.3128070737882196,11.757224015795346,1.8216771932171805,3.074520170238892,0.0,27,20,0,0,11,4,0,0,6,1,6,47,15,0.3191489361702128,0.4074074074074074,0.2,0.6568144499178982,1.5225000000000002,0.7065129991959173,0.05490744400527,28
mixed,13,roving_mixed,0.1350823273209548,0.1307449256390842,0.4284119917344952,1.683932227476794,1.0187529082813167,3.706220151974272,6.077424459677975,1.414521979097037,2.9466231576020228,0.0,24,25,0,0,11,11,0,0,10,0,3,49,22,0.4489795918367347,0.4583333333333333,0.44,0.0,1.9583333333333333,1.2907644073690374,0.1101410342511752,35
mixed,11,roving_ramp,0.3508788073727582,0.4349713098195379,0.3182691731103058,1.14555105382534,1.681283555520361,3.0071208193644243,3.0714423419624444,1.9184379616608205,2.951822218455656,0.0,37,13,2,0,23,10,0,0,4,0,19,50,33,0.66,0.6216216216216216,0.7692307692307693,0.0,2.381666666666667,0.5376165113182454,0.435,56
mixed,10,roving_ramp,0.3406150940088443,0.3899669836545776,0.3355298460289968,0.9510585131567648,1.3141399780977578,2.4333591414156364,2.688262890737619,1.5152039894570957,3.249500825208091,0.0,37,11,2,0,22,9,0,0,4,0,20,48,31,0.6458333333333334,0.5945945945945946,0.8181818181818182,0.0,1.7916666666666667,0.966218150586888,0.39,55
mixed,13,roving_ramp,0.1350823273209548,0.1307449256390842,0.4284119917344952,1.683932227476794,1.0187529082813167,3.706220151974272,6.077424459677975,1.414521979097037,2.9466231576020228,0.0,42,11,3,0,25,10,0,0,8,0,21,53,35,0.660377358490566,0.5952380952380952,0.9090909090909092,0.0,2.174166666666667,0.95427769985976,0.163375,64
mixed,13,ramp,0.1350823273209548,0.1307449256390842,0.4284119917344952,1.683932227476794,1.0187529082813167,3.706220151974272,6.077424459677975,1.414521979097037,2.9466231576020228,0.0,0,41,15,0,0,30,4,0,4,0,34,41,30,0.7317073170731707,,0.7317073170731707,0.0,0.2,3.2142068192668605,0.1634999999999999,72
mixed,13,roving_ramp50,0.1350823273209548,0.1307449256390842,0.4284119917344952,1.683932227476794,1.0187529082813167,3.706220151974272,6.077424459677975,1.414521979097037,2.9466231576020228,0.0,32,20,7,0,16,15,1,0,8,0,27,52,31,0.5961538461538461,0.5,0.75,0.0,0.8941666666666668,2.178204555605181,0.32675,67
mixed,15,roving_ramp,0.3042610171573916,0.350426264982405,0.5713961740457812,0.9403221725149008,1.4781959790490475,1.5518731382058426,4.52634180998088,1.7333819993245718,2.682347162360692,0.0,43,12,0,0,20,6,0,0,1,0,8,55,26,0.4727272727272727,0.4651162790697674,0.5,0.0,1.1758333333333333,0.50337647072059,0.306625,35
mixed,14,ramp,0.1072399070308132,0.0996868341751188,0.3959748988843266,1.5391459959031302,1.0004107675724938,3.5797961711724597,5.134294967664283,1.3494573079100047,2.5009819919689216,0.0,0,40,15,0,0,33,4,0,4,0,39,40,33,0.825,,0.825,0.0,0.1333333333333333,2.9569667364504504,0.1494999999999999,80
mixed,15,roving_ramp50,0.3042610171573916,0.350426264982405,0.5713961740457812,0.9403221725149008,1.4781959790490475,1.5518731382058426,4.52634180998088,1.7333819993245718,2.682347162360692,0.0,24,21,4,0,14,13,0,0,3,0,13,45,27,0.6,0.5833333333333334,0.6190476190476191,0.0,2.345,0.8653386454183293,0.4499999999999999,43
mixed,15,roving_mixed,0.3042610171573916,0.350426264982405,0.5713961740457812,0.9403221725149008,1.4781959790490475,1.5518731382058426,4.52634180998088,1.7333819993245718,2.682347162360692,0.0,23,19,0,0,17,3,0,0,1,1,6,42,20,0.4761904761904761,0.7391304347826086,0.1578947368421052,0.2960769800148038,3.3775,0.3827253995630363,0.5371054876315041,28
mixed,15,ramp,0.3042610171573916,0.350426264982405,0.5713961740457812,0.9403221725149008,1.4781959790490475,1.5518731382058426,4.52634180998088,1.7333819993245718,2.682347162360692,0.0,0,39,10,0,0,20,1,0,1,0,10,39,20,0.5128205128205128,,0.5128205128205128,0.0,0.2,2.7608586886155635,0.3505,32
mixed,12,roving_ramp,0.150455877695926,0.1208444971494926,0.803671071094514,1.736573283447507,1.2478455868481604,1.3128070737882196,11.757224015795346,1.8216771932171805,3.074520170238892,0.0,36,10,4,0,11,6,0,0,6,1,2,46,17,0.3695652173913043,0.3055555555555556,0.6,0.3700277520814061,2.7025,0.6178689297501402,0.1509999999999999,26
mixed,14,roving_ramp,0.1072399070308132,0.0996868341751188,0.3959748988843266,1.5391459959031302,1.0004107675724938,3.5797961711724597,5.134294967664283,1.3494573079100047,2.5009819919689216,0.0,45,11,2,0,23,9,0,0,7,1,22,56,32,0.5714285714285714,0.5111111111111111,0.8181818181818182,0.7250755287009063,1.3791666666666669,0.9580912694459456,0.1745000000000001,62
mixed,14,roving_mixed,0.1072399070308132,0.0996868341751188,0.3959748988843266,1.5391459959031302,1.0004107675724938,3.5797961711724597,5.134294967664283,1.3494573079100047,2.5009819919689216,0.0,27,14,0,0,17,10,0,0,14,2,13,41,27,0.6585365853658537,0.6296296296296297,0.7142857142857143,1.006711409395973,1.9866666666666668,1.7983908045977437,0.0838419650684862,56
mixed,14,roving_ramp50,0.1072399070308132,0.0996868341751188,0.3959748988843266,1.5391459959031302,1.0004107675724938,3.5797961711724597,5.134294967664283,1.3494573079100047,2.5009819919689216,0.0,30,19,7,0,17,15,3,0,16,0,22,49,32,0.6530612244897959,0.5666666666666667,0.7894736842105263,0.0,0.85,1.424473575644292,0.1494999999999999,73
mixed,16,roving_ramp50,0.1919670641713861,0.1627755922705135,0.0833218858160625,0.6408671123997551,1.0363807688029991,2.2620819980401947,0.4498424316323661,1.1307709345006711,2.349855024374685,0.0,27,21,7,0,15,15,4,0,15,2,22,48,30,0.625,0.5555555555555556,0.7142857142857143,1.54539600772698,1.294166666666667,2.187418354114734,0.2442499999999999,73
mixed,16,roving_ramp,0.1919670641713861,0.1627755922705135,0.0833218858160625,0.6408671123997551,1.0363807688029991,2.2620819980401947,0.4498424316323661,1.1307709345006711,2.349855024374685,0.0,42,10,3,0,22,6,2,0,18,1,15,52,28,0.5384615384615384,0.5238095238095238,0.6,0.8727272727272728,1.1458333333333333,2.31316430069501,0.2645,64
mixed,16,roving_mixed,0.1919670641713861,0.1627755922705135,0.0833218858160625,0.6408671123997551,1.0363807688029991,2.2620819980401947,0.4498424316323661,1.1307709345006711,2.349855024374685,0.0,28,20,0,0,12,14,0,0,15,1,16,48,26,0.5416666666666666,0.4285714285714285,0.7,0.819672131147541,1.22,2.4487309061418205,0.0978145256403474,58
mixed,16,ramp,0.1919670641713861,0.1627755922705135,0.0833218858160625,0.6408671123997551,1.0363807688029991,2.2620819980401947,0.4498424316323661,1.1307709345006711,2.349855024374685,0.0,0,43,10,0,0,32,3,0,6,0,23,43,32,0.7441860465116279,,0.7441860465116279,0.0,0.1333333333333333,3.4283373801375774,0.2035,64
mixed,17,roving_ramp50,0.0990508659222358,0.0949496559226227,0.4820572899578157,1.339244783133124,0.6009849196142989,2.6709464675828323,5.43866063480439,0.9340101308298918,3.33328891604474,0.0,30,22,6,0,18,21,2,0,13,1,23,52,39,0.75,0.6,0.9545454545454546,1.1494252873563218,0.87,2.1708454810495663,0.1425,78
mixed,17,roving_ramp,0.0990508659222358,0.0949496559226227,0.4820572899578157,1.339244783133124,0.6009849196142989,2.6709464675828323,5.43866063480439,0.9340101308298918,3.33328891604474,0.0,40,12,2,0,19,6,3,0,16,1,14,52,25,0.4807692307692308,0.475,0.5,0.7237635705669481,1.3816666666666668,1.0626717976910571,0.261,59
mixed,18,roving_ramp,0.1481795600516109,0.1228938860148604,0.8438925209774779,1.5693836510697463,1.2296678649411237,0.9433575510236396,11.1570557728166,1.764302937166388,2.862889243290675,0.0,37,8,6,0,15,4,1,0,2,0,7,45,19,0.4222222222222222,0.4054054054054054,0.5,0.0,1.044166666666667,0.6409620629804135,0.1536249999999999,29
mixed,17,ramp,0.0990508659222358,0.0949496559226227,0.4820572899578157,1.339244783133124,0.6009849196142989,2.6709464675828323,5.43866063480439,0.9340101308298918,3.33328891604474,0.0,0,47,5,0,0,32,0,0,9,1,24,47,32,0.6808510638297872,,0.6808510638297872,5.0,0.2,3.27247086679978,0.1425,66
mixed,19,roving_mixed,0.2226860270965305,0.2016603994532902,0.6750990617778166,1.2257503041351998,1.1017963054084867,1.53347419012226,6.971124774691373,1.466761842368141,3.543045307209748,0.0,17,23,0,0,6,1,0,0,2,1,2,40,7,0.175,0.3529411764705882,0.0434782608695652,0.2331908278274388,4.288333333333333,0.5722650231124893,0.1958525345622119,12
mixed,19,ramp,0.2226860270965305,0.2016603994532902,0.6750990617778166,1.2257503041351998,1.1017963054084867,1.53347419012226,6.971124774691373,1.466761842368141,3.543045307209748,0.0,0,41,10,0,0,13,0,0,1,0,3,41,13,0.3170731707317073,,0.3170731707317073,0.0,0.1333333333333333,3.5127775450355814,0.3025,17
mixed,17,roving_mixed,0.0990508659222358,0.0949496559226227,0.4820572899578157,1.339244783133124,0.6009849196142989,2.6709464675828323,5.43866063480439,0.9340101308298918,3.33328891604474,0.0,21,22,0,0,8,13,0,0,18,4,4,43,21,0.4883720930232558,0.3809523809523809,0.5909090909090909,1.0398613518197577,3.8466666666666662,2.5786534284827827,0.0764748725418791,47
mixed,20,roving_ramp50,0.2400028935246446,0.3271158169226384,0.8759758291332015,1.1417846753224892,1.186741578997874,0.5452730555485453,8.42577144889467,1.5850223837782198,3.7110565665125375,0.0,28,20,6,0,22,8,0,0,0,0,12,48,30,0.625,0.7857142857142857,0.4,0.0,1.4016666666666668,0.4109610240433644,0.3269999999999999,42
mixed,20,ramp,0.2400028935246446,0.3271158169226384,0.8759758291332015,1.1417846753224892,1.186741578997874,0.5452730555485453,8.42577144889467,1.5850223837782198,3.7110565665125375,0.0,0,40,13,0,0,19,0,0,1,0,8,40,19,0.475,,0.475,0.0,0.1333333333333333,1.7752540346682757,0.3269999999999999,28
mixed,18,roving_ramp50,0.1481795600516109,0.1228938860148604,0.8438925209774779,1.5693836510697463,1.2296678649411237,0.9433575510236396,11.1570557728166,1.764302937166388,2.862889243290675,0.0,28,21,6,0,7,10,1,0,6,0,5,49,17,0.3469387755102041,0.25,0.4761904761904761,0.0,0.3950000000000001,3.571097116340721,0.230375,29
mixed,18,roving_mixed,0.1481795600516109,0.1228938860148604,0.8438925209774779,1.5693836510697463,1.2296678649411237,0.9433575510236396,11.1570557728166,1.764302937166388,2.862889243290675,0.0,26,20,0,0,14,7,0,0,12,1,6,46,21,0.4565217391304347,0.5384615384615384,0.35,0.3335186214563646,2.998333333333333,1.764146772767461,0.0910926066111532,40
mixed,20,roving_mixed,0.2400028935246446,0.3271158169226384,0.8759758291332015,1.1417846753224892,1.186741578997874,0.5452730555485453,8.42577144889467,1.5850223837782198,3.7110565665125375,0.0,20,22,0,0,17,3,0,0,3,1,7,42,20,0.4761904761904761,0.85,0.1363636363636363,0.3092783505154639,3.2333333333333334,0.5736245860541931,0.2899185973700688,31
mixed,18,ramp,0.1481795600516109,0.1228938860148604,0.8438925209774779,1.5693836510697463,1.2296678649411237,0.9433575510236396,11.1570557728166,1.764302937166388,2.862889243290675,0.0,0,45,10,0,0,18,3,0,1,0,4,45,18,0.4,,0.4,0.0,0.1333333333333333,4.513016062117551,0.2457499999999999,26
mixed,20,roving_ramp,0.2400028935246446,0.3271158169226384,0.8759758291332015,1.1417846753224892,1.186741578997874,0.5452730555485453,8.42577144889467,1.5850223837782198,3.7110565665125375,0.0,39,10,4,0,31,2,0,0,2,0,10,49,33,0.673469387755102,0.7948717948717948,0.2,0.0,1.855,0.4184432325235469,0.368,45
mixed,21,roving_ramp,0.2187311094140433,0.178915047740119,0.2243976364737716,0.8814134346275853,0.8750589468646219,2.6323418310832856,1.6662159448730325,1.036493877186128,3.0736115880318478,0.0,38,11,3,0,15,8,0,0,9,1,15,49,23,0.4693877551020408,0.3947368421052631,0.7272727272727273,0.3113648157758173,3.211666666666667,1.3470620538166185,0.2906249999999999,48
mixed,19,roving_ramp50,0.2226860270965305,0.2016603994532902,0.6750990617778166,1.2257503041351998,1.1017963054084867,1.53347419012226,6.971124774691373,1.466761842368141,3.543045307209748,0.0,28,22,6,0,18,10,0,0,3,0,8,50,28,0.56,0.6428571428571429,0.4545454545454545,0.0,1.1858333333333335,0.7104139112123109,0.352875,39
mixed,19,roving_ramp,0.2226860270965305,0.2016603994532902,0.6750990617778166,1.2257503041351998,1.1017963054084867,1.53347419012226,6.971124774691373,1.466761842368141,3.543045307209748,0.0,42,12,1,0,24,5,0,0,2,0,9,54,29,0.5370370370370371,0.5714285714285714,0.4166666666666667,0.0,1.544166666666667,0.4993767528825198,0.3025,40
mixed,21,ramp,0.2187311094140433,0.178915047740119,0.2243976364737716,0.8814134346275853,0.8750589468646219,2.6323418310832856,1.6662159448730325,1.036493877186128,3.0736115880318478,0.0,0,40,14,0,0,29,3,0,2,0,36,40,29,0.725,,0.725,0.0,0.1333333333333333,4.594403178441878,0.35775,70
mixed,23,roving_ramp,0.0695505942101076,0.0824469848477734,0.2665279700426514,1.2873388490038118,0.5971193458166011,3.6357995230416407,2.890473613330359,0.8466912819826158,2.9818002341390706,0.0,36,9,5,0,25,7,1,0,21,5,12,45,32,0.7111111111111111,0.6944444444444444,0.7777777777777778,1.9717384160368057,2.5358333333333336,1.837778814622088,0.14425,71
mixed,22,roving_mixed,0.2492265974479049,0.2809337182040627,0.2980455504718118,1.2372842097122538,1.369031342855241,3.3442743460399385,3.106600838592457,1.6188144241879094,2.8403734881469958,0.0,16,28,0,0,6,18,0,0,6,0,20,44,24,0.5454545454545454,0.375,0.6428571428571429,0.0,1.2641666666666669,3.7051051863230215,0.2738795608653535,50
mixed,22,roving_ramp50,0.2492265974479049,0.2809337182040627,0.2980455504718118,1.2372842097122538,1.369031342855241,3.3442743460399385,3.106600838592457,1.6188144241879094,2.8403734881469958,0.0,26,19,8,0,14,15,0,0,5,1,38,45,29,0.6444444444444445,0.5384615384615384,0.7894736842105263,1.284796573875803,0.7783333333333334,1.8929068150208568,0.4215,73
mixed,21,roving_mixed,0.2187311094140433,0.178915047740119,0.2243976364737716,0.8814134346275853,0.8750589468646219,2.6323418310832856,1.6662159448730325,1.036493877186128,3.0736115880318478,0.0,30,22,0,0,11,10,0,0,14,2,7,52,21,0.4038461538461538,0.3666666666666666,0.4545454545454545,0.6611570247933884,3.025,1.8148469093009896,0.1560342725850624,44
mixed,23,roving_ramp50,0.0695505942101076,0.0824469848477734,0.2665279700426514,1.2873388490038118,0.5971193458166011,3.6357995230416407,2.890473613330359,0.8466912819826158,2.9818002341390706,0.0,25,19,8,0,14,15,3,0,18,1,14,44,29,0.6590909090909091,0.56,0.7894736842105263,0.5976095617529881,1.6733333333333331,3.695421788893612,0.14425,65
mixed,21,roving_ramp50,0.2187311094140433,0.178915047740119,0.2243976364737716,0.8814134346275853,0.8750589468646219,2.6323418310832856,1.6662159448730325,1.036493877186128,3.0736115880318478,0.0,28,21,6,0,11,17,5,0,4,1,22,49,28,0.5714285714285714,0.3928571428571428,0.8095238095238095,1.3986013986013983,0.7150000000000001,2.717460632872829,0.3129999999999999,60
mixed,22,roving_ramp,0.2492265974479049,0.2809337182040627,0.2980455504718118,1.2372842097122538,1.369031342855241,3.3442743460399385,3.106600838592457,1.6188144241879094,2.8403734881469958,0.0,42,9,5,0,21,9,0,0,4,0,20,51,30,0.5882352941176471,0.5,1.0,0.0,1.995,0.8604114750600129,0.4215,54
mixed,24,ramp,0.2176806164321645,0.2209005886224817,0.7649678841452099,0.7834430340648607,1.0701723260648828,0.7090194178626712,5.048751182410808,1.3213429682850093,2.634762491282733,0.0,0,37,15,0,0,22,3,0,0,1,7,37,22,0.5945945945945946,,0.5945945945945946,5.0,0.2,3.0223206743071063,0.33125,33
mixed,22,ramp,0.2492265974479049,0.2809337182040627,0.2980455504718118,1.2372842097122538,1.369031342855241,3.3442743460399385,3.106600838592457,1.6188144241879094,2.8403734881469958,0.0,0,39,13,0,0,33,0,0,0,0,35,39,33,0.8461538461538461,,0.8461538461538461,0.0,0.1333333333333333,3.627661277413166,0.4215,68
mixed,24,roving_ramp,0.2176806164321645,0.2209005886224817,0.7649678841452099,0.7834430340648607,1.0701723260648828,0.7090194178626712,5.048751182410808,1.3213429682850093,2.634762491282733,0.0,38,13,1,0,25,6,0,0,9,1,9,51,31,0.6078431372549019,0.6578947368421053,0.4615384615384615,0.2984332255657796,3.3508333333333336,0.6713548157379714,0.445875,50
mixed,23,ramp,0.0695505942101076,0.0824469848477734,0.2665279700426514,1.2873388490038118,0.5971193458166011,3.6357995230416407,2.890473613330359,0.8466912819826158,2.9818002341390706,0.0,0,43,10,0,0,39,14,0,4,0,56,43,39,0.9069767441860463,,0.9069767441860463,0.0,0.1333333333333333,2.256328270716757,0.0825,113
mixed,25,roving_ramp,0.1735081918195894,0.1816271409723908,0.1327431100558788,1.1008629846925568,0.8534530579430102,3.676245650787958,1.2310582414276932,1.0294268692527584,3.2404274738910432,0.0,33,12,3,0,14,10,0,0,7,2,16,45,24,0.5333333333333333,0.4242424242424242,0.8333333333333334,0.6539509536784741,3.058333333333333,1.51676419783782,0.2724999999999999,49
mixed,25,roving_ramp50,0.1735081918195894,0.1816271409723908,0.1327431100558788,1.1008629846925568,0.8534530579430102,3.676245650787958,1.2310582414276932,1.0294268692527584,3.2404274738910432,0.0,30,21,4,0,15,14,0,0,1,1,28,51,29,0.5686274509803921,0.5,0.6666666666666666,0.6726457399103138,1.4866666666666668,2.6640471512770354,0.3404999999999999,59
mixed,26,ramp,0.2445385627276328,0.2796355868315037,0.1109780605944999,1.0869087520489682,1.190180523042079,3.720737746139904,1.016163424210068,1.3579088730208737,2.8515529775525312,0.0,0,43,8,0,0,37,0,0,2,0,69,43,37,0.8604651162790697,,0.8604651162790697,0.0,0.1333333333333333,3.5126001172104195,0.3495,108
mixed,25,ramp,0.1735081918195894,0.1816271409723908,0.1327431100558788,1.1008629846925568,0.8534530579430102,3.676245650787958,1.2310582414276932,1.0294268692527584,3.2404274738910432,0.0,0,35,16,0,0,32,3,0,3,0,54,35,32,0.9142857142857144,,0.9142857142857144,0.0,0.2,3.630216243731505,0.2951249999999999,92
mixed,25,roving_mixed,0.1735081918195894,0.1816271409723908,0.1327431100558788,1.1008629846925568,0.8534530579430102,3.676245650787958,1.2310582414276932,1.0294268692527584,3.2404274738910432,0.0,29,21,0,0,15,10,0,0,12,1,12,50,25,0.5,0.5172413793103449,0.4761904761904761,1.0572687224669604,0.9458333333333332,1.3837000449034584,0.1717528216955112,50
mixed,23,roving_mixed,0.0695505942101076,0.0824469848477734,0.2665279700426514,1.2873388490038118,0.5971193458166011,3.6357995230416407,2.890473613330359,0.8466912819826158,2.9818002341390706,0.0,24,23,0,0,12,15,0,0,20,2,19,47,27,0.574468085106383,0.5,0.6521739130434783,0.8379888268156422,2.386666666666667,3.062345509475381,0.0725474031327287,68
mixed,24,roving_mixed,0.2176806164321645,0.2209005886224817,0.7649678841452099,0.7834430340648607,1.0701723260648828,0.7090194178626712,5.048751182410808,1.3213429682850093,2.634762491282733,0.0,20,21,0,0,12,7,0,0,11,2,9,41,19,0.4634146341463415,0.6,0.3333333333333333,0.6271230729030571,3.189166666666667,0.8259700345755246,0.1005950694247661,41
mixed,26,roving_ramp50,0.2445385627276328,0.2796355868315037,0.1109780605944999,1.0869087520489682,1.190180523042079,3.720737746139904,1.016163424210068,1.3579088730208737,2.8515529775525312,0.0,28,25,4,0,14,24,0,0,11,1,42,53,38,0.7169811320754716,0.5,0.96,1.091901728844404,0.9158333333333334,2.5831180017226707,0.4195,92
mixed,26,roving_ramp,0.2445385627276328,0.2796355868315037,0.1109780605944999,1.0869087520489682,1.190180523042079,3.720737746139904,1.016163424210068,1.3579088730208737,2.8515529775525312,0.0,34,11,3,0,20,11,0,0,7,1,32,45,31,0.6888888888888889,0.5882352941176471,1.0,0.4480955937266616,2.231666666666667,1.376568328246864,0.4195,71
mixed,26,roving_mixed,0.2445385627276328,0.2796355868315037,0.1109780605944999,1.0869087520489682,1.190180523042079,3.720737746139904,1.016163424210068,1.3579088730208737,2.8515529775525312,0.0,22,18,0,0,10,13,0,0,10,0,25,40,23,0.575,0.4545454545454545,0.7222222222222222,0.0,3.7083333333333335,2.246268656716384,0.2438580527752502,58
mixed,24,roving_ramp50,0.2176806164321645,0.2209005886224817,0.7649678841452099,0.7834430340648607,1.0701723260648828,0.7090194178626712,5.048751182410808,1.3213429682850093,2.634762491282733,0.0,29,15,11,0,11,11,4,0,1,1,5,44,22,0.5,0.3793103448275862,0.7333333333333333,1.3856812933025402,0.7216666666666668,0.7876048858383715,0.221,33
mixed,27,roving_ramp,0.1340386447250053,0.1038203039269004,0.8273657749188796,1.5055164742693876,1.2446682373865916,1.0007737547678914,10.493404297558389,1.7512197111520131,2.431876070104858,0.0,44,6,8,0,21,4,1,0,10,0,3,50,25,0.5,0.4772727272727273,0.6666666666666666,0.0,0.4166666666666667,0.9412086409625396,0.10375,39
mixed,27,roving_mixed,0.1340386447250053,0.1038203039269004,0.8273657749188796,1.5055164742693876,1.2446682373865916,1.0007737547678914,10.493404297558389,1.7512197111520131,2.431876070104858,0.0,16,33,0,0,7,14,0,0,9,0,4,49,21,0.4285714285714285,0.4375,0.4242424242424242,0.0,1.1833333333333331,2.379153717427741,0.0541369370173169,34
mixed_leaky,0,roving_ramp,0.3938549142784614,0.4675589417299485,0.6814352231994351,0.562075905810783,0.3953821118325701,0.6894713422907474,3.2266576535272558,0.5636449841870121,2.7780457269502823,0.539413669435344,36,7,5,0,20,5,1,0,4,0,12,43,25,0.5813953488372093,0.5555555555555556,0.7142857142857143,0.0,2.7408333333333337,0.4978237214363858,0.4675,42
mixed,27,ramp,0.1340386447250053,0.1038203039269004,0.8273657749188796,1.5055164742693876,1.2446682373865916,1.0007737547678914,10.493404297558389,1.7512197111520131,2.431876070104858,0.0,0,32,20,0,0,23,4,0,8,0,13,32,23,0.71875,,0.71875,0.0,0.1333333333333333,2.3210036772658773,0.12975,48
mixed,27,roving_ramp50,0.1340386447250053,0.1038203039269004,0.8273657749188796,1.5055164742693876,1.2446682373865916,1.0007737547678914,10.493404297558389,1.7512197111520131,2.431876070104858,0.0,25,17,10,0,9,8,3,0,5,3,6,42,17,0.4047619047619047,0.36,0.4705882352941176,2.131438721136768,1.4075,1.6255945639863456,0.15575,34
mixed,28,roving_ramp,0.253868671633331,0.201021171199581,0.3997264745247121,1.1029390425134642,1.2318673576141923,2.549319075668837,3.714050167718065,1.4830432202601789,2.986208788603447,0.0,42,10,4,0,19,8,1,0,2,0,14,52,27,0.5192307692307693,0.4523809523809524,0.8,0.0,1.403333333333333,0.8609484777517988,0.35175,44
mixed,28,roving_mixed,0.253868671633331,0.201021171199581,0.3997264745247121,1.1029390425134642,1.2318673576141923,2.549319075668837,3.714050167718065,1.4830432202601789,2.986208788603447,0.0,25,18,0,0,11,8,0,0,4,1,2,43,19,0.4418604651162791,0.44,0.4444444444444444,0.3260869565217391,3.066666666666667,1.1712985146142796,0.1509804801728501,26
mixed,28,roving_ramp50,0.253868671633331,0.201021171199581,0.3997264745247121,1.1029390425134642,1.2318673576141923,2.549319075668837,3.714050167718065,1.4830432202601789,2.986208788603447,0.0,27,23,5,0,10,16,0,0,1,0,11,50,26,0.52,0.3703703703703703,0.6956521739130435,0.0,0.7891666666666667,2.1161493765978165,0.326625,38
mixed_leaky,0,roving_ramp50,0.3938549142784614,0.4675589417299485,0.6814352231994351,0.562075905810783,0.3953821118325701,0.6894713422907474,3.2266576535272558,0.5636449841870121,2.7780457269502823,0.539413669435344,24,18,8,0,18,9,1,0,5,0,6,42,27,0.6428571428571429,0.75,0.5,0.0,1.195,0.7505181835311859,0.23375,39
mixed_leaky,0,ramp,0.3938549142784614,0.4675589417299485,0.6814352231994351,0.562075905810783,0.3953821118325701,0.6894713422907474,3.2266576535272558,0.5636449841870121,2.7780457269502823,0.539413669435344,0,35,12,0,0,23,0,0,4,0,7,35,23,0.6571428571428571,,0.6571428571428571,0.0,0.2,2.409257898603967,0.4675,34
mixed_leaky,0,roving_mixed,0.3938549142784614,0.4675589417299485,0.6814352231994351,0.562075905810783,0.3953821118325701,0.6894713422907474,3.2266576535272558,0.5636449841870121,2.7780457269502823,0.539413669435344,19,27,0,0,12,7,0,0,3,1,7,46,19,0.4130434782608695,0.631578947368421,0.2592592592592592,0.8727272727272728,1.1458333333333333,0.5460650938522557,0.2439058559820678,30
mixed,29,ramp,0.1830421308262861,0.1308486508251806,0.7471637888306933,0.8485346212677838,1.1625239477615534,0.826099455802427,5.3409526103380776,1.4307216908203058,2.2995389840504217,0.0,0,39,14,0,0,21,10,0,6,0,8,39,21,0.5384615384615384,,0.5384615384615384,0.0,0.1333333333333333,3.587873984545294,0.19625,45
mixed,29,roving_ramp,0.1830421308262861,0.1308486508251806,0.7471637888306933,0.8485346212677838,1.1625239477615534,0.826099455802427,5.3409526103380776,1.4307216908203058,2.2995389840504217,0.0,48,12,2,0,18,8,2,0,10,1,3,60,26,0.4333333333333333,0.375,0.6666666666666666,1.0591350397175638,0.9441666666666668,1.7169112247234453,0.42125,42
mixed,28,ramp,0.253868671633331,0.201021171199581,0.3997264745247121,1.1029390425134642,1.2318673576141923,2.549319075668837,3.714050167718065,1.4830432202601789,2.986208788603447,0.0,0,43,11,0,0,24,0,0,2,0,7,43,24,0.5581395348837209,,0.5581395348837209,0.0,0.2,4.568051300142524,0.402,33
mixed,29,roving_ramp50,0.1830421308262861,0.1308486508251806,0.7471637888306933,0.8485346212677838,1.1625239477615534,0.826099455802427,5.3409526103380776,1.4307216908203058,2.2995389840504217,0.0,25,22,5,0,12,11,1,0,9,3,3,47,23,0.4893617021276595,0.48,0.5,1.023890784982935,2.93,1.1931477516060052,0.19625,39
mixed,29,roving_mixed,0.1830421308262861,0.1308486508251806,0.7471637888306933,0.8485346212677838,1.1625239477615534,0.826099455802427,5.3409526103380776,1.4307216908203058,2.2995389840504217,0.0,24,21,0,0,13,9,0,0,10,1,3,45,22,0.4888888888888889,0.5416666666666666,0.4285714285714285,0.4547176960970063,2.199166666666667,1.137044534116813,0.0791147994467497,36
mixed_leaky,3,roving_ramp,0.318244142644229,0.337676795336117,0.5292993966883571,1.1425517341470626,0.5677918754830872,2.070828457226236,5.094606141857595,0.8656300554551335,2.8901291025086677,0.7201838653086837,31,11,3,0,15,4,0,0,0,0,5,42,19,0.4523809523809524,0.4838709677419355,0.3636363636363636,0.0,4.6258333333333335,0.6503293297171583,0.379875,24
mixed_leaky,4,roving_ramp,0.526177848925253,0.5156538687769808,0.2953990408958039,0.7619634783642704,0.4342280832181066,2.06728751276872,1.896166976411059,0.5875406388638125,3.106107635910357,0.710643494664825,42,10,2,0,10,2,0,0,0,0,4,52,12,0.2307692307692307,0.238095238095238,0.2,0.0,1.4241666666666668,0.4700410124631069,0.4828749999999999,16
mixed_leaky,4,roving_ramp50,0.526177848925253,0.5156538687769808,0.2953990408958039,0.7619634783642704,0.4342280832181066,2.06728751276872,1.896166976411059,0.5875406388638125,3.106107635910357,0.710643494664825,23,18,7,0,8,5,0,0,0,1,4,41,13,0.3170731707317073,0.3478260869565217,0.2777777777777778,0.4848484848484848,2.0625,0.9532188841201732,0.4499999999999999,18
mixed_leaky,4,roving_mixed,0.526177848925253,0.5156538687769808,0.2953990408958039,0.7619634783642704,0.4342280832181066,2.06728751276872,1.896166976411059,0.5875406388638125,3.106107635910357,0.710643494664825,18,28,0,0,4,6,0,0,0,0,2,46,10,0.217391304347826,0.2222222222222222,0.2142857142857142,0.0,2.543333333333333,3.6594654587679454,0.4955528834066737,12
mixed_leaky,4,ramp,0.526177848925253,0.5156538687769808,0.2953990408958039,0.7619634783642704,0.4342280832181066,2.06728751276872,1.896166976411059,0.5875406388638125,3.106107635910357,0.710643494664825,0,42,12,0,0,9,0,0,0,0,4,42,9,0.2142857142857142,,0.2142857142857142,0.0,0.2,2.1671422747656264,0.5157499999999999,13
mixed_leaky,3,roving_ramp50,0.318244142644229,0.337676795336117,0.5292993966883571,1.1425517341470626,0.5677918754830872,2.070828457226236,5.094606141857595,0.8656300554551335,2.8901291025086677,0.7201838653086837,25,22,4,0,12,10,0,0,0,0,7,47,22,0.4680851063829787,0.48,0.4545454545454545,0.0,2.0825,0.9325400789554544,0.436,29
mixed_leaky,1,roving_ramp,0.183189057834684,0.1703497101670867,0.5828344075615453,1.340339380097016,0.4679463259452303,2.15301350591591,6.581021385566397,0.8355876530364652,2.559015203338589,0.6021536125646005,30,9,5,0,15,5,2,0,1,3,9,39,20,0.5128205128205128,0.5,0.5555555555555556,0.934094447327452,3.211666666666667,0.6320024549638765,0.34075,35
mixed_leaky,3,ramp,0.318244142644229,0.337676795336117,0.5292993966883571,1.1425517341470626,0.5677918754830872,2.070828457226236,5.094606141857595,0.8656300554551335,2.8901291025086677,0.7201838653086837,0,36,17,0,0,17,0,0,0,0,1,36,17,0.4722222222222222,,0.4722222222222222,0.0,0.1333333333333333,3.240710341740048,0.422,18
mixed_leaky,3,roving_mixed,0.318244142644229,0.337676795336117,0.5292993966883571,1.1425517341470626,0.5677918754830872,2.070828457226236,5.094606141857595,0.8656300554551335,2.8901291025086677,0.7201838653086837,24,22,0,0,12,4,0,0,3,0,3,46,16,0.3478260869565217,0.5,0.1818181818181818,0.0,1.465,0.5139133755028892,0.3367138314146849,22
mixed_leaky,1,roving_mixed,0.183189057834684,0.1703497101670867,0.5828344075615453,1.340339380097016,0.4679463259452303,2.15301350591591,6.581021385566397,0.8355876530364652,2.559015203338589,0.6021536125646005,26,22,0,0,14,7,0,0,8,0,9,48,21,0.4375,0.5384615384615384,0.3181818181818182,0.0,1.5016666666666667,0.7392455327597865,0.218241810040066,38
mixed_leaky,1,roving_ramp50,0.183189057834684,0.1703497101670867,0.5828344075615453,1.340339380097016,0.4679463259452303,2.15301350591591,6.581021385566397,0.8355876530364652,2.559015203338589,0.6021536125646005,27,16,10,0,15,8,1,0,4,0,11,43,23,0.5348837209302325,0.5555555555555556,0.5,0.0,1.415,0.9401059663671744,0.319375,39
mixed_leaky,2,roving_mixed,0.1636371671404496,0.1308474066231314,0.8284939355354076,1.454129438654799,0.6006053405410601,0.9602980428140264,10.149058191051385,1.0902840547263972,3.05110074358788,0.3328866949480344,26,21,0,0,8,7,0,0,2,1,2,47,15,0.3191489361702128,0.3076923076923077,0.3333333333333333,0.4065040650406504,2.46,0.756361323155266,0.1156034740940401,20
mixed_leaky,1,ramp,0.183189057834684,0.1703497101670867,0.5828344075615453,1.340339380097016,0.4679463259452303,2.15301350591591,6.581021385566397,0.8355876530364652,2.559015203338589,0.6021536125646005,0,41,13,0,0,27,4,0,3,0,20,41,27,0.6585365853658537,,0.6585365853658537,0.0,0.1333333333333333,3.2783889614021886,0.2555,54
mixed_leaky,2,roving_ramp,0.1636371671404496,0.1308474066231314,0.8284939355354076,1.454129438654799,0.6006053405410601,0.9602980428140264,10.149058191051385,1.0902840547263972,3.05110074358788,0.3328866949480344,38,10,3,0,19,3,1,0,4,0,10,48,22,0.4583333333333333,0.5,0.3,0.0,1.7225,0.5316800864135117,0.19625,37
mixed_leaky,2,ramp,0.1636371671404496,0.1308474066231314,0.8284939355354076,1.454129438654799,0.6006053405410601,0.9602980428140264,10.149058191051385,1.0902840547263972,3.05110074358788,0.3328866949480344,0,45,8,0,0,19,3,0,4,0,4,45,19,0.4222222222222222,,0.4222222222222222,0.0,0.1333333333333333,4.372384937238522,0.2290000000000001,30
mixed_leaky,7,roving_ramp50,0.4110750628384675,0.3364594906289725,0.274278934656738,0.7696309312772425,0.4375052486387216,2.150679713683892,1.7783134349562677,0.5882276802294992,3.682797979414577,0.3502106904825926,24,16,12,0,8,5,1,0,1,0,5,40,13,0.325,0.3333333333333333,0.3125,0.0,1.1991666666666667,0.923999377044082,0.50475,20
mixed_leaky,2,roving_ramp50,0.1636371671404496,0.1308474066231314,0.8284939355354076,1.454129438654799,0.6006053405410601,0.9602980428140264,10.149058191051385,1.0902840547263972,3.05110074358788,0.3328866949480344,24,18,8,0,12,7,2,0,2,0,6,42,19,0.4523809523809524,0.5,0.3888888888888889,0.0,1.2608333333333337,0.750056041246358,0.3269999999999999,29
mixed_leaky,7,roving_mixed,0.4110750628384675,0.3364594906289725,0.274278934656738,0.7696309312772425,0.4375052486387216,2.150679713683892,1.7783134349562677,0.5882276802294992,3.682797979414577,0.3502106904825926,21,23,0,0,8,4,0,0,1,0,3,44,12,0.2727272727272727,0.3809523809523809,0.1739130434782608,0.0,1.4491666666666667,1.5908174929883658,0.620781103286385,16
mixed_leaky,7,roving_ramp,0.4110750628384675,0.3364594906289725,0.274278934656738,0.7696309312772425,0.4375052486387216,2.150679713683892,1.7783134349562677,0.5882276802294992,3.682797979414577,0.3502106904825926,37,10,3,0,16,3,0,0,3,0,6,47,19,0.4042553191489361,0.4324324324324324,0.3,0.0,1.6266666666666667,0.7364406779661257,0.4499999999999999,28
mixed_leaky,5,roving_ramp,0.2805014255878961,0.2579749076165347,0.1942252851629055,1.5233359664846922,0.1358159218416183,4.726425609591589,2.492497927391046,0.4031355921668864,3.603898451208425,0.6388089418320958,40,10,4,0,19,9,0,0,5,0,27,50,28,0.56,0.475,0.9,0.0,1.2833333333333334,0.9446182211014904,0.387,60
mixed_leaky,7,ramp,0.4110750628384675,0.3364594906289725,0.274278934656738,0.7696309312772425,0.4375052486387216,2.150679713683892,1.7783134349562677,0.5882276802294992,3.682797979414577,0.3502106904825926,0,43,11,0,0,20,0,0,0,0,3,43,20,0.4651162790697674,,0.4651162790697674,0.0,0.1333333333333333,3.14090909090918,0.4499999999999999,23
mixed_leaky,5,roving_mixed,0.2805014255878961,0.2579749076165347,0.1942252851629055,1.5233359664846922,0.1358159218416183,4.726425609591589,2.492497927391046,0.4031355921668864,3.603898451208425,0.6388089418320958,28,17,0,0,10,5,0,0,5,0,15,45,15,0.3333333333333333,0.3571428571428571,0.2941176470588235,0.0,1.8266666666666669,0.9275713516424782,0.3185719189838654,35
mixed_leaky,5,roving_ramp50,0.2805014255878961,0.2579749076165347,0.1942252851629055,1.5233359664846922,0.1358159218416183,4.726425609591589,2.492497927391046,0.4031355921668864,3.603898451208425,0.6388089418320958,28,20,8,0,12,15,0,0,3,0,20,48,27,0.5625,0.4285714285714285,0.75,0.0,0.4416666666666666,2.697389885807519,0.4499999999999999,50
mixed_leaky,5,ramp,0.2805014255878961,0.2579749076165347,0.1942252851629055,1.5233359664846922,0.1358159218416183,4.726425609591589,2.492497927391046,0.4031355921668864,3.603898451208425,0.6388089418320958,0,37,14,0,0,30,0,0,0,0,38,37,30,0.8108108108108109,,0.8108108108108109,0.0,0.2,3.947824192621907,0.387,68
mixed_leaky,6,roving_ramp50,0.1247671866042089,0.107225190276361,0.2906364435633888,1.3270063470810842,0.4379232982220654,3.6246440873128942,3.2490501338826503,0.7033196558428766,2.869790226313807,0.2771947983829317,29,17,9,0,16,12,4,0,6,3,13,46,28,0.6086956521739131,0.5517241379310345,0.7058823529411765,2.1052631578947367,1.425,2.206017279421027,0.1339999999999999,54
mixed_leaky,6,roving_ramp,0.1247671866042089,0.107225190276361,0.2906364435633888,1.3270063470810842,0.4379232982220654,3.6246440873128942,3.2490501338826503,0.7033196558428766,2.869790226313807,0.2771947983829317,47,8,6,0,19,7,2,0,11,1,12,55,26,0.4727272727272727,0.4042553191489361,0.875,0.5279366476022876,1.8941666666666668,1.4337905380227465,0.134,52
mixed_leaky,8,roving_ramp,0.1445392674506538,0.1093770219482746,0.3318654109424154,1.418832205795435,0.3601797185442855,3.650215366996723,3.966672723833442,0.6588141871858835,3.178408446618592,0.275870005259714,41,10,3,0,13,5,0,0,8,1,5,51,18,0.3529411764705882,0.3170731707317073,0.5,0.4576659038901601,2.185,1.3445926954401712,0.164,32
mixed_leaky,6,ramp,0.1247671866042089,0.107225190276361,0.2906364435633888,1.3270063470810842,0.4379232982220654,3.6246440873128942,3.2490501338826503,0.7033196558428766,2.869790226313807,0.2771947983829317,0,40,13,0,0,30,3,0,6,0,33,40,30,0.75,,0.75,0.0,0.2,3.64055091442764,0.1607499999999999,72
mixed_leaky,8,roving_mixed,0.1445392674506538,0.1093770219482746,0.3318654109424154,1.418832205795435,0.3601797185442855,3.650215366996723,3.966672723833442,0.6588141871858835,3.178408446618592,0.275870005259714,24,26,0,0,9,10,0,0,18,0,8,50,19,0.38,0.375,0.3846153846153846,0.0,1.6683333333333334,1.325686348251217,0.0895265026252918,45
mixed_leaky,8,roving_ramp50,0.1445392674506538,0.1093770219482746,0.3318654109424154,1.418832205795435,0.3601797185442855,3.650215366996723,3.966672723833442,0.6588141871858835,3.178408446618592,0.275870005259714,24,18,9,0,7,15,1,0,6,0,7,42,22,0.5238095238095238,0.2916666666666667,0.8333333333333334,0.0,1.0425,2.459635232782587,0.1915,36
mixed_leaky,6,roving_mixed,0.1247671866042089,0.107225190276361,0.2906364435633888,1.3270063470810842,0.4379232982220654,3.6246440873128942,3.2490501338826503,0.7033196558428766,2.869790226313807,0.2771947983829317,22,31,0,0,12,16,0,0,8,2,11,53,28,0.5283018867924528,0.5454545454545454,0.5161290322580645,1.5170670037926672,1.3183333333333336,2.7215478526952515,0.1045363697497762,49
mixed_leaky,8,ramp,0.1445392674506538,0.1093770219482746,0.3318654109424154,1.418832205795435,0.3601797185442855,3.650215366996723,3.966672723833442,0.6588141871858835,3.178408446618592,0.275870005259714,0,42,11,0,0,29,4,0,5,0,22,42,29,0.6904761904761905,,0.6904761904761905,0.0,0.1333333333333333,4.704060564349716,0.21875,60
mixed_leaky,9,ramp,0.1056739356012661,0.1312548883699363,0.6218003073891417,0.7824965520000746,0.2584845668012945,1.1395335068607209,4.098894185588229,0.4808678100514698,2.830074470514264,0.2529723047186527,0,40,12,0,0,31,9,0,9,0,22,40,31,0.775,,0.775,0.0,0.2,2.6737235367372314,0.1639999999999999,71
mixed_leaky,9,roving_mixed,0.1056739356012661,0.1312548883699363,0.6218003073891417,0.7824965520000746,0.2584845668012945,1.1395335068607209,4.098894185588229,0.4808678100514698,2.830074470514264,0.2529723047186527,19,24,0,0,12,18,0,0,23,4,14,43,30,0.6976744186046512,0.631578947368421,0.75,2.1937842778793417,1.8233333333333333,2.353845549719824,0.0982224426855587,71
mixed_leaky,9,roving_ramp,0.1056739356012661,0.1312548883699363,0.6218003073891417,0.7824965520000746,0.2584845668012945,1.1395335068607209,4.098894185588229,0.4808678100514698,2.830074470514264,0.2529723047186527,41,12,3,0,26,10,1,0,17,2,15,53,36,0.6792452830188679,0.6341463414634146,0.8333333333333334,1.8604651162790695,1.075,0.9876420375222296,0.1805,71
mixed_leaky,9,roving_ramp50,0.1056739356012661,0.1312548883699363,0.6218003073891417,0.7824965520000746,0.2584845668012945,1.1395335068607209,4.098894185588229,0.4808678100514698,2.830074470514264,0.2529723047186527,26,24,4,0,9,20,2,0,20,1,25,50,29,0.58,0.3461538461538461,0.8333333333333334,1.2474012474012477,0.8016666666666666,1.7844241144733877,0.1805,77
mixed_leaky,10,roving_mixed,0.145353372447138,0.1940026888575112,0.4989912462295088,1.8825971259478211,0.5734309296808522,3.631835764463209,7.913774303747319,1.0496752976353214,2.7817541705842204,0.4186651103371588,27,21,0,0,19,12,0,0,15,0,30,48,31,0.6458333333333334,0.7037037037037037,0.5714285714285714,0.0,2.3583333333333334,0.5939374802652623,0.1163870054882232,76
mixed_leaky,10,roving_ramp,0.145353372447138,0.1940026888575112,0.4989912462295088,1.8825971259478211,0.5734309296808522,3.631835764463209,7.913774303747319,1.0496752976353214,2.7817541705842204,0.4186651103371588,34,9,4,0,24,7,0,0,10,2,52,43,31,0.7209302325581395,0.7058823529411765,0.7777777777777778,0.7483629560336762,2.6725000000000003,0.3609715242881407,0.1939999999999999,95
mixed_leaky,11,roving_ramp50,0.1711575490277285,0.1253014512959777,0.4190505711875345,0.990880071738156,0.4205703410107173,2.216577491300515,3.4980086019270478,0.6510951346637881,2.5953435765935517,0.4197039259839883,28,22,5,0,12,12,6,0,8,0,6,50,24,0.48,0.4285714285714285,0.5454545454545454,0.0,0.7033333333333334,3.142181441574864,0.31325,44
mixed_leaky,10,ramp,0.145353372447138,0.1940026888575112,0.4989912462295088,1.8825971259478211,0.5734309296808522,3.631835764463209,7.913774303747319,1.0496752976353214,2.7817541705842204,0.4186651103371588,0,45,9,0,0,40,1,0,3,0,61,45,40,0.8888888888888888,,0.8888888888888888,0.0,0.2,3.0152710064144905,0.26675,105
mixed_leaky,10,roving_ramp50,0.145353372447138,0.1940026888575112,0.4989912462295088,1.8825971259478211,0.5734309296808522,3.631835764463209,7.913774303747319,1.0496752976353214,2.7817541705842204,0.4186651103371588,28,23,5,0,22,19,1,0,6,1,42,51,41,0.803921568627451,0.7857142857142857,0.8260869565217391,1.310043668122271,0.7633333333333334,0.7234312275512315,0.2425,91
mixed_leaky,11,roving_ramp,0.1711575490277285,0.1253014512959777,0.4190505711875345,0.990880071738156,0.4205703410107173,2.216577491300515,3.4980086019270478,0.6510951346637881,2.5953435765935517,0.4197039259839883,33,11,3,0,17,9,0,0,12,2,6,44,26,0.5909090909090909,0.5151515151515151,0.8181818181818182,1.058201058201058,1.89,2.446618467739193,0.2504999999999999,46
mixed_leaky,11,ramp,0.1711575490277285,0.1253014512959777,0.4190505711875345,0.990880071738156,0.4205703410107173,2.216577491300515,3.4980086019270478,0.6510951346637881,2.5953435765935517,0.4197039259839883,0,46,10,0,0,35,2,0,5,0,21,46,35,0.7608695652173914,,0.7608695652173914,0.0,0.1333333333333333,3.897598398932632,0.1879999999999999,63
mixed_leaky,11,roving_mixed,0.1711575490277285,0.1253014512959777,0.4190505711875345,0.990880071738156,0.4205703410107173,2.216577491300515,3.4980086019270478,0.6510951346637881,2.5953435765935517,0.4197039259839883,18,19,0,0,10,9,0,0,8,3,8,37,19,0.5135135135135135,0.5555555555555556,0.4736842105263157,0.7345439706182412,4.0841666666666665,0.9280673799226556,0.0583441378032969,38
mixed_leaky,12,roving_ramp,0.1430394359573254,0.1503349702379869,0.4560511345658187,1.6652283582924818,0.445755574504811,3.487830483295172,6.3976529982053,0.848831046366658,3.3641555977945945,0.2514122721437151,39,8,5,0,22,8,1,0,5,1,16,47,30,0.6382978723404256,0.5641025641025641,1.0,0.2713704206241519,3.685000000000001,0.7016953007684179,0.187875,53
mixed_leaky,15,roving_ramp,0.3312712361675136,0.2671864677457335,0.5205488184096195,1.0127699342673482,0.793982342172465,1.86972910725512,4.441253954390725,1.055735943948082,3.3883442215385147,0.3385467563404705,36,12,3,0,11,5,0,0,1,0,3,48,16,0.3333333333333333,0.3055555555555556,0.4166666666666667,0.0,2.101666666666667,0.654203714439388,0.4499999999999999,20
mixed_leaky,12,roving_ramp50,0.1430394359573254,0.1503349702379869,0.4560511345658187,1.6652283582924818,0.445755574504811,3.487830483295172,6.3976529982053,0.848831046366658,3.3641555977945945,0.2514122721437151,28,20,7,0,19,15,1,0,5,1,19,48,34,0.7083333333333334,0.6785714285714286,0.75,0.9389671361502346,1.0650000000000002,0.9757027978524384,0.2255,60
mixed_leaky,13,ramp,0.2154794476463991,0.2003368564457932,0.3822901700422839,0.836621521033004,0.4837728211188804,1.9899265214079065,2.6943592723209697,0.6705903373739563,2.720723267076253,0.3442284598616919,0,41,11,0,0,29,3,0,4,0,21,41,29,0.7073170731707317,,0.7073170731707317,0.0,0.1333333333333333,3.4538637783795223,0.3005,57
mixed_leaky,12,ramp,0.1430394359573254,0.1503349702379869,0.4560511345658187,1.6652283582924818,0.445755574504811,3.487830483295172,6.3976529982053,0.848831046366658,3.3641555977945945,0.2514122721437151,0,47,8,0,0,36,3,0,5,0,52,47,36,0.7659574468085106,,0.7659574468085106,0.0,0.1333333333333333,3.257939625321952,0.2255,96
mixed_leaky,13,roving_ramp50,0.2154794476463991,0.2003368564457932,0.3822901700422839,0.836621521033004,0.4837728211188804,1.9899265214079065,2.6943592723209697,0.6705903373739563,2.720723267076253,0.3442284598616919,22,19,8,0,12,12,4,0,14,1,9,41,24,0.5853658536585366,0.5454545454545454,0.631578947368421,0.6150691952844695,1.6258333333333337,2.027088022559693,0.3005,52
mixed_leaky,15,roving_ramp50,0.3312712361675136,0.2671864677457335,0.5205488184096195,1.0127699342673482,0.793982342172465,1.86972910725512,4.441253954390725,1.055735943948082,3.3883442215385147,0.3385467563404705,29,24,6,0,13,6,0,0,1,0,1,53,19,0.3584905660377358,0.4482758620689655,0.25,0.0,0.8958333333333334,0.7987753019221001,0.425375,21
mixed_leaky,12,roving_mixed,0.1430394359573254,0.1503349702379869,0.4560511345658187,1.6652283582924818,0.445755574504811,3.487830483295172,6.3976529982053,0.848831046366658,3.3641555977945945,0.2514122721437151,24,26,0,0,13,9,0,0,7,1,13,50,22,0.44,0.5416666666666666,0.3461538461538461,0.9433962264150942,1.06,0.8617882186509941,0.0630749014454664,43
mixed_leaky,13,roving_ramp,0.2154794476463991,0.2003368564457932,0.3822901700422839,0.836621521033004,0.4837728211188804,1.9899265214079065,2.6943592723209697,0.6705903373739563,2.720723267076253,0.3442284598616919,39,9,4,0,19,5,1,0,10,0,8,48,24,0.5,0.4871794871794871,0.5555555555555556,0.0,1.3025,0.758246695973003,0.4007499999999999,43
mixed_leaky,14,roving_mixed,0.1490938999738112,0.1625199227008564,0.8473665148416616,1.211304632847763,0.4625110058299234,0.7119126249166481,8.64685185630004,0.8762307939866646,3.372012188957668,0.1967850567585571,17,23,0,0,8,9,0,0,6,2,1,40,17,0.425,0.4705882352941176,0.391304347826087,0.7222389407162203,2.7691666666666666,0.9595753368721932,0.0955964325529543,26
mixed_leaky,13,roving_mixed,0.2154794476463991,0.2003368564457932,0.3822901700422839,0.836621521033004,0.4837728211188804,1.9899265214079065,2.6943592723209697,0.6705903373739563,2.720723267076253,0.3442284598616919,31,19,0,0,14,8,0,0,10,1,10,50,22,0.44,0.4516129032258064,0.4210526315789473,0.6243496357960457,1.6016666666666668,1.3154748586655751,0.1263113477704316,43
mixed_leaky,14,roving_ramp,0.1490938999738112,0.1625199227008564,0.8473665148416616,1.211304632847763,0.4625110058299234,0.7119126249166481,8.64685185630004,0.8762307939866646,3.372012188957668,0.1967850567585571,38,11,2,0,24,8,0,0,6,1,12,49,32,0.6530612244897959,0.631578947368421,0.7272727272727273,0.5439709882139618,1.8383333333333336,0.5368877586917473,0.264125,51
mixed_leaky,15,roving_mixed,0.3312712361675136,0.2671864677457335,0.5205488184096195,1.0127699342673482,0.793982342172465,1.86972910725512,4.441253954390725,1.055735943948082,3.3883442215385147,0.3385467563404705,24,18,0,0,12,3,0,0,0,0,5,42,15,0.3571428571428571,0.5,0.1666666666666666,0.0,3.558333333333333,0.6616517787180661,0.28777189888301,20
mixed_leaky,14,ramp,0.1490938999738112,0.1625199227008564,0.8473665148416616,1.211304632847763,0.4625110058299234,0.7119126249166481,8.64685185630004,0.8762307939866646,3.372012188957668,0.1967850567585571,0,39,12,0,0,23,1,0,2,0,10,39,23,0.5897435897435898,,0.5897435897435898,0.0,0.1333333333333333,3.060566037735854,0.2437499999999999,36
mixed_leaky,15,ramp,0.3312712361675136,0.2671864677457335,0.5205488184096195,1.0127699342673482,0.793982342172465,1.86972910725512,4.441253954390725,1.055735943948082,3.3883442215385147,0.3385467563404705,0,40,14,0,0,19,0,0,0,0,4,40,19,0.475,,0.475,0.0,0.2,3.956363636363655,0.40075,23
mixed_leaky,14,roving_ramp50,0.1490938999738112,0.1625199227008564,0.8473665148416616,1.211304632847763,0.4625110058299234,0.7119126249166481,8.64685185630004,0.8762307939866646,3.372012188957668,0.1967850567585571,26,20,7,0,19,12,0,0,5,1,3,46,31,0.6739130434782609,0.7307692307692307,0.6,0.6233766233766234,1.6041666666666667,1.2912405513561651,0.2437499999999999,40
mixed_leaky,16,roving_ramp50,0.0100013373778227,0.04,0.3120823533342459,2.701267040052745,0.3846006599877158,7.155293710471707,7.101826755721427,0.9395734753225496,2.0111502974320308,0.3656204621304235,22,24,3,0,14,20,6,0,35,12,47,46,34,0.7391304347826086,0.6363636363636364,0.8333333333333334,5.70975416336241,2.101666666666667,1.6753451380552271,0.035,134
mixed_leaky,16,ramp,0.0100013373778227,0.04,0.3120823533342459,2.701267040052745,0.3846006599877158,7.155293710471707,7.101826755721427,0.9395734753225496,2.0111502974320308,0.3656204621304235,0,39,14,0,0,38,24,0,19,0,71,39,38,0.9743589743589745,,0.9743589743589745,0.0,0.1333333333333333,1.4978169152276313,0.04,152
mixed_leaky,16,roving_ramp,0.0100013373778227,0.04,0.3120823533342459,2.701267040052745,0.3846006599877158,7.155293710471707,7.101826755721427,0.9395734753225496,2.0111502974320308,0.3656204621304235,38,13,1,0,32,12,2,0,57,7,59,51,44,0.8627450980392157,0.8421052631578947,0.9230769230769232,3.560830860534125,1.965833333333333,1.6375119695791402,0.06,169
mixed_leaky,17,ramp,0.1655742474534751,0.2149818760959304,0.5059083028201826,1.04618403103662,0.373605995932994,1.9903943869710023,4.458751163737651,0.6401012026865965,3.096615873961428,0.2568509680463676,0,39,15,0,0,35,2,0,2,0,43,39,35,0.8974358974358975,,0.8974358974358975,0.0,0.2,2.619926199262016,0.3225,82
mixed_leaky,17,roving_mixed,0.1655742474534751,0.2149818760959304,0.5059083028201826,1.04618403103662,0.373605995932994,1.9903943869710023,4.458751163737651,0.6401012026865965,3.096615873961428,0.2568509680463676,16,23,0,0,13,10,0,0,14,5,14,39,23,0.5897435897435898,0.8125,0.4347826086956521,2.312138728323699,2.1625,0.8425047438330644,0.1553672316384181,56
mixed_leaky,17,roving_ramp,0.1655742474534751,0.2149818760959304,0.5059083028201826,1.04618403103662,0.373605995932994,1.9903943869710023,4.458751163737651,0.6401012026865965,3.096615873961428,0.2568509680463676,35,11,3,0,24,11,2,0,9,0,25,46,35,0.7608695652173914,0.6857142857142857,1.0,0.0,3.401666666666667,0.6739053043787877,0.3225,71
mixed_leaky,18,roving_mixed,0.1806589361650979,0.1370009961555676,0.3351703797688524,1.119479792695903,0.4229145324876674,2.8658279549043293,3.160932575683857,0.6594822990628065,2.8954770934638305,0.3483884039259265,17,29,0,0,8,12,0,0,13,0,10,46,20,0.4347826086956521,0.4705882352941176,0.4137931034482758,0.0,0.895,1.764166348811702,0.0865922003563188,43
mixed_leaky,18,ramp,0.1806589361650979,0.1370009961555676,0.3351703797688524,1.119479792695903,0.4229145324876674,2.8658279549043293,3.160932575683857,0.6594822990628065,2.8954770934638305,0.3483884039259265,0,37,15,0,0,28,4,0,3,0,16,37,28,0.7567567567567568,,0.7567567567567568,0.0,0.2,4.737902374748872,0.222625,51
mixed_leaky,16,roving_mixed,0.0100013373778227,0.04,0.3120823533342459,2.701267040052745,0.3846006599877158,7.155293710471707,7.101826755721427,0.9395734753225496,2.0111502974320308,0.3656204621304235,24,23,0,0,19,18,0,0,57,5,40,47,37,0.7872340425531915,0.7916666666666666,0.782608695652174,4.665629860031105,1.0716666666666663,1.876506765067676,0.014809967806776,139
mixed_leaky,21,roving_ramp,0.5342609335365119,0.558464864026383,0.5556747056038639,0.8732220300434216,0.593604807157532,1.4939952500370022,4.087696600825036,0.8270905644495158,3.167622554766488,0.9512527192033438,38,7,5,0,14,0,0,0,0,0,1,45,14,0.3111111111111111,0.3684210526315789,0.0,0.0,1.41,0.5040107558047305,,15
mixed_leaky,17,roving_ramp50,0.1655742474534751,0.2149818760959304,0.5059083028201826,1.04618403103662,0.373605995932994,1.9903943869710023,4.458751163737651,0.6401012026865965,3.096615873961428,0.2568509680463676,26,18,10,0,18,18,3,0,5,0,33,44,36,0.8181818181818182,0.6923076923076923,1.0,0.0,0.8133333333333334,0.8489354607018365,0.26875,77
mixed_leaky,21,roving_ramp50,0.5342609335365119,0.558464864026383,0.5556747056038639,0.8732220300434216,0.593604807157532,1.4939952500370022,4.087696600825036,0.8270905644495158,3.167622554766488,0.9512527192033438,25,16,9,0,13,0,0,0,0,0,2,41,13,0.3170731707317073,0.52,0.0,0.0,1.3375,0.6140325601498425,,15
mixed_leaky,21,roving_mixed,0.5342609335365119,0.558464864026383,0.5556747056038639,0.8732220300434216,0.593604807157532,1.4939952500370022,4.087696600825036,0.8270905644495158,3.167622554766488,0.9512527192033438,26,19,0,0,16,0,0,0,0,0,4,45,16,0.3555555555555555,0.6153846153846154,0.0,0.0,2.9933333333333336,0.3697767648888255,,20
mixed_leaky,19,roving_ramp,0.2339816047269953,0.243484823084036,0.5477947976351536,1.201464189815155,0.2266011717417442,2.0920395035873374,5.544496025781732,0.5454465286801389,2.9710633681230334,0.6468701084022184,40,12,0,0,23,8,0,0,4,0,14,52,31,0.5961538461538461,0.575,0.6666666666666666,0.0,1.22,0.7411876786281549,0.33475,49
mixed_leaky,21,ramp,0.5342609335365119,0.558464864026383,0.5556747056038639,0.8732220300434216,0.593604807157532,1.4939952500370022,4.087696600825036,0.8270905644495158,3.167622554766488,0.9512527192033438,0,35,17,0,0,1,0,0,0,0,0,35,1,0.0285714285714285,,0.0285714285714285,0.0,0.1333333333333333,2.043888888888889,0.8,1
mixed_leaky,18,roving_ramp,0.1806589361650979,0.1370009961555676,0.3351703797688524,1.119479792695903,0.4229145324876674,2.8658279549043293,3.160932575683857,0.6594822990628065,2.8954770934638305,0.3483884039259265,41,10,2,0,17,6,0,0,6,1,5,51,23,0.4509803921568627,0.4146341463414634,0.6,0.4216444132115249,2.371666666666667,2.812431842966199,0.291125,35
mixed_leaky,19,roving_mixed,0.2339816047269953,0.243484823084036,0.5477947976351536,1.201464189815155,0.2266011717417442,2.0920395035873374,5.544496025781732,0.5454465286801389,2.9710633681230334,0.6468701084022184,21,20,0,0,12,8,0,0,6,0,9,41,20,0.4878048780487805,0.5714285714285714,0.4,0.0,2.789166666666667,0.656531963289666,0.1377892792031516,35
mixed_leaky,19,roving_ramp50,0.2339816047269953,0.243484823084036,0.5477947976351536,1.201464189815155,0.2266011717417442,2.0920395035873374,5.544496025781732,0.5454465286801389,2.9710633681230334,0.6468701084022184,24,18,7,0,11,12,2,0,3,1,13,42,23,0.5476190476190477,0.4583333333333333,0.6666666666666666,0.4477611940298507,2.2333333333333334,0.6590149320258764,0.395625,42
mixed_leaky,18,roving_ramp50,0.1806589361650979,0.1370009961555676,0.3351703797688524,1.119479792695903,0.4229145324876674,2.8658279549043293,3.160932575683857,0.6594822990628065,2.8954770934638305,0.3483884039259265,24,22,7,0,10,14,0,0,5,0,13,46,24,0.5217391304347826,0.4166666666666667,0.6363636363636364,0.0,1.5958333333333334,2.9179081614862383,0.2568749999999999,42
mixed_leaky,20,ramp,0.0837808957779698,0.0825293533268139,0.6444821862409447,1.5824312346934253,0.3669078639690798,2.166255652039746,8.591502215969825,0.8257561459239212,2.3734525009829945,0.500155972842958,0,39,13,0,0,26,9,0,8,0,23,39,26,0.6666666666666666,,0.6666666666666666,0.0,0.1333333333333333,2.2622423593985888,0.07225,66
mixed_leaky,20,roving_ramp,0.0837808957779698,0.0825293533268139,0.6444821862409447,1.5824312346934253,0.3669078639690798,2.166255652039746,8.591502215969825,0.8257561459239212,2.3734525009829945,0.500155972842958,45,10,3,0,27,8,0,0,24,3,19,55,35,0.6363636363636364,0.6,0.8,2.142857142857143,1.4,0.7530769230769553,0.062,81
mixed_leaky,22,ramp,0.2407100300135007,0.2784083136579344,0.3021389912472084,1.204362604376617,0.4670067346379722,3.2363068440101714,3.0654721796579105,0.7113970830391194,3.0190194187256507,0.4516842137691322,0,39,14,0,0,33,0,0,1,0,43,39,33,0.8461538461538461,,0.8461538461538461,0.0,0.2,3.483021483021564,0.4175,77
mixed_leaky,22,roving_ramp,0.2407100300135007,0.2784083136579344,0.3021389912472084,1.204362604376617,0.4670067346379722,3.2363068440101714,3.0654721796579105,0.7113970830391194,3.0190194187256507,0.4516842137691322,40,10,3,0,24,6,0,0,4,0,29,50,30,0.6,0.6,0.6,0.0,1.5450000000000002,1.0932763621838877,0.31325,63
mixed_leaky,22,roving_ramp50,0.2407100300135007,0.2784083136579344,0.3021389912472084,1.204362604376617,0.4670067346379722,3.2363068440101714,3.0654721796579105,0.7113970830391194,3.0190194187256507,0.4516842137691322,24,21,6,0,15,20,0,0,3,1,44,45,35,0.7777777777777778,0.625,0.9523809523809524,0.3436426116838487,2.9100000000000006,1.6999306999306936,0.4175,83
mixed_leaky,20,roving_ramp50,0.0837808957779698,0.0825293533268139,0.6444821862409447,1.5824312346934253,0.3669078639690798,2.166255652039746,8.591502215969825,0.8257561459239212,2.3734525009829945,0.500155972842958,24,21,7,0,13,15,9,0,13,6,11,45,28,0.6222222222222222,0.5416666666666666,0.7142857142857143,1.9032513877874704,3.1525000000000003,2.70096655987732,0.165,67
mixed_leaky,20,roving_mixed,0.0837808957779698,0.0825293533268139,0.6444821862409447,1.5824312346934253,0.3669078639690798,2.166255652039746,8.591502215969825,0.8257561459239212,2.3734525009829945,0.500155972842958,20,25,0,0,12,15,0,0,29,4,14,45,27,0.6,0.6,0.6,1.839785358374856,2.174166666666667,2.12202223398624,0.0474452554744525,74
mixed_leaky,25,ramp,0.1336091383624203,0.1948033052020014,0.15485913553999914,2.3402022560846674,0.3880239636849092,7.615632712019977,3.0529772379370392,0.7752664572372522,3.8725817291174334,0.27648730142269046,0,34,19,0,0,33,1,0,4,0,138,34,33,0.9705882352941176,,0.9705882352941176,0.0,0.2,2.6223640936351296,0.2922499999999999,176
mixed_leaky,24,roving_mixed,0.20535150143881276,0.18568115096912804,0.4811874907677875,1.3218994465862175,0.4616542781300939,2.6407808095592973,5.3585352436267835,0.7900739449087889,2.82261071030186,0.5160442161484488,27,21,0,0,16,6,0,0,3,2,8,48,22,0.4583333333333333,0.5925925925925926,0.2857142857142857,1.1505273250239691,1.7383333333333335,0.69087658127058,0.2737738082043796,35
mixed_leaky,23,ramp,0.18036925693807018,0.17373500635289346,0.7692433044712143,1.2821773884354286,0.4549473941476972,1.1392680564356161,8.308931537786336,0.8674053090217089,3.2572983646017946,0.3447098100018943,0,40,13,0,0,24,3,0,1,0,7,40,24,0.6,,0.6,0.0,0.2,2.5934939784559097,0.17375000000000007,35
mixed_leaky,24,ramp,0.20535150143881276,0.18568115096912804,0.4811874907677875,1.3218994465862175,0.4616542781300939,2.6407808095592973,5.3585352436267835,0.7900739449087889,2.82261071030186,0.5160442161484488,0,47,6,0,0,30,1,0,1,0,16,47,30,0.6382978723404256,,0.6382978723404256,0.0,0.13333333333333333,4.576171875000012,0.34812499999999996,48
mixed_leaky,25,roving_ramp50,0.1336091383624203,0.1948033052020014,0.15485913553999914,2.3402022560846674,0.3880239636849092,7.615632712019977,3.0529772379370392,0.7752664572372522,3.8725817291174334,0.27648730142269046,28,22,4,0,20,22,0,0,11,0,137,50,42,0.84,0.7142857142857143,1.0,0.0,0.745,2.022461311650709,0.21912500000000001,190
mixed_leaky,24,roving_ramp50,0.20535150143881276,0.18568115096912804,0.4811874907677875,1.3218994465862175,0.4616542781300939,2.6407808095592973,5.3585352436267835,0.7900739449087889,2.82261071030186,0.5160442161484488,25,20,7,0,14,12,1,0,3,2,14,45,26,0.5777777777777777,0.56,0.6,0.6694560669456068,2.9875,0.8691348086845552,0.348125,46
mixed_leaky,23,roving_mixed,0.18036925693807018,0.17373500635289346,0.7692433044712143,1.2821773884354286,0.4549473941476972,1.1392680564356161,8.308931537786336,0.8674053090217089,3.2572983646017946,0.3447098100018943,26,18,0,0,17,2,0,0,3,0,5,44,19,0.4318181818181818,0.6538461538461539,0.1111111111111111,0.0,1.1816666666666669,0.537014996429442,0.14176597694253873,27
mixed_leaky,25,roving_mixed,0.1336091383624203,0.1948033052020014,0.15485913553999914,2.3402022560846674,0.3880239636849092,7.615632712019977,3.0529772379370392,0.7752664572372522,3.8725817291174334,0.27648730142269046,14,24,0,0,10,12,0,0,15,0,37,38,22,0.5789473684210527,0.7142857142857143,0.5,0.0,3.7133333333333334,1.611241694602693,0.18731493080222006,74
mixed_leaky,26,roving_ramp,0.29686569629186643,0.2899786897300033,0.5944811644967734,0.901806421225245,0.47457608508552246,1.4081465324213762,4.51632060823149,0.7246028189265417,3.3112803072971984,0.3711683955180755,41,11,2,0,22,5,0,0,2,0,6,52,27,0.5192307692307693,0.5365853658536586,0.45454545454545453,0.0,2.2441666666666666,0.5287174066243792,0.5800000000000001,35
mixed_leaky,25,roving_ramp,0.1336091383624203,0.1948033052020014,0.15485913553999914,2.3402022560846674,0.3880239636849092,7.615632712019977,3.0529772379370392,0.7752664572372522,3.8725817291174334,0.27648730142269046,44,11,2,0,31,11,0,0,18,0,83,55,42,0.7636363636363637,0.7045454545454546,1.0,0.0,1.8350000000000002,1.0904481475449477,0.19474999999999998,143
mixed_leaky,24,roving_ramp,0.20535150143881276,0.18568115096912804,0.4811874907677875,1.3218994465862175,0.4616542781300939,2.6407808095592973,5.3585352436267835,0.7900739449087889,2.82261071030186,0.5160442161484488,37,8,6,0,15,7,0,0,1,0,12,45,22,0.4888888888888889,0.40540540540540543,0.875,0.0,2.1558333333333333,0.6578040265528967,0.37124999999999997,35
mixed_leaky,22,roving_mixed,0.24071003001350075,0.27840831365793445,0.30213899124720844,1.204362604376617,0.4670067346379722,3.2363068440101714,3.0654721796579105,0.7113970830391194,3.0190194187256507,0.4516842137691322,24,20,0,0,10,8,0,0,7,0,10,44,18,0.4090909090909091,0.4166666666666667,0.4,0.0,3.2975000000000003,2.134313107701358,0.29082306402856,35
mixed_leaky,23,roving_ramp,0.18036925693807018,0.17373500635289346,0.7692433044712143,1.2821773884354286,0.4549473941476972,1.1392680564356161,8.308931537786336,0.8674053090217089,3.2572983646017946,0.3447098100018943,43,10,4,0,26,6,0,0,5,0,11,53,32,0.6037735849056604,0.6046511627906976,0.6,0.0,0.8158333333333334,0.5686038461754361,0.217125,48
mixed_leaky,26,roving_ramp50,0.29686569629186643,0.2899786897300033,0.5944811644967734,0.901806421225245,0.47457608508552246,1.4081465324213762,4.51632060823149,0.7246028189265417,3.3112803072971984,0.3711683955180755,25,23,4,0,10,11,1,0,1,0,7,48,21,0.4375,0.4,0.4782608695652174,0.0,1.8491666666666666,0.8892183288410258,0.43500000000000005,30
mixed_leaky,26,roving_mixed,0.29686569629186643,0.2899786897300033,0.5944811644967734,0.901806421225245,0.47457608508552246,1.4081465324213762,4.51632060823149,0.7246028189265417,3.3112803072971984,0.3711683955180755,18,27,0,0,9,4,0,0,1,0,5,45,13,0.28888888888888886,0.5,0.14814814814814814,0.0,1.0008333333333335,0.6019450033534784,0.2190110741748288,19
mixed_leaky,26,ramp,0.29686569629186643,0.2899786897300033,0.5944811644967734,0.901806421225245,0.47457608508552246,1.4081465324213762,4.51632060823149,0.7246028189265417,3.3112803072971984,0.3711683955180755,0,38,12,0,0,15,0,0,1,0,6,38,15,0.39473684210526316,,0.39473684210526316,0.0,0.13333333333333333,3.473101265822786,0.43500000000000005,22
mixed_leaky,23,roving_ramp50,0.18036925693807018,0.17373500635289346,0.7692433044712143,1.2821773884354286,0.4549473941476972,1.1392680564356161,8.308931537786336,0.8674053090217089,3.2572983646017946,0.3447098100018943,25,19,7,0,17,8,0,0,4,0,3,44,25,0.5681818181818182,0.68,0.42105263157894735,0.0,1.55,0.6649942107294312,0.28225,32
mixed_leaky,19,ramp,0.23398160472699533,0.24348482308403605,0.5477947976351536,1.201464189815155,0.22660117174174427,2.0920395035873374,5.544496025781732,0.5454465286801389,2.9710633681230334,0.6468701084022184,0,38,15,0,0,25,3,0,0,0,18,38,25,0.6578947368421053,,0.6578947368421053,0.0,0.13333333333333333,3.4259748843358278,0.3652500000000001,46
mixed_leaky,28,roving_ramp50,0.0100013373778227,0.04,0.4489590435401571,1.3845729890204566,0.26074753464329803,2.937806786933007,5.2366786132774195,0.5933925204919845,2.2860248721343996,0.221132875220864,23,20,6,0,21,18,14,0,42,4,31,43,39,0.9069767441860465,0.9130434782608695,0.9,3.4985422740524776,1.1433333333333335,1.550079491255962,0.03500000000000003,130
mixed_leaky,27,roving_ramp50,0.2132434956629327,0.20839335935943248,0.436279266717667,1.2698704191182666,0.5228889417240213,2.7564296351832818,4.667209795203348,0.8238825591905956,3.7381117740298198,0.20723823598833405,28,20,7,0,17,11,0,0,5,1,23,48,28,0.5833333333333334,0.6071428571428571,0.55,0.7761966364812418,1.2883333333333336,0.9053906174695546,0.41674999999999995,57
mixed_leaky,27,roving_mixed,0.2132434956629327,0.20839335935943248,0.436279266717667,1.2698704191182666,0.5228889417240213,2.7564296351832818,4.667209795203348,0.8238825591905956,3.7381117740298198,0.20723823598833405,25,18,0,0,13,7,0,0,2,0,6,43,20,0.46511627906976744,0.52,0.3888888888888889,0.0,2.2641666666666667,0.7396952138861936,0.15414444983034414,28
mixed_leaky,28,roving_mixed,0.0100013373778227,0.04,0.4489590435401571,1.3845729890204566,0.26074753464329803,2.937806786933007,5.2366786132774195,0.5933925204919845,2.2860248721343996,0.221132875220864,23,20,0,0,19,20,0,0,61,5,39,43,39,0.9069767441860465,0.8260869565217391,1.0,2.646669607410675,1.8891666666666669,2.5020349533158264,0.017642207222882345,144
mixed_leaky,29,roving_ramp,0.16610651039321944,0.2296121315405254,0.3916179627831265,1.8717877668036391,0.4846818357678393,4.384867585328335,6.175221649464358,0.9070911298789577,3.3388870154006325,0.35313635735125715,42,12,3,0,29,11,0,0,8,0,48,54,40,0.7407407407407407,0.6904761904761905,0.9166666666666666,0.0,1.5808333333333335,0.5390932359073122,0.28700000000000003,96
mixed_leaky,28,ramp,0.0100013373778227,0.04,0.4489590435401571,1.3845729890204566,0.26074753464329803,2.937806786933007,5.2366786132774195,0.5933925204919845,2.2860248721343996,0.221132875220864,0,40,13,0,0,38,15,0,19,0,58,40,38,0.95,,0.95,0.0,0.13333333333333333,1.9960873567921797,0.03500000000000003,130
mixed_leaky,27,ramp,0.2132434956629327,0.20839335935943248,0.436279266717667,1.2698704191182666,0.5228889417240213,2.7564296351832818,4.667209795203348,0.8238825591905956,3.7381117740298198,0.20723823598833405,0,42,12,0,0,32,1,0,1,0,29,42,32,0.7619047619047619,,0.7619047619047619,0.0,0.2,3.458840297158103,0.3125,63
mixed_leaky,28,roving_ramp,0.0100013373778227,0.04,0.4489590435401571,1.3845729890204566,0.26074753464329803,2.937806786933007,5.2366786132774195,0.5933925204919845,2.2860248721343996,0.221132875220864,38,10,4,0,28,10,5,0,52,6,33,48,38,0.7916666666666666,0.7368421052631579,1.0,2.371541501976284,2.5300000000000002,1.89211986537568,0.025000000000000022,134
mixed_leaky,27,roving_ramp,0.2132434956629327,0.20839335935943248,0.436279266717667,1.2698704191182666,0.5228889417240213,2.7564296351832818,4.667209795203348,0.8238825591905956,3.7381117740298198,0.20723823598833405,37,11,2,0,20,8,0,0,2,1,19,48,28,0.5833333333333334,0.5405405405405406,0.7272727272727273,0.7416563658838071,1.3483333333333334,0.92856233454639,0.41674999999999995,50
mixed_leaky,29,roving_mixed,0.16610651039321944,0.2296121315405254,0.3916179627831265,1.8717877668036391,0.4846818357678393,4.384867585328335,6.175221649464358,0.9070911298789577,3.3388870154006325,0.35313635735125715,29,21,0,0,22,11,0,0,9,0,10,50,33,0.66,0.7586206896551724,0.5238095238095238,0.0,2.611666666666667,0.6948078495503096,0.23339982901111433,52
mixed_leaky,29,ramp,0.16610651039321944,0.2296121315405254,0.3916179627831265,1.8717877668036391,0.4846818357678393,4.384867585328335,6.175221649464358,0.9070911298789577,3.3388870154006325,0.35313635735125715,0,40,11,0,0,38,1,0,2,0,92,40,38,0.95,,0.95,0.0,0.2,3.0980627781308367,0.22950000000000004,133
mixed_leaky,29,roving_ramp50,0.16610651039321944,0.2296121315405254,0.3916179627831265,1.8717877668036391,0.4846818357678393,4.384867585328335,6.175221649464358,0.9070911298789577,3.3388870154006325,0.35313635735125715,30,18,9,0,22,15,0,0,3,1,45,48,37,0.7708333333333334,0.7333333333333333,0.8333333333333334,0.8651766402307136,1.1558333333333335,0.8665041971297172,0.34450000000000003,86
