gen,pid,design,fit,s_hat,vL,vT,lam,delta,a,nll,k,aic,converged,nfev,secs
level,3,roving_ramp50,level,0.0,4.214761978726202,0.0,0.0,1.7932702356259276,1.9872974735104112,463.60913502970254,3,933.2182700594052,True,124,23.54865074157715
level,3,roving_ramp50,transient,1.0,0.0,3.00909206030547,0.0,1.795827641328374,1.5404661061557363,510.98437192642535,3,1027.9687438528508,True,140,32.68157505989075
level,3,roving_ramp50,leaky,0.0,4.219458713296358,0.0,0.0059999290341719,1.7912133373476968,1.983752125487391,463.6091797673328,4,935.2183595346656,True,40,36.49406147003174
level,3,roving_ramp50,mixed,0.0010836339456924,4.213438710557154,0.01,0.0,1.7939986567669035,1.987059622993811,463.610026878776,4,935.220053757552,True,285,38.23727107048035
level,3,roving_ramp50,mixed_leaky,0.0010838960797247,4.212418609224471,0.01,0.0059998782797369,1.7871615757529058,1.9873645318144024,463.6100341026287,5,937.2200682052572,True,90,29.72832202911377
level,3,ramp,level,0.0,3.9624825810310735,0.0,0.0,1.0425694862467578,3.1096634855602963,491.93403122187055,3,989.8680624437412,True,88,16.126939296722412
level,3,ramp,transient,1.0,0.0,4.997648024173579,0.0,1.01091853895603,2.3532740786594704,555.5297818308437,3,1117.0595636616874,True,108,22.584880590438843
level,3,ramp,leaky,0.0,3.9875289040690505,0.0,0.3347943190288467,0.4502705148273421,3.176447748458897,491.8901436897556,4,991.7802873795112,True,90,27.3276047706604
level,3,ramp,mixed,0.0011671808797116,3.960891330375372,0.010126238095162,0.0,1.042438691492423,3.1108191057833894,491.9340129581556,4,991.8680259163112,True,270,38.32608246803284
level,3,ramp,mixed_leaky,0.0011130467829754,4.167041244061309,0.0101586201946117,0.7283207586435138,-0.4364134946550413,3.407157375826409,491.8253497994167,5,993.6506995988334,True,492,63.23025321960449
level,0,roving_mixed,level,0.0,4.577959392701238,0.0,0.0,1.1286695186362437,2.487241428882893,604.7689887949031,3,1215.537977589806,True,128,31.10081958770752
level,0,roving_mixed,transient,1.0,0.0,3.1002636842141564,0.0,1.0112075335163515,2.1166854372229857,636.4523988578694,3,1278.9047977157388,True,116,30.92299437522888
level,0,roving_mixed,leaky,0.0,4.577066862265509,0.0,0.0059989536129005,1.1207930842896523,2.487069234336732,604.7700264954372,4,1217.5400529908743,True,55,38.6085684299469
level,0,roving_mixed,mixed,0.0536260668449546,4.439909881554695,0.5504237656554721,0.0,1.1383232792039897,2.501533653223432,604.5595262066247,4,1217.1190524132494,True,300,38.58170223236084
level,0,roving_mixed,mixed_leaky,0.0535071478883656,4.439048284716431,0.5490276022943382,0.005,1.1312709988301357,2.5019922377841946,604.5606569815855,5,1219.121313963171,True,540,83.87422633171082
level,0,ramp,level,0.0,4.460095460678605,0.0,0.0,1.1234001605763713,2.496830030328721,694.1851634191365,3,1394.370326838273,True,108,20.076532125473022
level,0,ramp,transient,1.0,0.0,4.645495513594258,0.0,1.0637991690202715,1.9940847383848008,756.8200298532772,3,1519.6400597065544,True,124,21.74872183799744
level,0,ramp,leaky,0.0,4.459701305461232,0.0,0.005,1.116807958358601,2.4968287898354893,694.187808700008,4,1396.375617400016,True,355,78.8196370601654
level,0,ramp,mixed,0.0648176694174206,4.369010111043356,0.6625063039286153,0.0,1.1534272937875525,2.4953191769411145,693.9413943465713,4,1395.8827886931426,True,230,28.34668755531311
level,0,ramp,mixed_leaky,0.0648537337754441,4.368933599043119,0.6628888755449674,0.005,1.147020126974345,2.495120546642476,693.9443270521123,5,1397.8886541042243,True,510,76.33771467208862
level,5,roving_ramp50,level,0.0,7.009466149675887,0.0,0.0,1.1549687158341602,2.585011056576359,570.8627383646682,3,1147.7254767293364,True,104,22.151848077774048
level,5,roving_ramp50,transient,1.0,0.0,4.171029547103616,0.0,1.1045882252398425,2.044725660043229,618.6340388665204,3,1243.2680777330409,True,100,30.61563086509705
level,5,roving_ramp50,leaky,0.0,7.00893098628235,0.0,0.005,1.1479113615112104,2.5854931541366115,570.8653593897787,4,1149.7307187795575,True,335,81.70733332633972
level,5,roving_ramp50,mixed,0.019094791361136,6.936240184040185,0.2954077238771173,0.0,1.162765668181897,2.590186741885685,570.822031449756,4,1149.644062899512,True,250,31.61591672897339
level,5,roving_ramp50,mixed_leaky,0.0187213332558263,6.938911819508983,0.289631392151032,0.005,1.1561301338628192,2.58996162491596,570.8247818010835,5,1151.649563602167,True,384,66.55824685096741
level,4,roving_mixed,level,0.0,3.203591957252099,0.0,0.0,1.3414950282067335,3.2202559297339657,394.3440479060057,3,794.6880958120114,True,76,19.02560329437256
level,4,roving_mixed,transient,1.0,0.0,1.4463203404948548,0.0,0.7885756696197401,2.6550903657836264,447.89359819675497,3,901.78719639351,True,72,9.92300820350647
level,4,roving_mixed,leaky,0.0,3.202973131527445,0.0,0.005,1.33307448164103,3.220063585078446,394.34565565740655,4,796.6913113148131,True,530,112.2964026927948
level,4,roving_mixed,mixed,0.0014263797190353,3.1998902809764096,0.01,0.0,1.3407609922160966,3.2220049278210783,394.347998758488,4,796.695997516976,True,265,40.56373476982117
level,4,roving_mixed,mixed_leaky,0.0014263971460234,3.1998511305163286,0.01,0.005,1.3322528989726663,3.2226808994050287,394.3496491454276,5,798.6992982908553,True,228,54.84633755683899
level,1,roving_mixed,level,0.0,3.9363133121511176,0.0,0.0,0.5995883142556073,4.596434117909911,305.17549889208686,3,616.3509977841737,True,100,28.53542399406433
level,1,roving_mixed,transient,1.0,0.0,0.01,0.0,0.3457154354851627,4.091139853517867,318.6264421471532,3,643.2528842943063,True,168,32.7450749874115
level,1,roving_mixed,leaky,0.0,4.174891831539119,0.0,0.3481206540251033,-0.4631476501887897,5.089355211656439,304.9344664908653,4,617.8689329817306,True,310,80.41043877601624
level,1,roving_mixed,mixed,0.0011606067524261,3.93369535346802,0.01,0.0,0.5995499963870407,4.598010307238775,305.193793547208,4,618.387587094416,True,210,33.24938201904297
level,1,roving_mixed,mixed_leaky,0.0010933095722056,4.176109956213267,0.01,0.3495940409262664,-0.4676932175179505,5.090421268389935,304.95127866978095,5,619.9025573395619,True,396,73.6681649684906
level,1,ramp,level,0.0,4.223516711735771,0.0,0.0,1.1107747352555473,2.9718931055850284,376.5125484649126,3,759.0250969298252,True,140,23.98731708526612
level,1,ramp,transient,1.0,0.0,4.666184980176621,0.0,0.9157712720118614,2.705027064106305,407.0896080675366,3,820.1792161350731,True,100,25.93002653121948
level,1,ramp,leaky,0.0,4.223829994893254,0.0,0.005,1.1033075599592528,2.9714315016742145,376.5144451591676,4,761.0288903183352,True,410,94.944256067276
level,1,ramp,mixed,0.0010816859386018,4.221034919493008,0.01,0.0,1.1108434069004625,2.9723635134589483,376.51341762827576,4,761.0268352565515,True,290,34.992886543273926
level,1,ramp,mixed_leaky,0.0010819258444743,4.220097935108129,0.01,0.005,1.1029055026870005,2.9725003614599985,376.5153279389888,5,763.0306558779777,True,450,71.1779944896698
level,3,roving_ramp,level,0.0,2.7722275375420526,0.0,0.0,0.7520564049212344,3.274834882130604,493.0175415801791,3,992.035083160358,True,104,34.535128593444824
level,3,roving_ramp,transient,1.0,0.0,2.4283809624367434,0.0,0.6279182013824918,2.9632181392350008,518.8122431131548,3,1043.6244862263095,True,116,21.890061616897583
level,3,roving_ramp,leaky,0.0,2.7715244542622863,0.0,0.0059971263672513,0.7416643479328381,3.27521720786024,493.0196231142717,4,994.0392462285434,True,60,30.814982175827023
level,3,roving_ramp,mixed,0.0958609461433459,2.6276591999402115,0.6095163593500046,0.0,0.7499513179058889,3.3600925699416027,492.53915151069657,4,993.0783030213933,True,190,47.533493757247925
level,3,roving_ramp,mixed_leaky,0.0957093170669419,2.6275698403255245,0.6084295181427475,0.005,0.7415288611664331,3.358793472396349,492.54250947252655,5,995.0850189450532,True,246,126.899893283844
level,2,roving_mixed,level,0.0,3.0007008667006305,0.0,0.0,0.8086506782074427,4.363044807970065,291.3780059561207,3,588.7560119122414,True,128,23.78627634048462
level,2,roving_mixed,transient,1.0,0.0,1.007050994990191,0.0,0.5813859794116585,3.3929690397258474,319.20984375610755,3,644.4196875122151,True,88,11.04761028289795
level,2,roving_mixed,leaky,0.0,2.99948548875617,0.0,0.005,0.7976512480378822,4.360141327419039,291.3863508360833,4,590.7727016721667,True,355,97.06871938705444
level,2,roving_mixed,mixed,0.0015219111580819,2.9987439954443924,0.01,0.0,0.8088408593301276,4.3637938023223946,291.39023086355337,4,590.7804617271067,True,260,40.64735889434815
level,2,roving_mixed,mixed_leaky,0.0015223396944572,2.997898566771793,0.01,0.005,0.7976763320864401,4.362410532480277,291.39864734929176,5,592.7972946985835,True,294,90.50471806526184
level,4,roving_ramp50,level,0.0,3.341175960879927,0.0,0.0,1.335991862361926,3.2154033534021265,464.35582651892327,3,934.7116530378464,True,108,28.64205765724182
level,4,roving_ramp50,transient,1.0,0.0,1.745009869426608,0.0,0.7840044593975796,2.5395462564245785,532.3415034134645,3,1070.683006826929,True,120,14.371491193771362
level,4,roving_ramp50,leaky,0.0,3.3485053202478383,0.0,0.256788482720418,0.8682937483348622,3.2737868437983653,464.3421118869986,4,936.6842237739972,True,80,27.65221261978149
level,4,roving_ramp50,mixed,0.0244027648655993,3.276219831172952,0.1792880549280597,0.0,1.322040414013378,3.247218548677,464.2205728629945,4,936.441145725989,True,180,44.45100903511048
level,4,roving_ramp50,mixed_leaky,0.0244139898726593,3.274221630943749,0.1792631881192682,0.0059993439281314,1.311239656109875,3.247170797276484,464.220796764668,5,938.441593529336,True,126,152.01995277404785
level,1,roving_ramp,level,0.0,3.1618263479024344,0.0,0.0,1.1163730444733158,2.776669227532776,277.80114812934755,3,561.6022962586951,True,120,23.71397566795349
level,1,roving_ramp,transient,1.0,0.0,3.271491890267068,0.0,0.8995071389197689,2.9818534233979364,285.47627191761256,3,576.9525438352251,True,60,15.391740322113035
level,1,roving_ramp,leaky,0.0,3.155380228177698,0.0,0.3490256990246592,0.5711369813508493,2.814401388430233,277.7984776351887,4,563.5969552703774,True,105,36.38065218925476
level,1,roving_ramp,mixed,0.1899862723440992,2.7448561939209424,1.4085078935273452,0.0,1.0967398910719817,2.9266409126661403,276.974390857304,4,561.948781714608,True,330,64.27080750465393
level,1,roving_ramp,mixed_leaky,0.1899699027246814,2.7455506217679213,1.4087143758420826,0.0059990584415419,1.087521257436824,2.927193776037896,276.97496277948454,5,563.9499255589691,True,72,132.60776662826538
level,4,ramp,level,0.0,3.308400771557181,0.0,0.0,1.4873322861673015,3.009310530986298,452.9158886929967,3,911.8317773859934,False,208,33.32226347923279
level,4,ramp,transient,1.0,0.0,1.5401201786382748,0.0,0.801361907393668,2.436417202166922,517.2493735561377,3,1040.4987471122754,True,76,23.584367513656616
level,4,ramp,leaky,0.0,3.308474930924296,0.0,0.005,1.4794708404930026,3.0095772881496243,452.9177577538748,4,913.8355155077496,True,525,77.73835110664368
level,4,ramp,mixed,0.0013798120717134,3.3080384958840034,0.01,0.0,1.488624668052578,3.0082675191276183,452.9439060633399,4,913.8878121266798,True,250,35.9307644367218
level,4,ramp,mixed_leaky,0.0013788894099399,3.310255075346983,0.01,0.005,1.4810844803153629,3.0098186498976567,452.9457634595218,5,915.8915269190436,True,240,110.8087944984436
level,0,roving_ramp50,level,0.0,4.840865628565874,0.0,0.0,0.9853358348507368,2.801593231672039,723.3174523439484,3,1452.6349046878968,True,184,41.93720054626465
level,0,roving_ramp50,transient,1.0,0.0,2.4048453954817344,0.0,0.8225563055596005,2.1113676843476377,794.7246317342953,3,1595.4492634685903,True,144,24.126333475112915
level,0,roving_ramp50,leaky,0.0,4.839902170185406,0.0,0.005,0.9779258657847232,2.801475979008561,723.3184269605816,4,1454.6368539211633,True,420,93.25112557411194
level,0,roving_ramp50,mixed,0.0009437325609651,4.83872747634473,0.01,0.0,0.9856472106879476,2.8015656761445293,723.33341519754,4,1454.66683039508,True,325,43.21198630332947
level,0,roving_ramp50,mixed_leaky,0.0009438600378597,4.838073344803771,0.01,0.005,0.9781435769710644,2.801985393756546,723.3343887093431,5,1456.6687774186862,True,606,87.26343488693237
level,5,roving_ramp,level,0.0,5.61259346767114,0.0,0.0,0.7263357847172772,3.26554214917841,601.3759900829428,3,1208.7519801658857,True,108,23.140347003936768
level,5,roving_ramp,transient,1.0,0.0,4.000387255034913,0.0,1.1218346581204883,2.027334551710785,628.6988088350214,3,1263.3976176700428,True,136,26.18574023246765
level,5,roving_ramp,leaky,0.0,5.613458047147538,0.0,0.005,0.7177748296112453,3.266217602219199,601.3782558235287,4,1210.756511647057,True,520,102.5647246837616
level,5,roving_ramp,mixed,0.0781543742100293,5.36063594800673,0.9943087276956476,0.0,0.7584603212763567,3.285006005684571,600.7912179701102,4,1209.5824359402204,True,240,29.007787466049194
level,5,roving_ramp,mixed_leaky,0.0781505101520017,5.359836102771435,0.9941070501328384,0.005,0.7498028755679135,3.2855784818555143,600.7932914886806,5,1211.586582977361,True,642,112.8600254058838
level,1,roving_ramp50,level,0.0,3.6638544942396094,0.0,0.0,0.9173120106156504,3.0039802040138857,425.88756100517327,3,857.7751220103465,True,96,20.906466484069824
level,1,roving_ramp50,transient,1.0,0.0,2.6433075357511204,0.0,0.720701346321596,2.8481339568450217,446.2717474780098,3,898.5434949560197,True,152,26.33027935028076
level,1,roving_ramp50,leaky,0.0,4.255831240225563,0.0,1.3532571419388744,-3.1672756572399474,4.28738498901398,425.53169967328,4,859.06339934656,True,840,187.73649525642395
level,1,roving_ramp50,mixed,0.0707762944617922,3.55031037629014,0.5916211736733654,0.0,0.9316972387172594,3.0304003587897825,425.7066110272288,4,859.4132220544576,True,225,35.40526604652405
level,1,roving_ramp50,mixed_leaky,0.002143474814978,4.255690878054523,0.0200000096096708,1.3534339760928606,-3.1672261726245914,4.2879218486012896,425.52593364420426,5,861.0518672884085,True,114,52.1677622795105
level,2,roving_ramp,level,0.0,2.340005143344722,0.0,0.0,0.6953533292013547,4.162899959184139,372.0859378773567,3,750.1718757547134,False,188,32.75996923446655
level,2,roving_ramp,transient,1.0,0.0,1.8839898336632424,0.0,0.3942371405025813,4.230381858075135,396.788721773305,3,799.5774435466101,True,196,22.26440691947937
level,2,roving_ramp,leaky,0.0,2.732376528748488,0.0,0.6485156498963401,-2.740914808680944,7.113966774777391,370.827300568155,4,749.65460113631,True,465,109.83495807647704
level,2,roving_ramp,mixed,0.1038620971960569,2.189852192485174,0.5552734263792738,0.0,0.6815856411648108,4.324341443947889,371.4088393089173,4,750.8176786178346,True,275,56.43194484710693
level,2,roving_ramp,mixed_leaky,0.0338057300262151,2.638567557690608,0.2019779342044734,0.6146738918638134,-2.307190178026276,6.713215271986671,370.78579627017706,5,751.5715925403541,True,786,120.0913064479828
level,0,roving_ramp,level,0.0,4.266343931090418,0.0,0.0,1.0817288663162925,2.640078627509488,516.9191561154574,3,1039.8383122309149,True,140,25.811136722564697
level,0,roving_ramp,transient,1.0,0.0,3.8512469182401854,0.0,1.3586028891437352,1.8657878033025577,556.9102544481259,3,1119.8205088962518,True,120,26.034555912017822
level,0,roving_ramp,leaky,0.0,4.265797401429861,0.0,0.005,1.074587095150161,2.6403979823375625,516.9194421883061,4,1041.8388843766122,True,615,149.24397706985474
level,0,roving_ramp,mixed,0.0704218892494738,4.12149335844594,0.683103065219111,0.0,1.0971679640015854,2.6674708142186123,516.5432357611467,4,1041.086471522293,True,250,39.13179039955139
level,0,roving_ramp,mixed_leaky,0.0705649667444509,4.120548406614358,0.6844393492431834,0.005,1.0897498475896084,2.668210720348528,516.543511528576,5,1043.087023057152,True,762,109.15986752510072
level,5,ramp,level,0.0,5.524434803499762,0.0,0.0,1.3395761567648825,2.054879079917744,608.556025627361,3,1223.112051254722,True,60,16.502918004989624
level,5,ramp,transient,1.0,0.0,3.6201544563989008,0.0,1.248388031820458,1.808227408719266,642.2749627004337,3,1290.549925400867,True,128,28.49477458000183
level,5,ramp,leaky,0.0,5.523765092892322,0.0,0.005,1.3340235145811896,2.0549211358724264,608.5566474634974,4,1225.1132949269947,True,385,69.79389095306396
level,5,ramp,mixed,0.0008269884201583,5.522445264433314,0.01,0.0,1.3399546924364067,2.054870213530275,608.5608257744412,4,1225.1216515488825,True,325,42.86183261871338
level,5,ramp,mixed_leaky,0.0008271502528689,5.521363898642086,0.01,0.0059992768862783,1.3333885653852284,2.05479142863552,608.5615747637012,5,1227.1231495274023,True,84,26.444600820541385
level,2,roving_ramp50,level,0.0,1.970701757777316,0.0,0.0,0.6049502232022967,4.344640245196692,372.2705761453769,3,750.5411522907538,True,100,24.920522689819336
level,2,roving_ramp50,transient,1.0,0.0,1.4221652786032652,0.0,0.4847365051355145,3.538216386089891,394.37843870014143,3,794.7568774002829,True,96,31.51683783531189
level,2,roving_ramp50,leaky,0.0,2.142596577038206,0.0,0.4667558334126973,-0.698506977737379,4.708422490552642,371.9291482719664,4,751.8582965439327,True,305,134.00085139274597
level,2,roving_ramp50,mixed,0.0023174764189347,1.967737646535031,0.01,0.0,0.6050667205326268,4.3446714526334445,372.27260313194097,4,752.5452062638819,True,300,40.66321921348572
level,2,roving_ramp50,mixed_leaky,0.0021295317258975,2.141806385199851,0.01,0.4659967356547943,-0.6954783497530769,4.7083585053455534,371.9325977846223,5,753.8651955692446,True,444,123.08421850204468
level,4,roving_ramp,level,0.0,2.742694755530766,0.0,0.0,1.2178829198209429,3.2923223061252385,432.3916516776583,3,870.7833033553165,True,80,20.63146710395813
level,4,roving_ramp,transient,1.0,0.0,1.672351063283428,0.0,0.6360729761353088,3.048852265202633,472.7833246599826,3,951.5666493199652,True,80,10.463207960128784
level,4,roving_ramp,leaky,0.0,3.0809075284075567,0.0,0.8863403498526031,-2.0653738299170774,5.178051051016513,431.0775571143645,4,870.155114228729,True,390,94.08245921134947
level,4,roving_ramp,mixed,0.0811763193285786,2.522993827630718,0.4876668229443749,0.0,1.1441944375862665,3.4808251135707,431.1745162154512,4,870.3490324309024,True,205,49.44673824310303
level,4,roving_ramp,mixed_leaky,0.0502381229187762,2.8411884795660938,0.3287975421261089,0.753385164228984,-1.1749906244136088,4.627631515602497,430.72925913718666,5,871.4585182743733,True,804,181.6155276298523
level,2,ramp,level,0.0,3.06982286652431,0.0,0.0,0.8603344762678127,4.565217455931194,388.1779179230609,3,782.3558358461217,True,148,24.35604786872864
level,2,ramp,transient,1.0,0.0,2.99244476125215,0.0,0.5030858915041639,3.6437603808002,438.0420990425994,3,882.0841980851989,True,84,20.22264242172241
level,2,ramp,leaky,0.0,4.011402154718813,0.0,0.8457676675281581,-3.804350859530563,7.537586060078826,387.0480637893467,4,782.0961275786934,True,900,211.29162883758545
level,2,ramp,mixed,0.0942820318324737,3.055706208586521,0.6959169150420675,0.0,0.912662015223211,4.573153508142831,387.930339042504,4,783.8606780850081,True,305,37.89929008483887
level,2,ramp,mixed_leaky,0.0232344498169495,3.98781857163301,0.2075330635430507,0.8415072124064541,-3.693954577473199,7.449744099602218,387.0394392236621,5,784.0788784473242,False,954,115.91276979446413
level,5,roving_mixed,level,0.0,5.84024109798813,0.0,0.0,1.195101726937834,2.4947377595884466,413.4837432739765,3,832.9674865479531,True,104,31.63975739479065
level,5,roving_mixed,transient,1.0,0.0,4.095480992404228,0.0,1.5750945856002103,1.808359498143428,424.498991159946,3,854.997982319892,True,116,31.13606429100037
level,5,roving_mixed,leaky,0.0,5.839412242026353,0.0,0.005,1.18874405025544,2.4943103748045283,413.4848312123311,4,834.9696624246621,True,350,77.0661952495575
level,5,roving_mixed,mixed,0.0997371849390256,5.499497163270558,1.3329707597996605,0.0,1.277522169902582,2.446271605525036,412.8697228982903,4,833.7394457965805,True,280,68.9017174243927
level,5,roving_mixed,mixed_leaky,0.0997844773679019,5.499016790623599,1.3335563811444624,0.005,1.2714154269446634,2.445713586407913,412.8706445326083,5,835.7412890652166,True,504,76.39543795585632
level,8,roving_ramp,level,0.0,4.670629765745963,0.0,0.0,1.515092771399802,3.405555771193228,693.6816530586864,3,1393.3633061173728,True,128,26.31979322433472
level,8,roving_ramp,transient,1.0,0.0,1.769573050945199,0.0,0.8294160571521771,2.128595291599495,829.7658730133688,3,1665.5317460267377,True,184,29.711726188659668
level,8,roving_ramp,leaky,0.0,4.675130892743734,0.0,0.1772076163422657,1.1836516832674648,3.436193671390969,693.6441910835067,4,1395.2883821670134,True,270,51.95773768424988
level,8,roving_ramp,mixed,0.0009788294318299,4.665066358407041,0.01,0.0,1.51402755998594,3.4055358586346056,693.710711129001,4,1395.421422258002,True,150,42.99256348609924
level,8,roving_ramp,mixed_leaky,0.0009780375561528,4.66884716625674,0.01,0.1600797914642014,1.2158892046236014,3.433030790016601,693.6753684854395,5,1397.350736970879,True,150,52.65950274467468
level,8,roving_ramp50,level,0.0,4.13500714449861,0.0,0.0,1.2075890871870016,3.890068949800736,692.9055957040989,3,1391.8111914081978,True,68,16.27114701271057
level,8,roving_ramp50,transient,1.0,0.0,1.4969535147548394,0.0,0.5370601365182852,2.562954106027835,812.2889500493244,3,1630.5779000986488,True,96,17.194377660751343
level,8,roving_ramp50,leaky,0.0,4.446886881312313,0.0,0.548316492926841,-0.2886835267377241,4.502455289768854,692.1459757827799,4,1392.29195156556,True,280,65.58349585533142
level,8,roving_ramp50,mixed,0.0011047763378752,4.132717565664676,0.01,0.0,1.207562246558868,3.891160239372752,692.9184477708507,4,1393.836895541701,True,310,40.38704442977905
level,8,roving_ramp50,mixed_leaky,0.0010409432056879,4.441176902284564,0.0101248189290167,0.5453764139844655,-0.2760571307012647,4.494625568623304,692.1764359511425,5,1394.352871902285,True,414,61.605000019073486
level,6,ramp,level,0.0,3.425012259707078,0.0,0.0,0.7506483115583855,3.3588352320897306,442.25378926372383,3,890.5075785274477,True,168,28.0769305229187
level,6,ramp,transient,1.0,0.0,2.7543673936399222,0.0,0.6170454171570654,3.0064961580818057,468.2172658670944,3,942.4345317341888,True,104,29.170681476593018
level,6,ramp,leaky,0.0,3.4257963731122967,0.0,0.005,0.7422373732473817,3.35806310365895,442.25837355369305,4,892.5167471073861,True,280,68.78864431381226
level,6,ramp,mixed,0.0013336509517836,3.4226964982495907,0.01,0.0,0.7509743339416931,3.3588547172217207,442.2620255114989,4,892.5240510229977,True,270,42.64731240272522
level,6,ramp,mixed_leaky,0.0013339256059099,3.4219908268874684,0.01,0.005,0.7423545887264427,3.358345177660416,442.26661703492175,5,894.5332340698435,True,456,73.9495198726654
level,7,roving_ramp,level,0.0,3.335324780061657,0.0,0.0,1.7339994315486238,1.931660068609937,245.09324342198943,3,496.18648684397886,True,140,41.423420429229736
level,7,roving_ramp,transient,1.0,0.0,0.7546135025786787,0.0,1.0756598727640134,2.423117122386818,248.1181473902685,3,502.2362947805369,True,196,40.5460741519928
level,7,roving_ramp,leaky,0.0,3.336919181451493,0.0,0.0059999466144304,1.7325841989668451,1.927669676406987,245.0933338340573,4,498.1866676681147,True,25,50.12968444824219
level,7,roving_ramp,mixed,0.0002166139703053,21.096460973738868,0.01,0.0,8.271079654434764,0.9003519184838934,243.205144845208,4,494.4102896904159,True,355,48.78046178817749
level,7,roving_ramp,mixed_leaky,0.0002167306413558,21.085101806775672,0.01,0.005,8.265428922227892,0.9003371568834901,243.20553011663412,5,496.4110602332684,True,390,64.64678835868835
level,3,roving_mixed,level,0.0,2.8361691254345494,0.0,0.0,0.6300008982018872,3.770261702195464,410.83436837323154,3,827.6687367464631,True,160,29.85285210609436
level,3,roving_mixed,transient,1.0,0.0,1.5598935273248034,0.0,0.4838618858726873,3.476968462107893,425.0234985419549,3,856.0469970839097,True,136,26.67236995697021
level,3,roving_mixed,leaky,0.0,3.3666206743130465,0.0,0.9034344618490884,-2.1451099909968643,4.648254492792953,410.23030923617705,4,828.4606184723541,True,535,220.13748168945312
level,3,roving_mixed,mixed,0.0312420757308542,2.790667583815255,0.1968985722075741,0.0,0.633305624311774,3.784163387429621,410.80187486858455,4,829.6037497371691,True,255,32.810062885284424
level,3,roving_mixed,mixed_leaky,0.0027080927826958,3.366502861795036,0.0200000038512045,0.9036156069432268,-2.145039033461777,4.648892642646122,410.2274851754744,5,830.4549703509489,True,102,186.0007359981537
level,8,ramp,level,0.0,3.9750810379648094,0.0,0.0,1.1726327062011694,3.7763209171170713,575.5828601868106,3,1157.1657203736213,True,84,19.18197798728943
level,8,ramp,transient,1.0,0.0,3.174285937407633,0.0,0.6283814813308258,2.759161353426129,683.9502104912964,3,1373.9004209825928,True,148,30.116002082824707
level,8,ramp,leaky,0.0,3.973081659172772,0.0,0.005,1.1619578228740142,3.777398280298319,575.5901681709313,4,1159.1803363418626,True,355,79.42379903793335
level,8,ramp,mixed,0.0181295913008569,3.9600437708838334,0.1599718896537961,0.0,1.1794963171917234,3.786244154190375,575.5554910049232,4,1159.1109820098463,True,235,25.93386960029602
level,8,ramp,mixed_leaky,0.0181316146515672,3.960015587855405,0.1599889343642571,0.0059972060319946,1.1677490189119022,3.786160489317728,575.5650315392587,5,1161.1300630785174,True,78,53.35289716720581
level,9,roving_ramp,level,0.0,4.02665636842517,0.0,0.0,1.0595037027183056,2.818787868751568,449.1539971823439,3,904.3079943646876,True,144,31.141180276870728
level,9,roving_ramp,transient,1.0,0.0,2.0585794559729016,0.0,0.7992940634182616,2.54552187668999,481.4061920764168,3,968.8123841528336,True,128,23.20520639419556
level,9,roving_ramp,leaky,0.0,4.535110068556502,0.0,1.3389137691295665,-2.2144235912462644,3.6545246100573454,448.8938258091687,4,905.7876516183372,True,635,94.63944840431212
level,9,roving_ramp,mixed,0.001134685895874,4.023661424110055,0.01,0.0,1.0595284742321418,2.819277992910836,449.1568461934045,4,906.3136923868092,True,260,35.603352546691895
level,9,roving_ramp,mixed_leaky,0.0020117444625194,4.5349456862080295,0.0199999689079486,1.3390842086022114,-2.2143818098875903,3.655023189419487,448.90894347323206,5,907.817886946464,True,90,44.88309073448181
level,9,roving_ramp50,level,0.0,4.09855096452536,0.0,0.0,1.6186138746664902,1.9733187200288644,550.4682904218325,3,1106.936580843665,True,84,17.28477692604065
level,9,roving_ramp50,transient,1.0,0.0,1.183633229347875,0.0,1.5314322350272396,1.5560347675564994,591.5609877108394,3,1189.1219754216788,True,144,34.59638214111328
level,9,roving_ramp50,leaky,0.0,4.098197077857579,0.0,0.005,1.6133503659720905,1.9732525135587469,550.468725559994,4,1108.937451119988,True,490,82.5043933391571
level,9,roving_ramp50,mixed,0.0011144518612041,4.096798176695748,0.01,0.0,1.6190163583984876,1.9733336871431144,550.4920982007599,4,1108.9841964015195,True,100,45.99153208732605
level,9,roving_ramp50,mixed_leaky,0.0011145794231929,4.0963287810027404,0.01,0.005,1.61373912111528,1.9732539772294388,550.4925369527936,5,1110.9850739055871,True,120,45.58985424041748
level,6,roving_ramp50,level,0.0,2.708574884013871,0.0,0.0,0.6779799346239705,3.523649174218186,327.9003206120536,3,661.8006412241072,True,92,19.29846215248108
level,6,roving_ramp50,transient,1.0,0.0,1.9556913860397305,0.0,0.6055558114084055,3.336014700184936,335.6423292612273,3,677.2846585224546,True,164,32.38223624229431
level,6,roving_ramp50,leaky,0.0,3.219718551644041,0.0,1.052607935933538,-4.027038715340321,5.940244105988969,327.1883941630836,4,662.3767883261671,True,610,150.99778389930725
level,6,roving_ramp50,mixed,0.0063499810652301,2.7010334324447447,0.0377640697686868,0.0,0.6803404511321026,3.5204738009819176,327.89983447859913,4,663.7996689571983,True,290,36.75214314460754
level,6,roving_ramp50,mixed_leaky,0.0028490965056093,3.199595839428595,0.0200009784894037,1.0489255639401305,-4.026875902884286,5.956126510887956,327.1869627050807,5,664.3739254101614,True,90,90.25987648963928
level,8,roving_mixed,level,0.0,3.915638050134673,0.0,0.0,1.22936183886303,3.639727017412634,461.7426796963734,3,929.4853593927468,True,76,18.9957013130188
level,8,roving_mixed,transient,1.0,0.0,2.306338569950133,0.0,0.8140159735291171,2.574920083927718,526.9992885499755,3,1059.998577099951,True,80,27.01294493675232
level,8,roving_mixed,leaky,0.0,3.9141280826206177,0.0,0.005,1.2190298685359238,3.641342720869612,461.745897261504,4,931.491794523008,True,330,94.87541317939758
level,8,roving_mixed,mixed,0.0732587121202089,3.733792994783175,0.6457447002507667,0.0,1.2015904261695125,3.770240749617617,460.5882296691252,4,929.1764593382504,True,195,61.82882070541382
level,8,roving_mixed,mixed_leaky,0.073169744955988,3.7343135807818175,0.6449884972100808,0.005,1.1918379021656849,3.7714072487478223,460.5954874063561,5,931.1909748127122,True,204,73.53821539878845
level,6,roving_ramp,level,0.0,3.043115177208396,0.0,0.0,0.6533962259504085,3.744934336952764,349.13047851266185,3,704.2609570253237,True,88,20.172638654708862
level,6,roving_ramp,transient,1.0,0.0,0.4953015848869198,0.0,0.3747616650559449,3.884736545815757,358.90448985692456,3,723.8089797138491,True,156,37.2449848651886
level,6,roving_ramp,leaky,0.0,3.4700846241650853,0.0,0.8517603312224197,-2.6907965281314543,5.504189576896676,348.67826968647665,4,705.3565393729533,True,680,147.10981917381287
level,6,roving_ramp,mixed,0.0015007672863149,3.041056819711206,0.01,0.0,0.654267151489881,3.742953195975529,349.1414251942042,4,706.2828503884084,True,130,41.35242605209351
level,6,roving_ramp,mixed_leaky,0.001300870286086,3.5090602995060003,0.01,0.8712676148445968,-2.867743672428018,5.617951037679593,348.6719863020416,5,707.3439726040832,True,822,101.83940649032591
level,10,roving_ramp,level,0.0,3.711190679926544,0.0,0.0,1.2733361619355692,3.0596187121507747,680.1740564008006,3,1366.3481128016012,True,60,17.831348180770874
level,10,roving_ramp,transient,1.0,0.0,1.6268651108026722,0.0,0.7560364744530468,2.266918878825559,774.0099590314305,3,1554.019918062861,True,96,11.755855798721312
level,10,roving_ramp,leaky,0.0,3.7072368870631527,0.0,0.005,1.2635782915577567,3.0615760592470607,680.1752720763762,4,1368.3505441527525,True,410,100.13195586204527
level,10,roving_ramp,mixed,0.0104636970245226,3.6810449119674633,0.0851597518248874,0.0,1.269237633600104,3.0703206073085325,680.1356469053356,4,1368.2712938106713,True,195,48.68867254257202
level,10,roving_ramp,mixed_leaky,0.0104696832876185,3.6788601646066894,0.0851584144233237,0.0059989355348867,1.258659201057548,3.07114595905797,680.1375790574513,5,1370.2751581149023,True,90,70.87302136421204
level,10,roving_ramp50,level,0.0,4.0000465708919055,0.0,0.0,1.356297088217988,2.943428699430834,727.4900999063437,3,1460.9801998126875,True,84,21.08035469055176
level,10,roving_ramp50,transient,1.0,0.0,1.597449539933634,0.0,0.7964526168157614,2.098486482160668,836.1201346858612,3,1678.2402693717224,True,56,13.15406084060669
level,10,roving_ramp50,leaky,0.0,3.99827812121916,0.0,0.005999504509967,1.3467311024514004,2.943293973875065,727.4902140450761,4,1462.980428090152,True,70,101.15293741226196
level,10,roving_ramp50,mixed,0.0011425376878389,3.995978449993701,0.01,0.0,1.3560715363692102,2.943646855957244,727.5117007974843,4,1463.0234015949686,True,265,42.67387247085571
level,10,roving_ramp50,mixed_leaky,0.0011426623109215,3.995542134931938,0.01,0.0059994984880187,1.3466580383029905,2.943973225255183,727.5118429539473,5,1465.0236859078946,True,84,69.9443871974945
level,7,roving_ramp50,level,0.0,5.896073056561586,0.0,0.0,1.9665477989411333,1.8988313920240665,326.1905350218752,3,658.3810700437504,True,80,34.025028705596924
level,7,roving_ramp50,transient,1.0,0.0,3.120140049519109,0.0,1.3586420257167673,2.034513919705813,349.53084100222355,3,705.0616820044471,True,144,28.290839195251465
level,7,roving_ramp50,leaky,0.0,6.292558675541324,0.0,2.4461349189988555,-5.0,3.662268892159938,325.37155626666714,4,658.7431125333343,True,590,148.33211731910706
level,7,roving_ramp50,mixed,0.0007748235297267,5.894550879737016,0.01,0.0,1.9675719188875056,1.8983690120660408,326.1911798529521,4,660.3823597059042,True,340,41.4413583278656
level,7,roving_ramp50,mixed_leaky,0.0007296262064513,6.259977047630403,0.01,2.418046004284581,-5.0,3.6937563111136633,325.371687865707,5,660.743375731414,True,882,115.06814575195312
level,10,roving_mixed,level,0.0,4.137831201438994,0.0,0.0,1.8563717748088284,2.0401016411625195,478.3406897381727,3,962.6813794763456,True,136,26.55645990371704
level,10,roving_mixed,transient,1.0,0.0,1.2396587789031492,0.0,1.3654095743951196,1.7653083818368305,519.8431675897298,3,1045.6863351794595,True,92,27.52160716056824
level,10,roving_mixed,leaky,0.0,4.163436186904275,0.0,1.1747489510957612,0.3735552479151235,2.146228715937882,478.2714798101422,4,964.5429596202844,True,410,69.97104573249817
level,10,roving_mixed,mixed,0.0011040651033039,4.135382791196257,0.01,0.0,1.8565329695272743,2.040221902843227,478.3547565691149,4,964.7095131382296,True,350,47.08163261413574
level,10,roving_mixed,mixed_leaky,0.0010898417309104,4.189412747693704,0.01,1.2957549787420335,0.2039497462255029,2.160825211093558,478.28271253578754,5,966.5654250715752,False,738,107.2908742427826
level,9,ramp,level,0.0,3.97097279835808,0.0,0.0,1.185393847671479,2.613658942263676,544.4751771847432,3,1094.9503543694864,True,132,27.905551433563232
level,9,ramp,transient,1.0,0.0,3.98082357483154,0.0,1.00545958784079,2.2052532310010764,597.5251095241343,3,1201.050219048269,True,64,16.617470741271973
level,9,ramp,leaky,0.0,4.572440301302599,0.0,1.5788909072000832,-2.2911996255728666,3.3367102069403964,543.4300862878137,4,1094.8601725756273,False,590,123.12102794647215
level,9,ramp,mixed,0.0054738788421863,3.962814095020471,0.0477191315995314,0.0,1.1857694958132,2.6162408638766586,544.4741096127455,4,1096.948219225491,True,345,39.679011821746826
level,9,ramp,mixed_leaky,0.0019954091872044,4.572151408597861,0.0199999946098765,1.5790894179651394,-2.2911416402044686,3.33725724103789,543.431490102131,5,1096.862980204262,True,66,87.40500903129578
level,10,ramp,level,0.0,4.108880451281737,0.0,0.0,1.2727350167406426,3.5582232740759814,596.3411392180471,3,1198.6822784360943,True,152,23.068352937698364
level,10,ramp,transient,1.0,0.0,3.1543871023046623,0.0,0.6176133017153767,2.7664307127550343,694.356955740395,3,1394.71391148079,True,104,20.364398956298828
level,10,ramp,leaky,0.0,4.22115087322551,0.0,0.4478048951024143,0.2834378063593246,3.810828775345674,596.2160217910665,4,1200.432043582133,True,345,69.34469175338745
level,10,ramp,mixed,0.0975139330300504,4.091505543063313,0.9672063913809664,0.0,1.3343339594845949,3.6488251580699655,595.3475367893112,4,1198.6950735786224,True,275,55.96821808815002
level,10,ramp,mixed_leaky,0.0976111337369436,4.091079459561839,0.9681739426166835,0.005,1.3250628254912291,3.648340779417007,595.3509080715731,5,1200.7018161431463,True,534,65.93104338645935
level,6,roving_mixed,level,0.0,1.451590172292566,0.0,0.0,0.2094834720839795,5.256193189324776,427.96036875864417,3,861.9207375172883,True,136,30.289210319519043
level,6,roving_mixed,transient,1.0,0.0,0.0183588657107435,0.0,0.050469470064526,5.650921246221466,430.2356293991242,3,866.4712587982484,True,168,40.16990089416504
level,6,roving_mixed,leaky,0.0,1.980261551442672,0.0,0.5502180968725563,-2.6351015882059503,7.257614608021876,427.0824077455552,4,862.1648154911103,True,530,119.5278549194336
level,6,roving_mixed,mixed,0.0056221081352461,1.4483541119197023,0.0179156404339448,0.0,0.2103500690705229,5.255669445874752,427.9741348111943,4,863.9482696223886,True,195,24.980489253997803
level,6,roving_mixed,mixed_leaky,0.0027347566914852,1.9912259736501805,0.0119464372261333,0.5617933175439601,-2.7678714075473683,7.379210158093884,427.0795550189423,5,864.1591100378846,True,822,204.9047474861145
level,7,roving_mixed,level,0.0,4.800549081186707,0.0,0.0,1.1758033792327511,2.8629964123676146,239.4959196049328,3,484.99183920986553,True,140,30.388482093811035
level,7,roving_mixed,transient,1.0,0.0,3.06044824230131,0.0,0.4330639338959635,5.077204463466543,245.10618386247307,3,496.21236772494615,True,196,45.442718505859375
level,7,roving_mixed,leaky,0.0,4.761027448496329,0.0,0.7688194379478069,-4.625216272551038,8.731829613408294,238.353721813202,4,484.7074436264039,True,590,142.40613722801208
level,7,roving_mixed,mixed,0.1310534747221706,4.209212471533882,1.388884669600267,0.0,1.1742038795687093,2.9299253809125125,239.06923021705344,4,486.1384604341069,True,240,64.38137412071228
level,7,roving_mixed,mixed_leaky,0.1313943492443038,4.257954402402386,1.409174873190825,0.7454587962809396,-4.148518234434755,8.369148388745833,237.9493668953583,5,485.8987337907166,True,852,122.27582287788393
level,11,roving_mixed,level,0.0,5.306441842104264,0.0,0.0,3.174045413747419,1.4247632356780289,191.09188070524684,3,388.1837614104937,True,232,29.764191150665283
level,11,roving_mixed,transient,1.0,0.0,0.483365854316326,0.0,1.01892550080768,2.663595136569988,197.18177118059648,3,400.36354236119297,True,140,17.87843680381775
level,11,roving_mixed,leaky,0.0,5.266881875178838,0.0,0.7803677350085861,2.602908591251313,1.3994457891677796,191.07781897320663,4,390.1556379464133,True,290,58.97641849517822
level,11,roving_mixed,mixed,0.0008545680250013,5.34407102860998,0.01,0.0,3.2002193424720096,1.4172826071152786,191.0950054779632,4,390.1900109559264,True,470,58.5042417049408
level,11,roving_mixed,mixed_leaky,0.0017327341035025,5.266624932468754,0.0199998772412534,0.7804028871658416,2.602957205256602,1.399730061159344,191.0840022669533,5,392.1680045339066,True,96,28.812207221984863
level,9,roving_mixed,level,0.0,3.660409489906756,0.0,0.0,0.8718800520513308,2.973357783713221,453.7981788570154,3,913.5963577140308,True,124,24.27935028076172
level,9,roving_mixed,transient,1.0,0.0,1.048643397656535,0.0,0.6168869989014744,2.8549855251250014,473.03565506858166,3,952.0713101371632,True,136,27.5345618724823
level,9,roving_mixed,leaky,0.0,4.27859088076823,0.0,1.281701754928678,-3.032399758523107,4.311759685238219,452.9972685156263,4,913.9945370312524,True,595,137.0965883731842
level,9,roving_mixed,mixed,0.0012476310104803,3.6589949931410457,0.01,0.0,0.8723809233185098,2.9732205175129787,453.8080731399354,4,915.6161462798708,True,345,50.80381655693054
level,9,roving_mixed,mixed_leaky,0.0010720705309931,4.258934404650816,0.01,1.2667578086173834,-2.948136568777887,4.283217383602539,453.0161518851861,5,916.0323037703722,True,696,96.88537621498108
level,7,ramp,level,0.0,5.044065894238571,0.0,0.0,0.8645406789517002,3.977158496483883,321.86868815834134,3,649.7373763166827,True,120,22.77765440940857
level,7,ramp,transient,1.0,0.0,3.712670422066191,0.0,0.5921364477259425,3.5812034050741173,357.19341285787925,3,720.3868257157585,True,80,26.558740615844727
level,7,ramp,leaky,0.0,6.239627023662245,0.0,0.92992428351999,-5.0,8.043957171162731,319.32258092341846,4,646.6451618468369,True,510,175.76112818717957
level,7,ramp,mixed,0.0009055777246056,5.042790857459254,0.01,0.0,0.8652184465630657,3.976056997909053,321.86982872513164,4,651.7396574502633,True,265,30.88480496406555
level,7,ramp,mixed_leaky,0.0007307640855735,6.250222465649854,0.01,0.9287120072785868,-5.0,8.055083218468539,319.32357288393024,5,648.6471457678605,True,864,160.62015056610107
level,11,roving_ramp,level,0.0,3.5980225756287303,0.0,0.0,1.1146606835804762,3.184151432531836,287.0153052893855,3,580.030610578771,True,64,15.530802726745604
level,11,roving_ramp,transient,1.0,0.0,1.1194554531918353,0.0,0.8609237524356372,2.6971307478848594,311.3323660751317,3,628.6647321502634,True,96,28.35905170440674
level,11,roving_ramp,leaky,0.0,3.5978319470919504,0.0,0.005,1.106652514790883,3.1829697854848464,287.0172149762878,4,582.0344299525756,True,335,90.1912853717804
level,11,roving_ramp,mixed,0.00126977204121,3.5951133516397635,0.01,0.0,1.114555870213862,3.184946720776769,287.0279838636536,4,582.0559677273072,True,320,44.65439987182617
level,11,roving_ramp,mixed_leaky,0.0012697745443195,3.5951062555740507,0.01,0.005,1.106601131071391,3.1841265302121275,287.02990055646933,5,584.0598011129387,True,180,78.17616534233093
level,11,roving_ramp50,level,0.0,3.960823847437195,0.0,0.0,1.099935697772846,3.7167778088362073,288.39456873828834,3,582.7891374765767,True,80,16.10112166404724
level,11,roving_ramp50,transient,1.0,0.0,2.877979387100545,0.0,0.8201218823645782,3.018548268893955,333.09179276372697,3,672.1835855274539,True,76,15.987013816833496
level,11,roving_ramp50,leaky,0.0,4.427904337932054,0.0,0.7379517843106553,-1.2484139354108477,4.851820226874309,287.90797258310283,4,583.8159451662057,True,350,149.32005548477173
level,11,roving_ramp50,mixed,0.0910840421889908,3.88418646269994,0.8515859432431603,0.0,1.141853594103852,3.763116825314951,287.9720253093399,4,583.9440506186799,True,205,24.240911960601807
level,11,roving_ramp50,mixed_leaky,0.0682324281460128,4.23026470541315,0.6777361092045039,0.6366189230873038,-0.6837734323171737,4.5331597011841565,287.7090269453506,5,585.4180538907012,True,612,87.43338060379028
level,12,roving_mixed,level,0.0,3.23786820028898,0.0,0.0,1.036319490029217,2.5440191286373075,360.48670414634296,3,726.9734082926859,True,112,28.633219957351685
level,12,roving_mixed,transient,1.0,0.0,1.4914106429672331,0.0,0.9920685802519936,2.350487499615105,365.58907540755865,3,737.1781508151173,True,140,35.47457695007324
level,12,roving_mixed,leaky,0.0,3.23734051965648,0.0,0.005,1.0298103229962468,2.543669611577996,360.4876182012417,4,728.9752364024833,True,395,104.14047265052795
level,12,roving_mixed,mixed,0.0014111467659901,3.2344815836157568,0.01,0.0,1.0364494744475408,2.544341083055994,360.4876274968228,4,728.9752549936455,True,340,45.13784408569336
level,12,roving_mixed,mixed_leaky,0.001411321799753,3.234079872593349,0.01,0.005,1.0300004914646148,2.543839379617032,360.488545347694,5,730.9770906953879,True,516,72.07550239562988
level,13,ramp,level,0.0,4.442257103803946,0.0,0.0,0.8104019244572717,2.6241006300943464,559.0870093983198,3,1124.1740187966395,True,84,15.69764232635498
level,13,ramp,transient,1.0,0.0,1.178725222945763,0.0,0.6499262283467852,2.492939441780317,572.1015475037499,3,1150.2030950074998,True,132,26.927186965942383
level,13,ramp,leaky,0.0,4.439725463440101,0.0,0.005,0.8031747454548683,2.624427919295617,559.0874269447919,4,1126.1748538895838,True,575,84.40794849395752
level,13,ramp,mixed,0.0010283353178322,4.440261744822967,0.01,0.0,0.8113959691760083,2.622895060288035,559.0977857192287,4,1126.1955714384574,True,205,47.53459668159485
level,13,ramp,mixed_leaky,0.0010285621803536,4.439281380259132,0.01,0.0050000083224005,0.8042796122582624,2.623268697733876,559.0981978441931,5,1128.1963956883862,True,156,42.84253072738648
level,12,ramp,level,0.0,1.5841122466800488,0.0,0.0,0.6515651625324664,3.175817574993046,345.8916206836767,3,697.7832413673534,True,84,15.200762033462524
level,12,ramp,transient,1.0,0.0,0.586749371110685,0.0,0.5462285655080052,3.179769506510242,349.1289901834185,3,704.257980366837,True,104,25.54633975028992
level,12,ramp,leaky,0.0,1.5856015952551543,0.0,0.005999149257337,0.6418304682966506,3.1756889975816094,345.8924091079094,4,699.7848182158187,True,105,83.02363276481628
level,12,ramp,mixed,0.0028835102314006,1.5805729869852916,0.01,0.0,0.6516810639598988,3.176089136896793,345.8982511492714,4,699.7965022985428,True,330,47.81235814094544
level,12,ramp,mixed_leaky,0.0028840882403841,1.5802553034540865,0.01,0.005,0.6434611394856234,3.175912990651954,345.8989047018664,5,701.7978094037328,True,582,93.41038846969604
level,13,roving_ramp,level,0.0,3.989124149794306,0.0,0.0,0.4255709678981216,3.5116673183338127,620.853859019768,3,1247.707718039536,True,100,18.485653400421143
level,13,roving_ramp,transient,1.0,0.0,2.590520371033263,0.0,0.384840125733788,3.3785851931491835,627.7605683173491,3,1261.5211366346982,True,136,26.536349534988403
level,13,roving_ramp,leaky,0.0,4.192105776986344,0.0,0.6733264131087763,-1.1942536706151063,3.8920506542338575,620.7051750327707,4,1249.4103500655417,True,505,70.9672040939331
level,13,roving_ramp,mixed,0.0949563623999497,3.6598381525291934,0.8400908919233206,0.0,0.4540383188674929,3.497182610694148,620.5378954105626,4,1249.075790821125,True,225,42.81568384170532
level,13,roving_ramp,mixed_leaky,0.0936868520095187,3.839309582558112,0.8682870928280298,0.6581046429336388,-1.115681515052359,3.870981303644259,620.392251424133,5,1250.784502848266,True,636,82.92279052734375
level,12,roving_ramp,level,0.0,2.972264976928653,0.0,0.0,0.7716020757749025,3.4500451568965302,301.67674200847244,3,609.3534840169449,True,148,26.951621532440186
level,12,roving_ramp,transient,1.0,0.0,0.01,0.0,0.6926045884312249,2.8951256605592333,311.82856365286807,3,629.6571273057361,True,172,37.70868349075317
level,12,roving_ramp,leaky,0.0,3.618778601520943,0.0,1.2592148715728475,-1.997251670097265,3.619033731499985,301.4655754341703,4,610.9311508683406,True,675,93.52041602134705
level,12,roving_ramp,mixed,0.0015364727538691,2.970280714435115,0.01,0.0,0.772537099203725,3.448062334875574,301.6907955526349,4,611.3815911052698,True,210,35.449970722198486
level,12,roving_ramp,mixed_leaky,0.0012447160280504,3.667574644735252,0.01,1.3210907940682066,-2.199373460918784,3.6572343813078176,301.46714944250334,5,612.9342988850067,True,822,107.2174837589264
level,13,roving_ramp50,level,0.0,2.924412258496738,0.0,0.0,0.7486192382473505,2.4691835011749164,640.1765851649681,3,1286.353170329936,True,80,17.98715114593506
level,13,roving_ramp50,transient,1.0,0.0,1.452273014289907,0.0,0.6921507584925025,2.394518758604057,644.1617045135483,3,1294.323409027097,True,128,31.77121496200561
level,13,roving_ramp50,leaky,0.0,2.923111094675242,0.0,0.005,0.7417837285044291,2.4695330905780577,640.1772857996802,4,1288.3545715993605,True,490,84.06815719604492
level,13,roving_ramp50,mixed,0.0067072479949075,2.907961427874622,0.0429601298985885,0.0,0.7499588576756201,2.4688003619462395,640.1759158468728,4,1288.3518316937457,True,250,32.695388317108154
level,13,roving_ramp50,mixed_leaky,0.0075591059942345,2.9073345519379608,0.0484474183955428,0.005,0.7433123989668686,2.469540299610043,640.1766194166473,5,1290.3532388332949,True,552,74.4103889465332
level,14,roving_ramp50,level,0.0,4.578722002427223,0.0,0.0,1.6444509756397878,1.8725096965333303,611.7897016346315,3,1229.579403269263,True,132,29.363688468933105
level,14,roving_ramp50,transient,1.0,0.0,3.5211050010395195,0.0,1.4584382290165157,1.667134600007501,646.9799681799385,3,1299.959936359877,True,152,31.80473804473877
level,14,roving_ramp50,leaky,0.0,4.76629136786158,0.0,1.8974397809868453,-0.5885945862493036,1.991391893284865,611.643248031505,4,1231.28649606301,True,480,79.42039275169373
level,14,roving_ramp50,mixed,0.0282760797548646,4.5170162337261806,0.2875661759117743,0.0,1.649347928243896,1.8772903622143915,611.7479118528628,4,1231.4958237057256,True,255,33.687973976135254
level,14,roving_ramp50,mixed_leaky,0.0019143933885768,4.766031104387532,0.0200000053500167,1.897664435322841,-0.5885358755706143,1.9918765866958807,611.6400950332626,5,1233.2801900665252,True,84,34.3221378326416
level,15,ramp,level,0.0,4.249778640057999,0.0,0.0,1.2518503590112142,2.250884581817376,413.55995691759966,3,833.1199138351993,True,84,15.964391469955444
level,15,ramp,transient,1.0,0.0,1.681200238284161,0.0,0.9238425591572956,2.323969771836069,429.1404948528756,3,864.2809897057513,True,80,20.310201168060303
level,15,ramp,leaky,0.0,4.224658696124295,0.0,0.4067037665737775,0.7312421120485676,2.278979800914638,413.5484603463308,4,835.0969206926616,True,145,38.3696813583374
level,15,ramp,mixed,0.0010747539971003,4.248289204272816,0.01,0.0,1.2518025020281212,2.2515816748536723,413.5670347335088,4,835.1340694670176,True,185,47.9679069519043
level,15,ramp,mixed_leaky,0.0010806932080912,4.224916583290341,0.01,0.2849714522409213,0.8927571414149262,2.2673484137923263,413.5610129593077,5,837.1220259186155,True,168,25.714995861053467
level,11,ramp,level,0.0,3.2089335411227125,0.0,0.0,0.8298841788661812,4.078779961323034,333.8261009609221,3,673.6522019218442,True,72,15.16274356842041
level,11,ramp,transient,1.0,0.0,3.15308798451654,0.0,0.7255977972304074,3.082172053530852,370.6576541528454,3,747.3153083056908,True,80,22.36599969863892
level,11,ramp,leaky,0.0,3.8862838438506886,0.0,0.7963579000308325,-2.68967129542452,6.22166731227942,332.8345734734702,4,673.6691469469404,True,435,96.44471597671507
level,11,ramp,mixed,0.0014230246051114,3.207445548735054,0.01,0.0,0.8299787448169764,4.080305939805899,333.82808435577044,4,675.6561687115409,True,255,33.144004344940186
level,11,ramp,mixed_leaky,0.0011582561373253,3.941687841089868,0.01,0.8384833075251245,-3.1327685560036413,6.51691414718898,332.8030868338338,5,675.6061736676676,True,798,171.50079107284546
level,15,roving_ramp50,level,0.0,1.958343797197981,0.0,0.0,0.3394849233825321,4.137155587425192,456.6219006304001,3,919.2438012608002,True,184,29.837883234024048
level,15,roving_ramp50,transient,1.0,0.0,1.3500589637546936,0.0,0.1867922546175447,4.715305967622409,460.39020527475424,3,926.7804105495084,True,148,27.95580816268921
level,15,roving_ramp50,leaky,0.0,1.956009242374532,0.0,0.1023932264886427,0.1096534112913044,4.164444139087208,456.6211311297164,4,921.2422622594328,True,355,75.0172529220581
level,15,roving_ramp50,mixed,0.0247794136646969,1.9219751540068089,0.1068429279216328,0.0,0.3414246267494224,4.146513473675878,456.6154931555354,4,921.2309863110708,True,250,28.012975931167603
level,15,roving_ramp50,mixed_leaky,0.027839691925924,1.9153529222765169,0.1200010910398161,0.10701617022467,0.0997287753400345,4.17979768517057,456.6138159415797,5,923.2276318831592,True,390,50.57148504257202
level,12,roving_ramp50,level,0.0,2.8213900392595925,0.0,0.0,0.9129813217785951,2.772681028972068,379.4526927010087,3,764.9053854020174,True,76,18.07545566558838
level,12,roving_ramp50,transient,1.0,0.0,1.7990480328970142,0.0,0.839493775840184,2.5659913441072484,390.18692713292086,3,786.3738542658417,True,104,25.237447023391724
level,12,roving_ramp50,leaky,0.0,3.403737440863792,0.0,1.7204302137670329,-3.218983648129285,3.555017215993037,379.23990957103246,4,766.4798191420649,True,1095,149.90026831626892
level,12,roving_ramp50,mixed,0.0016183897929434,2.819704489207795,0.01,0.0,0.9137449610533488,2.7718505337750816,379.4556938349202,4,766.9113876698405,True,270,34.63865613937378
level,12,roving_ramp50,mixed_leaky,0.0026785650179752,3.4037137258706824,0.0199999961394839,1.720520879080029,-3.2189722814242945,3.555264943679936,379.2426809305077,5,768.4853618610155,True,96,139.67251014709473
level,14,ramp,level,0.0,3.98256220495613,0.0,0.0,0.9995924121967138,2.8693161557649187,454.5714444066636,3,915.1428888133272,True,144,22.71753978729248
level,14,ramp,transient,1.0,0.0,3.624333158403288,0.0,1.003419135907007,2.2770019128107624,500.13662858161786,3,1006.2732571632356,True,72,19.75729322433472
level,14,ramp,leaky,0.0,3.981866444012998,0.0,0.005,0.9922379777543684,2.8690123442007542,454.57248654440747,4,917.1449730888148,True,390,92.12992238998412
level,14,ramp,mixed,0.0011468305587621,3.981003403045801,0.01,0.0,1.000326083082563,2.8686094662131905,454.5836105999281,4,917.1672211998562,True,105,38.38547706604004
level,14,ramp,mixed_leaky,0.0011470918901063,3.980095406513757,0.01,0.005,0.992568541364098,2.868980773830083,454.5846622414726,5,919.1693244829452,True,180,71.40249705314636
level,14,roving_mixed,level,0.0,3.642992822752506,0.0,0.0,0.6441896129361945,3.760295046304337,419.2437758669536,3,844.4875517339073,True,116,22.09711194038391
level,14,roving_mixed,transient,1.0,0.0,3.4983476229306345,0.0,0.8088534221798752,2.816652479289662,431.7937937050369,3,869.5875874100739,True,104,20.19040369987488
level,14,roving_mixed,leaky,0.0,4.175128752361733,0.0,0.7241326355019019,-2.1330295558550336,5.456810425790926,417.95570264469205,4,843.9114052893841,True,370,106.00394463539124
level,14,roving_mixed,mixed,0.1775097647029118,3.3718574950943254,1.592100782571673,0.0,0.7376397319716409,3.665877952082678,417.7874779192056,4,843.5749558384111,True,235,49.64407300949097
level,14,roving_mixed,mixed_leaky,0.1640977579940015,3.787745833044735,1.62681374429837,0.7176133605605675,-1.8963682141545968,5.25174771049933,416.61972037643466,5,843.2394407528693,True,504,85.58527159690857
level,16,ramp,level,0.0,4.694976127336815,0.0,0.0,0.9084277067012362,3.199756078068227,782.6739225105422,3,1571.3478450210844,True,104,15.925238132476808
level,16,ramp,transient,1.0,0.0,2.4853174701389045,0.0,0.6901022369090659,2.1728204468846632,898.1328998333852,3,1802.2657996667704,True,124,22.53381729125977
level,16,ramp,leaky,0.0,4.943053236771072,0.0,0.6909613044090838,-0.5188457316518984,3.4825586118008727,782.0961327356299,4,1572.1922654712598,True,310,63.29252052307129
level,16,ramp,mixed,0.0009725324417291,4.695301502822022,0.01,0.0,0.9094933977271562,3.1992075750518025,782.7074921597754,4,1573.4149843195507,True,265,40.37537527084351
level,16,ramp,mixed_leaky,0.000924318606622,4.940453840513407,0.01,0.6895751098432268,-0.5144484232833113,3.480955674900741,782.1310510928057,5,1574.2621021856114,True,354,58.981661796569824
level,14,roving_ramp,level,0.0,4.309265583042423,0.0,0.0,1.1447656686070624,2.582117797815624,491.3945414668095,3,988.789082933619,True,84,16.444358348846436
level,14,roving_ramp,transient,1.0,0.0,4.119035867716121,0.0,1.2444983133647909,2.024956611547631,526.7139663658968,3,1059.4279327317936,True,68,28.31204056739807
level,14,roving_ramp,leaky,0.0,4.703713347403286,0.0,1.3310388248934684,-1.057150282121465,2.781170355073157,491.0548221843799,4,990.1096443687596,True,410,122.03516745567322
level,14,roving_ramp,mixed,0.0696407479844664,4.15904629973807,0.681108574562993,0.0,1.1649280412319971,2.592805269517709,491.1223485869285,4,990.244697173857,True,260,36.45115780830383
level,14,roving_ramp,mixed_leaky,0.0595860319615764,4.509253370568545,0.625086153944055,1.229288950446159,-0.8221391667178746,2.7516469094053817,490.862772696493,5,991.725545392986,True,636,106.52574276924132
level,15,roving_mixed,level,0.0,3.335468282874153,0.0,0.0,0.5793567899992348,3.623325931521548,413.2498681101096,3,832.4997362202192,True,80,17.83624577522278
level,15,roving_mixed,transient,1.0,0.0,1.9519269835091897,0.0,0.3723190851989708,4.0745701715480855,417.9973551623872,3,841.9947103247745,True,144,27.5509774684906
level,15,roving_mixed,leaky,0.0,3.67856257607824,0.0,0.8430926160773811,-2.4560824541610127,5.114192529233153,412.9075779343459,4,833.8151558686918,True,635,140.00335836410522
level,15,roving_mixed,mixed,0.1215063034585692,3.0366645768181484,0.9188969897822302,0.0,0.5680592316756912,3.803573063917831,412.9026598094308,4,833.8053196188615,True,225,28.324220418930054
level,15,roving_mixed,mixed_leaky,0.1118492699029213,3.07009854046334,0.8458797690318202,0.2446901387271695,0.0366982963115069,3.8803284102525097,412.8979028399541,5,835.7958056799081,True,264,49.71020483970642
level,13,roving_mixed,level,0.0,2.6183431660543697,0.0,0.0,0.8526776122920804,2.229094444502273,671.2511517163848,3,1348.5023034327696,True,92,20.116116285324097
level,13,roving_mixed,transient,1.0,0.0,1.162219709480487,0.0,0.72887935402257,2.316374050129256,673.2328520799442,3,1352.4657041598884,True,112,25.75271058082581
level,13,roving_mixed,leaky,0.0,2.847530786494984,0.0,1.6084555001185956,-1.426583974856549,2.371083327963205,671.1516335805557,4,1350.3032671611113,True,720,150.50763487815857
level,13,roving_mixed,mixed,0.02612783548862,2.536429987201112,0.1488792613694242,0.0,0.8512020169948186,2.237441780871509,671.2427236185453,4,1350.4854472370905,True,260,35.87612438201904
level,13,roving_mixed,mixed_leaky,0.0031983893443748,2.866325378591576,0.0201213879345607,1.6957376822488006,-1.5943846223991447,2.39189156242708,671.1422268956597,5,1352.2844537913195,True,276,129.34392547607422
level,16,roving_ramp,level,0.0,4.427502257418534,0.0,0.0,0.9666338602207736,2.965191589125916,666.950075722643,3,1339.900151445286,True,64,17.665861129760742
level,16,roving_ramp,transient,1.0,0.0,3.027555542880379,0.0,0.939114803184256,2.1108922174145994,747.2385362426924,3,1500.4770724853847,True,84,18.22052550315857
level,16,roving_ramp,leaky,0.0,4.805876825805707,0.0,1.0277595702660682,-1.3441637042664565,3.528440259393319,666.5219665210309,4,1341.0439330420618,True,475,106.1393313407898
level,16,roving_ramp,mixed,0.0171397618144141,4.383418761465465,0.1672383310880227,0.0,0.9683060473392314,2.974881233449199,666.8977513376497,4,1341.7955026752993,True,250,41.26412749290466
level,16,roving_ramp,mixed_leaky,0.0018988456710851,4.8051248070654005,0.01999998315092,1.0280066899591394,-1.3440272199111467,3.5292163259107943,666.5250770508304,5,1343.0501541016608,True,90,81.07673692703247
level,16,roving_ramp50,level,0.0,4.680667839463345,0.0,0.0,1.0172415929710432,2.8565915740000776,840.6882389225134,3,1687.3764778450268,False,200,34.5331494808197
level,16,roving_ramp50,transient,1.0,0.0,2.8000372654088093,0.0,0.873529061140232,1.9662209476541743,948.3583151584864,3,1902.716630316973,True,96,19.46359276771545
level,16,roving_ramp50,leaky,0.0,4.67977729312027,0.0,0.005,1.0096432221347167,2.856659830108908,840.6892029363588,4,1689.3784058727176,True,435,106.49337244033812
level,16,roving_ramp50,mixed,0.000975981221419,4.678693781574442,0.01,0.0,1.0176938110161746,2.856365802689662,840.6944329912881,4,1689.388865982576,True,240,29.26660251617432
level,16,roving_ramp50,mixed_leaky,0.000975860102042,4.6792750473569065,0.01,0.005,1.0104916064885872,2.856478427881972,840.6953860339265,5,1691.390772067853,True,480,64.74187970161438
level,15,roving_ramp,level,0.0,3.8600037210531712,0.0,0.0,0.7260034732383485,3.289317809171856,437.1886038154896,3,880.3772076309792,True,120,20.391077995300293
level,15,roving_ramp,transient,1.0,0.0,1.8640040172191936,0.0,0.6499723867671136,2.925539749145626,451.6022193260427,3,909.2044386520854,True,80,37.05667662620544
level,15,roving_ramp,leaky,0.0,3.860314665571275,0.0,0.005,0.7179330443926414,3.2877978689699243,437.1902793648215,4,882.380558729643,False,565,112.22235703468324
level,15,roving_ramp,mixed,0.0011834643586984,3.8576310968870895,0.01,0.0,0.7262140963708599,3.289975179986802,437.1926499165174,4,882.3852998330348,True,280,46.81545042991638
level,15,roving_ramp,mixed_leaky,0.0011840282597097,3.855791698607856,0.01,0.005,0.7177704550165819,3.289085171107601,437.1943272902829,5,884.3886545805657,True,180,90.72410154342651
level,16,roving_mixed,level,0.0,5.946733291826449,0.0,0.0,1.0497877524334729,3.2666032776088336,408.1440641126373,3,822.2881282252745,True,148,26.247169971466064
level,16,roving_mixed,transient,1.0,0.0,4.198515634267763,0.0,1.3060155560355768,2.085906855768886,434.3495624663828,3,874.6991249327656,True,120,24.678565502166748
level,16,roving_mixed,leaky,0.0,5.945786955896141,0.0,0.005,1.0411820124561588,3.266679348879347,408.1460834286423,4,824.2921668572845,True,390,103.32492876052856
level,16,roving_mixed,mixed,0.106680164728769,5.645306880244439,1.4749391454905116,0.0,1.1029317748429202,3.2841406800553505,406.8988038892639,4,821.7976077785278,True,225,45.43289804458618
level,16,roving_mixed,mixed_leaky,0.1068149380258989,5.643800976937052,1.476631329392457,0.005,1.0939061026180643,3.285521236140083,406.90009419412974,5,823.8001883882595,True,516,110.11943769454956
level,18,roving_ramp50,level,0.0,3.1556204087614845,0.0,0.0,0.7749825458576779,3.561319352715292,556.2422256991624,3,1118.4844513983248,True,100,26.50845456123352
level,18,roving_ramp50,transient,1.0,0.0,2.554194745136652,0.0,0.6884127206756216,2.6822615843680087,601.914811565329,3,1209.829623130658,True,80,27.76565837860108
level,18,roving_ramp50,leaky,0.0,3.2242273532966816,0.0,0.3970679520810981,-0.0986153233195549,3.779893421882559,556.0972118628872,4,1120.1944237257744,False,345,66.58065509796143
level,18,roving_ramp50,mixed,0.0793081507589664,3.067866367916416,0.5781623539151792,0.0,0.8132971561559952,3.52738488139455,555.7107054732968,4,1119.4214109465936,True,225,42.8134708404541
level,18,roving_ramp50,mixed_leaky,0.0748483049461524,3.1067701985657377,0.5499054167429901,0.3185517921433529,0.1418488109616106,3.67631172455085,555.6228410121292,5,1121.2456820242585,True,324,58.12498116493225
level,17,roving_ramp50,level,0.0,2.799301416101303,0.0,0.0,0.9117237030972156,3.796546935087461,407.06936069358864,3,820.1387213871773,True,100,22.730082988739014
level,17,roving_ramp50,transient,1.0,0.0,1.863621528959792,0.0,0.4860663466950748,3.533682845718207,455.9786909028911,3,917.957381805782,True,64,7.987014532089233
level,17,roving_ramp50,leaky,0.0,2.951019406739512,0.0,0.5136489681871925,-0.4266756878148711,4.28441106663086,406.8559415632837,4,821.7118831265673,True,280,71.68854475021362
level,17,roving_ramp50,mixed,0.0141959112776682,2.7764809520133724,0.0874736414249769,0.0,0.9070785686669868,3.82355361926738,407.0533921426156,4,822.1067842852311,True,210,47.81321334838867
level,17,roving_ramp50,mixed_leaky,0.001544312913029,2.9551780050145564,0.01,0.5193239716491932,-0.4454032968097826,4.293228887402121,406.8623219348476,5,823.7246438696952,True,654,97.86171317100523
level,18,ramp,level,0.0,3.055150406731062,0.0,0.0,0.899653921359078,3.4023616178440395,526.7154261501786,3,1059.4308523003572,True,72,15.475261688232422
level,18,ramp,transient,1.0,0.0,2.1336900988668326,0.0,0.5803014172041983,2.8343388232070263,582.0154193018017,3,1170.0308386036031,True,164,32.6137330532074
level,18,ramp,leaky,0.0,3.054854591118977,0.0,0.005,0.8908575689898678,3.402236767914615,526.7166272608852,4,1061.4332545217703,True,490,69.5225157737732
level,18,ramp,mixed,0.0014943302221478,3.054176343084646,0.01,0.0,0.9001059146712429,3.402673676933529,526.7276615889049,4,1061.4553231778098,True,310,35.19717478752136
level,18,ramp,mixed_leaky,0.0014937752099208,3.0553128206754185,0.01,0.005,0.8918943356540571,3.401951495023465,526.7288657500433,5,1063.4577315000863,True,564,78.50844860076904
level,18,roving_ramp,level,0.0,3.605571198163126,0.0,0.0,1.0223457593997638,3.456093316137883,396.8933482387547,3,799.7866964775094,True,72,14.558879375457764
level,18,roving_ramp,transient,1.0,0.0,1.6864826641425608,0.0,0.8490435950594445,2.530854163027775,449.36493535056894,3,904.729870701138,True,76,26.899866104125977
level,18,roving_ramp,leaky,0.0,3.60598928521297,0.0,0.005,1.0136840117415458,3.4555895066104045,396.8979615388975,4,801.795923077795,True,380,83.19593071937561
level,18,roving_ramp,mixed,0.0012667389689841,3.6037324138330766,0.01,0.0,1.0222490889900244,3.45824464908069,396.9120998711073,4,801.8241997422147,True,140,40.302857875823975
level,18,roving_ramp,mixed_leaky,0.0012670647041475,3.602804796461974,0.01,0.005,1.0134783675232326,3.456914688872609,396.9167677333581,5,803.8335354667163,True,186,95.84951829910278
level,17,ramp,level,0.0,2.3382389064384115,0.0,0.0,0.8295728259113477,3.8520572828664448,378.099238952773,3,762.198477905546,True,100,18.15767884254456
level,17,ramp,transient,1.0,0.0,2.8929440590693174,0.0,0.4827545164787338,3.964228785046872,407.2082384422018,3,820.4164768844036,True,116,24.5655164718628
level,17,ramp,leaky,0.0,2.8691981819234056,0.0,0.8718652136785214,-2.4052153550138464,5.411843231363876,377.2790401589113,4,762.5580803178226,True,525,108.23374772071838
level,17,ramp,mixed,0.179871581303165,2.21872032388591,1.0646162714449243,0.0,0.8367137896296536,4.102755690842636,377.3295955835696,4,762.6591911671393,True,220,25.17934536933899
level,17,ramp,mixed_leaky,0.1233370385373894,2.5434096625156792,0.7828652597659681,0.5987772818658744,-0.8899043629498112,4.688741134319204,377.0366229318637,5,764.0732458637274,True,576,86.36720728874207
level,19,roving_ramp,level,0.0,3.701808828436571,0.0,0.0,1.623409916747352,2.8784046543241217,487.8732650686736,3,981.7465301373472,True,136,22.84829783439636
level,19,roving_ramp,transient,1.0,0.0,1.6815145154635371,0.0,1.1485851926840422,1.966013999371147,580.145189546662,3,1166.290379093324,True,112,14.121474027633669
level,19,roving_ramp,leaky,0.0,3.702509798998227,0.0,0.005,1.6160391161903782,2.8788357291837867,487.8770263639883,4,983.7540527279766,True,450,87.64673161506653
level,19,roving_ramp,mixed,0.0012344188727672,3.6982065902422376,0.01,0.0,1.622713958949627,2.8798294468640644,487.897064580428,4,983.794129160856,True,310,52.98183083534241
level,19,roving_ramp,mixed_leaky,0.001234546270285,3.697824486584202,0.01,0.0050000006548155,1.6152721999483228,2.8794328814050214,487.90086182528825,5,985.8017236505764,True,120,71.06272864341736
level,19,roving_ramp50,level,0.0,3.754303624875577,0.0,0.0,1.5916500914472536,2.842610692458656,425.7873207536052,3,857.5746415072103,True,120,26.19550132751465
level,19,roving_ramp50,transient,1.0,0.0,2.1488757817712285,0.0,0.8239180233232577,2.6066888711186853,483.873698862799,3,973.747397725598,True,156,24.88177275657653
level,19,roving_ramp50,leaky,0.0,3.7526820300194528,0.0,0.0059996018481159,1.5817563350896715,2.8437693447001267,425.78730146847,4,859.57460293694,True,75,55.0621349811554
level,19,roving_ramp50,mixed,0.0621850870101995,3.5882580744324533,0.520550213574679,0.0,1.5481314851466563,2.950541811982699,425.1039429045671,4,858.2078858091342,True,245,59.9965500831604
level,19,roving_ramp50,mixed_leaky,0.062249366023063,3.5863787793733035,0.520851079800289,0.1878008288694551,1.244170644406332,2.969661919674648,425.1015738593066,5,860.2031477186132,True,354,91.73026394844057
level,17,roving_mixed,level,0.0,2.8574190888264708,0.0,0.0,1.0654327842239288,3.513620171607658,334.4463707684065,3,674.892741536813,True,88,22.071017742156982
level,17,roving_mixed,transient,1.0,0.0,1.633394867771756,0.0,0.9473815364992356,2.528164611027936,364.6799542157435,3,735.359908431487,True,80,10.382827997207642
level,17,roving_mixed,leaky,0.0,2.8577590880577373,0.0,0.005,1.0565292506212125,3.5130867503878305,334.44841975160944,4,676.8968395032189,True,175,119.93333339691162
level,17,roving_mixed,mixed,0.001598900839211,2.854129494602493,0.01,0.0,1.0647779141345723,3.515934362763076,334.4475394486569,4,676.8950788973139,True,280,41.099876403808594
level,17,roving_mixed,mixed_leaky,0.0015989287128185,2.854079659804388,0.01,0.005,1.0556746199939349,3.5158472657059865,334.4496076159492,5,678.8992152318984,True,216,102.498117685318
level,20,roving_ramp,level,0.0,5.0426153196803565,0.0,0.0,1.357574226047092,3.9830988912048633,542.6290797508013,3,1091.258159501603,True,120,19.47280764579773
level,20,roving_ramp,transient,1.0,0.0,2.0829874433510587,0.0,0.8821887633803597,2.21826818451858,680.1241585995881,3,1366.2483171991762,True,60,14.84194278717041
level,20,roving_ramp,leaky,0.0,5.186676929321815,0.0,0.4023583345847328,0.3585859502870889,4.278575468115064,542.2402683860554,4,1092.4805367721108,True,265,59.81116032600403
level,20,roving_ramp,mixed,0.000905558534673,5.042897817446657,0.01,0.0,1.3581658173473403,3.985623203190658,542.6630061748755,4,1093.326012349751,True,275,44.67431092262268
level,20,roving_ramp,mixed_leaky,0.0008812598071818,5.182070241887277,0.01,0.3999987853367573,0.3657142681185168,4.275876532705055,542.2788206104885,5,1094.557641220977,True,240,96.34671950340272
level,21,roving_ramp50,level,0.0,4.955034437949637,0.0,0.0,1.0756814454239416,3.571708829682731,472.206051479158,3,950.412102958316,True,128,21.10822343826294
level,21,roving_ramp50,transient,1.0,0.0,2.292188398845766,0.0,0.820507078770547,2.413171221219592,561.4479737662997,3,1128.8959475325994,True,64,17.46990990638733
level,21,roving_ramp50,leaky,0.0,5.06567625143562,0.0,0.4095330876283343,0.1920933379027741,3.762462490896417,472.0433299767508,4,952.0866599535016,True,220,47.78685975074768
level,21,roving_ramp50,mixed,0.0009221508402344,4.952078465994092,0.01,0.0,1.075863463769566,3.5716776688102354,472.2313172780253,4,952.4626345560506,True,330,44.645978689193726
level,21,roving_ramp50,mixed_leaky,0.0009019249037036,5.063232812224238,0.01,0.4074095115852656,0.1978153138987364,3.761198162814404,472.07129946773154,5,954.1425989354632,True,456,77.80923557281494
level,19,ramp,level,0.0,4.510437795410553,0.0,0.0,2.087307625815632,2.5739327655910413,448.5310157109605,3,903.0620314219208,False,204,31.403005123138428
level,19,ramp,transient,1.0,0.0,2.785247231067729,0.0,0.9742124070832902,2.343953310883028,504.5788409025244,3,1015.1576818050488,True,72,15.805973052978516
level,19,ramp,leaky,0.0,4.615931036315725,0.0,0.8349554997691613,0.6825516091134157,2.824290701960037,448.3905474042485,4,904.7810948084972,True,410,94.44490814208984
level,19,ramp,mixed,0.0315288757604929,4.404388553700858,0.3137019949177255,0.0,2.054741524585467,2.618197354115812,448.4399032345232,4,904.8798064690463,True,270,43.36035108566284
level,19,ramp,mixed_leaky,0.0266415705475369,4.525086816011882,0.270971609692631,0.792893727025873,0.7244362607250843,2.84758275654316,448.3255667057824,5,906.6511334115648,True,594,87.95218849182129
level,20,roving_ramp50,level,0.0,3.440843943583992,0.0,0.0,0.9904304777886684,3.3329126232773705,771.788985719405,3,1549.57797143881,True,68,13.951530456542969
level,20,roving_ramp50,transient,1.0,0.0,2.0381545352463832,0.0,0.6257824935124123,2.399273257194189,863.2171672144461,3,1732.4343344288925,True,96,18.220091819763184
level,20,roving_ramp50,leaky,0.0,3.440551206225511,0.0,0.005,0.9816570030382652,3.3332496430843164,771.791363458401,4,1551.582726916802,True,390,99.79480814933775
level,20,roving_ramp50,mixed,0.0470327674402797,3.376693957074766,0.3646062532907791,0.0,0.996569044066066,3.359481161927929,771.3687016806952,4,1550.7374033613903,True,245,35.31052088737488
level,20,roving_ramp50,mixed_leaky,0.0469348839148651,3.376654993427074,0.3638058764913536,0.005,0.987875846559334,3.3594403806835835,771.3728955911406,5,1552.7457911822812,True,408,69.3799729347229
level,17,roving_ramp,level,0.0,2.709022939237606,0.0,0.0,0.9858177989001152,3.3193218694532463,424.2623477179304,3,854.5246954358607,True,112,20.62770128250122
level,17,roving_ramp,transient,1.0,0.0,1.687623680178057,0.0,0.6367983806478481,3.042794423569376,459.9815652906634,3,925.9631305813268,True,180,20.82880997657776
level,17,roving_ramp,leaky,0.0,3.1511091082206075,0.0,1.0131805133371208,-2.5310539648244674,4.923127687012452,423.2483854011555,4,854.496770802311,True,785,185.0052785873413
level,17,roving_ramp,mixed,0.0920429807611215,2.5826634756662967,0.5728000554417529,0.0,0.9689571925337376,3.453226994402681,423.5197413370734,4,855.0394826741468,True,170,47.47459602355957
level,17,roving_ramp,mixed_leaky,0.0537852521138876,2.934030984097242,0.3648783019360297,0.8339131720021358,-1.457570752364581,4.4084487114581,423.0899258337881,5,856.1798516675763,True,684,103.41812133789062
level,19,roving_mixed,level,0.0,2.576664963593198,0.0,0.0,1.1520372596136557,2.865556733392304,496.6221281025238,3,999.2442562050476,True,76,17.31386137008667
level,19,roving_mixed,transient,1.0,0.0,1.7790961645594523,0.0,0.9486957452940448,2.276515797722237,533.9986799868902,3,1073.9973599737805,True,80,10.4719877243042
level,19,roving_mixed,leaky,0.0,2.5762910132547234,0.0,0.005,1.1442733777991911,2.8662393147735097,496.6228259610572,4,1001.2456519221143,True,470,113.5730094909668
level,19,roving_mixed,mixed,0.0561322266389978,2.4650761963990893,0.3207312717594964,0.0,1.1200833227575433,2.9383912019144858,496.281263754657,4,1000.562527509314,True,210,55.48779034614563
level,19,roving_mixed,mixed_leaky,0.0560514100225632,2.4649341836968657,0.3202236283911288,0.005,1.1122755423457589,2.938595053783708,496.2829044394844,5,1002.5658088789688,True,492,102.92921113967896
level,20,ramp,level,0.0,3.6696555073445225,0.0,0.0,1.193969996768717,3.111987754098915,625.2492355530532,3,1256.4984711061063,True,64,14.606529474258425
level,20,ramp,transient,1.0,0.0,3.567870367686026,0.0,0.7192810503308877,2.5591706322734904,710.6240049776794,3,1427.2480099553588,True,124,24.510746240615845
level,20,ramp,leaky,0.0,3.756707453707008,0.0,0.5469791177317128,0.1467503857446533,3.300296233571685,625.1075424370229,4,1258.2150848740455,True,360,57.808127641677856
level,20,ramp,mixed,0.0913329121636971,3.594819758687879,0.7905138328279683,0.0,1.2274693886238175,3.1513124954223617,624.5932929093032,4,1257.1865858186063,True,260,50.3439679145813
level,20,ramp,mixed_leaky,0.0913590963130172,3.5942552900789018,0.7906390833028176,0.0059994426998607,1.217338087851786,3.151929139721914,624.5934678696772,5,1259.1869357393543,True,84,98.91802501678468
level,21,roving_ramp,level,0.0,5.547501802246499,0.0,0.0,1.2858531988142683,3.4098978008846017,491.3529745429741,3,988.7059490859482,True,80,19.769705057144165
level,21,roving_ramp,transient,1.0,0.0,3.766195803879936,0.0,0.9552949690846572,2.3835721185829115,583.2129128633393,3,1172.4258257266786,True,168,33.400490045547485
level,21,roving_ramp,leaky,0.0,6.006056806323243,0.0,0.824482723453291,-0.9209710321353828,4.1898032588554255,490.876131434074,4,989.752262868148,True,400,97.77107787132265
level,21,roving_ramp,mixed,0.0779335231471041,5.366417111756938,0.9923305211430398,0.0,1.3004003676582678,3.514371943986769,490.1629135845228,4,988.3258271690456,True,290,55.95336079597473
level,21,roving_ramp,mixed_leaky,0.0756576610247713,5.382005345715181,0.9637714033687949,0.251029139378173,0.7920549066999795,3.6001573242567395,490.1476848804716,5,990.2953697609432,True,198,40.37134528160095
level,20,roving_mixed,level,0.0,3.426715913754618,0.0,0.0,1.0957641748002285,3.430060001340393,365.4841998416668,3,736.9683996833336,True,76,15.607104539871216
level,20,roving_mixed,transient,1.0,0.0,1.7762005184846432,0.0,0.8803651371842436,2.586177597931378,407.99407905984265,3,821.9881581196853,True,72,9.64337682723999
level,20,roving_mixed,leaky,0.0,3.4264005829270685,0.0,0.005,1.086667437874903,3.43088245501034,365.48453618611455,4,738.9690723722291,True,570,140.52387809753418
level,20,roving_mixed,mixed,0.0013332930959419,3.42361637672184,0.01,0.0,1.0956373410022642,3.4310076064569808,365.488523695025,4,738.9770473900501,True,245,36.00160098075867
level,20,roving_mixed,mixed_leaky,0.0013335898066766,3.4228536384910577,0.01,0.005,1.0863618931039534,3.431729412581753,365.4888897207947,5,740.9777794415894,True,576,79.77933931350708
level,21,ramp,level,0.0,4.591338704985607,0.0,0.0,1.0086679040002584,3.65500125817719,565.9582904555771,3,1137.916580911154,False,192,33.70728659629822
level,21,ramp,transient,1.0,0.0,4.48632796009615,0.0,0.776771284335189,2.582832214514025,660.0599742879899,3,1326.1199485759798,True,92,25.00410461425781
level,21,ramp,leaky,0.0,5.0947450312282045,0.0,0.776999298130486,-1.1708096677404187,4.429459566151847,565.237410510768,4,1138.474821021536,True,375,96.70449590682983
level,21,ramp,mixed,0.0115748752206836,4.581856789461209,0.1173880528490725,0.0,1.0150889804915957,3.65696427207826,565.9505902014399,4,1139.9011804028798,True,265,34.84994077682495
level,21,ramp,mixed_leaky,0.0016398738982459,5.131651256393053,0.0184412436900107,0.8081023785133187,-1.366407935423803,4.557042395871379,565.2460351600254,5,1140.4920703200507,True,666,81.20966577529907
level,22,roving_ramp,level,0.0,3.8650690951279976,0.0,0.0,1.0184816009771154,3.9011739478329854,462.5444356493754,3,931.0888712987507,True,120,27.917990922927856
level,22,roving_ramp,transient,1.0,0.0,2.255833032165079,0.0,0.8703305302895296,2.430955849885504,535.0316398640467,3,1076.0632797280934,True,116,22.84632396697998
level,22,roving_ramp,leaky,0.0,3.896124911289956,0.0,0.2430747077241218,0.4888320184586496,3.968598609851824,462.5425381753058,4,933.0850763506116,True,110,35.20712924003601
level,22,roving_ramp,mixed,0.0524655282473661,3.7849467895399695,0.4585098352469836,0.0,1.018747203260481,3.994813347008608,462.09141089476304,4,932.182821789526,True,215,54.23831534385681
level,22,roving_ramp,mixed_leaky,0.0523462559331186,3.784598826341449,0.4573678551893829,0.005,1.0082370764734772,3.9950432931573454,462.0931600207677,5,934.1863200415352,True,552,118.45511412620544
level,21,roving_mixed,level,0.0,6.283188979260935,0.0,0.0,1.3911171589329894,3.4390281659699604,282.8246163369867,3,571.6492326739734,True,72,19.878698110580444
level,21,roving_mixed,transient,1.0,0.0,3.844957462376563,0.0,1.1393869306361966,2.4808217547101767,329.4409401798479,3,664.8818803596959,True,80,22.43412947654724
level,21,roving_mixed,leaky,0.0,6.282758312171779,0.0,0.005,1.3823009549979517,3.4387049162465675,282.8270912776065,4,573.654182555213,True,495,134.3160629272461
level,21,roving_mixed,mixed,0.0394564193861484,6.08018370788823,0.5464207020138754,0.0,1.366079177012972,3.5326179218186144,282.6404420369895,4,573.280884073979,True,235,28.99408793449402
level,21,roving_mixed,mixed_leaky,0.03939447880135,6.07992427542346,0.545504449336184,0.005,1.3566668789307244,3.5332916008468533,282.64336194400977,5,575.2867238880195,True,510,104.99333190917967
level,18,roving_mixed,level,0.0,3.730844260716878,0.0,0.0,0.9777065316038948,3.5617570934731697,345.48153072040856,3,696.9630614408171,True,64,16.409788370132446
level,18,roving_mixed,transient,1.0,0.0,2.0988534971083843,0.0,0.7663371170273346,2.8981426896763485,377.4138846630048,3,760.8277693260095,True,132,26.617471933364868
level,18,roving_mixed,leaky,0.0,4.538221271629245,0.0,0.8703184043813661,-4.1962219484512335,7.564608230544705,343.09413546624603,4,694.1882709324921,True,440,210.54129576683044
level,18,roving_mixed,mixed,0.0753064742259936,3.626752693291198,0.6461930556837212,0.0,0.9774526216453392,3.665270023933539,345.127169625674,4,698.2543392513479,True,185,58.68252635002136
level,18,roving_mixed,mixed_leaky,0.045822412057385,4.434166414995116,0.4658762484180239,0.8530049814380712,-3.8344330942965192,7.28184312962698,342.96621656614855,5,695.9324331322971,True,858,173.8557674884796
level,23,roving_ramp,level,0.0,7.336872193065367,0.0,0.0,1.179321043569422,3.4282658788034985,597.3525468312388,3,1200.7050936624776,True,120,26.389253854751587
level,23,roving_ramp,transient,1.0,0.0,4.002735332000485,0.0,1.2461901871929906,1.8174576044125577,747.2702999539943,3,1500.5405999079885,True,120,34.811747789382935
level,23,roving_ramp,leaky,0.0,7.771628128607122,0.0,0.7103497241354634,-0.5099877964204558,3.899502139408991,596.4188680248815,4,1200.837736049763,True,275,64.95408916473389
level,23,roving_ramp,mixed,0.0006228076167052,7.334418249392361,0.01,0.0,1.1796718261670842,3.428169593564289,597.3642879581497,4,1202.7285759162994,True,300,42.659552335739136
level,23,roving_ramp,mixed_leaky,0.0005880265883722,7.768510160121746,0.01,0.7092529505617744,-0.5055809846713607,3.8977519844077593,596.4356070148089,5,1202.8712140296177,True,522,77.55423903465271
level,23,ramp,level,0.0,8.266011978536033,0.0,0.0,1.3429021640319694,3.769592806586304,727.8230583627172,3,1461.6461167254345,True,164,36.09090781211853
level,23,ramp,transient,1.0,0.0,5.476578113714007,0.0,1.0682369535946594,1.8978622847847069,943.7074224304394,3,1893.4148448608787,True,64,13.867087364196776
level,23,ramp,leaky,0.0,8.268573810960998,0.0,0.005,1.3333148233065728,3.7717128438621743,727.8280580776053,4,1463.6561161552106,True,385,80.82417750358582
level,23,ramp,mixed,0.0203494480132146,8.247121459132241,0.3747949088465394,0.0,1.3657211379107266,3.777316681708448,727.7276909617839,4,1463.4553819235678,True,295,36.459596157073975
level,23,ramp,mixed_leaky,0.0203561204767689,8.246847043849204,0.3749078803600925,0.0059985063669948,1.3540182349874554,3.778028712886736,727.7349935526585,5,1465.469987105317,True,150,75.04472613334656
level,23,roving_mixed,level,0.0,6.928786663072525,0.0,0.0,1.1353039595226924,3.259829720845964,445.5104501403559,3,897.0209002807118,True,112,31.94644379615784
level,23,roving_mixed,transient,1.0,0.0,3.2182410850312846,0.0,1.0000320765304185,2.28526734429062,504.6128218073402,3,1015.2256436146804,True,84,21.33085608482361
level,23,roving_mixed,leaky,0.0,6.926791780899968,0.0,0.005,1.126338744507574,3.2605663229283945,445.5117382849895,4,899.023476569979,False,510,106.51311135292052
level,23,roving_mixed,mixed,0.0006596730467197,6.924283277648479,0.01,0.0,1.135063588155542,3.2605576481326084,445.5200022195252,4,899.0400044390504,True,280,34.317641735076904
level,23,roving_mixed,mixed_leaky,0.0006594943719906,6.926160490213387,0.01,0.005,1.1265956135081858,3.261506873829123,445.5212795158412,5,901.0425590316823,True,450,61.70415592193604
level,23,roving_ramp50,level,0.0,7.063435708128671,0.0,0.0,1.133209775043293,3.2466998845862896,861.6919864498008,3,1729.3839728996015,True,76,20.07420587539673
level,23,roving_ramp50,transient,1.0,0.0,4.31790888517223,0.0,1.02577648729974,1.8368927021084576,1035.4193186460025,3,2076.838637292005,True,108,23.90468668937683
level,23,roving_ramp50,leaky,0.0,7.0629524826189645,0.0,0.005,1.1245726360325778,3.24722692796554,861.6928895783259,4,1731.3857791566518,True,625,83.56197905540466
level,23,roving_ramp50,mixed,0.0006467678295911,7.062537473285157,0.01,0.0,1.1337323765218392,3.246802290618684,861.7058129685157,4,1731.4116259370314,True,270,32.850810050964355
level,23,roving_ramp50,mixed_leaky,0.0006469031041334,7.061059663350612,0.01,0.005,1.125069802033853,3.247007717054796,861.7067416333122,5,1733.4134832666243,True,192,95.6992573738098
level,22,ramp,level,0.0,3.8348373250694334,0.0,0.0,1.1572717820893323,3.49083360700852,587.9040300128821,3,1181.8080600257642,True,76,18.489278554916385
level,22,ramp,transient,1.0,0.0,2.8180358469112377,0.0,0.6967387237087235,2.5747793093069866,679.3665452322886,3,1364.7330904645771,True,96,22.81661558151245
level,22,ramp,leaky,0.0,3.879179640908775,0.0,0.3033864760858724,0.5596212009460217,3.574176345048386,587.8944789414713,4,1183.788957882943,True,165,42.79327630996704
level,22,ramp,mixed,0.088249096062693,3.808439212902629,0.8064750527349911,0.0,1.199764871445517,3.564711996282279,587.2667744891611,4,1182.5335489783222,True,245,51.07252526283264
level,22,ramp,mixed_leaky,0.0878772660144716,3.80865229319583,0.8027945750657999,0.005,1.1904270801686152,3.5646075105452417,587.2692114632711,5,1184.538422926542,True,492,145.67313647270203
level,24,roving_ramp,level,0.0,4.329853531529071,0.0,0.0,0.6044902138086686,3.137251939908418,575.0612494712918,3,1156.1224989425837,False,208,34.746176958084106
level,24,roving_ramp,transient,1.0,0.0,2.1063976181815587,0.0,0.5805768128814514,2.834559441736557,583.0100593802115,3,1172.020118760423,True,100,20.30913591384888
level,24,roving_ramp,leaky,0.0,4.330756215848087,0.0,0.005,0.5966811751178744,3.136372421977634,575.0635157104767,4,1158.1270314209537,True,435,100.61497092247008
level,24,roving_ramp,mixed,0.0268842252942364,4.217185867584137,0.2548975154606841,0.0,0.6147054323460202,3.127940443898543,575.0295937897921,4,1158.0591875795842,True,240,29.318692684173584
level,24,roving_ramp,mixed_leaky,0.0268979837999722,4.21530165291533,0.2549176231743328,0.0059978828623549,0.6051562403485682,3.1270668204523866,575.0322966748288,5,1160.0645933496576,True,60,61.54373216629028
level,22,roving_mixed,level,0.0,3.917344149339397,0.0,0.0,1.6099400088211286,2.423478300631213,408.5795333586397,3,823.1590667172793,True,108,26.037797689437863
level,22,roving_mixed,transient,1.0,0.0,2.464853717216131,0.0,1.0773339718382742,2.254794608706702,453.71774571580414,3,913.4354914316084,True,136,33.05415964126587
level,22,roving_mixed,leaky,0.0,4.010241257080157,0.0,0.969430766765906,0.1302248703981008,2.589467001453585,408.4843008636976,4,824.9686017273953,True,545,123.90615844726562
level,22,roving_mixed,mixed,0.012362926102459,3.871085916804868,0.1060148116276019,0.0,1.592711490595728,2.447928620597571,408.5658429407412,4,825.1316858814823,True,290,37.974690437316895
level,22,roving_mixed,mixed_leaky,0.0022747722025042,4.009526652017095,0.0199999960556138,0.9696272226068624,0.1303580422771801,2.5904771131004694,408.48346912302935,5,826.9669382460587,True,72,86.15691661834717
level,25,roving_ramp50,level,0.0,4.323739364891631,0.0,0.0,0.8518824779332977,3.816110415830235,519.7998323181712,3,1045.5996646363424,True,52,13.504916191101074
level,25,roving_ramp50,transient,1.0,0.0,2.9965899855773133,0.0,0.706276167400664,2.69351960007149,592.2627101719564,3,1190.5254203439129,True,148,22.579124689102173
level,25,roving_ramp50,leaky,0.0,4.327250905500912,0.0,0.1610243531285492,0.5204203608607882,3.836638170827376,519.7510682191321,4,1047.5021364382642,True,245,67.9881420135498
level,25,roving_ramp50,mixed,0.0010564089459029,4.322142170416028,0.01,0.0,0.8522261723313374,3.816592282163581,519.8008684321978,4,1047.6017368643957,True,340,44.81765055656433
level,25,roving_ramp50,mixed_leaky,0.0010556346770188,4.325315653894141,0.01,0.158896285021949,0.525333097885816,3.836480599394051,519.7533545261177,5,1049.5067090522357,True,288,50.41948962211609
level,26,ramp,level,0.0,3.873714405152268,0.0,0.0,1.0918875190382755,2.477117716621943,513.1617041913016,3,1032.3234083826032,True,108,19.29609680175781
level,26,ramp,transient,1.0,0.0,4.217254740819267,0.0,1.0588293026314033,2.1954184032550423,548.3826139316587,3,1102.7652278633177,True,120,21.703022241592407
level,26,ramp,leaky,0.0,3.873247460246267,0.0,0.0059993953093136,1.08412502870096,2.476952639914313,513.1621786379295,4,1034.324357275859,True,70,41.245176792144775
level,26,ramp,mixed,0.0011792293381441,3.871501600102247,0.01,0.0,1.0919569755381977,2.477636088893825,513.1617768544311,4,1034.3235537088622,True,310,36.60802245140076
level,26,ramp,mixed_leaky,0.0011793773756759,3.871015068649323,0.01,0.0059993763922715,1.0841267301522746,2.477583608457445,513.1622593177074,5,1036.3245186354147,True,84,35.32396674156189
level,25,roving_ramp,level,0.0,4.87848244655494,0.0,0.0,1.155600861090882,3.270682232616149,359.5182839542281,3,725.0365679084562,True,104,22.25592064857483
level,25,roving_ramp,transient,1.0,0.0,2.6503039776266206,0.0,0.8642068016773855,2.657470100058925,418.45592160068645,3,842.9118432013729,True,120,22.994149446487427
level,25,roving_ramp,leaky,0.0,5.015693297203685,0.0,0.5600306575840038,0.034439509892118,3.4603895755357006,359.41619495384174,4,726.8323899076835,True,435,86.99310159683228
level,25,roving_ramp,mixed,0.0009366563136761,4.875317606196592,0.01,0.0,1.15556953751776,3.27106690416654,359.5251283954624,4,727.0502567909248,True,280,37.47775101661682
level,25,roving_ramp,mixed_leaky,0.0009113742626853,5.010688542173858,0.01,0.5559217275596767,0.0446838791498774,3.457698473100644,359.42590414103995,5,728.8518082820799,True,396,58.62163949012756
level,25,ramp,level,0.0,3.914173173292984,0.0,0.0,0.7245446647068028,3.8828421227902985,584.9417168498682,3,1175.8834336997363,True,92,15.953342199325562
level,25,ramp,transient,1.0,0.0,3.225520955966376,0.0,0.6242256306407661,2.702561906833447,663.6234847026718,3,1333.2469694053436,True,92,16.43797016143799
level,25,ramp,leaky,0.0,3.913442641494295,0.0,0.005,0.7145315292241887,3.882635867172826,584.9441858543029,4,1177.8883717086055,True,410,91.51858496665956
level,25,ramp,mixed,0.0011666993107799,3.9131295435814217,0.01,0.0,0.7250029639635142,3.8830405306088966,584.9436879556854,4,1177.8873759113708,True,255,28.58582234382629
level,25,ramp,mixed_leaky,0.0011668731551632,3.9125458724314894,0.01,0.005,0.7150246846324431,3.882825000298376,584.9461779273997,5,1179.8923558547997,True,498,60.8424129486084
level,22,roving_ramp50,level,0.0,3.383796281200881,0.0,0.0,0.9622209846327916,3.6184367521704366,370.0329356396708,3,746.0658712793415,True,68,16.38244366645813
level,22,roving_ramp50,transient,1.0,0.0,2.668160438616557,0.0,0.7476768976368138,2.9441110770384165,420.185924359804,3,846.3718487196079,True,96,19.263495445251465
level,22,roving_ramp50,leaky,0.0,3.778263721288151,0.0,0.8261137098814733,-1.6730631060702412,4.765123468313296,369.17183232299817,4,746.3436646459963,True,460,161.35686707496643
level,22,roving_ramp50,mixed,0.0451536637842337,3.300909582111741,0.3415096528706209,0.0,0.95298451940694,3.693522530566133,369.8890368978055,4,747.7780737956109,True,220,26.798896074295044
level,22,roving_ramp50,mixed_leaky,0.0011936935192004,3.8245345924354015,0.01,0.878334549906664,-2.0037235114327143,4.946148553386695,369.1659966094445,5,748.331993218889,True,852,171.90877628326416
level,24,roving_ramp50,level,0.0,5.0584495952998605,0.0,0.0,0.7405058744459105,2.979423930540432,504.3540419571587,3,1014.7080839143174,True,100,26.23581624031067
level,24,roving_ramp50,transient,1.0,0.0,2.5447737481914143,0.0,0.4841169182196786,3.2659637299448785,515.7536628123386,3,1037.5073256246772,True,164,30.93863773345948
level,24,roving_ramp50,leaky,0.0,5.524975181837254,0.0,1.0215370111750155,-1.6271350840282324,3.588926171841616,503.9700757668208,4,1015.9401515336416,True,535,117.71559643745422
level,24,roving_ramp50,mixed,0.023059546537372,4.956439992375156,0.2559542636021473,0.0,0.7456974486255513,2.985382855420548,504.3295235956135,4,1016.6590471912268,True,245,31.137502908706665
level,24,roving_ramp50,mixed_leaky,0.0225148285917666,5.403452979537296,0.2722950147294896,1.0122178046121542,-1.586197234544361,3.5781417483001463,503.9580460696006,5,1017.9160921392012,True,564,99.96266674995422
level,24,ramp,level,0.0,5.331859699659886,0.0,0.0,0.6227221858495581,3.1986064174742603,531.9527061726775,3,1069.905412345355,True,76,19.06002640724182
level,24,ramp,transient,1.0,0.0,2.855141702354368,0.0,0.4982237650002608,3.114839937981346,543.2455115619457,3,1092.4910231238914,True,120,23.34893560409546
level,24,ramp,leaky,0.0,5.332569398804473,0.0,0.005,0.6141336889805706,3.199897762606706,531.9531453232421,4,1071.9062906464842,True,735,100.51535415649414
level,24,ramp,mixed,0.0022161858694216,5.319938748978854,0.0258515272505113,0.0,0.6236279682296767,3.197580997884362,531.9524722432138,4,1071.9049444864277,True,335,40.17360210418701
level,24,ramp,mixed_leaky,0.0017149239244779,5.321442173731659,0.0199999759799094,0.0050000065685117,0.6149300695250837,3.198275995686377,531.9529120174396,5,1073.9058240348793,True,60,93.37488555908205
level,27,roving_ramp,level,0.0,5.64494789870969,0.0,0.0,1.85076446397218,1.8199174639017133,570.242207588937,3,1146.484415177874,True,132,24.25935125350952
level,27,roving_ramp,transient,1.0,0.0,3.3958333716911526,0.0,1.824988873766117,1.4537710298574098,620.6266041104781,3,1247.253208220956,True,80,23.854811429977417
level,27,roving_ramp,leaky,0.0,5.91158609626426,0.0,2.239156437913977,-0.9996729329076808,2.057028743439405,569.9495891796256,4,1147.8991783592512,True,605,90.09579730033876
level,27,roving_ramp,mixed,0.0008091799790108,5.644083889300958,0.01,0.0,1.8520209958407328,1.8192314135044407,570.2486006540656,4,1148.4972013081313,True,275,38.70932054519653
level,27,roving_ramp,mixed_leaky,0.0015439370465292,5.9117894702019225,0.0199999742127875,2.238791855901044,-0.9997346914196836,2.0566586079021403,569.9589480134388,5,1149.9178960268775,True,90,32.838685035705566
level,27,roving_mixed,level,0.0,5.95653583033338,0.0,0.0,1.452873513959773,2.4106836909113847,367.6895127569222,3,741.3790255138445,True,76,21.836981058120728
level,27,roving_mixed,transient,1.0,0.0,3.5004851165313013,0.0,0.925713762127376,2.6783386600324293,388.0780083796971,3,782.1560167593942,True,124,22.848827362060547
level,27,roving_mixed,leaky,0.0,5.955368145438911,0.0,0.0059996067857882,1.4448733522938888,2.41107950756968,367.6896375583637,4,743.3792751167273,True,60,27.685983896255493
level,27,roving_mixed,mixed,0.0094917764685944,5.877911099574707,0.1232316536111341,0.0,1.440729895495677,2.428567678055747,367.6831238664856,4,743.3662477329713,True,325,41.029443979263306
level,27,roving_mixed,mixed_leaky,0.0094953965451673,5.875131540744992,0.1232208071120491,0.0059995488583093,1.4324572208555555,2.4290954402597125,367.6832750373528,5,745.3665500747055,True,72,31.52307105064392
level,27,roving_ramp50,level,0.0,4.363406706480646,0.0,0.0,1.1926670260120438,2.373160192152989,639.7135100390666,3,1285.4270200781332,True,68,17.08080816268921
level,27,roving_ramp50,transient,1.0,0.0,3.18569916450028,0.0,1.1322954632211806,1.909223099555388,691.4030758397533,3,1388.806151679507,True,208,34.89572811126709
level,27,roving_ramp50,leaky,0.0,4.363496026093764,0.0,0.005,1.1861433670101922,2.373633733112319,639.7147249534402,4,1287.4294499068803,True,405,73.88502049446106
level,27,roving_ramp50,mixed,0.0137654619039542,4.339021382475473,0.1324988832986624,0.0,1.196202364178351,2.3765045710011066,639.7005337152929,4,1287.4010674305855,True,250,31.977121114730835
level,27,roving_ramp50,mixed_leaky,0.0137677989642164,4.338415247164087,0.1325031801222933,0.0059989241830639,1.1885983854778264,2.376554546790796,639.7019994338972,5,1289.4039988677944,True,84,34.88747262954712
level,24,roving_mixed,level,0.0,2.7134080931348,0.0,0.0,0.7748091824911649,2.5863638109912257,511.1492949982815,3,1028.298589996563,True,136,35.68601417541504
level,24,roving_mixed,transient,1.0,0.0,0.2622607570094621,0.0,0.7592593720310549,2.4063608545616733,513.3381137017616,3,1032.6762274035232,True,132,27.18207597732544
level,24,roving_mixed,leaky,0.0,2.713526976191225,0.0,0.005,0.7676206513100151,2.5871622024389134,511.1499080994645,4,1030.299816198929,True,560,107.20271039009094
level,24,roving_mixed,mixed,0.0016853541736749,2.707487219238228,0.01,0.0,0.7756558883666917,2.5851193509192494,511.15736415410686,4,1030.3147283082135,True,160,58.806841135025024
level,24,roving_mixed,mixed_leaky,0.001684115255545,2.7094823426784336,0.01,0.005,0.7688900571938476,2.585256928016105,511.1579745602125,5,1032.315949120425,True,648,113.52609610557556
level,26,roving_ramp,level,0.0,2.538130362948689,0.0,0.0,0.7708896938360214,3.131730952245616,387.15622149139233,3,780.3124429827847,True,156,26.63604140281677
level,26,roving_ramp,transient,1.0,0.0,3.0574159089820467,0.0,0.506059188095496,3.8968348495705136,390.8475729839883,3,787.6951459679766,True,140,24.183046102523804
level,26,roving_ramp,leaky,0.0,2.815848815090641,0.0,0.8278764237501044,-3.0037366592864334,5.916507965012445,386.68745525106783,4,781.3749105021357,True,545,86.31971526145935
level,26,roving_ramp,mixed,0.3149416326874567,1.942463168721384,1.953732669540343,0.0,0.6656797256110457,3.756969339481684,384.5589385890119,4,777.1178771780238,True,235,50.27089881896973
level,26,roving_ramp,mixed_leaky,0.3148862788787825,1.942037062397173,1.9528029908344584,0.005,0.6554946415803306,3.758454954308708,384.5598602559909,5,779.1197205119819,True,810,118.15362334251404
level,28,ramp,level,0.0,4.562961792690063,0.0,0.0,1.0388637924307014,3.8112879480324047,554.5714875188235,3,1115.142975037647,True,72,14.15487551689148
level,28,ramp,transient,1.0,0.0,2.999760999107289,0.0,0.7248003542254373,2.509563711528781,650.8053013972451,3,1307.6106027944902,True,72,15.933056116104126
level,28,ramp,leaky,0.0,4.560622085142393,0.0,0.005,1.0286089181022773,3.810519906977545,554.5810607686217,4,1117.1621215372434,True,345,70.49166560173035
level,28,ramp,mixed,0.001000703715573,4.562993221158614,0.01,0.0,1.039379136027314,3.812461803516922,554.5839190473603,4,1117.1678380947203,True,310,38.33725810050965
level,28,ramp,mixed_leaky,0.0010014404993027,4.559632755068315,0.01,0.0059966746037742,1.0271415294374058,3.810788946977574,554.5954618998547,5,1119.1909237997097,True,78,45.06084394454956
level,26,roving_mixed,level,0.0,3.728141570350263,0.0,0.0,0.9211378293996187,3.007880827404601,379.5524757567682,3,765.1049515135364,True,124,24.22514677047729
level,26,roving_mixed,transient,1.0,0.0,1.125384762412584,0.0,0.6004175552900735,3.092866039488409,393.8503466327092,3,793.7006932654183,True,112,32.14172148704529
level,26,roving_mixed,leaky,0.0,4.494029092010107,0.0,1.3427744810318571,-4.724859590659309,5.4908634888828045,378.3455235557747,4,764.6910471115494,True,705,151.53024005889893
level,26,roving_mixed,mixed,0.0012254968424601,3.7251640582319534,0.01,0.0,0.92087155710564,3.009289985128887,379.55662929310233,4,767.1132585862047,True,305,39.71438527107239
level,26,roving_mixed,mixed_leaky,0.0020300598812369,4.493952355144653,0.0199999863221552,1.3429078691997642,-4.724829485553732,5.491280429252218,378.3538337959662,5,766.7076675919324,True,90,92.68569827079772
level,28,roving_ramp50,level,0.0,6.053482222850088,0.0,0.0,1.5214651201503369,3.51591022086418,447.9355868452538,3,901.8711736905076,True,120,23.227214813232425
level,28,roving_ramp50,transient,1.0,0.0,3.012844956858259,0.0,1.178422965840361,2.0001515729692367,563.4125829231556,3,1132.8251658463112,True,108,26.15773105621338
level,28,roving_ramp50,leaky,0.0,6.053148573869998,0.0,0.005,1.512449062028941,3.515653932009342,447.94149307017057,4,903.8829861403412,True,195,86.71671319007874
level,28,roving_ramp50,mixed,0.0007546392032513,6.05233462188866,0.01,0.0,1.5220741534700786,3.515875084256084,447.9551624553644,4,903.9103249107288,True,290,34.86892509460449
level,28,roving_ramp50,mixed_leaky,0.0007542518669025,6.055445067782945,0.01,0.005,1.5137039855026786,3.5165445228449688,447.9610505270441,5,905.9221010540882,True,156,63.18089127540589
level,29,ramp,level,0.0,3.750943703808943,0.0,0.0,0.9125225216888112,3.266927475769597,513.2079712338926,3,1032.4159424677853,True,88,20.507781982421875
level,29,ramp,transient,1.0,0.0,4.862288588844373,0.0,0.728744015456196,2.8659935811610664,568.8748820729753,3,1143.7497641459506,True,120,18.317211389541622
level,29,ramp,leaky,0.0,3.749973202241286,0.0,0.005,0.9039354613321444,3.266723103578592,513.211714212887,4,1034.423428425774,True,345,76.50644898414612
level,29,ramp,mixed,0.0815580945897502,3.637452607464191,0.7066796252674252,0.0,0.9266482799278856,3.307385380627924,512.9418265259502,4,1033.8836530519004,True,220,27.33503746986389
level,29,ramp,mixed_leaky,0.0813895234821986,3.637236137286853,0.7050476272904407,0.005,0.9180834471766708,3.3070291778445826,512.9465993973724,5,1035.8931987947449,True,438,64.26641058921814
level,27,ramp,level,0.0,5.372287081667638,0.0,0.0,1.47564634539896,2.2710382753728835,571.2307505620737,3,1148.4615011241474,True,92,18.48055124282837
level,27,ramp,transient,1.0,0.0,8.145044003841491,0.0,2.154786956441692,1.4244371004563148,649.8678452758477,3,1305.7356905516954,True,108,23.22887134552002
level,27,ramp,leaky,0.0,5.683794810218956,0.0,1.4991502934813363,-1.0134261073412698,2.645121170429451,570.7976557461893,4,1149.5953114923786,True,405,113.84854531288148
level,27,ramp,mixed,0.1069005813115105,5.20772817254374,1.363761462517966,0.0,1.5497896389313333,2.269356828596799,570.4109165081611,4,1148.8218330163222,True,240,30.220925331115723
level,27,ramp,mixed_leaky,0.1042601172781153,5.488080868265132,1.3975477204099944,1.4620514071303474,-0.847345387278382,2.62361845798061,569.9840551350532,5,1149.9681102701063,True,654,95.63456606864928
leaky,0,roving_ramp50,level,0.0,1.834675094213066,0.0,0.0,0.9871917509738208,2.174127219421867,519.8427449424829,3,1045.6854898849658,True,84,17.7833993434906
leaky,0,roving_ramp50,transient,1.0,0.0,2.2489312245230355,0.0,0.90471113345752,2.289596925889363,519.9479334404607,3,1045.8958668809214,True,96,18.030218362808228
leaky,0,roving_ramp50,leaky,0.0,1.8304491844711548,0.0,0.3847062166022387,0.5299222830005987,2.181624841783104,519.8370464191563,4,1047.6740928383126,True,150,38.36881184577942
leaky,0,roving_ramp50,mixed,0.3569901560140222,1.3183280607046777,1.6012972636701088,0.0,0.988098155335068,2.246090657280225,518.8950011297144,4,1045.7900022594288,True,320,38.17370557785034
leaky,0,roving_ramp50,mixed_leaky,0.3568788014462704,1.318483413315538,1.6007092100393336,0.005,0.982782453792396,2.245118553875536,518.8954042713718,5,1047.7908085427437,True,726,92.90519833564758
level,26,roving_ramp50,level,0.0,3.9950637396852575,0.0,0.0,0.9879520986232329,2.8716971472695487,477.0563365008226,3,960.1126730016452,True,80,17.11604070663452
level,26,roving_ramp50,transient,1.0,0.0,3.960292519404636,0.0,0.9571482658504292,2.437007568630662,506.3375484826964,3,1018.6750969653928,True,108,27.851155996322632
level,26,roving_ramp50,leaky,0.0,4.717744845050686,0.0,1.449382229826288,-3.803895683361529,4.53354185157943,475.5673674347837,4,959.1347348695674,True,520,209.46024537086487
level,26,roving_ramp50,mixed,0.1598818285064881,3.6599659687895625,1.5238619379723677,0.0,1.02116189057005,2.9400104393355093,475.1670853409344,4,958.3341706818688,True,265,54.12307620048523
level,26,roving_ramp50,mixed_leaky,0.1420962091798384,4.250728271347213,1.540341779240541,1.3145867793480586,-2.8918165920296874,4.233761243132076,473.94187001725663,5,957.8837400345132,True,780,106.40785670280457
leaky,0,ramp,level,0.0,0.4988737535141153,0.0,0.0,0.6767231484152586,2.4718693586018885,530.9095481703905,3,1067.819096340781,True,132,22.97480821609497
leaky,0,ramp,transient,1.0,0.0,0.1316858824883652,0.0,0.6400035444042359,2.4909225397058177,531.1185521544837,3,1068.2371043089674,True,100,31.295979976654053
leaky,0,ramp,leaky,0.0,0.4990379134559213,0.0,0.0059997039914294,0.6689126737553289,2.4719612358387817,530.9096608494847,4,1069.8193216989694,True,105,44.84572887420654
leaky,0,ramp,mixed,0.0091318008131599,0.4959633834910261,0.01,0.0,0.6770992892434703,2.4716969678391902,530.9111438909174,4,1069.8222877818348,True,205,26.95947289466858
leaky,0,ramp,mixed_leaky,0.0091289877451106,0.4961176214741754,0.01,0.0059997031053906,0.669292954258826,2.471819632866475,530.9112567648807,5,1071.8225135297614,False,264,65.11053657531738
level,28,roving_mixed,level,0.0,3.757405115698107,0.0,0.0,0.7657962081338578,4.992616454273896,216.4664568891841,3,438.9329137783681,True,208,33.01947355270386
level,28,roving_mixed,transient,1.0,0.0,2.285801516925881,0.0,0.3726427892068307,5.424632059357065,237.02729591837985,3,480.0545918367597,True,100,32.533610820770264
level,28,roving_mixed,leaky,0.0,3.86932408592518,0.0,0.2722928740567845,-0.1789654096043931,5.6665199514494935,216.3325007955929,4,440.6650015911858,True,240,55.31599760055542
level,28,roving_mixed,mixed,0.0012159459774946,3.754459926995777,0.01,0.0,0.7653454659734769,4.997131419928551,216.4707290519925,4,440.941458103985,True,350,41.697407722473145
level,28,roving_mixed,mixed_leaky,0.0011812673226396,3.864814396232846,0.01,0.2696443697438043,-0.1663743087009333,5.655539928886249,216.33762832145305,5,442.6752566429061,True,630,113.08128881454468
level,28,roving_ramp,level,0.0,4.845996088462815,0.0,0.0,1.1044992563438492,3.675444719593564,399.0361641785541,3,804.0723283571082,True,64,16.193576335906982
level,28,roving_ramp,transient,1.0,0.0,0.9702793312970284,0.0,0.7793497334764194,2.50798032510635,465.3118344657213,3,936.6236689314426,True,148,27.616304636001587
level,28,roving_ramp,leaky,0.0,4.845739969403316,0.0,0.005,1.09573494029889,3.6730074394604006,399.0374328956185,4,806.074865791237,True,510,110.1276261806488
level,28,roving_ramp,mixed,0.0009430721573002,4.842119085239872,0.01,0.0,1.1045156267146472,3.675536751090371,399.0661451330748,4,806.1322902661495,True,150,42.91419053077698
level,28,roving_ramp,mixed_leaky,0.0009428334213582,4.843346321190734,0.01,0.005,1.0948633897058957,3.677495713728231,399.0674428308476,5,808.1348856616952,True,510,83.26500153541565
level,29,roving_ramp,level,0.0,3.589900664042918,0.0,0.0,1.2518999670977784,2.583189367270053,420.320018517484,3,846.6400370349679,False,184,30.195778608322144
level,29,roving_ramp,transient,1.0,0.0,2.3691412068928144,0.0,0.9803783098356996,2.3793783331452216,447.64305478544367,3,901.2861095708872,True,128,22.274344205856323
level,29,roving_ramp,leaky,0.0,3.591935804622014,0.0,0.0051947003376732,1.2463349121675624,2.581299713894549,420.3205955518494,4,848.6411911036988,True,435,64.8228690624237
level,29,roving_ramp,mixed,0.0417370183025901,3.4889523860681537,0.3324616817732154,0.0,1.2456214549977105,2.6132506155110224,420.2086233631048,4,848.4172467262097,True,190,48.01674318313599
level,29,roving_ramp,mixed_leaky,0.0410910051040866,3.491591098753624,0.3273426515831267,0.005,1.2389253971929333,2.613124119977634,420.20924322674944,5,850.4184864534989,True,546,101.15719056129456
level,25,roving_mixed,level,0.0,3.779510343806764,0.0,0.0,0.88689893304227,3.43718731190802,317.1228859164735,3,640.245771832947,True,92,18.62487030029297
level,25,roving_mixed,transient,1.0,0.0,1.112355810405851,0.0,0.5849096580873692,3.302727826267997,339.09712158337203,3,684.1942431667441,True,140,25.31914687156677
level,25,roving_mixed,leaky,0.0,4.341335011743339,0.0,0.887027066021603,-2.4963932022110966,5.317749770602451,316.17971446331484,4,640.3594289266297,True,470,175.20067429542542
level,25,roving_mixed,mixed,0.0012086377635227,3.77718948381604,0.01,0.0,0.8868910177230823,3.4385493934818805,317.135506940005,4,642.27101388001,True,305,46.85047674179077
level,25,roving_mixed,mixed_leaky,0.0010575002632377,4.31767709649816,0.01,0.874735827867721,-2.3623792577859164,5.218515375500922,316.202351088726,5,642.404702177452,True,930,186.4089229106903
leaky,1,roving_ramp,level,0.0,4.173291796696695,0.0,0.0,1.4023446111992113,2.775721523216059,443.7853338666741,3,893.5706677333483,True,108,19.157036781311035
leaky,1,roving_ramp,transient,1.0,0.0,2.7053820903893544,0.0,1.5504202225342028,1.7242113364193548,495.5922081662888,3,997.1844163325776,True,104,23.77493786811829
leaky,1,roving_ramp,leaky,0.0,4.163210843926263,0.0,0.2702809839773116,0.9718634340821872,2.8229707312315817,443.7520954637169,4,895.5041909274338,True,175,54.329715728759766
leaky,1,roving_ramp,mixed,0.0231238060990803,4.094383446652139,0.2120401740337179,0.0,1.3819071022684095,2.823904357599809,443.7093612348276,4,895.4187224696552,True,305,41.07863020896912
leaky,1,roving_ramp,mixed_leaky,0.0235380438128634,4.081288681546824,0.2152396120673844,0.2893099218088892,0.9052433971514772,2.887533675366614,443.6684929378288,5,897.3369858756577,True,288,51.71809601783752
level,29,roving_ramp50,level,0.0,4.634287172089,0.0,0.0,1.749877915857051,1.986966762545072,396.50055958302,3,799.00111916604,True,184,29.858888149261475
level,29,roving_ramp50,transient,1.0,0.0,3.706864210527898,0.0,1.3985107000411543,1.94773910471248,424.6112939112275,3,855.222587822455,True,144,29.31768751144409
level,29,roving_ramp50,leaky,0.0,5.028908763175041,0.0,2.230640475269946,-1.2466664352451409,2.2095077365293263,396.2844077947284,4,800.5688155894568,True,585,121.8715398311615
level,29,roving_ramp50,mixed,0.000986009564321,4.63106200942303,0.01,0.0,1.7496993527280211,1.987360208186016,396.50113418436496,4,801.0022683687299,True,275,37.56142902374268
level,29,roving_ramp50,mixed_leaky,0.0018145611395783,5.028744453940443,0.0199999904647214,2.2308323429618526,-1.246640293560795,2.209797905368672,396.2876329220422,5,802.5752658440844,True,210,104.76058173179626
leaky,0,roving_mixed,level,0.0,1.9215723881791569,0.0,0.0,0.8662811923173472,2.35499731695079,530.3469548336122,3,1066.6939096672245,True,132,24.660213232040405
leaky,0,roving_mixed,transient,1.0,0.0,0.1015074239537523,0.0,0.6649016209879678,2.5276981532385143,531.8077020390027,3,1069.6154040780054,True,140,30.25900340080261
leaky,0,roving_mixed,leaky,0.0,2.039541573766674,0.0,1.3968558133349511,-1.248103618556,2.5243834348796725,530.1386261391681,4,1068.2772522783362,True,535,87.22092795372009
leaky,0,roving_mixed,mixed,0.0023768717539431,1.918451891240671,0.01,0.0,0.8674731385085681,2.353575623499785,530.3519918852231,4,1068.7039837704465,True,290,44.27643656730652
leaky,0,roving_mixed,mixed_leaky,0.0020159730405892,2.2627106651437834,0.01,1.771468720078459,-2.46462455410932,2.8738775182692464,529.9973866467707,5,1069.9947732935414,True,780,120.3731963634491
leaky,1,ramp,level,0.0,4.746373452321242,0.0,0.0,1.5324122801690547,2.6949548197758406,524.5643362158547,3,1055.1286724317094,True,112,16.892192363739014
leaky,1,ramp,transient,1.0,0.0,3.746460373871117,0.0,1.1458370832439837,2.0058573768299337,619.493783818135,3,1244.98756763627,True,132,30.280526876449585
leaky,1,ramp,leaky,0.0,4.746352926602806,0.0,0.005,1.5258737161198086,2.6945692789085056,524.5678119601183,4,1057.1356239202366,True,200,94.1705493927002
leaky,1,ramp,mixed,0.000962297162346,4.745290744965007,0.01,0.0,1.5330926299545085,2.694917341310861,524.570521749201,4,1057.141043498402,True,280,34.91038465499878
leaky,1,ramp,mixed_leaky,0.0009617802645989,4.747843503438608,0.01,0.005,1.5270326170662945,2.694531398620456,524.5739934152134,5,1059.1479868304268,True,228,82.21342921257019
leaky,0,roving_ramp,level,0.0,0.01,0.0,0.0,0.6592215897739951,2.4852304865305817,541.9073642661594,3,1089.814728532319,True,128,30.930062532424927
leaky,0,roving_ramp,transient,1.0,0.0,0.01,0.0,0.6598636580798801,2.483657013710877,541.9176756925963,3,1089.8353513851926,True,88,26.122687339782715
leaky,0,roving_ramp,leaky,0.0,0.0115450770697508,0.0,1.7246783737849596,-2.737176928714729,2.9936861006108684,541.7499242092307,4,1091.4998484184614,True,885,183.58361792564392
leaky,0,roving_ramp,mixed,0.3136948611875748,0.01,0.01,0.0,0.6605264209629942,2.483808186317127,541.9185157135336,4,1091.8370314270671,True,160,26.8711166381836
leaky,0,roving_ramp,mixed_leaky,0.4419060390064523,0.0115450746992373,0.0199999636857774,1.7248382007512697,-2.737136773137314,2.9941061468885413,541.7700253122047,5,1093.540050624409,True,108,70.65186142921448
level,29,roving_mixed,level,0.0,3.903503047288313,0.0,0.0,1.2077915258868472,2.615442686315577,349.62920616303546,3,705.2584123260709,True,80,23.64495325088501
level,29,roving_mixed,transient,1.0,0.0,2.2230495760524502,0.0,0.6613734892529285,3.220506865557612,364.19319786223537,3,734.3863957244707,True,68,21.39465498924256
level,29,roving_mixed,leaky,0.0,4.197881240423693,0.0,1.2771522477577402,-1.5745023360988364,3.3073443967156444,349.468038268689,4,706.936076537378,True,750,165.1961750984192
level,29,roving_mixed,mixed,0.001170972916611,3.8988314272865385,0.01,0.0,1.2066632128899664,2.617702679269378,349.6299323649768,4,707.2598647299536,True,355,51.97626352310181
level,29,roving_mixed,mixed_leaky,0.0010905142794519,4.186826208886501,0.01,1.268200859353832,-1.5374641032317993,3.2936293764700104,349.47343529755057,5,708.9468705951011,True,918,134.89822697639465
leaky,2,roving_ramp50,level,0.0,2.733360494504703,0.0,0.0,1.266794283468451,2.735387113670599,393.2433478964155,3,792.486695792831,True,124,21.81592631340027
leaky,2,roving_ramp50,transient,1.0,0.0,2.00959448879416,0.0,0.9112253107367588,2.511089897054376,428.4022120923904,3,862.8044241847807,True,124,15.152839660644531
leaky,2,roving_ramp50,leaky,0.0,2.900203093408273,0.0,1.102548340883866,-1.0517575671095192,3.288512311870569,393.1861104996571,4,794.3722209993142,True,585,95.31729459762572
leaky,2,roving_ramp50,mixed,0.0517277447108801,2.622811112533168,0.3130165938734016,0.0,1.2371123962545778,2.7992383052404723,393.0205054707919,4,794.0410109415837,True,255,48.50423359870911
leaky,2,roving_ramp50,mixed_leaky,0.0517062239375592,2.622920421882424,0.312892305654136,0.005,1.2300261930230665,2.7988882706279683,393.0213600294892,5,796.0427200589784,True,630,97.45327305793762
leaky,5,roving_ramp,level,0.0,5.1228102619711,0.0,0.0,0.9662346621024508,2.586251864520326,767.7332426082942,3,1541.4664852165884,True,72,17.967347860336304
leaky,5,roving_ramp,transient,1.0,0.0,3.029085400209514,0.0,0.9975253755247416,1.920596246272049,825.4956318796982,3,1656.9912637593964,True,88,22.01617407798767
leaky,5,roving_ramp,leaky,0.0,5.115660933976651,0.0,0.2754115373532976,0.5728420496097831,2.60553596550899,767.7006818227899,4,1543.4013636455795,True,110,41.73398232460022
leaky,5,roving_ramp,mixed,0.0008918063657808,5.120732696484819,0.01,0.0,0.966593662664458,2.586370656242081,767.7348426157204,4,1543.4696852314407,True,320,42.84030842781067
leaky,5,roving_ramp,mixed_leaky,0.0008990324305771,5.114798552657326,0.0100694177470443,0.2737159045491276,0.575918548658044,2.605578895137725,767.702459264701,5,1545.404918529402,True,138,34.65600347518921
leaky,2,roving_ramp,level,0.0,3.078628008103457,0.0,0.0,1.2390613879766974,3.082011630863596,439.58490133838046,3,885.1698026767609,True,80,17.329153537750244
leaky,2,roving_ramp,transient,1.0,0.0,2.2046609530263264,0.0,0.8093100698706113,2.6643786985502533,488.3957574100801,3,982.7915148201602,True,68,18.43903160095215
leaky,2,roving_ramp,leaky,0.0,3.078258827167764,0.0,0.005,1.230827426289999,3.0823559985665483,439.58633559913454,4,887.1726711982691,True,420,99.78709888458252
leaky,2,roving_ramp,mixed,0.0835438308619016,2.8841245620157223,0.5752101571348796,0.0,1.1933308790546295,3.20994779236313,438.60989459074256,4,885.2197891814851,True,265,61.30881643295288
leaky,2,roving_ramp,mixed_leaky,0.083476247953631,2.883651815059867,0.5746082578057582,0.005,1.1848201703875822,3.209998455730649,438.612761329433,5,887.225522658866,True,246,95.05609250068665
leaky,2,ramp,level,0.0,3.4444034775376657,0.0,0.0,1.2455428995614006,3.4190200887335145,392.1635932826389,3,790.3271865652778,True,116,22.334980249404907
leaky,2,ramp,transient,1.0,0.0,2.917134086814488,0.0,0.7066792476336122,2.9849193826043634,448.276632909811,3,902.553265819622,True,116,21.609321355819706
leaky,2,ramp,leaky,0.0,3.610630904891889,0.0,0.5606355914033558,0.084973796725115,3.633749736918718,391.9042758992312,4,791.8085517984623,True,265,71.49280953407288
leaky,2,ramp,mixed,0.0013258132688871,3.44295714486207,0.01,0.0,1.2457145508254142,3.4199268347867435,392.1663349073268,4,792.3326698146536,True,275,39.85078406333923
leaky,2,ramp,mixed_leaky,0.0012860649336654,3.608484138489279,0.0101661481464515,0.5582722453158555,0.0909046579098687,3.633138464269651,391.910325809396,5,793.820651618792,True,462,69.1557149887085
leaky,1,roving_mixed,level,0.0,4.20664414352563,0.0,0.0,1.5536528251308583,2.369928725503294,441.1307059312746,3,888.2614118625493,True,72,17.940444231033325
leaky,1,roving_mixed,transient,1.0,0.0,2.820345371995568,0.0,1.522878877102043,1.7721197940449678,484.4173031159589,3,974.834606231918,True,108,23.5936439037323
leaky,1,roving_mixed,leaky,0.0,4.642657339495051,0.0,1.6647748475333344,-1.4985155452587515,2.873411191883432,440.4543832871886,4,888.9087665743772,True,465,117.9321129322052
leaky,1,roving_mixed,mixed,0.0010866891053337,4.20158003608143,0.01,0.0,1.5530532274667446,2.370535729618968,441.1352342264892,4,890.2704684529784,True,320,46.57168531417847
leaky,1,roving_mixed,mixed_leaky,0.0009832523128342,4.644061323260796,0.01,1.6683241375414402,-1.4850378408584817,2.861378100280037,440.46088705624845,5,890.9217741124969,True,654,122.38445329666138
leaky,4,roving_ramp,level,0.0,2.137490536293328,0.0,0.0,1.1217842326391063,1.932349949885931,579.5249599128416,3,1165.0499198256832,True,96,28.793829917907715
leaky,4,roving_ramp,transient,1.0,0.0,0.01,0.0,0.9740253300178404,1.98370622262798,580.6250353261264,3,1167.2500706522528,True,172,37.806401014328
leaky,4,roving_ramp,leaky,0.0,2.1330981553376787,0.0,0.4900758247348539,0.6051104758365482,1.935683977415192,579.5107647605437,4,1167.0215295210874,True,180,43.140368700027466
leaky,4,roving_ramp,mixed,0.0021412434107277,2.1300666209398664,0.01,0.0,1.122776576781947,1.931388392145745,579.5310888598674,4,1167.0621777197348,True,155,23.2024998664856
leaky,4,roving_ramp,mixed_leaky,0.0042168261784554,2.1061584152812327,0.0195128989670704,0.5011308915528611,0.573113364243759,1.9517481944299144,579.522305430898,5,1169.044610861796,True,180,53.67685580253601
leaky,1,roving_ramp50,level,0.0,4.866425428354686,0.0,0.0,1.808341719177451,2.318392779245398,505.34477902814416,3,1016.6895580562884,True,88,17.203614473342896
leaky,1,roving_ramp50,transient,1.0,0.0,2.418470679466074,0.0,1.1849885556822062,1.938695437105799,584.9047217906669,3,1175.809443581334,True,132,24.5186607837677
leaky,1,roving_ramp50,leaky,0.0,5.546169996658467,0.0,1.9470354389039937,-2.1337518109640863,3.057990350010556,504.5821195969076,4,1017.1642391938152,True,665,148.5663981437683
leaky,1,roving_ramp50,mixed,0.0009384844427846,4.865811784261494,0.01,0.0,1.80879820857421,2.31882117190756,505.3581966458169,4,1018.7163932916338,True,360,48.09286880493164
leaky,1,roving_ramp50,mixed_leaky,0.0016457045555973,5.545634509988827,0.0199999205552203,1.9472380628306087,-2.133698991712917,3.0585269786875773,504.6166358391481,5,1019.2332716782962,True,90,117.86912894248962
leaky,4,roving_ramp50,level,0.0,4.968673787575819,0.0,0.0,1.1264395756964145,2.032132436155237,638.2122682111913,3,1282.4245364223823,True,152,34.83895945549011
leaky,4,roving_ramp50,transient,1.0,0.0,2.254473030379428,0.0,0.9834725235238232,2.032215773879334,644.7141730609769,3,1295.4283461219538,True,88,28.43637990951538
leaky,4,roving_ramp50,leaky,0.0,4.96548176167398,0.0,0.0059998339220741,1.1203601963443,2.031517749649602,638.2123729099927,4,1284.4247458199854,True,55,45.84285712242127
leaky,4,roving_ramp50,mixed,0.0121142032627675,4.901973928972841,0.1315130828880953,0.0,1.1260098772437228,2.0369777968908456,638.2073468367105,4,1284.414693673421,True,265,42.89222073554993
leaky,4,roving_ramp50,mixed_leaky,0.0121198701894033,4.899544000563472,0.131510135979333,0.0059997672013312,1.1195154028467451,2.0368039527150787,638.20748792455,5,1286.4149758491,True,72,44.16718745231629
leaky,4,roving_mixed,level,0.0,1.9761319412210328,0.0,0.0,0.5434775932392674,2.8222296625471377,603.2691651127825,3,1212.538330225565,True,80,24.551450967788696
leaky,4,roving_mixed,transient,1.0,0.0,0.4554761481708395,0.0,0.40680031896951,3.026017742780388,604.3860382606272,3,1214.7720765212543,True,148,34.26650595664978
leaky,4,roving_mixed,leaky,0.0,2.038720187939841,0.0,0.4803148823577478,-0.1951086935216245,2.82476118877768,603.2416484676394,4,1214.4832969352788,True,350,68.8581440448761
leaky,4,roving_mixed,mixed,0.0023144587789302,1.9703091837159568,0.01,0.0,0.5438865936368654,2.821897151954744,603.2718757522891,4,1214.5437515045785,True,195,59.044323444366455
leaky,4,roving_mixed,mixed_leaky,0.0044640084843569,2.0386909249363843,0.0199999671260634,0.4803719272256955,-0.1949588649703015,2.825520818409822,603.2463903098486,5,1216.4927806196972,True,102,41.05518698692322
leaky,3,roving_ramp,level,0.0,7.493113281025516,0.0,0.0,2.322486018924148,1.569488961686596,406.7578544663733,3,819.5157089327466,True,160,36.63475251197815
leaky,3,roving_ramp,transient,1.0,0.0,14.007903855949651,0.0,4.815481573408712,0.9725280180571184,420.8217579692197,3,847.6435159384394,True,192,66.64490962028503
leaky,3,roving_ramp,leaky,0.0,7.254748417857827,0.0,0.7652753161314945,1.5520789050678554,1.6098331362131857,406.7392535666777,4,821.4785071333554,True,215,51.1262104511261
leaky,3,roving_ramp,mixed,0.175074772239709,6.958226991308394,3.230854671758617,0.0,2.6940193471858254,1.4594806165024516,404.70964055681264,4,817.4192811136253,True,335,79.29618573188782
leaky,3,roving_ramp,mixed_leaky,0.1750111001125968,6.9632115967681765,3.23174383202564,0.0059999735458409,2.693108440421761,1.457672412777854,404.7096985373551,5,819.4193970747101,True,36,38.92076325416565
leaky,3,roving_mixed,level,0.0,4.797689283797022,0.0,0.0,0.8391128474940942,3.3377026408403325,395.974720991025,3,797.94944198205,False,184,40.880385398864746
leaky,3,roving_mixed,transient,1.0,0.0,3.0170534914468243,0.0,0.8402885910579009,2.7217820549243408,410.1820944823713,3,826.3641889647427,True,204,40.81184577941895
leaky,3,roving_mixed,leaky,0.0,4.81173152391779,0.0,0.2930201641390274,0.2825625697548556,3.4053044174289275,395.91370913167,4,799.8274182633401,True,180,49.76178550720215
leaky,3,roving_mixed,mixed,0.0288519683453452,4.706042983715426,0.3058832872338415,0.0,0.854840222513709,3.317098944117015,395.9377405923631,4,799.8754811847263,True,275,69.06883978843689
leaky,3,roving_mixed,mixed_leaky,0.0332380469992161,4.696590550894112,0.3532714115628978,0.261644653257818,0.3642030930796224,3.378301430457938,395.8747282008157,5,801.7494564016314,True,216,43.397660970687866
leaky,5,roving_ramp50,level,0.0,5.793017944596295,0.0,0.0,1.0977203242385396,2.764414705742708,737.7364099971231,3,1481.4728199942465,True,72,14.499717950820925
leaky,5,roving_ramp50,transient,1.0,0.0,3.633575561382653,0.0,0.9917326024280556,1.9535322436176632,824.3055893878296,3,1654.6111787756593,True,76,22.218842267990112
leaky,5,roving_ramp50,leaky,0.0,6.068345174689415,0.0,0.9435823321939444,-0.6109388613408987,3.018519001803293,737.4881051718696,4,1482.9762103437392,True,405,65.99356412887573
leaky,5,roving_ramp50,mixed,0.0007885844001163,5.7916106636535165,0.01,0.0,1.0980903114446958,2.764262115553273,737.7387187889979,4,1483.4774375779955,True,355,44.94729018211365
leaky,5,roving_ramp50,mixed_leaky,0.0007516901841424,6.076096977900438,0.01,0.9607591609694444,-0.6549233854124629,3.030437286100372,737.4917339885359,5,1484.9834679770718,True,534,96.8297929763794
leaky,2,roving_mixed,level,0.0,2.760015377812626,0.0,0.0,0.9600778134539528,3.4913952233762737,375.55062848577165,3,757.1012569715433,True,104,20.31497693061829
leaky,2,roving_mixed,transient,1.0,0.0,1.9332191376949488,0.0,0.8261372102966068,2.7215573118177643,406.8229338135999,3,819.6458676271998,True,72,9.877857685089111
leaky,2,roving_mixed,leaky,0.0,2.760453279128982,0.0,0.005,0.9512641898045908,3.4911818865952413,375.5509663377517,4,759.1019326755033,True,765,177.97078323364258
leaky,2,roving_mixed,mixed,0.0774247035551907,2.640162068378596,0.4847503857652893,0.0,0.9392594017025668,3.620007356232388,375.1193891815151,4,758.2387783630302,True,215,51.89981126785278
leaky,2,roving_mixed,mixed_leaky,0.0772636165544347,2.6401669340428326,0.4836582738442616,0.005,0.9298627188948916,3.6198009439707657,375.1211776101333,5,760.2423552202666,True,504,95.11490082740784
leaky,6,roving_ramp50,level,0.0,5.06213376197694,0.0,0.0,1.1408391029393048,3.472017321248281,574.454092973224,3,1154.908185946448,True,100,21.116524696350098
leaky,6,roving_ramp50,transient,1.0,0.0,3.484528413739437,0.0,0.9127990243819788,2.2427111031015587,690.857347382891,3,1387.714694765782,True,64,19.57240343093872
leaky,6,roving_ramp50,leaky,0.0,5.095677748232627,0.0,0.3057882871376279,0.5319887140416535,3.562943339769296,574.372064101133,4,1156.744128202266,True,115,35.44383406639099
leaky,6,roving_ramp50,mixed,0.0009024722933814,5.060158963425876,0.01,0.0,1.1411412077007688,3.4722910902794872,574.4623490847138,4,1156.9246981694275,True,260,43.277533531188965
leaky,6,roving_ramp50,mixed_leaky,0.0009098346975712,5.07931121542642,0.0101198128495866,0.2546431505663298,0.6415066474050508,3.541451179651887,574.3846051879151,5,1158.7692103758302,True,162,40.83746027946472
leaky,5,roving_mixed,level,0.0,6.296993573139069,0.0,0.0,1.4418258546469649,2.155484912024272,544.6961740350819,3,1095.3923480701635,True,104,25.77007007598877
leaky,5,roving_mixed,transient,1.0,0.0,1.9201409741873896,0.0,1.1394849329528831,1.93480684609887,580.4957410615831,3,1166.9914821231662,True,124,35.813796520233154
leaky,5,roving_mixed,leaky,0.0,6.38177385340937,0.0,1.23283155909084,-0.3095800139745252,2.345681316346888,544.5521883130804,4,1097.1043766261607,True,435,89.78539848327637
leaky,5,roving_mixed,mixed,0.0007256745819984,6.294090327865047,0.01,0.0,1.4419171829089388,2.155902125806941,544.7105319105274,4,1097.4210638210548,True,170,69.93973350524902
leaky,5,roving_mixed,mixed_leaky,0.0014304242070015,6.381599896870826,0.01999981321086,1.2329847947779469,-0.3095087105359796,2.3462564145538547,544.5808568213025,5,1099.161713642605,True,30,39.894497871398926
leaky,4,ramp,level,0.0,3.9215871957120063,0.0,0.0,0.6802755435469907,2.6792249545712368,633.5506011072797,3,1273.1012022145594,True,84,18.1486885547638
leaky,4,ramp,transient,1.0,0.0,3.1150605909649185,0.0,0.5723419215839208,2.738225072126572,638.918499284498,3,1283.836998568996,True,88,19.972312688827515
leaky,4,ramp,leaky,0.0,3.922812890583836,0.0,0.0059994583060826,0.6720229753036632,2.6791323307799444,633.5510785667101,4,1275.1021571334202,True,120,102.5449719429016
leaky,4,ramp,mixed,0.1646778231769852,3.447848361566213,1.4870963560959671,0.0,0.7322370164597698,2.6649458876942167,632.751784120576,4,1273.503568241152,True,225,49.11113882064819
leaky,4,ramp,mixed_leaky,0.1646051753225855,3.4478624148889923,1.4863171153272978,0.005,0.725303150449105,2.6647908295349727,632.7525983707712,5,1275.5051967415425,True,678,113.77381253242493
leaky,3,ramp,level,0.0,5.015640457979256,0.0,0.0,1.022571638821668,2.6893774110078272,540.6246223098325,3,1087.249244619665,True,72,16.759552717208862
leaky,3,ramp,transient,1.0,0.0,2.452167769490861,0.0,0.8037499865173988,2.337715827130429,584.1218568214786,3,1174.2437136429571,True,88,23.85709834098816
leaky,3,ramp,leaky,0.0,5.452124401024761,0.0,1.231964124619498,-1.298982124209834,3.04685972031451,540.5107250636681,4,1089.0214501273365,True,675,100.90348649024963
leaky,3,ramp,mixed,0.0009108580245279,5.013530991996891,0.01,0.0,1.0231339511211175,2.688768575295303,540.6346236153526,4,1089.269247230705,True,275,36.72340178489685
leaky,3,ramp,mixed_leaky,0.000836938064661,5.456739273622942,0.01,1.23899822280908,-1.3167022383185056,3.050400078584369,540.5203231628573,5,1091.0406463257143,True,1110,151.71865582466123
leaky,6,ramp,level,0.0,4.315552109840684,0.0,0.0,1.226801825280912,2.740284661009493,690.3179611695266,3,1386.6359223390532,True,124,27.29097294807434
leaky,6,ramp,transient,1.0,0.0,5.611972299982175,0.0,1.027265974336916,2.1174891466922534,788.544000364262,3,1583.088000728524,True,76,17.132169246673584
leaky,6,ramp,leaky,0.0,4.533167893086722,0.0,0.9244793643747754,-0.4345123506220895,3.0070842931967454,690.0861968194655,4,1388.172393638931,True,330,56.94573569297791
leaky,6,ramp,mixed,0.1235651810411986,4.172492425575968,1.2870099080501158,0.0,1.2820684067412862,2.7722443642748025,689.0270807569307,4,1386.0541615138611,True,265,32.27123832702637
leaky,6,ramp,mixed_leaky,0.1236175957773562,4.172031627639631,1.2874906446407854,0.0059989731354033,1.2733396969216153,2.7723292257696768,689.0289400209087,5,1388.0578800418175,True,96,36.395856857299805
leaky,3,roving_ramp50,level,0.0,4.333955091519709,0.0,0.0,0.8796908673634597,3.209414043051338,367.2511739349604,3,740.5023478699209,True,112,25.878735780715942
leaky,3,roving_ramp50,transient,1.0,0.0,3.0539281173077737,0.0,0.8951140724664591,2.6170009703700754,388.9490538973233,3,783.8981077946466,True,112,28.21796679496765
leaky,3,roving_ramp50,leaky,0.0,4.767935513630177,0.0,0.9049556782933932,-1.4642146779641725,3.981561789120706,366.8429495370078,4,741.6858990740157,True,450,127.59421682357788
leaky,3,roving_ramp50,mixed,0.0010539737207892,4.332139117991158,0.01,0.0,0.8802734404569235,3.208802554202773,367.2535822539072,4,742.5071645078143,True,225,61.12979030609131
leaky,3,roving_ramp50,mixed_leaky,0.0009571814070497,4.770676872469245,0.01,0.9072716879303704,-1.466455739024845,3.9780346028860216,366.84455571064944,5,743.6891114212989,True,558,106.36646151542664
leaky,6,roving_ramp,level,0.0,5.096128587509164,0.0,0.0,0.977300010326236,4.0231429251126585,525.5917340501503,3,1057.1834681003006,True,84,26.918757915496823
leaky,6,roving_ramp,transient,1.0,0.0,3.262097546752795,0.0,0.7966101380687436,2.533726139806339,617.4173259005279,3,1240.8346518010558,True,80,21.466752529144287
leaky,6,roving_ramp,leaky,0.0,5.096593148060568,0.0,0.0055518598574265,0.9663916410101766,4.021764396955789,525.5972163288666,4,1059.1944326577332,True,295,81.62723422050476
leaky,6,roving_ramp,mixed,0.0314339548412779,5.036305526116773,0.3575952158895794,0.0,0.9878373548829564,4.049489484319579,525.4264661220387,4,1058.8529322440777,True,290,50.52477478981018
leaky,6,roving_ramp,mixed_leaky,0.0312584586433284,5.035061145047872,0.3554464908536758,0.005,0.9771259537659231,4.048931239078524,525.4323975979792,5,1060.8647951959583,True,408,62.72123408317566
leaky,5,ramp,level,0.0,5.889933159175831,0.0,0.0,1.1591138295523329,2.505957722456964,756.8232700869727,3,1519.6465401739454,True,80,17.602769374847412
leaky,5,ramp,transient,1.0,0.0,4.426875118513105,0.0,1.0518586664677136,1.8737374014735744,843.3785719958557,3,1692.7571439917117,True,64,22.489431381225582
leaky,5,ramp,leaky,0.0,6.600581995357749,0.0,1.5422884235675691,-2.2291343927075458,3.2797202968893644,755.6380185652972,4,1519.2760371305944,True,515,118.911554813385
leaky,5,ramp,mixed,0.0007755693273387,5.888878207172631,0.01,0.0,1.1595384723220807,2.5061051972575097,756.8294777106317,4,1521.6589554212635,True,395,48.28779101371765
leaky,5,ramp,mixed_leaky,0.0006927623266353,6.593331690739702,0.01,1.5406760062726077,-2.2268910409600684,3.2804373830770404,755.6451197668852,5,1521.2902395337703,True,612,88.92460107803345
leaky,7,roving_ramp50,level,0.0,5.453407651873779,0.0,0.0,1.3019012905768017,2.562829642570877,663.6586127194713,3,1333.3172254389426,True,120,26.9933078289032
leaky,7,roving_ramp50,transient,1.0,0.0,3.382841551603613,0.0,1.1650703696468268,1.834448338179955,758.3669144738061,3,1522.7338289476122,True,120,26.3015525341034
leaky,7,roving_ramp50,leaky,0.0,5.454625357099353,0.0,0.3939916601019069,0.7312914857546889,2.600413385978856,663.6389157351038,4,1335.2778314702075,True,75,50.08828186988831
leaky,7,roving_ramp50,mixed,0.0008376166628956,5.452314773103511,0.01,0.0,1.3024679144452591,2.5626249577405584,663.6619904048474,4,1335.3239808096948,True,315,40.02553105354309
leaky,7,roving_ramp50,mixed_leaky,0.0008328180206793,5.483756985839158,0.01,0.5762391870823201,0.4405847512095344,2.635141179969217,663.6392278359101,5,1337.2784556718202,True,426,63.81549072265625
leaky,9,roving_ramp50,level,0.0,4.700291909660693,0.0,0.0,0.9843452177457408,2.632978366334858,864.6365980172901,3,1735.2731960345802,True,100,20.065232515335083
leaky,9,roving_ramp50,transient,1.0,0.0,2.7575857496417817,0.0,0.959263478362252,1.8599696342412069,950.924720080448,3,1907.849440160896,True,116,25.28142619132996
leaky,9,roving_ramp50,leaky,0.0,4.699638849970276,0.0,0.0059996502847328,0.9758948047869068,2.6332269770017325,864.6365919381384,4,1737.2731838762768,True,65,32.7780225276947
leaky,9,roving_ramp50,mixed,0.0009717433612507,4.6991179193945625,0.01,0.0,0.9851162294134348,2.6325330052118243,864.6470114438829,4,1737.2940228877658,True,305,39.64180541038513
leaky,9,roving_ramp50,mixed_leaky,0.0009719603223306,4.69806796153526,0.01,0.0059996420119617,0.9764758678598826,2.633025791870521,864.6470079451154,5,1739.2940158902309,True,96,31.50102949142456
leaky,9,roving_ramp,level,0.0,5.199650446521852,0.0,0.0,1.1337814389042906,2.665985539833444,563.6836927668039,3,1133.3673855336078,True,64,18.53233814239502
leaky,9,roving_ramp,transient,1.0,0.0,3.936239750271234,0.0,1.1034498007693714,2.108497085838964,611.6134269662784,3,1229.2268539325569,True,72,19.735896110534668
leaky,9,roving_ramp,leaky,0.0,5.19237578539068,0.0,0.3593373083260324,0.5796413045177267,2.7234430422265974,563.671930817494,4,1135.343861634988,True,140,34.66845774650574
leaky,9,roving_ramp,mixed,0.0785410877340841,4.957710660516648,0.924510739086594,0.0,1.1664101202890171,2.6776984088676565,562.8091182389696,4,1133.6182364779393,True,230,31.491936683654785
leaky,9,roving_ramp,mixed_leaky,0.0778944816242941,4.957373380729874,0.9161942192806084,0.0050131841662656,1.158630026862784,2.678412904852473,562.8097670084178,5,1135.6195340168356,True,582,81.06549787521362
leaky,8,ramp,level,0.0,4.462210802284953,0.0,0.0,0.8202927102348148,3.34232179646896,516.9812153721565,3,1039.962430744313,True,60,15.298516035079956
leaky,8,ramp,transient,1.0,0.0,3.521175397812269,0.0,0.7622358317180918,2.569162256442817,565.0416031272209,3,1136.0832062544418,True,96,25.944281816482544
leaky,8,ramp,leaky,0.0,4.461503763968649,0.0,0.005,0.8116920077365041,3.3419341786786307,516.9849991235521,4,1041.9699982471045,True,385,96.4969551563263
leaky,8,ramp,mixed,0.0010235655386011,4.460974507274029,0.01,0.0,0.8209564097584132,3.34181074950799,516.986579946802,4,1041.973159893604,True,320,39.66205835342407
leaky,8,ramp,mixed_leaky,0.0010236587554583,4.4605678638542585,0.01,0.005,0.812253539579757,3.341929618384033,516.9903641458561,5,1043.9807282917122,True,474,62.1889398097992
leaky,6,roving_mixed,level,0.0,5.2335805784850775,0.0,0.0,1.151829569735903,3.3979633501646824,523.6828266384633,3,1053.3656532769269,True,96,23.67736864089965
leaky,6,roving_mixed,transient,1.0,0.0,2.657366449827365,0.0,0.8547840693223331,2.383550774846217,603.2127161326066,3,1212.4254322652132,True,60,18.269684076309204
leaky,6,roving_mixed,leaky,0.0,5.668925673138064,0.0,0.7576411733033896,-0.7403193850372094,4.00940781997109,522.9177321723446,4,1053.8354643446892,True,350,103.71775102615356
leaky,6,roving_mixed,mixed,0.0008730269058704,5.230981797040073,0.01,0.0,1.1517901220144349,3.398880266558753,523.6906901086908,4,1055.3813802173815,True,245,35.08040452003479
leaky,6,roving_mixed,mixed_leaky,0.0008064473265449,5.663224395566877,0.01,0.7600979022399984,-0.7539040882863511,4.017108855895735,522.9284304851913,5,1055.8568609703825,True,510,163.63342428207395
leaky,8,roving_ramp,level,0.0,4.554601170553939,0.0,0.0,0.9196164102490062,2.986130015995071,526.3814869998747,3,1058.7629739997494,True,96,27.03428840637207
leaky,8,roving_ramp,transient,1.0,0.0,2.504374341128097,0.0,0.6584732050684623,2.811896312241912,556.8186933975701,3,1119.6373867951402,True,100,20.538120985031128
leaky,8,roving_ramp,leaky,0.0,4.736270301053952,0.0,0.7798925013432138,-0.7391152097008307,3.41669304967646,526.2599004094301,4,1060.5198008188602,True,465,126.12064790725708
leaky,8,roving_ramp,mixed,0.0275001982144524,4.485925996612814,0.2775289252866408,0.0,0.9225039250888982,3.0063042983567483,526.3327812164604,4,1060.6655624329208,True,215,28.239184617996216
leaky,8,roving_ramp,mixed_leaky,0.016817779922945,4.639679820021287,0.1736330950110116,0.6961788259739844,-0.5012877053879455,3.341768581464033,526.2530971022883,5,1062.5061942045766,True,558,92.49871921539308
leaky,7,roving_mixed,level,0.0,7.123097112971597,0.0,0.0,1.5504357295261992,2.749574230666531,401.2069061137516,3,808.4138122275032,True,88,19.74580907821656
leaky,7,roving_mixed,transient,1.0,0.0,4.118921428843072,0.0,1.3196696232660077,2.047015958352416,457.77382976875776,3,921.5476595375156,True,112,25.48711347579956
leaky,7,roving_mixed,leaky,0.0,7.124138800987699,0.0,0.005,1.5437875519422068,2.748827388650017,401.2091629766245,4,810.418325953249,True,395,108.99999713897704
leaky,7,roving_mixed,mixed,0.0242908622756355,7.0027042253678,0.3814153692880447,0.0,1.552751302925496,2.7611365990526298,401.11307084937766,4,810.2261416987553,True,325,49.97391104698181
leaky,7,roving_mixed,mixed_leaky,0.0242720430566132,7.0015971109665465,0.381052265745941,0.005,1.5452212836050327,2.761620938276621,401.1153621158834,5,812.2307242317668,True,276,99.57331490516664
leaky,7,roving_ramp,level,0.0,5.164656559511661,0.0,0.0,1.208563102994984,2.8462849550101725,587.5240461408991,3,1181.0480922817983,True,124,27.5657320022583
leaky,7,roving_ramp,transient,1.0,0.0,2.8827486918942395,0.0,0.9979439816279138,2.137542585073253,662.3329454732716,3,1330.6658909465432,True,64,18.8623480796814
leaky,7,roving_ramp,leaky,0.0,5.564222629054769,0.0,1.0805916312081385,-1.216539987047134,3.4810438533122494,587.3041328437425,4,1182.608265687485,True,575,142.82167720794678
leaky,7,roving_ramp,mixed,0.00088467311725,5.162058766835918,0.01,0.0,1.2087394099790345,2.846701734295676,587.5259979787674,4,1183.0519959575347,True,315,42.97730565071106
leaky,7,roving_ramp,mixed_leaky,0.0008228444816335,5.550279946706626,0.01,1.067101306063049,-1.1611862121286214,3.4592021526568457,587.3133395746843,5,1184.6266791493686,True,606,98.9804015159607
leaky,9,ramp,level,0.0,4.997430263513222,0.0,0.0,0.9936679687686484,2.817776133329241,790.705199600808,3,1587.410399201616,True,116,19.59775447845459
leaky,9,ramp,transient,1.0,0.0,5.949034634283152,0.0,1.10902394822206,1.878457379195432,899.1653109686276,3,1804.3306219372555,True,116,26.835209846496586
leaky,9,ramp,leaky,0.0,5.169098650348363,0.0,0.7802707097378605,-0.3853737283451703,3.0085014858636088,790.3084663703652,4,1588.6169327407304,True,345,83.27712202072144
leaky,9,ramp,mixed,0.0150251299670088,4.976427015810576,0.166081237616835,0.0,1.0024763904315783,2.8145647966014806,790.6893894606022,4,1589.3787789212045,True,270,32.06131076812744
leaky,9,ramp,mixed_leaky,0.0158432055118401,5.144687262247106,0.1811955747114465,0.7768556309066288,-0.3637245254432901,3.0004333447896334,790.3032548091741,5,1590.606509618348,True,432,76.85124349594116
leaky,7,ramp,level,0.0,6.322738230142389,0.0,0.0,1.6691513897291623,2.3277892915218104,681.4852767020059,3,1368.9705534040118,True,96,22.36448550224304
leaky,7,ramp,transient,1.0,0.0,5.2340695577363086,0.0,1.500900009016113,1.56717327225826,819.8523558684714,3,1645.7047117369427,True,120,28.07780861854553
leaky,7,ramp,leaky,0.0,7.462763701713226,0.0,2.2719268883956176,-4.090379022452543,3.555404875721256,679.7827704518451,4,1367.56554090369,True,620,139.7501504421234
leaky,7,ramp,mixed,0.0007225025426181,6.321743657636354,0.01,0.0,1.6697982734707046,2.327565947718416,681.4993780311701,4,1370.99875606234,True,255,35.76294660568237
leaky,7,ramp,mixed_leaky,0.0006115907114044,7.4690192879486865,0.01,2.291335850777492,-4.22660810248527,3.5915184842493697,679.7808981360444,5,1369.5617962720887,True,732,109.93427920341492
leaky,9,roving_mixed,level,0.0,4.824700908120412,0.0,0.0,0.9192279841800752,2.9739501945592908,650.6686025050432,3,1307.3372050100863,True,68,17.719967126846313
leaky,9,roving_mixed,transient,1.0,0.0,2.4996054177031684,0.0,0.6785109812980071,2.527510093685511,691.1468511470804,3,1388.2937022941608,True,108,32.765236616134644
leaky,9,roving_mixed,leaky,0.0,4.823520723962277,0.0,0.005,0.9116117287402338,2.9731995180383306,650.6706469582441,4,1309.3412939164882,True,390,106.7398624420166
leaky,9,roving_mixed,mixed,0.0023495992761467,4.816218461655531,0.0248159807118056,0.0,0.9193456927760884,2.974871568057512,650.6680902830246,4,1309.3361805660493,True,400,53.08265256881714
leaky,9,roving_mixed,mixed_leaky,0.0018924224262242,4.82146647243863,0.0199999878031449,0.0050000091043067,0.9121001122605245,2.974761683057995,650.6701795884201,5,1311.34035917684,True,30,70.46050715446472
leaky,11,roving_ramp,level,0.0,2.952095369194077,0.0,0.0,0.6514167368720137,2.6327364090840546,623.0611663398334,3,1252.122332679667,True,180,37.81643986701965
leaky,11,roving_ramp,transient,1.0,0.0,0.912678272835028,0.0,0.5594145665258381,2.623017372936524,626.2541150823558,3,1258.5082301647117,True,120,30.597591876983643
leaky,11,roving_ramp,leaky,0.0,2.954180905166953,0.0,0.0059996456366819,0.6433229771157076,2.6326220818320625,623.0613427495259,4,1254.1226854990518,True,95,44.5543212890625
leaky,11,roving_ramp,mixed,0.0015490960165755,2.946039265549385,0.01,0.0,0.6519587416990018,2.6319644614984568,623.0649710766672,4,1254.1299421533345,True,300,44.09102725982666
leaky,11,roving_ramp,mixed_leaky,0.0015476288723228,2.9488364287745044,0.01,0.0059996470337748,0.6439009173029658,2.6318568779564107,623.0651434925392,5,1256.1302869850783,True,60,33.993417739868164
leaky,8,roving_ramp50,level,0.0,4.183149290180748,0.0,0.0,0.8320721369762049,3.029959709208333,544.8147487318342,3,1095.6294974636685,True,104,18.570358276367188
leaky,8,roving_ramp50,transient,1.0,0.0,3.181866068383542,0.0,0.7334254746008045,2.6340232727284003,580.5463336869892,3,1167.0926673739784,True,104,24.4600682258606
leaky,8,roving_ramp50,leaky,0.0,5.023949995866416,0.0,1.4877745443939636,-5.0,5.173964058374701,543.0750731290636,4,1094.1501462581273,True,525,136.90857982635498
leaky,8,roving_ramp50,mixed,0.0280450880561125,4.127967080556811,0.2605894088755737,0.0,0.8410370818652365,3.0342905557012108,544.7701978251712,4,1097.5403956503424,True,335,42.46480417251587
leaky,8,roving_ramp50,mixed_leaky,0.0018163545006844,5.02377200731992,0.0199999970905566,1.4879255329551258,-4.999956096829726,5.174425140544933,543.0756210698239,5,1096.1512421396478,False,246,115.82888555526732
leaky,10,roving_ramp,level,0.0,2.792845703040598,0.0,0.0,0.7551437516800185,4.149415600279643,261.4845040313398,3,528.9690080626796,True,72,21.22632098197937
leaky,10,roving_ramp,transient,1.0,0.0,1.7860267915245371,0.0,0.4540026169597693,4.374140587059446,281.5764941996941,3,569.1529883993882,True,84,11.414973974227903
leaky,10,roving_ramp,leaky,0.0,2.7923776257632884,0.0,0.005,0.7444350206067166,4.149251350457617,261.49094985830646,4,530.9818997166129,True,145,101.07016587257384
leaky,10,roving_ramp,mixed,0.0016363814877619,2.788652134316364,0.01,0.0,0.7546061050710033,4.152519001252316,261.49459501920734,4,530.9891900384147,True,250,45.0042245388031
leaky,10,roving_ramp,mixed_leaky,0.0016365136685152,2.788426526479449,0.01,0.005,0.7441423473861984,4.151173727243873,261.5010787882923,5,533.0021575765846,True,252,88.96978712081909
leaky,10,ramp,level,0.0,3.642229139242543,0.0,0.0,1.0567436885083812,3.916413754785039,276.8736295118763,3,559.7472590237526,True,124,22.00941061973572
leaky,10,ramp,transient,1.0,0.0,4.587741168171142,0.0,0.7477586293983324,3.51362097431526,317.8981277739175,3,641.796255547835,True,72,15.240295171737673
leaky,10,ramp,leaky,0.0,4.078302850364893,0.0,0.7145910809387525,-1.4383245526618464,5.240572148094392,276.5963802443665,4,561.192760488733,True,380,103.40995693206789
leaky,10,ramp,mixed,0.1141593684044707,3.538210993090745,0.9975841371771856,0.0,1.0877389641107926,4.0063069045284525,276.53012814410465,4,561.0602562882093,True,255,37.167757749557495
leaky,10,ramp,mixed_leaky,0.1134709540526142,3.5390670995505924,0.9910381668292008,0.005,1.077145148861437,4.0065692481874144,276.53267745672605,5,563.0653549134521,True,504,79.86980605125427
leaky,12,roving_ramp50,level,0.0,3.3785084319175023,0.0,0.0,1.280798665754565,2.03528229054216,545.0878700538459,3,1096.1757401076918,True,124,29.24471092224121
leaky,12,roving_ramp50,transient,1.0,0.0,1.9016110113297024,0.0,1.1027278153101714,1.9752250879986728,559.2199977243073,3,1124.4399954486146,True,112,29.055774688720703
leaky,12,roving_ramp50,leaky,0.0,3.3825474604196804,0.0,0.0059998801548105,1.277703123283938,2.031904293919941,545.0879974668912,4,1098.1759949337825,True,25,33.73285460472107
leaky,12,roving_ramp50,mixed,0.0013519995932395,3.376183393700894,0.01,0.0,1.2818125035306471,2.034582926945705,545.0930594449981,4,1098.186118889996,False,295,65.75516700744629
leaky,12,roving_ramp50,mixed_leaky,0.0013503362163632,3.3803478886212863,0.01,0.0059998781943504,1.2786653784737687,2.031197772046242,545.0931858374058,5,1100.1863716748117,True,30,35.750388622283936
leaky,10,roving_ramp50,level,0.0,2.4781975831829453,0.0,0.0,0.6603032673371807,4.210901660507498,350.24487957388607,3,706.4897591477721,True,100,20.26245164871216
leaky,10,roving_ramp50,transient,1.0,0.0,1.0160773251202044,0.0,0.4145518318636927,3.782472318770176,377.8729849457786,3,761.7459698915573,True,84,18.278438806533813
leaky,10,roving_ramp50,leaky,0.0,2.4782949336672204,0.0,0.005,0.6495049957506543,4.210962910146976,350.2458034256131,4,708.4916068512262,True,560,146.85427474975586
leaky,10,roving_ramp50,mixed,0.0018417060476975,2.477246703441505,0.01,0.0,0.660687643634958,4.211776967207449,350.2524036423151,4,708.5048072846301,True,265,33.00762176513672
leaky,10,roving_ramp50,mixed_leaky,0.0018411790299877,2.477957097023137,0.01,0.005,0.6499054627608312,4.212231275267358,350.2533723152464,5,710.5067446304928,True,660,86.94512486457825
leaky,8,roving_mixed,level,0.0,4.626911532376549,0.0,0.0,0.6123010618556434,3.915345415430222,503.0644133212386,3,1012.1288266424772,True,72,24.19164228439331
leaky,8,roving_mixed,transient,1.0,0.0,1.7925020686591862,0.0,0.4709744392130372,3.270377698953648,526.3884421950062,3,1058.7768843900124,True,128,31.71839952468872
leaky,8,roving_mixed,leaky,0.0,4.625740679095584,0.0,0.005,0.602057755335751,3.9154399187292057,503.0650076576915,4,1014.130015315383,True,630,175.91277146339417
leaky,8,roving_mixed,mixed,0.00477330780536,4.618126643896388,0.0484588507457989,0.0,0.614561406775083,3.914200902819995,503.062911289213,4,1014.125822578426,True,270,36.82999610900879
leaky,8,roving_mixed,mixed_leaky,0.0045869169060924,4.616727591397198,0.0465437771523402,0.005,0.6037962354527141,3.916538557766936,503.0635159903231,5,1016.1270319806462,True,774,115.11317658424376
leaky,15,roving_ramp,level,0.0,4.653004785964759,0.0,0.0,2.084129654509141,2.624229822493315,332.1124129814948,3,670.2248259629896,True,120,23.20932459831237
leaky,15,roving_ramp,transient,1.0,0.0,2.351806228830232,0.0,1.8937472703596727,1.5804848292154503,407.13015644327504,3,820.2603128865501,True,124,17.496177673339844
leaky,15,roving_ramp,leaky,0.0,4.652442323179032,0.0,0.0059992789876941,2.0756166064320256,2.624390372109181,332.11302997108,4,672.22605994216,True,75,35.06803274154663
leaky,15,roving_ramp,mixed,0.0009822467555083,4.64882027618049,0.01,0.0,2.083398217827149,2.624921357792705,332.119805336747,4,672.239610673494,True,325,41.31953406333923
leaky,15,roving_ramp,mixed_leaky,0.0009823703182728,4.648234971583977,0.01,0.0059992489808475,2.074843172982097,2.625138178047511,332.1204218292266,5,674.2408436584532,True,96,30.56692099571228
leaky,12,roving_ramp,level,0.0,3.451753449942411,0.0,0.0,1.1291235093586376,2.2437375536853947,508.6333924454476,3,1023.2667848908952,True,72,17.93395686149597
leaky,12,roving_ramp,transient,1.0,0.0,3.25832148844374,0.0,1.1370790201404832,2.0889583143659136,517.6883666974014,3,1041.3767333948028,True,72,20.733863353729248
leaky,12,roving_ramp,leaky,0.0,3.7827918204358952,0.0,1.7703901641880733,-1.900819958758284,2.6700845853558093,508.3816437573891,4,1024.7632875147783,True,710,164.86286234855652
leaky,12,roving_ramp,mixed,0.1562711092468278,3.1354662351210427,1.2705382649557608,0.0,1.1986000389338234,2.217759802765453,507.92113685733386,4,1023.8422737146676,True,255,57.33702683448792
leaky,12,roving_ramp,mixed_leaky,0.155705385277561,3.121801777034221,1.2595771811181562,0.2968582047815548,0.8249476353519377,2.239838016909976,507.8938823729397,5,1025.7877647458797,True,162,42.087953329086304
leaky,11,roving_ramp50,level,0.0,2.758751694258925,0.0,0.0,0.689198250280397,2.6228031168224804,591.4192318717731,3,1188.8384637435463,True,80,20.19750022888184
leaky,11,roving_ramp50,transient,1.0,0.0,1.2987767175251552,0.0,0.57158608169021,2.6937586742676687,595.1771529407512,3,1196.3543058815023,True,152,31.09001517295837
leaky,11,roving_ramp50,leaky,0.0,3.363630381105333,0.0,1.7356016893746342,-3.1279320927952696,3.2771465339756274,590.8458059600139,4,1189.6916119200278,True,620,151.8683705329895
leaky,11,roving_ramp50,mixed,0.0016567259953048,2.754351504776354,0.01,0.0,0.689441032108529,2.6227473810607616,591.4198559789796,4,1190.8397119579593,True,270,37.57725977897644
leaky,11,roving_ramp50,mixed_leaky,0.0027104161107105,3.363608698497347,0.020000000214876,1.735728515102585,-3.1279044927295847,3.277490797734957,590.8449713124929,5,1191.689942624986,True,84,103.01098489761353
leaky,12,ramp,level,0.0,2.65453184253209,0.0,0.0,1.1319174834059176,2.156902528210728,543.6421793750594,3,1093.2843587501188,True,136,25.763081789016724
leaky,12,ramp,transient,1.0,0.0,0.488574574986832,0.0,0.8759452389119115,2.121608798649165,557.0571679061785,3,1120.114335812357,True,80,25.60632085800171
leaky,12,ramp,leaky,0.0,3.1004486879803,0.0,2.4296113337174665,-3.102780115502604,2.6502263589533768,543.340481455568,4,1094.680962911136,True,765,115.6469395160675
leaky,12,ramp,mixed,0.0017197123596414,2.6533029293436186,0.01,0.0,1.1331607902358185,2.155818941873473,543.659686744085,4,1095.31937348817,True,190,59.489290952682495
leaky,12,ramp,mixed_leaky,0.0029398188605875,3.1004171928611406,0.0199999625415016,2.429720674805248,-3.102762191535047,2.650512831263547,543.3699495477109,5,1096.7398990954218,True,180,48.84698390960693
leaky,14,ramp,level,0.0,6.132250316659312,0.0,0.0,1.4845274015981411,3.600628341238793,314.91041448884016,3,635.8208289776803,True,76,16.329244375228882
leaky,14,ramp,transient,1.0,0.0,7.568040960238843,0.0,1.4907175356082678,2.2217812391713467,390.43077706818167,3,786.8615541363633,True,72,15.527924060821531
leaky,14,ramp,leaky,0.0,6.384817504965921,0.0,0.5789523919152244,0.2042688616709386,3.864586481179453,314.55381567976536,4,637.1076313595307,True,350,73.7973222732544
leaky,14,ramp,mixed,0.1182070006410763,5.935394575684268,1.7407483534674422,0.0,1.5496828576125408,3.723421937677095,313.93124339160494,4,635.8624867832099,True,240,31.79442429542541
leaky,14,ramp,mixed_leaky,0.106885906589008,5.971853630045182,1.5636246331612584,0.2464934944314976,1.0442439677690116,3.750815559444107,313.90414777779915,5,637.8082955555983,True,168,39.91208553314209
leaky,12,roving_mixed,level,0.0,3.2511471839097883,0.0,0.0,0.6474286065363885,3.084143338862233,507.02815686816734,3,1020.0563137363348,True,148,32.400020360946655
leaky,12,roving_mixed,transient,1.0,0.0,0.6660089683907415,0.0,0.8236122783884019,2.328580051692259,512.9162322363698,3,1031.8324644727395,True,172,39.00142765045166
leaky,12,roving_mixed,leaky,0.0,3.2496720204286498,0.0,0.005,0.639974284068811,3.082249328556128,507.0320145579653,4,1022.0640291159308,True,395,105.13418483734132
leaky,12,roving_mixed,mixed,0.0014058858908019,3.246602233175772,0.01,0.0,0.647784362656012,3.083756675484427,507.0357864544589,4,1022.0715729089176,True,235,56.05917692184448
leaky,12,roving_mixed,mixed_leaky,0.0014067533714367,3.244597383082534,0.01,0.005,0.6403402894661067,3.081639392972266,507.039637455367,5,1024.079274910734,True,186,85.041188955307
leaky,10,roving_mixed,level,0.0,3.0081699876368275,0.0,0.0,1.1058915685421091,3.01603734480696,247.54035108055447,3,501.08070216110895,True,76,19.39220929145813
leaky,10,roving_mixed,transient,1.0,0.0,1.910896495208248,0.0,1.2520981668741102,2.2890611260941154,261.36527057516014,3,528.7305411503203,True,192,47.85891580581665
leaky,10,roving_mixed,leaky,0.0,3.427128816736989,0.0,1.1496475234361627,-0.8872645396602293,3.064304515000513,247.30711184939847,4,502.6142236987971,True,420,111.17427492141724
leaky,10,roving_mixed,mixed,0.0015185441899265,3.005403047759601,0.01,0.0,1.1054699574365063,3.018179844147335,247.54333808453327,4,503.08667616906655,True,175,62.55418205261231
leaky,10,roving_mixed,mixed_leaky,0.0013333277501765,3.423527275447184,0.01,1.147659868066291,-0.8861417399795595,3.066816797643367,247.310914607468,5,504.62182921493593,True,588,184.9445443153381
leaky,13,roving_ramp50,level,0.0,4.466622148977014,0.0,0.0,0.8057850285821636,2.876853562998172,469.3693480739633,3,944.7386961479266,True,112,29.04710054397583
leaky,13,roving_ramp50,transient,1.0,0.0,2.2486161763069976,0.0,0.6310772928119449,2.875705969521182,480.0664041531586,3,966.1328083063172,True,92,24.87337350845337
leaky,13,roving_ramp50,leaky,0.0,4.466103124389547,0.0,0.005,0.7982298924808965,2.876832153211014,469.37029184633474,4,946.7405836926696,True,405,115.69915437698364
leaky,13,roving_ramp50,mixed,0.0123512712723025,4.430831113215879,0.1212283500365916,0.0,0.8084608945091654,2.880356003887625,469.3642267658588,4,946.7284535317176,True,255,36.000385999679565
leaky,13,roving_ramp50,mixed_leaky,0.0123607533417696,4.427471783086699,0.121230598471023,0.0059987035551737,0.7989940720176307,2.8808062521423285,469.3654078422742,5,948.7308156845484,True,108,31.17166495323181
leaky,13,roving_mixed,level,0.0,4.559286727251688,0.0,0.0,0.8609818698147338,2.926962172103882,380.4847684257679,3,766.9695368515357,True,152,25.83387541770935
leaky,13,roving_mixed,transient,1.0,0.0,2.0744614121988456,0.0,0.7129343854714559,2.944619533269356,386.43777826613376,3,778.8755565322675,True,84,26.238895177841187
leaky,13,roving_mixed,leaky,0.0,4.560759828449799,0.0,0.005,0.8537950896082945,2.9261860816532304,380.4857648550613,4,768.9715297101226,True,435,73.08950710296631
leaky,13,roving_mixed,mixed,0.0170546116065836,4.484695074433833,0.1702374910321614,0.0,0.8639355782595776,2.9324200708064376,380.47628349437935,4,768.9525669887587,True,230,32.334951877593994
leaky,13,roving_mixed,mixed_leaky,0.0155417238016196,4.491103692413724,0.155118930250069,0.005,0.8556572771677963,2.9330377465058555,380.4773490922557,5,770.9546981845115,True,510,84.78264379501343
leaky,13,roving_ramp,level,0.0,3.4196924649876586,0.0,0.0,0.7586451855357491,2.705169693164532,547.1065676270886,3,1100.2131352541771,True,76,23.422978162765503
leaky,13,roving_ramp,transient,1.0,0.0,2.259301810864552,0.0,0.7195227551198902,2.58849376020044,551.9282744900237,3,1109.8565489800474,True,172,28.906311511993408
leaky,13,roving_ramp,leaky,0.0,3.42020266295683,0.0,0.0053543247159479,0.7511395944132525,2.7050341763459738,547.1070680244615,4,1102.214136048923,True,545,93.2235779762268
leaky,13,roving_ramp,mixed,0.0888428653828991,3.155483011768393,0.6731393355569558,0.0,0.7853034710070489,2.689196502593965,546.916897746653,4,1101.833795493306,True,295,61.44753789901733
leaky,13,roving_ramp,mixed_leaky,0.088863775997176,3.1534303740341287,0.6728752326617782,0.0051430415576365,0.7779503981854955,2.6891829026930485,546.9172634542871,5,1103.8345269085742,True,180,69.20718789100647
leaky,11,ramp,level,0.0,2.930991981516666,0.0,0.0,1.049056556405359,2.084823906825326,557.8705964320379,3,1121.741192864076,True,148,34.86814522743225
leaky,11,ramp,transient,1.0,0.0,1.522373705293652,0.0,0.8485781188260767,2.213515858593799,561.4432822272043,3,1128.8865644544087,True,88,23.75409770011902
leaky,11,ramp,leaky,0.0,3.1392063715866354,0.0,1.8833283782931631,-1.6500440274478374,2.321281004639058,557.7554054985795,4,1123.510810997159,True,735,196.5775735378265
leaky,11,ramp,mixed,0.0089440895678293,2.911937634002564,0.0574949763257246,0.0,1.05132666464294,2.0839638405134115,557.8696806922305,4,1123.739361384461,True,245,33.28502178192139
leaky,11,ramp,mixed_leaky,0.0029036222767767,3.1391867627746186,0.0199999993677675,1.8834548571983216,-1.6500205268190655,2.321522342855525,557.755292391732,5,1125.510584783464,True,84,71.11147046089172
leaky,11,roving_mixed,level,0.0,3.790861807301647,0.0,0.0,0.5322830830849513,3.068073375001094,623.2117998804497,3,1252.4235997608994,True,84,25.05919361114502
leaky,11,roving_mixed,transient,1.0,0.0,1.543194641618005,0.0,0.4111052381184765,3.150561165344933,627.2149289894122,3,1260.4298579788244,True,120,32.790910720825195
leaky,11,roving_mixed,leaky,0.0,3.98435834510844,0.0,0.898887020614625,-1.598794206053515,3.662170024878387,623.0248440490415,4,1254.049688098083,True,530,157.05226802825928
leaky,11,roving_mixed,mixed,0.0012066578546807,3.7833946732588473,0.01,0.0,0.5324499395550988,3.0678868428530186,623.2131620039692,4,1254.4263240079383,True,290,43.06550288200378
leaky,11,roving_mixed,mixed_leaky,0.0011930334432804,3.993726350810323,0.0104366040056756,0.9404848100945143,-1.7431116053020312,3.70486559003176,623.0144558068691,5,1256.0289116137385,True,894,129.5798864364624
leaky,13,ramp,level,0.0,3.5229149744370014,0.0,0.0,0.4536882119729685,3.714896925725373,519.4841261399273,3,1044.9682522798546,True,88,17.2138032913208
leaky,13,ramp,transient,1.0,0.0,1.9192521872551145,0.0,0.3510826832240878,3.538438394162421,530.6802555306332,3,1067.3605110612664,False,236,38.83188128471375
leaky,13,ramp,leaky,0.0,3.523719293303172,0.0,0.005,0.444171739775854,3.7149650626859976,519.4854065187429,4,1046.970813037486,True,570,139.91994524002075
leaky,13,ramp,mixed,0.0012965708866397,3.5207114199080176,0.01,0.0,0.4544491729390513,3.713436680046008,519.4875601351148,4,1046.9751202702296,True,305,42.252461433410645
leaky,13,ramp,mixed_leaky,0.0012973941579297,3.518474425387108,0.01,0.0059982282065839,0.4423747177187208,3.715055184052065,519.4890996241609,5,1048.9781992483215,True,54,32.65933632850647
leaky,14,roving_ramp,level,0.0,6.267821051344437,0.0,0.0,1.6591480006230768,3.1311115265270626,213.88411106000044,3,433.76822212000087,True,92,23.990540981292725
leaky,14,roving_ramp,transient,1.0,0.0,3.2016120502774634,0.0,1.138628070549491,2.5806133924696,262.0726436226071,3,530.1452872452141,True,68,18.99665927886963
leaky,14,roving_ramp,leaky,0.0,6.660675824025001,0.0,0.8489307023970432,-0.2496487212836224,3.651152863404025,213.6392783016082,4,435.2785566032164,True,295,93.96333384513856
leaky,14,roving_ramp,mixed,0.0007290835686798,6.2646395862165,0.01,0.0,1.658997628218775,3.1321565186189373,213.88481298915283,4,435.76962597830567,True,295,53.117701053619385
leaky,14,roving_ramp,mixed_leaky,0.0006857281895309,6.661012371331695,0.01,0.8540506746322171,-0.2645442095431377,3.654904278050601,213.6416740862332,5,437.2833481724665,True,522,86.62338542938232
leaky,20,roving_ramp,level,0.0,0.01,0.0,0.0,30.0,15.0,219.7518793910271,3,445.5037587820542,True,8,1.9850974082946773
leaky,20,roving_ramp,transient,1.0,0.0,0.01,0.0,30.0,15.0,219.7518793910271,3,445.5037587820542,True,8,2.098753929138184
leaky,20,roving_ramp,leaky,0.0,0.01,0.0,4.999999999999999,30.0,15.0,219.7518793910271,4,447.5037587820542,True,10,2.504351854324341
leaky,20,roving_ramp,mixed,0.4775764455742727,0.01,0.02,0.0,30.0,15.0,219.7518793910271,4,447.5037587820542,True,5,1.4214439392089844
leaky,20,roving_ramp,mixed_leaky,0.4775764455742727,0.01,0.02,0.0059999999999999,30.0,15.0,219.7518793910271,5,449.5037587820542,True,6,2.338247299194336
leaky,16,ramp,level,0.0,4.856403848635497,0.0,0.0,1.256775421743664,3.803026816141141,753.4244395835788,3,1512.8488791671575,True,96,13.46881365776062
leaky,16,ramp,transient,1.0,0.0,3.2912729015103186,0.0,0.6893527642203404,2.329233647719793,917.7808351709164,3,1841.561670341833,True,88,18.13271975517273
leaky,16,ramp,leaky,0.0,5.01552549547039,0.0,0.4121190329206181,0.3393891493604651,3.987263483254714,753.11939473841,4,1514.23878947682,True,265,41.06406378746033
leaky,16,ramp,mixed,0.00094041444579,4.855816347648169,0.01,0.0,1.2575366439852196,3.8030118487088673,753.4386227049223,4,1514.8772454098446,True,270,24.84325480461121
leaky,16,ramp,mixed_leaky,0.000910942332205,5.013066566874806,0.01,0.4096398237024165,0.3467908556043488,3.984986878817177,753.1383033553996,5,1516.2766067107991,True,276,53.158249616622925
leaky,16,roving_mixed,level,0.0,4.296521636532099,0.0,0.0,1.272992374068513,3.129553039736164,411.975595420594,3,829.9511908411879,True,76,18.025779724121094
leaky,16,roving_mixed,transient,1.0,0.0,1.9016768811310651,0.0,1.0380541283367162,2.185391348683252,473.6075281217765,3,953.215056243553,True,80,14.57478642463684
leaky,16,roving_mixed,leaky,0.0,4.404209648278635,0.0,0.5281425375711458,0.289602820787467,3.2703209193794995,411.9057922771744,4,831.8115845543488,True,335,52.53929877281189
leaky,16,roving_mixed,mixed,0.0010634921766409,4.293324745308657,0.01,0.0,1.272904035774161,3.129946065731796,411.99948434285136,4,831.9989686857027,True,245,30.843414545059204
leaky,16,roving_mixed,mixed_leaky,0.0010379598989829,4.399046615643328,0.01,0.5245813759555278,0.2969141097195242,3.2688480521022085,411.930812449034,5,833.8616248980679,True,330,55.071701765060425
leaky,17,roving_ramp,level,0.0,5.078780617297618,0.0,0.0,1.3392307348711847,2.915424073246558,599.3147035193106,3,1204.6294070386211,True,124,18.27635765075684
leaky,17,roving_ramp,transient,1.0,0.0,2.40430183394737,0.0,1.3610948861894376,1.6692057622393697,708.9892261533982,3,1423.9784523067965,True,120,19.70779919624329
leaky,17,roving_ramp,leaky,0.0,5.116877756366844,0.0,0.4423848426912824,0.5927033941927615,2.9962337482859795,599.2848003049576,4,1206.5696006099151,True,305,44.77181386947632
leaky,17,roving_ramp,mixed,0.0008995088861302,5.076844576067501,0.01,0.0,1.3389726958821009,2.916913729328305,599.3313411429702,4,1206.6626822859405,True,310,33.5421085357666
leaky,17,roving_ramp,mixed_leaky,0.0008930752976637,5.113450375491674,0.01,0.4386988627581208,0.5997491405842039,2.9951315014632174,599.3022527970086,5,1208.6045055940172,True,432,55.202197790145874
leaky,16,roving_ramp50,level,0.0,4.4796999675161,0.0,0.0,1.133550514174991,3.9010936329883754,556.4513134267909,3,1118.9026268535818,True,76,12.32588505744934
leaky,16,roving_ramp50,transient,1.0,0.0,1.7850021414529404,0.0,0.741291223913379,2.380079197857388,681.3733451730584,3,1368.7466903461168,True,88,18.597233295440677
leaky,16,roving_ramp50,leaky,0.0,4.480705063688784,0.0,0.005,1.123919836366721,3.901300001754449,556.4559546550797,4,1120.9119093101594,True,395,79.40714454650879
leaky,16,roving_ramp50,mixed,0.0010196006026593,4.478339739264322,0.01,0.0,1.1340235080734538,3.901315856956292,556.4680403362923,4,1120.9360806725847,True,270,33.4319908618927
leaky,16,roving_ramp50,mixed_leaky,0.0010195129501726,4.478725156883832,0.01,0.005,1.1242995054988272,3.900878923858592,556.4727574879224,5,1122.9455149758448,True,420,48.860084533691406
leaky,17,roving_ramp50,level,0.0,4.839332363801948,0.0,0.0,1.350752101312901,2.80667194423817,606.6885416493932,3,1219.3770832987864,True,112,15.949930429458618
leaky,17,roving_ramp50,transient,1.0,0.0,2.9020415564068616,0.0,1.072874106367243,1.9782234026775696,714.6676653389762,3,1435.3353306779525,True,116,18.02788090705872
leaky,17,roving_ramp50,leaky,0.0,5.065940955685166,0.0,0.8639894188370015,-0.2673907099281193,3.115018835763287,606.4638505610353,4,1220.9277011220706,True,340,72.10741114616394
leaky,17,roving_ramp50,mixed,0.0009439106132816,4.837813872385113,0.01,0.0,1.3511116917270536,2.8072205002242105,606.6945385055725,4,1221.389077011145,True,355,41.76410984992981
leaky,17,roving_ramp50,mixed_leaky,0.0009021402940358,5.062022849753575,0.01,0.8606990295734062,-0.2593516980534711,3.113302639244321,606.4723792831211,5,1222.9447585662422,True,402,51.99018955230713
leaky,15,roving_ramp50,level,0.0,3.404112374799395,0.0,0.0,1.3035349271267649,3.2120717187661376,506.31333018789127,3,1018.6266603757824,True,128,18.41577363014221
leaky,15,roving_ramp50,transient,1.0,0.0,1.8284806958816908,0.0,0.7956409454849176,2.4413874200105563,578.3432208631265,3,1162.686441726253,True,168,23.418747425079346
leaky,15,roving_ramp50,leaky,0.0,3.552711818505514,0.0,0.6558426612027609,-0.0094788671579555,3.4413938952765384,506.18763058015367,4,1020.3752611603072,True,340,69.93326950073242
leaky,15,roving_ramp50,mixed,0.0282101068169121,3.346927286330599,0.212563394185336,0.0,1.2954539635078666,3.2425619119930227,506.1662180684853,4,1020.3324361369706,True,235,41.86392879486084
leaky,15,roving_ramp50,mixed_leaky,0.0191937854547192,3.4566362322267854,0.1479929241499146,0.5308379948786589,0.2788849997961081,3.377580166447148,506.1339248408094,5,1022.2678496816188,True,492,58.114084243774414
leaky,15,ramp,level,0.0,4.002141348707027,0.0,0.0,1.7637427440733684,2.6756650621399656,513.0414226879335,3,1032.082845375867,True,120,21.347378969192505
leaky,15,ramp,transient,1.0,0.0,2.4461904280096154,0.0,0.8660714217678479,2.3385122943864194,585.9595548982452,3,1177.9191097964904,True,112,25.63773798942566
leaky,15,ramp,leaky,0.0,4.755363894788889,0.0,1.6267778532176669,-2.3862650063839106,3.781636028739304,511.7099297499392,4,1031.4198594998784,True,475,91.3001823425293
leaky,15,ramp,mixed,0.0377316777377643,3.9557422931232025,0.3393499303947976,0.0,1.7622586493106631,2.7090708262705494,512.9428847066322,4,1033.8857694132644,True,315,29.56969118118286
leaky,15,ramp,mixed_leaky,0.0019189213912374,4.754762667871414,0.0200000026114147,1.6269769499341966,-2.386201768669788,3.782203992571081,511.7072410389198,5,1033.4144820778397,False,216,54.21884632110596
leaky,17,roving_mixed,level,0.0,4.539425684449145,0.0,0.0,1.1237841611962174,3.5710118708935537,363.70219522624217,3,733.4043904524843,True,124,21.905009746551517
leaky,17,roving_mixed,transient,1.0,0.0,3.797112161414661,0.0,0.6890337379513041,3.4462833932516506,409.3655957584261,3,824.7311915168523,True,96,15.425575017929075
leaky,17,roving_mixed,leaky,0.0,5.294668746140875,0.0,0.8492114920363789,-2.941852156723893,6.397363215096062,362.2802799515053,4,732.5605599030106,True,520,93.11050248146056
leaky,17,roving_mixed,mixed,0.1523314780775165,4.102678068422286,1.6130242119483773,0.0,1.060111087648662,3.9830960365276895,360.9256500332563,4,729.8513000665126,True,175,36.339080572128296
leaky,17,roving_mixed,mixed_leaky,0.1520751424402907,4.102798753717467,1.6098704402541286,0.005,1.0492892264587632,3.9843113085459714,360.931685411286,5,731.863370822572,True,360,68.66338682174683
leaky,15,roving_mixed,level,0.0,4.877531600338406,0.0,0.0,1.7647762897176782,3.478894832869308,227.9883923976853,3,461.9767847953706,True,148,20.781423807144165
leaky,15,roving_mixed,transient,1.0,0.0,2.135063225518309,0.0,1.0931219811906967,2.554383423925146,275.8385618316449,3,557.6771236632898,True,184,18.11707091331482
leaky,15,roving_mixed,leaky,0.0,6.102210467364674,0.0,1.1655088832560545,-4.6253856132790725,7.164460981971934,226.13034693259868,4,460.26069386519737,True,535,102.79498958587646
leaky,15,roving_mixed,mixed,0.0181362703482325,4.816459227365005,0.1946410766685603,0.0,1.7545247980900804,3.5217580903550783,227.918657248879,4,463.837314497758,True,320,30.889044761657715
leaky,15,roving_mixed,mixed_leaky,0.0035457631430158,6.135079149263031,0.0477619862950604,1.1861928641637274,-4.986320026013161,7.3774203786953265,226.14029158826696,5,462.2805831765339,True,588,64.50366115570068
leaky,16,roving_ramp,level,0.0,4.413459548553987,0.0,0.0,1.3257087944741166,3.0803663873415594,601.0258497323249,3,1208.0516994646498,True,108,17.1946017742157
leaky,16,roving_ramp,transient,1.0,0.0,1.8680684456805572,0.0,0.8623015569600911,2.2082111177540824,697.6022084617925,3,1401.204416923585,True,56,18.504578113555908
leaky,16,roving_ramp,leaky,0.0,4.41518053162534,0.0,0.005,1.3183638631216212,3.0803660968956144,601.0285860244986,4,1210.0571720489972,True,375,81.08996963500977
leaky,16,roving_ramp,mixed,0.0010354112448818,4.409886074444109,0.01,0.0,1.3254524419928286,3.080997020143981,601.046991701314,4,1210.093983402628,True,205,44.37556862831116
leaky,16,roving_ramp,mixed_leaky,0.0010353938791437,4.409960114191904,0.01,0.0050000754651127,1.3172684567650554,3.0816600909375533,601.049788903538,5,1212.099577807076,True,288,79.39799475669861
leaky,20,roving_ramp50,level,0.0,0.01,0.0,0.0,30.0,15.0,238.48261764079595,3,482.9652352815919,True,8,1.7260096073150637
leaky,20,roving_ramp50,transient,1.0,0.0,0.01,0.0,30.0,15.0,238.48261764079595,3,482.9652352815919,True,8,1.6965348720550537
leaky,20,roving_ramp50,leaky,0.0,0.01,0.0,4.999999999999999,30.0,15.0,238.48261764079595,4,484.9652352815919,True,10,2.1293587684631348
leaky,20,roving_ramp50,mixed,0.4775764455742727,0.01,0.02,0.0,30.0,15.0,238.48261764079595,4,484.9652352815919,True,5,1.1917076110839844
leaky,20,roving_ramp50,mixed_leaky,0.4775764455742727,0.01,0.02,0.0059999999999999,30.0,15.0,238.48261764079595,5,486.9652352815919,True,6,1.9408597946166992
leaky,20,roving_mixed,level,0.0,0.01,0.0,0.0,30.0,15.0,154.10350006707458,3,314.20700013414915,True,8,1.8217949867248533
leaky,20,roving_mixed,transient,1.0,0.0,0.01,0.0,30.0,15.0,154.10350006707458,3,314.20700013414915,True,8,1.856388092041016
leaky,20,roving_mixed,leaky,0.0,0.01,0.0,4.999999999999999,30.0,15.0,154.10350006707458,4,316.20700013414915,True,10,2.166450023651123
leaky,20,roving_mixed,mixed,0.4775764455742727,0.01,0.02,0.0,30.0,15.0,154.10350006707458,4,316.20700013414915,True,5,1.2575287818908691
leaky,20,roving_mixed,mixed_leaky,0.4775764455742727,0.01,0.02,0.0059999999999999,30.0,15.0,154.10350006707458,5,318.20700013414915,True,6,2.0042526721954346
leaky,14,roving_ramp50,level,0.0,6.427293711321174,0.0,0.0,1.3146029812604063,4.424891397744395,351.5000932565832,3,709.0001865131663,True,116,17.036927223205566
leaky,14,roving_ramp50,transient,1.0,0.0,4.60223314055263,0.0,1.2996676151949118,2.1397381459661107,443.1215514574468,3,892.2431029148936,True,112,23.14717388153076
leaky,14,roving_ramp50,leaky,0.0,7.255189624855694,0.0,0.6433573393113335,-1.0164383896936569,5.674467996881104,349.44471045210315,4,706.8894209042063,True,265,86.16136240959167
leaky,14,roving_ramp50,mixed,0.0628095575893274,6.388780308113143,0.9367542757633202,0.0,1.369472354261582,4.48860565717083,350.9187676256453,4,709.8375352512905,True,320,45.97699761390686
leaky,14,roving_ramp50,mixed_leaky,0.0484574661835284,7.065561259498656,0.7872071099965423,0.5874461205852745,-0.6340724673297643,5.461468931235244,349.1170502106703,5,708.2341004213406,True,552,124.24428606033324
leaky,14,roving_mixed,level,0.0,5.757206523439318,0.0,0.0,1.538381565045494,3.350755566885601,118.70589286964362,3,243.41178573928724,True,80,8.773677349090576
leaky,14,roving_mixed,transient,1.0,0.0,4.004911328066373,0.0,0.9448170759833472,3.842261448323157,131.24029695760757,3,268.48059391521514,True,124,12.936906099319458
leaky,14,roving_mixed,leaky,0.0,6.7194129333912285,0.0,0.8705184634687134,-5.0,9.120112809716378,117.82221887566295,4,243.64443775132597,True,520,158.4743390083313
leaky,14,roving_mixed,mixed,0.0790874453592664,5.2965809829857164,0.9951639083357984,0.0,1.424655579757878,3.697858376095306,118.52833270369884,4,245.0566654073977,True,215,40.6394670009613
leaky,14,roving_mixed,mixed_leaky,0.0013586669090588,6.719187644655078,0.020000003742355,0.8706270804390743,-4.999983170910961,9.12065670484703,117.8202929237708,5,245.6405858475416,True,132,88.2862298488617
leaky,18,roving_ramp50,level,0.0,3.491797649809045,0.0,0.0,1.025336633044028,3.4611976587012943,511.2234590323048,3,1028.4469180646097,True,72,12.9038987159729
leaky,18,roving_ramp50,transient,1.0,0.0,2.187608314185859,0.0,0.7980625593348408,2.435743844400403,595.1761890587453,3,1196.3523781174906,True,96,18.05949306488037
leaky,18,roving_ramp50,leaky,0.0,3.571473086019548,0.0,0.4558044799342577,0.0492817042148173,3.677517457759815,511.191682569034,4,1030.383365138068,True,405,63.46302366256714
leaky,18,roving_ramp50,mixed,0.0254640350654483,3.454355122479384,0.1974722987137619,0.0,1.0269215397273093,3.482204667792256,511.1176604763005,4,1030.235320952601,True,240,38.01594638824463
leaky,18,roving_ramp50,mixed_leaky,0.0254671829208884,3.453998893606379,0.1974769812820786,0.0059991601959108,1.015946074666192,3.482611077435305,511.1185078823093,5,1032.2370157646187,True,78,33.573246002197266
leaky,18,ramp,level,0.0,4.316842062038552,0.0,0.0,1.4305771738981774,2.9529144751801515,649.1491916325159,3,1304.2983832650318,True,108,20.72639513015747
leaky,18,ramp,transient,1.0,0.0,2.987229364966101,0.0,0.8217254134415091,2.243564200628429,753.7000421658485,3,1513.400084331697,True,112,18.01733422279358
leaky,18,ramp,leaky,0.0,4.522374800095844,0.0,0.7696586970122117,-0.0098318227950212,3.199123970783314,648.9336141184688,4,1305.8672282369375,True,385,47.6608567237854
leaky,18,ramp,mixed,0.0201673130363539,4.304118717352439,0.1938162579052782,0.0,1.439964072033011,2.9621234690075724,649.114017336189,4,1306.228034672378,True,285,26.844184637069706
leaky,18,ramp,mixed_leaky,0.002017883681674,4.521123796573722,0.0199999824599299,0.7698646632311648,-0.0096610961491598,3.2000494480776123,648.9362530624193,5,1307.8725061248383,True,90,25.90085291862488
leaky,17,ramp,level,0.0,4.659920068385078,0.0,0.0,1.180971408791661,3.0592746559095194,762.7253711707797,3,1531.4507423415594,True,116,20.64866185188293
leaky,17,ramp,transient,1.0,0.0,4.562383908954857,0.0,0.9200989310292432,2.089188410640296,897.0058226305365,3,1800.011645261073,True,92,14.64281940460205
leaky,17,ramp,leaky,0.0,4.97333623444998,0.0,0.852886524279864,-0.6010987576384796,3.448517958479232,762.34798889924,4,1532.69597779848,True,365,72.891428232193
leaky,17,ramp,mixed,0.0298804978799869,4.633101341765586,0.3122081534041425,0.0,1.1982333380517245,3.064676507868197,762.6367168803255,4,1533.273433760651,True,255,28.1703622341156
leaky,17,ramp,mixed_leaky,0.0018351646032302,4.972185277385375,0.0199999959495828,0.853121859351702,-0.6009497711162163,3.449308900934157,762.3471758211487,5,1534.6943516422973,True,102,71.57327604293823
leaky,18,roving_ramp,level,0.0,4.1808658675765376,0.0,0.0,1.3118294977387572,3.448636503358383,476.65132907015305,3,959.302658140306,True,80,13.39267110824585
leaky,18,roving_ramp,transient,1.0,0.0,1.8082839625310336,0.0,0.954404198851947,2.2115674260188456,574.5818279367714,3,1155.163655873543,True,76,7.879892110824585
leaky,18,roving_ramp,leaky,0.0,4.180474593299689,0.0,0.005,1.3026179807274236,3.449286952524952,476.6563048568152,4,961.3126097136304,True,355,68.18674683570862
leaky,18,roving_ramp,mixed,0.0010930612866263,4.17705958525107,0.01,0.0,1.3114642090220792,3.4494796592567827,476.6903667741005,4,961.3807335482012,True,310,37.25647497177124
leaky,18,roving_ramp,mixed_leaky,0.0010928292929322,4.177947291942025,0.01,0.005,1.3030305819509402,3.4490491892890027,476.69535003511095,5,963.390700070222,True,480,67.29567527770996
leaky,20,ramp,level,0.0,0.01,0.0,0.0,30.0,15.0,275.8407565012589,3,557.6815130025178,True,8,1.6279499530792236
leaky,20,ramp,transient,1.0,0.0,4.170148021554461,0.0,0.204421710385316,11.529172601000534,226.3675624206608,3,458.7351248413216,True,156,14.051124572753906
leaky,20,ramp,leaky,0.0,0.01,0.0,4.999999999999999,30.0,15.0,275.8407565012589,4,559.6815130025178,True,10,1.974315881729126
leaky,20,ramp,mixed,0.0259723002683636,2.9628000518612296,0.1728428017297993,0.0,1.279778917770373,4.760945289854502,208.0550922237719,4,424.1101844475438,True,345,29.55830121040344
leaky,20,ramp,mixed_leaky,0.0017662128125009,3.664156624554865,0.014183866706982,0.5049033957176561,-2.772246482164772,10.495196649521132,206.5070820218749,5,423.0141640437498,True,594,65.27798438072205
leaky,18,roving_mixed,level,0.0,4.290599271774076,0.0,0.0,1.3264748626708294,3.422098970078842,341.6961563194865,3,689.392312638973,True,132,17.591962814331055
leaky,18,roving_mixed,transient,1.0,0.0,3.148761484995961,0.0,1.4290166847789867,1.9358454248580388,411.9145727568271,3,829.8291455136541,True,124,26.65161800384521
leaky,18,roving_mixed,leaky,0.0,4.465506290917491,0.0,0.6108132018450847,-0.0464125870800215,3.769032166838153,341.5556147655641,4,691.1112295311282,True,380,67.37823748588562
leaky,18,roving_mixed,mixed,0.0912318307115486,4.168327888491543,0.9155140282204594,0.0,1.3279734942315995,3.583038732096781,340.2637703230797,4,688.5275406461594,True,265,41.3205554485321
leaky,18,roving_mixed,mixed_leaky,0.0910905391875445,4.169863828321388,0.9142908384934,0.005,1.3190843282496034,3.583137747916795,340.26518128308663,5,690.5303625661733,True,474,59.41178512573242
leaky,19,roving_ramp,level,0.0,5.966103281766126,0.0,0.0,1.847047258215248,3.426315320911921,300.0755198344133,3,606.1510396688266,True,128,24.068492889404297
leaky,19,roving_ramp,transient,1.0,0.0,2.800223883151491,0.0,0.9869750044478957,2.572228650980845,375.4346949620604,3,756.8693899241207,True,108,17.695337772369385
leaky,19,roving_ramp,leaky,0.0,5.963867049175235,0.0,0.005,1.837482780917417,3.4261931293511783,300.0779760312908,4,608.1559520625816,True,330,77.31346940994263
leaky,19,roving_ramp,mixed,0.0007661584332204,5.961268749374075,0.01,0.0,1.8461578698522576,3.4275952627492177,300.08416185075794,4,608.1683237015159,True,270,31.82284045219421
leaky,19,roving_ramp,mixed_leaky,0.0007658917678233,5.963345913581295,0.01,0.005,1.838342163817888,3.4260017440837287,300.08659429189254,5,610.1731885837851,True,342,49.36107325553894
leaky,19,roving_ramp50,level,0.0,4.7092573690625175,0.0,0.0,1.3429141270021805,3.393981283318818,328.87672034383985,3,663.7534406876797,True,124,19.439776182174683
leaky,19,roving_ramp50,transient,1.0,0.0,2.4233686956685143,0.0,0.8780318425267536,2.6397122516507503,388.1124086281055,3,782.2248172562109,True,136,20.18698787689209
leaky,19,roving_ramp50,leaky,0.0,4.708674257384351,0.0,0.005,1.3345062049560326,3.3925604797232247,328.87837433157824,4,665.7567486631565,True,365,76.83704257011414
leaky,19,roving_ramp50,mixed,0.0009702016013074,4.706592612087324,0.01,0.0,1.3426672943212532,3.39544860407118,328.87807785044345,4,665.7561557008869,True,320,35.1401891708374
leaky,19,roving_ramp50,mixed_leaky,0.0009697613006537,4.708731621263313,0.01,0.005,1.3349388147031036,3.39388661414212,328.8797445719127,5,667.7594891438254,True,192,67.11559891700745
leaky,19,ramp,level,0.0,5.7349494522053845,0.0,0.0,1.5842927769063213,3.774160511996147,334.6932702788814,3,675.3865405577628,True,108,17.92454981803894
leaky,19,ramp,transient,1.0,0.0,5.693676853993543,0.0,1.0737259379734163,2.628831366587909,415.9188211640869,3,837.8376423281738,True,164,26.26141571998596
leaky,19,ramp,leaky,0.0,5.730396175073136,0.0,0.005,1.5734779561040146,3.773159127816491,334.69479125335374,4,677.3895825067075,True,375,75.7564754486084
leaky,19,ramp,mixed,0.000797082105826,5.729817476009272,0.01,0.0,1.5838695149070336,3.7729085605041344,334.6952439311478,4,677.3904878622956,True,325,32.20220589637756
leaky,19,ramp,mixed_leaky,0.0007966546883409,5.732894063446641,0.01,0.005,1.5752853744939803,3.77294704447736,334.69671538395363,5,679.3934307679073,True,492,55.91456198692322
leaky,21,roving_ramp50,level,0.0,6.748152381987127,0.0,0.0,1.8337045871998283,2.119795697617414,272.2753603691622,3,550.5507207383243,True,136,30.43816018104553
leaky,21,roving_ramp50,transient,1.0,0.0,5.114472826975439,0.0,1.64939866735355,1.958128171677266,291.02389553584584,3,588.0477910716917,True,132,21.99941110610962
leaky,21,roving_ramp50,leaky,0.0,6.758551508249028,0.0,0.0059999279767637,1.8319384665864815,2.1156251415451908,272.27550193270423,4,552.5510038654085,True,30,22.98246049880981
leaky,21,roving_ramp50,mixed,0.0906070920271651,6.437334476568316,1.4032225357411892,0.0,1.8862209241354435,2.1317211095487907,271.89263129429537,4,551.7852625885907,True,250,27.788500547409058
leaky,21,roving_ramp50,mixed_leaky,0.0905676467043887,6.436263387270215,1.4023174475586828,0.0059256133460907,1.879142465260874,2.1319300496353857,271.8927626659026,5,553.7855253318052,True,294,51.672260999679565
leaky,21,roving_ramp,level,0.0,5.678229962038309,0.0,0.0,1.271799005148373,2.785330758309897,264.50891641117903,3,535.0178328223581,True,92,15.653803825378418
leaky,21,roving_ramp,transient,1.0,0.0,3.889359979669848,0.0,1.221626991603945,2.410455213045445,280.552501264458,3,567.105002528916,True,152,23.58296036720276
leaky,21,roving_ramp,leaky,0.0,5.927342766090372,0.0,0.8716970614230639,-0.1523568880302233,2.8808617909147527,264.4545256229909,4,536.9090512459818,True,380,59.95548748970032
leaky,21,roving_ramp,mixed,0.0817014558285083,5.422291944941775,1.055452378283043,0.0,1.28046804983336,2.8562995529949404,264.2101871919048,4,536.4203743838095,True,260,28.27339005470276
leaky,21,roving_ramp,mixed_leaky,0.0817190366129471,5.420923324474049,1.0554332400533777,0.0059990434887579,1.2712714826381823,2.8566047785347224,264.2106461395502,5,538.4212922791004,True,84,54.695154905319214
leaky,22,roving_ramp,level,0.0,3.555712081483828,0.0,0.0,0.9061900303755938,3.4776754795061944,743.6891525784281,3,1493.3783051568562,True,60,16.648805618286133
leaky,22,roving_ramp,transient,1.0,0.0,1.9484824974495687,0.0,0.5565146147602813,2.554219320859495,849.9347172950964,3,1705.869434590193,True,56,10.74362087249756
leaky,22,roving_ramp,leaky,0.0,3.5851438760089915,0.0,0.2937521319125172,0.315092792179747,3.5777491343572296,743.5365267334979,4,1495.0730534669958,True,170,33.71307015419006
leaky,22,roving_ramp,mixed,0.0012853462708891,3.5514968502493955,0.01,0.0,0.9059153742749996,3.478262292994749,743.6913695419685,4,1495.382739083937,True,290,31.37405514717102
leaky,22,roving_ramp,mixed_leaky,0.0013031810156402,3.5727918073380467,0.0101997290321363,0.252483697611611,0.4048500777444108,3.558498316805868,743.5448466091166,5,1497.0896932182332,True,192,34.241743087768555
leaky,19,roving_mixed,level,0.0,6.394333239358344,0.0,0.0,1.8118784970695836,3.795165678508073,159.13562625040393,3,324.27125250080786,True,120,12.297284841537476
leaky,19,roving_mixed,transient,1.0,0.0,3.964923148037902,0.0,1.109456682566648,3.187246285487056,187.3173942121871,3,380.6347884243742,True,104,18.751969814300537
leaky,19,roving_mixed,leaky,0.0,6.393368282873647,0.0,0.005,1.801720461237187,3.7953369221171176,159.13707063609706,4,326.27414127219413,True,425,86.34176254272461
leaky,19,roving_mixed,mixed,0.0630378085024989,5.893126709850228,0.8674304543374697,0.0,1.7247200419505055,3.983486882338752,158.4283503380526,4,324.8567006761052,True,325,50.10867357254028
leaky,19,roving_mixed,mixed_leaky,0.0630113193866707,5.8894190300193205,0.8664959371018592,0.005,1.7130834105315675,3.9834414981227497,158.4304333588561,5,326.86086671771227,True,312,94.1190860271454
leaky,21,ramp,level,0.0,6.630776071417095,0.0,0.0,1.5199480821423323,2.555622865694265,308.9545432007523,3,623.9090864015046,True,80,15.997725009918211
leaky,21,ramp,transient,1.0,0.0,4.219704489568278,0.0,1.2288653907938512,2.226111702438794,339.4881838254268,3,684.9763676508536,True,116,17.148946285247803
leaky,21,ramp,leaky,0.0,6.63011954191458,0.0,0.005,1.5132744221216037,2.5554547129904743,308.9557356497129,4,625.9114712994258,True,395,50.07372450828552
leaky,21,ramp,mixed,0.0006891442011396,6.627971812650459,0.01,0.0,1.520074535146812,2.555820738719893,308.9599176073961,4,625.9198352147922,True,270,27.84045958518982
leaky,21,ramp,mixed_leaky,0.0006891835006052,6.627593603684163,0.01,0.005,1.513296671058844,2.5558940994685138,308.96111022421354,5,627.9222204484271,True,456,51.88555955886841
leaky,22,roving_ramp50,level,0.0,3.285491816563943,0.0,0.0,0.8079719061913939,3.140649273318857,834.0251546536409,3,1674.050309307282,True,112,18.982941150665283
leaky,22,roving_ramp50,transient,1.0,0.0,2.06267141774632,0.0,0.5893009879632044,2.411500293214957,914.0182351188666,3,1834.0364702377333,True,96,15.748638153076172
leaky,22,roving_ramp50,leaky,0.0,3.443672049674167,0.0,0.7044889323967384,-0.6447494793257706,3.433026719968528,833.911676464656,4,1675.823352929312,True,495,58.33196830749512
leaky,22,roving_ramp50,mixed,0.0013900823364225,3.2835641368967687,0.01,0.0,0.8083172680169749,3.141211719845605,834.0251965445748,4,1676.0503930891496,True,310,31.240577220916748
leaky,22,roving_ramp50,mixed_leaky,0.0026482612573862,3.442756862371985,0.0199999392729736,0.7047609193482723,-0.6444766726537264,3.434023989468974,833.9232811682868,5,1677.8465623365737,True,96,25.080190896987915
leaky,21,roving_mixed,level,0.0,5.938779667747592,0.0,0.0,1.27610374104012,2.7838674112849606,243.4971897649175,3,492.9943795298349,True,132,23.345634937286377
leaky,21,roving_mixed,transient,1.0,0.0,4.45565103864745,0.0,0.9132159480669788,3.2701411820404123,249.67208308557449,3,505.34416617114897,True,64,13.362889289855955
leaky,21,roving_mixed,leaky,0.0,5.937122555173172,0.0,0.0059990439359256,1.2671537162214062,2.783887869622811,243.49748800182496,4,494.9949760036499,True,65,29.593307971954346
leaky,21,roving_mixed,mixed,0.1691046115875763,4.766629182303428,2.1224150500989647,0.0,1.1550016744554403,3.168864600972397,242.3366383372325,4,492.673276674465,True,290,50.34484910964966
leaky,21,roving_mixed,mixed_leaky,0.1690211885747771,4.766550327940895,2.1211199591267014,0.005,1.1467127536218746,3.168663690674613,242.3381399436247,5,494.6762798872494,True,504,83.20313787460327
leaky,22,roving_mixed,level,0.0,3.294961593099023,0.0,0.0,1.1469205400510336,2.6971904453424767,657.4655332833094,3,1320.9310665666187,True,72,12.52526068687439
leaky,22,roving_mixed,transient,1.0,0.0,1.71210651427706,0.0,0.99436495399896,1.970873805351665,719.7236068155511,3,1445.4472136311022,True,72,15.934774160385132
leaky,22,roving_mixed,leaky,0.0,3.833944242596631,0.0,1.5409300007724882,-2.915983455944832,3.800512191457058,656.0353660419112,4,1320.0707320838223,True,550,100.12198972702026
leaky,22,roving_mixed,mixed,0.0013863875987894,3.292327051268201,0.01,0.0,1.1466655053931525,2.697824683908357,657.4704857599288,4,1322.9409715198576,True,300,36.3150782585144
leaky,22,roving_mixed,mixed_leaky,0.0011925497813989,3.828206969577821,0.01,1.5371083163422488,-2.8875935239097643,3.7888632386993626,656.0482456457388,5,1322.0964912914776,True,636,76.18498373031616
leaky,22,ramp,level,0.0,3.868014523689705,0.0,0.0,1.3136590357212583,2.671958338033264,724.5808525998277,3,1455.1617051996554,True,72,11.260463953018188
leaky,22,ramp,transient,1.0,0.0,3.1354202359860786,0.0,0.9584258312887572,1.9765479591415829,836.6721519854336,3,1679.3443039708673,True,120,25.24630570411682
leaky,22,ramp,leaky,0.0,3.869498615361746,0.0,0.005,1.3077317996826188,2.6710110008022423,724.581480983287,4,1457.162961966574,True,480,92.35288071632384
leaky,22,ramp,mixed,0.001180560002862,3.867132696577204,0.01,0.0,1.3142798202614492,2.671962000357317,724.5909333904355,4,1457.181866780871,True,240,23.702706336975098
leaky,22,ramp,mixed_leaky,0.0011805559745297,3.867145907732356,0.01,0.005,1.3074870943594885,2.672002237004718,724.5915894372064,5,1459.1831788744128,True,486,58.68194389343262
leaky,24,roving_ramp50,level,0.0,5.240630664424751,0.0,0.0,1.342806674029731,3.403143281203349,747.3170931681462,3,1500.6341863362925,True,80,14.011092901229858
leaky,24,roving_ramp50,transient,1.0,0.0,2.0318185463418748,0.0,0.7728312971545023,2.089410626904289,894.6537668435572,3,1795.3075336871143,True,76,13.627127408981323
leaky,24,roving_ramp50,leaky,0.0,5.238663527120583,0.0,0.005,1.333957085369182,3.401639389150634,747.3243792708861,4,1502.6487585417722,True,350,58.714760065078735
leaky,24,roving_ramp50,mixed,0.0008717781240061,5.238481484088578,0.01,0.0,1.343493394643959,3.401799503793533,747.3405148575283,4,1502.6810297150566,True,330,43.96274566650391
leaky,24,roving_ramp50,mixed_leaky,0.0008719856063297,5.237233939796479,0.01,0.005,1.3343025940077478,3.4019989322159225,747.3478160110434,5,1504.6956320220868,True,348,39.88731908798218
leaky,23,ramp,level,0.0,6.388492331028482,0.0,0.0,1.3345890985686433,2.85898234815716,286.0984408607031,3,578.1968817214062,True,132,20.413439512252808
leaky,23,ramp,transient,1.0,0.0,4.652622314883701,0.0,1.094725239927651,2.5392632837751905,310.8771787188786,3,627.7543574377572,True,92,19.32804846763611
leaky,23,ramp,leaky,0.0,6.390181686157063,0.0,0.005,1.3275607643659062,2.8585614470162466,286.0999806637432,4,580.1999613274864,True,425,79.56210470199585
leaky,23,ramp,mixed,0.058788589166919,6.149581670097389,0.8403520700079248,0.0,1.32610668154996,2.9283623938886434,285.940965085785,4,579.88193017157,True,310,35.40985345840454
leaky,23,ramp,mixed_leaky,0.0587331687185423,6.149227845078158,0.8394621292188225,0.005,1.3186493488376985,2.9277246932231984,285.94284507679214,5,581.8856901535843,True,426,53.90452218055725
leaky,23,roving_mixed,level,0.0,5.5069420342086,0.0,0.0,0.7848752175462083,3.63543795683296,321.57996992152874,3,649.1599398430575,True,88,17.683859825134277
leaky,23,roving_mixed,transient,1.0,0.0,1.2836718125273383,0.0,0.6826090867856109,3.0521736086883204,332.6496731519652,3,671.2993463039304,True,172,27.731096267700195
leaky,23,roving_mixed,leaky,0.0,5.506009305763732,0.0,0.005,0.7753867605859592,3.6353243408169167,321.582576023198,4,651.1651520463959,True,380,85.87998843193054
leaky,23,roving_mixed,mixed,0.000829801314283,5.503709561457216,0.01,0.0,0.7854552488814658,3.634559635701123,321.5875816953061,4,651.1751633906122,True,300,40.03391981124878
leaky,23,roving_mixed,mixed_leaky,0.0008301845206301,5.501166984553285,0.01,0.005,0.7756824157566166,3.635312790964656,321.59018238989216,5,653.1803647797843,True,102,60.54064178466797
leaky,24,roving_ramp,level,0.0,5.170911038459786,0.0,0.0,1.2527263518921017,3.445479216395401,750.6628677232163,3,1507.3257354464326,True,108,15.305716514587402
leaky,24,roving_ramp,transient,1.0,0.0,2.156051765310454,0.0,0.8134795504004037,2.060440834713937,906.3155374719796,3,1818.631074943959,True,172,23.59432530403137
leaky,24,roving_ramp,leaky,0.0,5.3121762693767725,0.0,0.472599290028821,0.2882672390613808,3.60499191888546,750.074852094419,4,1508.149704188838,True,405,83.64076232910156
leaky,24,roving_ramp,mixed,0.0008832664306748,5.170287120329384,0.01,0.0,1.2534224912064031,3.4462389056731144,750.7062170817459,4,1509.4124341634918,True,110,32.20280480384827
leaky,24,roving_ramp,mixed_leaky,0.0008604601477986,5.307445445884784,0.01,0.4721500463151318,0.289912279799525,3.6030557750213625,750.1235165581302,5,1510.2470331162604,True,282,67.0226399898529
leaky,23,roving_ramp50,level,0.0,4.2328714064132775,0.0,0.0,0.3835249529960387,6.066840973252481,286.0719459551911,3,578.1438919103822,True,116,23.232749700546265
leaky,23,roving_ramp50,transient,1.0,0.0,2.968367188618031,0.0,0.2524655485138264,5.972725840582855,295.88927535799434,3,597.7785507159887,True,188,28.02902030944824
leaky,23,roving_ramp50,leaky,0.0,4.676179013692981,0.0,0.3111975412068889,-1.6621740127086395,9.181730763235617,285.4132865051906,4,578.8265730103813,True,400,77.00555419921875
leaky,23,roving_ramp50,mixed,0.1175026487631052,4.027042902552085,1.1730873428553703,0.0,0.4197507991648017,6.257966342412369,285.68512353881766,4,579.3702470776353,True,235,22.81635808944702
leaky,23,roving_ramp50,mixed_leaky,0.1292436924548483,4.422604675543213,1.436152952026006,0.289133843546195,-1.4975093343745784,9.369981039091668,284.86645666840616,5,579.7329133368123,True,468,119.38339924812315
leaky,24,roving_mixed,level,0.0,5.506652278484013,0.0,0.0,1.4911760068319952,3.2257416239292787,357.75787797734165,3,721.5157559546833,True,100,17.515283823013306
leaky,24,roving_mixed,transient,1.0,0.0,2.7976320808092887,0.0,1.3565891098998717,1.9836458904543228,419.0664375249154,3,844.1328750498309,True,80,25.2820098400116
leaky,24,roving_mixed,leaky,0.0,5.506340545431723,0.0,0.0060375846525225,1.4811582335651183,3.2257883153316147,357.75810321278715,4,723.5162064255743,True,470,90.03570890426636
leaky,24,roving_mixed,mixed,0.000829928411227,5.502866012075717,0.01,0.0,1.4910080562776642,3.2261253163347674,357.7647890150981,4,723.5295780301961,True,355,37.08426475524902
leaky,24,roving_mixed,mixed_leaky,0.0008300366532309,5.502147807654108,0.01,0.0059993330022973,1.4807235584534304,3.226408197254481,357.76502807896435,5,725.5300561579287,True,90,58.64982342720032
leaky,24,ramp,level,0.0,5.050652793890089,0.0,0.0,1.107797736659202,3.4688637795211434,857.7387057394991,3,1721.4774114789982,True,144,26.792372465133667
leaky,24,ramp,transient,1.0,0.0,4.169736493696252,0.0,0.7274261766245194,2.2028037150272373,1044.816127475342,3,2095.632254950684,True,112,17.244508743286133
leaky,24,ramp,leaky,0.0,5.67935024489019,0.0,0.9733793509883332,-1.6794421211945585,4.382355420766115,857.120279339032,4,1722.240558678064,True,400,82.86426639556885
leaky,24,ramp,mixed,0.0009044355105061,5.04916518438275,0.01,0.0,1.1080821214405858,3.469210424343609,857.7495913454345,4,1723.499182690869,True,300,27.382978677749637
leaky,24,ramp,mixed_leaky,0.0008044844892652,5.677053076926502,0.01,0.9710123183504448,-1.6662795704643154,4.3771415565500655,857.1392048527082,5,1724.2784097054164,False,678,74.68960165977478
leaky,25,roving_ramp50,level,0.0,6.002164668536621,0.0,0.0,0.7966362266286133,2.5296884028975324,756.2879551322129,3,1518.5759102644258,True,180,24.230060338974
leaky,25,roving_ramp50,transient,1.0,0.0,2.737406886257124,0.0,0.645074390145755,2.423135347051598,774.6811208471203,3,1555.3622416942403,True,184,23.21808171272278
leaky,25,roving_ramp50,leaky,0.0,6.000893622160296,0.0,0.005,0.789803260057817,2.5299580333832883,756.2884253404438,4,1520.5768506808877,True,645,73.96768116950989
leaky,25,roving_ramp50,mixed,0.0007616894649404,5.996271396568333,0.01,0.0,0.7964219527011136,2.5304030980415857,756.2899073642386,4,1520.5798147284772,True,320,32.83736610412598
leaky,25,roving_ramp50,mixed_leaky,0.0007618529441551,5.994983729474707,0.01,0.005999509639318,0.7884722059034515,2.530251405269507,756.290477093678,5,1522.580954187356,True,72,66.63725805282593
leaky,23,roving_ramp,level,0.0,6.896861693969545,0.0,0.0,1.638451095803962,2.332587100817064,224.5556138402816,3,455.1112276805632,True,176,29.20763754844665
leaky,23,roving_ramp,transient,1.0,0.0,5.983682520082914,0.0,1.8558272102983904,1.940064180550176,233.94755860518453,3,473.89511721036905,True,144,35.938332319259644
leaky,23,roving_ramp,leaky,0.0,6.555008268276836,0.0,0.9604753135748428,-4.634194591156626,7.389078718397874,223.44259698317467,4,454.8851939663493,True,615,127.20559763908386
leaky,23,roving_ramp,mixed,0.1469391217869563,6.092058231919157,2.295785490434822,0.0,1.7085638086434236,2.352029595991749,223.54998700571417,4,455.09997401142834,True,315,53.03827905654907
leaky,23,roving_ramp,mixed_leaky,0.153946151562254,5.887223511721571,2.343641621138,1.004102779934808,-5.0,7.584578624365547,222.28529991510155,5,454.5705998302031,True,858,121.4917368888855
leaky,26,ramp,level,0.0,0.01,0.0,0.0,30.0,15.0,360.3852976345071,3,726.7705952690142,True,8,1.5517408847808838
leaky,26,ramp,transient,1.0,0.0,2.037309289771881,0.0,0.3687355711328823,4.922836795383012,295.64361851544766,3,597.2872370308953,True,144,24.88341188430786
leaky,26,ramp,leaky,0.0,0.01,0.0,4.999999999999999,30.0,15.0,360.3852976345071,4,728.7705952690142,True,10,1.9237606525421145
leaky,26,ramp,mixed,0.0652026037987874,2.065570922643482,0.3152081244876968,0.0,0.955492389650434,4.241983889462894,271.73618920333234,4,551.4723784066647,True,235,20.07208776473999
leaky,26,ramp,mixed_leaky,0.0646307424347455,2.065849575172737,0.3122946860548975,0.005,0.94476973222833,4.240228483206841,271.74221079377213,5,553.4844215875443,True,222,57.54384660720825
leaky,25,roving_ramp,level,0.0,7.286977632492623,0.0,0.0,0.9406775191396904,2.3824703578537574,727.7478615098289,3,1461.4957230196578,True,76,15.186055183410645
leaky,25,roving_ramp,transient,1.0,0.0,0.7999502772573214,0.0,0.8122593042916686,2.045613679834569,753.6191576046198,3,1513.2383152092395,True,144,31.453081846237183
leaky,25,roving_ramp,leaky,0.0,7.28912186322328,0.0,0.005,0.9345820020137106,2.3824441968641854,727.7487387757193,4,1463.4974775514386,True,475,94.45293045043944
leaky,25,roving_ramp,mixed,0.0006269543235831,7.2858778132978035,0.01,0.0,0.941587199016884,2.3816556759589727,727.7698298494224,4,1463.5396596988448,True,155,42.248276233673096
leaky,25,roving_ramp,mixed_leaky,0.0006272402262513,7.282554750430297,0.01,0.005,0.9350438361863848,2.3818711037470064,727.770715969046,5,1465.541431938092,False,714,112.3837661743164
leaky,25,ramp,level,0.0,6.153929012206743,0.0,0.0,0.7287990117547017,2.587860794704971,836.0060391347753,3,1678.0120782695506,True,120,17.434657335281372
leaky,25,ramp,transient,1.0,0.0,4.830081814083277,0.0,0.664766302395253,2.461252802018734,852.1593544589944,3,1710.3187089179887,True,80,12.708374500274658
leaky,25,ramp,leaky,0.0,6.15440499420705,0.0,0.005,0.7218651240124933,2.58828249213296,836.0093105158969,4,1680.0186210317938,True,380,69.05346846580505
leaky,25,ramp,mixed,0.1240128806513604,5.346852464679797,1.656064023560784,0.0,0.7604813101421457,2.606771336426456,834.5922770892419,4,1677.1845541784835,True,255,43.97053742408752
leaky,25,ramp,mixed_leaky,0.1240415397452883,5.345249440113067,1.656004300017668,0.005,0.7534995227411925,2.6068525894624592,834.5958914349118,5,1679.1917828698236,True,576,75.31668615341187
leaky,27,roving_ramp,level,0.0,5.991892919609245,0.0,0.0,1.380276545666131,2.9248555421720224,1013.9516824441444,3,2033.903364888289,True,84,17.446974515914917
leaky,27,roving_ramp,transient,1.0,0.0,3.1116678214374,0.0,1.0012470995363425,1.6790702304651512,1264.9276622807868,3,2535.855324561573,True,76,13.628992319107056
leaky,27,roving_ramp,leaky,0.0,6.049523102098581,0.0,0.5035923808980871,0.4957419818664114,3.04982442511009,1013.7872491094128,4,2035.5744982188253,True,260,45.32887625694275
leaky,27,roving_ramp,mixed,0.0139086510639351,5.944151505192568,0.1834288231684556,0.0,1.3811095800232565,2.930846626827658,1013.8140410177588,4,2035.6280820355173,True,320,33.72908067703247
leaky,27,roving_ramp,mixed_leaky,0.0108658761347484,5.985552633437999,0.1438545708529162,0.4034861859588521,0.6917004604230493,3.014549898575925,1013.712956538934,5,2037.425913077868,True,306,41.758429765701294
leaky,26,roving_ramp50,level,0.0,2.5188555775245995,0.0,0.0,1.049986967245574,4.138256307192388,288.5515793333834,3,583.1031586667668,True,260,25.18246793746948
leaky,26,roving_ramp50,transient,1.0,0.0,0.01,0.0,30.0,15.0,398.0484492039483,3,802.0968984078966,True,8,1.647017002105713
leaky,26,roving_ramp50,leaky,0.0,2.998805338409152,0.0,0.6574113611414875,-2.735590346634257,7.694335127193139,286.2298539862955,4,580.459707972591,True,470,48.68289494514465
leaky,26,roving_ramp50,mixed,0.003625295930615,2.5132771701474623,0.020006494684815,0.0,1.0482061877235664,4.1481609387708565,288.54573889894584,4,585.0914777978917,True,65,6.340468645095825
leaky,26,roving_ramp50,mixed_leaky,0.0015230583060588,2.996481937286109,0.01,0.6581910197292611,-2.7408476720209287,7.696200299754772,286.24287422556023,5,582.4857484511205,True,744,122.45399975776672
leaky,27,ramp,level,0.0,6.022099735652706,0.0,0.0,1.484174837177998,2.7511768468286286,1005.275975866917,3,2016.551951733834,True,112,15.328160762786863
leaky,27,ramp,transient,1.0,0.0,4.16071162315908,0.0,0.9586452464997396,1.715401651421007,1241.4264590872706,3,2488.852918174541,True,76,12.601159811019896
leaky,27,ramp,leaky,0.0,6.064492563427148,0.0,0.4213158071542688,0.8241422332930961,2.8149107587791846,1005.09898615593,4,2018.19797231186,True,100,20.718645572662357
leaky,27,ramp,mixed,0.0007584957477296,6.021538503194154,0.01,0.0,1.4848946657063964,2.7511282441027167,1005.2921216187618,4,2018.584243237524,True,235,22.32167387008667
leaky,27,ramp,mixed_leaky,0.0007339955469676,6.222685346413396,0.01,0.8026734593575812,0.0843097935350797,2.97055172403956,1005.0173566834892,5,2020.0347133669784,True,336,49.89652299880981
leaky,27,roving_mixed,level,0.0,5.611644173030401,0.0,0.0,1.4318000064284857,2.7435145648419224,769.5415422607591,3,1545.0830845215182,True,132,23.35178923606873
leaky,27,roving_mixed,transient,1.0,0.0,3.437709321474146,0.0,1.1841674226005516,1.755529136193405,893.6224309496055,3,1793.244861899211,True,60,19.89246344566345
leaky,27,roving_mixed,leaky,0.0,5.711116552181419,0.0,0.6683307257892067,0.3227454862172444,2.8770265643727613,769.5090501143848,4,1547.0181002287695,True,270,43.52788639068604
leaky,27,roving_mixed,mixed,0.0504889479147427,5.508264636867166,0.6407976942429371,0.0,1.4455727731296235,2.7705965267727355,768.92797888354,4,1545.85595776708,True,255,31.32193326950073
leaky,27,roving_mixed,mixed_leaky,0.0505045289683264,5.507534452242664,0.6409209923130221,0.0059991702472247,1.4367003513274794,2.770777252952943,768.930058265035,5,1547.86011653007,True,96,34.78863024711609
leaky,25,roving_mixed,level,0.0,7.004342580715303,0.0,0.0,1.2196295157625898,1.9186739725892523,775.4287143314999,3,1556.8574286629998,True,136,21.592820405960083
leaky,25,roving_mixed,transient,1.0,0.0,4.391642340861067,0.0,1.2593763591407343,1.7552346097001408,786.3212528217067,3,1578.6425056434134,True,116,24.48732876777649
leaky,25,roving_mixed,leaky,0.0,7.004688398372268,0.0,0.005,1.2140509925221092,1.9190943497711803,775.4292098448303,4,1558.8584196896606,True,550,76.68261432647705
leaky,25,roving_mixed,mixed,0.0727459095722399,6.403857213839486,1.0991609909295277,0.0,1.247928804310366,1.9163632009524905,775.0543157780028,4,1558.1086315560055,True,285,31.97545576095581
leaky,25,roving_mixed,mixed_leaky,0.0727838778502719,6.402175218142935,1.099490847771615,0.0050028961774937,1.242244153092798,1.916910636691142,775.0548260083877,5,1560.1096520167755,False,462,121.18016719818117
leaky,26,roving_ramp,level,0.0,2.2641582529181288,0.0,0.0,0.8421740530281964,4.329355414625057,362.6097504298722,3,731.2195008597444,True,128,23.23619031906128
leaky,26,roving_ramp,transient,1.0,0.0,1.475114907554118,0.0,0.4671555825833565,3.8191040920735166,395.6912635782879,3,797.3825271565757,True,124,12.257158756256104
leaky,26,roving_ramp,leaky,0.0,2.7642224646065654,0.0,0.6546124997113479,-3.9069776376474734,9.213435927492831,359.84734799636294,4,727.6946959927259,True,465,84.40783882141113
leaky,26,roving_ramp,mixed,0.1150875306113017,2.1269207694211003,0.605186338141759,0.0,0.8210649283289232,4.583271628919452,361.1536658163417,4,730.3073316326834,True,225,40.52766227722168
leaky,26,roving_ramp,mixed_leaky,0.0431975231861238,2.628486712423985,0.2596283945666174,0.6041530711431992,-2.980046133074024,8.295235996127598,359.72088016033246,5,729.4417603206649,False,690,80.72700142860413
leaky,27,roving_ramp50,level,0.0,5.01580546429886,0.0,0.0,1.2259252333549455,2.718125259846065,986.8417610330946,3,1979.6835220661887,True,68,12.954919815063477
leaky,27,roving_ramp50,transient,1.0,0.0,2.8502993018897955,0.0,0.8289724729328134,1.8463989854828464,1148.8973133055922,3,2303.7946266111844,True,128,17.32509756088257
leaky,27,roving_ramp50,leaky,0.0,5.015294639068912,0.0,0.0059996064139344,1.2172168509142751,2.7184252116359686,986.8416438855352,4,1981.6832877710704,True,110,62.28686046600342
leaky,27,roving_ramp50,mixed,0.005775743327396,5.004378651178213,0.0636038697442013,0.0,1.2274085826067995,2.719966216559792,986.8312817136772,4,1981.662563427354,True,300,32.66946220397949
leaky,27,roving_ramp50,mixed_leaky,0.0057763233951992,5.003924023450393,0.0636045159623754,0.0059995655591615,1.2184413833914525,2.7207999940163425,986.8313964318822,5,1983.6627928637645,True,90,53.776023387908936
leaky,26,roving_mixed,level,0.0,2.255132279883537,0.0,0.0,0.8591126175695188,4.440101428381901,337.5314144393864,3,681.0628288787728,True,88,9.41782546043396
leaky,26,roving_mixed,transient,1.0,0.0,0.9804035477881728,0.0,0.5084145964639262,3.536394107115725,371.59545268339497,3,749.1909053667899,True,172,17.558839321136475
leaky,26,roving_mixed,leaky,0.0,2.366635287595483,0.0,0.3431611217253392,-0.1013767189388427,4.805035035604246,337.2540006929996,4,682.5080013859993,True,585,83.74796628952026
leaky,26,roving_mixed,mixed,0.0020253442383234,2.252220032330297,0.01,0.0,0.8585277304260062,4.443718408983625,337.54832258426313,4,683.0966451685263,True,270,37.00420904159546
leaky,26,roving_mixed,mixed_leaky,0.0019316728669283,2.361657139306097,0.01,0.339377447008484,-0.0892197637186184,4.801076637983504,337.27515964705447,5,684.5503192941089,True,270,93.90029859542848
leaky,28,roving_mixed,level,0.0,1.4270608604410184,0.0,0.0,0.7665645846033615,3.219346166699724,334.0866825479335,3,674.173365095867,True,168,29.78219437599182
leaky,28,roving_mixed,transient,1.0,0.0,0.5526701896584418,0.0,0.5309623287093321,3.3855226690534077,339.92686298426656,3,685.8537259685331,True,104,10.834264516830444
leaky,28,roving_mixed,leaky,0.0,1.4461078028033787,0.0,0.3155543579882846,0.2212433894812606,3.222658964803614,334.08053613783056,4,676.1610722756611,True,180,49.4510931968689
leaky,28,roving_mixed,mixed,0.0031989102723415,1.4242840117114235,0.01,0.0,0.7648673073385841,3.225384382050188,334.0954411903052,4,676.1908823806104,True,170,46.65284991264343
leaky,28,roving_mixed,mixed_leaky,0.0031680342269775,1.4382098035915134,0.01,0.2643611928641389,0.3112366079734022,3.224696743169009,334.09126838537475,5,678.1825367707495,True,192,29.617858409881592
transient,0,ramp,level,0.0,0.01,0.0,0.0,30.0,15.0,135.00149634760177,3,276.00299269520355,True,8,1.555039882659912
transient,0,ramp,transient,1.0,0.0,10.497906914382536,0.0,2.962309542986373,1.7888758729698675,116.78051196151824,3,239.5610239230365,True,100,10.133462905883787
transient,0,ramp,leaky,0.0,0.01,0.0,4.999999999999999,30.0,15.0,135.00149634760177,4,278.00299269520355,True,10,1.9204926490783687
transient,0,ramp,mixed,0.5979208695481659,2.6656996552616063,8.672678402002266,0.0,3.538696487534462,1.7292952549400142,114.1058276028107,4,236.2116552056214,True,215,21.1191680431366
transient,0,ramp,mixed_leaky,0.5976031483163651,2.6697466080904237,8.67437498641329,0.0059998131455542,3.5363335682416954,1.7281671275847783,114.1058832912043,5,238.2117665824086,True,96,23.8197717666626
transient,0,roving_ramp50,level,0.0,0.01,0.0,0.0,30.0,15.0,257.2654413941718,3,520.5308827883435,True,8,1.724046230316162
transient,0,roving_ramp50,transient,1.0,0.0,8.029787725395513,0.0,1.8402307458606413,2.7372728454980946,169.7731965483485,3,345.546393096697,True,112,18.80852460861206
transient,0,roving_ramp50,leaky,0.0,0.01,0.0,4.999999999999999,30.0,15.0,257.2654413941718,4,522.5308827883435,True,10,2.015146017074585
transient,0,roving_ramp50,mixed,0.9972808238943652,0.01,8.023982622407903,0.0,1.8418072415673072,2.7364542945759847,169.79316134889277,4,347.58632269778553,True,145,14.154616117477415
transient,0,roving_ramp50,mixed_leaky,0.9972806538985748,0.01,8.023479647646907,0.005,1.8348316833534988,2.736052428167184,169.79525175497395,5,349.5905035099479,True,294,43.75460982322693
leaky,28,roving_ramp,level,0.0,2.290846500766452,0.0,0.0,1.1565376882860745,2.7363357855754837,392.26945209017833,3,790.5389041803567,True,68,13.74003005027771
leaky,28,roving_ramp,transient,1.0,0.0,0.1892665430476725,0.0,0.7300836163974087,2.612466578771637,413.9938459271823,3,833.9876918543646,True,148,15.07990288734436
leaky,28,roving_ramp,leaky,0.0,2.614143404778409,0.0,1.4206353847845217,-2.605336649268625,3.832517500507851,391.890691892067,4,791.781383784134,True,645,76.51848769187927
leaky,28,roving_ramp,mixed,0.0019934092024447,2.2883745235499444,0.01,0.0,1.1566027234260825,2.736884324728506,392.3125055977778,4,792.6250111955557,True,245,34.204418420791626
leaky,28,roving_ramp,mixed_leaky,0.001755868632358,2.5985728630688727,0.01,1.4042349205021194,-2.497156609401993,3.7868802655115466,391.94047656305,5,793.8809531261,True,828,91.03239417076112
leaky,28,roving_ramp50,level,0.0,2.0215481041933354,0.0,0.0,0.9071881382910246,3.277708956999025,346.7883080578956,3,699.5766161157912,True,152,27.816690683364868
leaky,28,roving_ramp50,transient,1.0,0.0,1.1369108712368872,0.0,0.4590677840645825,3.6372507931700326,368.6456265667617,3,743.2912531335235,True,116,11.432382106781006
leaky,28,roving_ramp50,leaky,0.0,2.3906502577842774,0.0,1.13184705916948,-3.8623092763659534,5.621136438869901,346.2579971684894,4,700.5159943369788,True,810,92.04138422012328
leaky,28,roving_ramp50,mixed,0.002259022198422,2.018772891634801,0.01,0.0,0.9067691180443584,3.279664109744968,346.8050138410508,4,701.6100276821015,True,175,36.40284180641174
leaky,28,roving_ramp50,mixed_leaky,0.0038094979168927,2.390518502191322,0.0199998758374984,1.1320072692845182,-3.862269936096181,5.621634095802135,346.2985186302727,5,702.5970372605454,True,66,43.32493829727173
leaky,28,ramp,level,0.0,1.8372893432167436,0.0,0.0,0.6476560956444801,4.490652548207316,308.48980656964096,3,622.9796131392819,True,96,20.085712671279907
leaky,28,ramp,transient,1.0,0.0,1.2395146622227573,0.0,0.3358866885146038,4.314632856723293,331.7635875357046,3,669.5271750714091,True,116,17.11264443397522
leaky,28,ramp,leaky,0.0,1.83646433864664,0.0,0.005,0.6356645511828742,4.491997191527847,308.4923529582543,4,624.9847059165086,True,485,75.11867237091064
leaky,28,ramp,mixed,0.0024834825234888,1.835900504343092,0.01,0.0,0.6477213234261835,4.492879553020474,308.5067829190451,4,625.0135658380902,True,260,30.61062717437744
leaky,28,ramp,mixed_leaky,0.0024842723138145,1.83531538877192,0.01,0.005,0.6361138183831776,4.492512808603146,308.50936313736725,5,627.0187262747345,True,426,55.01442909240723
leaky,29,roving_ramp50,level,0.0,2.985658563903232,0.0,0.0,0.5722764088954718,3.741674449471589,511.0119963229319,3,1028.0239926458637,True,80,13.094950199127195
leaky,29,roving_ramp50,transient,1.0,0.0,2.386023784749937,0.0,0.516727308183341,3.165636651092332,540.1671820438385,3,1086.334364087677,True,112,15.966519594192505
leaky,29,roving_ramp50,leaky,0.0,2.984556346741462,0.0,0.005,0.5626785030320647,3.7406487230031806,511.0192074493838,4,1030.0384148987678,True,285,62.98269581794739
leaky,29,roving_ramp50,mixed,0.0015301347167401,2.9826029753495464,0.01,0.0,0.5722680368896563,3.742726566225096,511.0132620819645,4,1030.026524163929,True,255,26.80591344833374
leaky,29,roving_ramp50,mixed_leaky,0.0015304034587534,2.982078421458924,0.01,0.005,0.562794499388102,3.74171709983795,511.0205050985144,5,1032.0410101970288,True,216,61.06932425498962
leaky,29,roving_ramp,level,0.0,3.53560301500887,0.0,0.0,1.139503044781234,2.343245739413464,556.9321560319855,3,1119.864312063971,True,144,20.54539513587952
leaky,29,roving_ramp,transient,1.0,0.0,2.385421007242748,0.0,1.0414413228446833,2.068592805000074,581.8373037500284,3,1169.6746075000567,True,96,14.555075883865356
leaky,29,roving_ramp,leaky,0.0,3.535180784037504,0.0,0.005,1.1334976698542911,2.3428765702953216,556.932643050329,4,1121.865286100658,True,515,71.42440104484558
leaky,29,roving_ramp,mixed,0.001291974149745,3.5332540816538707,0.01,0.0,1.1401736453039135,2.342706907930884,556.9364050686214,4,1121.8728101372428,True,315,32.67344784736633
leaky,29,roving_ramp,mixed_leaky,0.0012919444892979,3.533335302997301,0.01,0.0050000062353798,1.1339708271682176,2.3427872817181807,556.9368893020262,5,1123.8737786040524,True,180,84.75550317764282
transient,1,ramp,level,0.0,0.01,0.0,0.0,30.0,15.0,257.10818484171693,3,520.2163696834339,True,8,1.6202645301818848
transient,1,ramp,transient,1.0,0.0,7.902170101902163,0.0,1.4003208267145153,3.1779200795527984,205.13617958925832,3,416.27235917851664,True,136,18.32231330871582
transient,1,ramp,leaky,0.0,0.01,0.0,4.999999999999999,30.0,15.0,257.10818484171693,4,522.2163696834339,True,10,1.9579999446868896
transient,1,ramp,mixed,0.9944924359483142,0.0199683064181031,7.888474145540885,0.0,1.4034848893578884,3.1762114487971704,205.1391898508396,4,418.2783797016791,True,70,6.676396608352661
transient,1,ramp,mixed_leaky,0.995583048135818,0.0164139198815629,8.09425686996778,0.715792812267419,-0.2696360320262943,3.7156706561835895,205.0533125109933,5,420.1066250219865,True,486,70.11867332458496
leaky,29,ramp,level,0.0,3.041497867557688,0.0,0.0,0.9517882491678562,2.487668529856077,719.5745520542022,3,1445.1491041084043,True,72,12.47273087501526
leaky,29,ramp,transient,1.0,0.0,4.799938396931813,0.0,0.8929365988400763,2.2361879791091512,758.9444943352147,3,1523.8889886704294,True,96,19.13891887664795
leaky,29,ramp,leaky,0.0,3.041233570580849,0.0,0.005,0.945242343813431,2.487662353166769,719.5755658715343,4,1447.1511317430686,True,395,73.91900110244751
leaky,29,ramp,mixed,0.1442256982395139,2.877876783071639,1.0611223240105816,0.0,0.9840550598708389,2.504796281864697,718.9191013764001,4,1445.8382027528005,False,360,50.24254870414734
leaky,29,ramp,mixed_leaky,0.1441294250858376,2.8777709669274745,1.060255739321761,0.0050028627458492,0.9774145167508436,2.5047985752050126,718.9205482419663,5,1447.8410964839327,True,294,83.16400408744812
transient,0,roving_ramp,level,0.0,5.087652631848731,0.0,0.0,3.142280721937808,1.5209627401575725,226.8824352200058,3,459.7648704400116,True,144,15.598870992660522
transient,0,roving_ramp,transient,1.0,0.0,9.606427106082164,0.0,1.7900147162638598,3.456385103480752,174.78604048360006,3,355.5720809672001,True,188,26.11710810661316
transient,0,roving_ramp,leaky,0.0,4.889295652834387,0.0,2.4761770439240225,0.6433133113237353,1.624495891436199,226.85200239672224,4,461.7040047934445,True,560,79.67743158340454
transient,0,roving_ramp,mixed,0.9977256576661744,0.01,9.597655382582056,0.0,1.7910585506305543,3.455016622296032,174.78698960705637,4,357.57397921411274,True,320,39.42454123497009
transient,0,roving_ramp,mixed_leaky,0.997752740737866,0.0100000000022974,9.713586163105,0.390142346389671,0.9243505795601372,3.7323661641765167,174.65061176618963,5,359.30122353237925,True,456,102.32673192024232
transient,1,roving_mixed,level,0.0,1.980975499066954,0.0,0.0,1.355738728431757,2.404007901404116,202.33558098420545,3,410.6711619684109,True,100,9.856126070022585
transient,1,roving_mixed,transient,1.0,0.0,4.264287346453541,0.0,1.1529040679694766,2.9185262754129044,196.50246183292427,3,399.0049236658485,True,100,19.07738471031189
transient,1,roving_mixed,leaky,0.0,1.9854390899561287,0.0,0.0059998733329128,1.3519316651345248,2.399449274011819,202.33562899351588,4,412.67125798703177,True,120,45.56551551818848
transient,1,roving_mixed,mixed,0.8379277481049945,0.3603989184638211,4.076535525560239,0.0,1.1814969725709406,2.9116160497446333,196.43141574642107,4,400.8628314928421,True,265,49.11038112640381
transient,1,roving_mixed,mixed_leaky,0.8377310848166308,0.360803902740776,4.075213542628365,0.0059720009744057,1.1717424516559105,2.912849673988524,196.43124350744853,5,402.86248701489706,True,414,64.42994356155396
leaky,29,roving_mixed,level,0.0,3.836429651701057,0.0,0.0,2.0633958258088483,1.519906892213201,464.4048277270223,3,934.8096554540446,True,132,30.38980984687805
leaky,29,roving_mixed,transient,1.0,0.0,0.157812732511473,0.0,1.903541204919855,1.4087383551430832,473.7185926953832,3,953.4371853907664,True,164,35.428147315979004
leaky,29,roving_mixed,leaky,0.0,3.838507434976543,0.0,0.0059999630040082,2.062196334760288,1.5179131206315415,464.4049652669015,4,936.809930533803,True,25,55.84093475341797
leaky,29,roving_mixed,mixed,0.0011888115435929,3.840259203387492,0.01,0.0,2.069195055089131,1.5172919406315653,464.4155757661633,4,936.8311515323268,True,435,69.98891282081604
leaky,29,roving_mixed,mixed_leaky,0.0011881533291362,3.84238916642788,0.01,0.0059999618096836,2.0679558136421865,1.5152805082757772,464.4157300224532,5,938.8314600449064,True,30,96.63348388671876
transient,1,roving_ramp50,level,0.0,1.857212066364173,0.0,0.0,1.7256914253862854,1.9243450672512084,243.91155826689047,3,493.82311653378105,True,132,13.688154935836792
transient,1,roving_ramp50,transient,1.0,0.0,5.990868621583923,0.0,1.770911123191888,2.132009452186464,229.10565123752076,3,464.2113024750415,True,88,19.7429358959198
transient,1,roving_ramp50,leaky,0.0,1.8409866590154595,0.0,2.1865047918394347,-3.4817340561906303,3.186217182508527,243.66545610558893,4,495.33091221117786,True,780,107.51607370376588
transient,1,roving_ramp50,mixed,0.9963566126134958,0.01,5.9830041410014845,0.0,1.7716327050038918,2.131897675747749,229.10897033939307,4,466.2179406787861,True,255,32.11677074432373
transient,1,roving_ramp50,mixed_leaky,0.9963568040087536,0.01,5.9833196074186725,0.0059995033755595,1.765512993888817,2.131205833150331,229.1090971878371,5,468.2181943756742,True,198,62.63152122497559
transient,0,roving_mixed,level,0.0,4.746726272853994,0.0,0.0,2.3999823956336117,1.9108058247665043,174.93926264153492,3,355.87852528306985,True,84,8.836860656738281
transient,0,roving_mixed,transient,1.0,0.0,7.241103383448984,0.0,1.119274427147242,4.246745967458511,144.47884053293797,3,294.957681065876,True,124,21.60642695426941
transient,0,roving_mixed,leaky,0.0,4.813008541913029,0.0,2.0905269266067275,-5.0,4.335047827074558,174.4909626263711,4,356.9819252527422,True,720,143.22228360176086
transient,0,roving_mixed,mixed,0.9969847966103128,0.01,7.234054384301636,0.0,1.119986763082218,4.245904764334169,144.47957371205513,4,296.95914742411026,True,355,41.31997036933899
transient,0,roving_mixed,mixed_leaky,0.9857126830918068,0.0481083142629199,7.261555355470431,0.3133193141233691,0.2627770811159701,4.604142405271278,144.35721967857083,5,298.71443935714166,True,738,100.42061877250671
transient,2,roving_ramp,level,0.0,5.590282086184946,0.0,0.0,4.208306144310457,1.101195504820152,462.35382294442246,3,930.7076458888448,True,164,25.596238374710083
transient,2,roving_ramp,transient,1.0,0.0,10.25498632351719,0.0,1.8217414347569345,2.872688611797624,320.4858527689884,3,646.9717055379768,True,68,11.746267795562744
transient,2,roving_ramp,leaky,0.0,5.049525956699752,0.0,4.999999999999999,0.6937106913112218,1.1250252589587333,461.924988659317,4,931.849977318634,True,515,120.08098196983336
transient,2,roving_ramp,mixed,0.981486442764934,0.0880128192213283,10.20822446323848,0.0,1.8332169466685917,2.874454836555335,320.47454902036435,4,648.9490980407287,True,340,39.514339208602905
transient,2,roving_ramp,mixed_leaky,0.9800231623275047,0.0950601915725293,10.202770812418455,0.2679228110749987,1.401473048052792,2.915054230157199,320.4646480876797,5,650.9292961753594,True,144,46.463929176330566
transient,3,ramp,level,0.0,0.01,0.0,0.0,30.0,15.0,294.62824711571835,3,595.2564942314367,True,8,1.6650524139404297
transient,3,ramp,transient,1.0,0.0,4.612437740203068,0.0,0.4420021432352338,5.988704920886999,240.83867307160648,3,487.67734614321296,True,136,22.292840719223022
transient,3,ramp,leaky,0.0,0.01,0.0,4.999999999999999,30.0,15.0,294.62824711571835,4,597.2564942314367,True,10,2.072756052017212
transient,3,ramp,mixed,0.931040359975831,0.1489657385117351,4.400173107419154,0.0,0.4621328665062077,5.870729073981767,240.75538850824668,4,489.51077701649336,True,220,20.292227268218998
transient,3,ramp,mixed_leaky,0.8646241343074333,0.2859979742086118,3.9963076130327297,0.2803544522948634,-0.9515788471539512,7.48086264202712,240.62197040053192,5,491.24394080106384,True,468,50.3936448097229
transient,4,roving_ramp,level,0.0,0.01,0.0,0.0,30.0,15.0,379.381296936954,3,764.7625938739079,True,8,1.7821815013885498
transient,4,roving_ramp,transient,1.0,0.0,8.39253255311729,0.0,1.8000556123169966,3.64774236242597,180.3135844875269,3,366.6271689750538,True,88,15.987445592880247
transient,4,roving_ramp,leaky,0.0,0.01,0.0,4.999999999999999,30.0,15.0,379.381296936954,4,766.7625938739079,True,10,2.1456215381622314
transient,4,roving_ramp,mixed,0.9973983903401732,0.01,8.387574157543627,0.0,1.8018068353399648,3.647764782414004,180.34277220563155,4,368.6855444112631,True,165,16.733338594436646
transient,4,roving_ramp,mixed_leaky,0.9975794464839796,0.01,9.01659681265902,0.6951042394811349,-0.1737069702332459,4.544275492099529,179.0408912298024,5,368.0817824596048,True,378,66.01417374610901
transient,1,roving_ramp,level,0.0,2.343844522259847,0.0,0.0,1.3808295914918955,2.3384956782690334,261.78942462219106,3,529.5788492443821,True,132,21.168537139892575
transient,1,roving_ramp,transient,1.0,0.0,5.856588795756647,0.0,1.271680318604285,3.0211471060498765,241.66272795447205,3,489.3254559089441,True,76,19.18411874771118
transient,1,roving_ramp,leaky,0.0,2.437355404518054,0.0,1.4136874169383469,-1.0796829953552296,2.744581788295947,261.70618559968614,4,531.4123711993723,True,540,84.95158863067627
transient,1,roving_ramp,mixed,0.91006307777988,0.254725860752454,5.639185210232728,0.0,1.2798859737325283,3.020576699509026,241.6134404217575,4,491.226880843515,True,260,32.29597330093384
transient,1,roving_ramp,mixed_leaky,0.9100481577892702,0.2546415082236096,5.636290345525979,0.005,1.271678158477181,3.020554415311744,241.6164501531604,5,493.2329003063208,True,258,143.8515260219574
transient,2,roving_mixed,level,0.0,6.034040230969793,0.0,0.0,3.84935947089509,1.1930594890935893,339.5313913518814,3,685.0627827037628,True,112,27.3897864818573
transient,2,roving_mixed,transient,1.0,0.0,9.695278469602355,0.0,2.174084225884448,2.0421039719955965,287.88722103887966,3,581.7744420777593,True,76,14.8421151638031
transient,2,roving_mixed,leaky,0.0,6.090757792526913,0.0,0.4427607030340864,3.63418566154692,1.169593856648107,339.52357211111485,4,687.0471442222297,True,330,50.839821577072144
transient,2,roving_mixed,mixed,0.8750737729825939,0.6126815532262804,9.389353606386283,0.0,2.256033614845998,2.030059303833449,287.60786167437703,4,583.2157233487541,True,250,55.48992371559143
transient,2,roving_mixed,mixed_leaky,0.8738172543153144,0.6203907644201281,9.399306532295768,1.0343188318881305,0.9937761456331216,2.102957052439248,287.5565608442896,5,585.1131216885792,True,528,82.05403256416321
transient,4,roving_ramp50,level,0.0,0.01,0.0,0.0,30.0,15.0,294.731834765237,3,595.463669530474,True,8,1.7659032344818115
transient,4,roving_ramp50,transient,1.0,0.0,8.433788047422997,0.0,1.898994138527624,3.556916099778993,171.56778582393815,3,349.1355716478763,True,64,15.319314241409302
transient,4,roving_ramp50,leaky,0.0,0.01,0.0,4.999999999999999,30.0,15.0,294.731834765237,4,597.463669530474,True,10,2.170335054397583
transient,4,roving_ramp50,mixed,0.9948351259226708,0.019996589242984,8.426692485597666,0.0,1.903691693697953,3.5560671627358804,171.56860850797736,4,351.1372170159547,True,65,6.991580247879028
transient,4,roving_ramp50,mixed_leaky,0.994886405112564,0.0203505151517083,8.662284254886348,0.5885540535029835,0.4650749989345369,4.014695458676373,171.4533968296078,5,352.9067936592156,True,342,50.34650683403015
transient,2,roving_ramp50,level,0.0,11.334166393006251,0.0,0.0,9.018443795463684,0.8103172493455412,461.45876244799416,3,928.9175248959884,True,192,36.73149561882019
transient,2,roving_ramp50,transient,1.0,0.0,8.85713665990596,0.0,1.7607108470622348,2.457603210340042,363.6719558734167,3,733.3439117468333,True,100,23.23688697814941
transient,2,roving_ramp50,leaky,0.0,11.33184468183325,0.0,0.005,9.015148540235003,0.8101953766877089,461.4592020062904,4,930.9184040125808,True,210,71.39395570755005
transient,2,roving_ramp50,mixed,0.9975334536312248,0.01,8.848059439263842,0.0,1.7618837551652318,2.4571126541751576,363.7043140319908,4,735.4086280639816,True,95,51.04686689376831
transient,2,roving_ramp50,mixed_leaky,0.99752365906374,0.01,8.812976547137684,0.2789907364112906,1.3789076152762734,2.475276992973424,363.6904965321082,5,737.3809930642165,True,216,84.04433345794678
transient,4,roving_mixed,level,0.0,0.01,0.0,0.0,30.0,15.0,201.0273914016597,3,408.0547828033195,True,8,1.8207581043243408
transient,4,roving_mixed,transient,1.0,0.0,8.869107895477196,0.0,2.0200022710349823,3.375978481734798,109.19833564470048,3,224.39667128940096,True,100,19.161591053009037
transient,4,roving_mixed,leaky,0.0,0.01,0.0,4.999999999999999,30.0,15.0,201.0273914016597,4,410.0547828033195,True,10,2.216850996017456
transient,4,roving_mixed,mixed,0.9009909048501512,0.4327832732560352,8.616395577963093,0.0,2.065291255732692,3.39856617125902,109.02344829887052,4,226.04689659774107,True,255,26.35486102104187
transient,4,roving_mixed,mixed_leaky,0.8807260902645472,0.5385027495119747,8.699477675305545,0.519474357780695,0.9482738413065976,3.667523538189145,108.89418908106092,5,227.78837816212183,True,396,64.06232905387878
transient,2,ramp,level,0.0,1.9384155028981096,0.0,0.0,1.8272264150640671,1.752532032255428,409.9469817514973,3,825.8939635029947,True,156,17.20605182647705
transient,2,ramp,transient,1.0,0.0,8.483997124945624,0.0,1.5179182745752475,2.660600585758009,364.1568862139489,3,734.3137724278978,True,148,24.40483832359314
transient,2,ramp,leaky,0.0,2.1264407569947017,0.0,3.1869438734418454,-3.3656371968516217,2.379960569268195,409.537895712822,4,827.075791425644,True,885,117.96546721458436
transient,2,ramp,mixed,0.9911933031813368,0.0342982067163133,8.445523478653065,0.0,1.5236051214794315,2.65750935267995,364.15284800175374,4,736.3056960035075,True,300,40.61612129211426
transient,2,ramp,mixed_leaky,0.9911567336170312,0.0344321664759348,8.44313676690468,0.005,1.515918450893592,2.6583389584389603,364.1553640669326,5,738.3107281338652,True,198,66.45695519447327
transient,5,ramp,level,0.0,0.01,0.0,0.0,30.0,15.0,275.8758412964747,3,557.7516825929494,True,8,1.6748991012573242
transient,5,ramp,transient,1.0,0.0,4.607230651672754,0.0,0.660897458413262,4.7072083688114095,223.73286463172468,3,453.46572926344936,True,120,31.98453426361084
transient,5,ramp,leaky,0.0,0.01,0.0,4.999999999999999,30.0,15.0,275.8758412964747,4,559.7516825929494,True,10,2.0514168739318848
transient,5,ramp,mixed,0.9952614951910292,0.01,4.595213806177609,0.0,0.6645059006066522,4.690536576864711,223.804612251749,4,455.609224503498,True,90,8.662989139556885
transient,5,ramp,mixed_leaky,0.9953237683907276,0.01,4.65669944484713,0.3475751242828955,-0.4195671246763568,5.160392607552056,223.70929190318557,5,457.4185838063711,True,384,43.23724436759949
transient,4,ramp,level,0.0,0.01,0.0,0.0,30.0,15.0,116.1970883615823,3,238.3941767231646,True,8,1.7246601581573486
transient,4,ramp,transient,1.0,0.0,7.645499098810089,0.0,1.4623395679502322,4.341162415858868,89.81321869212235,3,185.6264373842447,True,132,13.64673399925232
transient,4,ramp,leaky,0.0,0.01,0.0,4.999999999999999,30.0,15.0,116.1970883615823,4,240.3941767231646,True,10,2.0746960639953613
transient,4,ramp,mixed,0.986229851750727,0.0486252970727766,7.6192397946661075,0.0,1.484221221295793,4.289235982564885,89.81172169475808,4,187.62344338951613,True,180,17.52774477005005
transient,4,ramp,mixed_leaky,0.843299876729274,0.681852969750593,8.028109390351485,0.7146203192823548,-0.4982808593622432,4.928952170307828,89.28925112668772,5,188.57850225337543,True,492,120.51418948173524
transient,3,roving_ramp50,level,0.0,1.8626261128777168,0.0,0.0,1.4246205640925558,2.160665309034329,303.89087909212884,3,613.7817581842577,True,104,21.112768173217773
transient,3,roving_ramp50,transient,1.0,0.0,5.481334072853038,0.0,1.2973475839301616,2.623105248601727,283.0125247467532,3,572.0250494935063,True,120,20.277044773101807
transient,3,roving_ramp50,leaky,0.0,1.954255623604911,0.0,1.7169984728011367,-1.946620209788572,2.8843814080434846,303.6408973330504,4,615.2817946661007,True,560,78.8519332408905
transient,3,roving_ramp50,mixed,0.8909857949078397,0.295848722641866,5.290140817941082,0.0,1.3337483424789325,2.613515330300764,282.88146347463146,4,573.7629269492629,True,255,47.24094986915589
transient,3,roving_ramp50,mixed_leaky,0.8885665241956895,0.3102305052549328,5.41213495003903,1.0323762538085623,-0.5334104202505149,2.938616135657442,282.7055594099993,5,575.4111188199986,True,576,130.2492609024048
transient,3,roving_mixed,level,0.0,12.23636311285553,0.0,0.0,7.946864487516764,0.8838127768917563,288.3196335398628,3,582.6392670797255,True,272,63.65770053863525
transient,3,roving_mixed,transient,1.0,0.0,4.835395870707149,0.0,1.500859863026808,2.211582492267098,278.11291246901766,3,562.2258249380353,True,80,26.95184087753296
transient,3,roving_mixed,leaky,0.0,12.23574604004301,0.0,0.005,7.946355153007752,0.8835822673650482,288.32011851515546,4,584.6402370303109,True,220,67.65974640846252
transient,3,roving_mixed,mixed,0.9954924585124352,0.01,4.831790416212364,0.0,1.502193220573445,2.2109285871993865,278.11450844370205,4,564.2290168874041,True,500,63.65774965286255
transient,3,roving_mixed,mixed_leaky,0.9954914986234756,0.01,4.830757038944599,0.0050153514502453,1.496400323033197,2.210672447482729,278.1145748440905,5,566.229149688181,True,480,84.820561170578
transient,3,roving_ramp,level,0.0,2.331313703286887,0.0,0.0,1.7360595432673522,1.8486564693376928,330.3740420559662,3,666.7480841119324,True,164,34.17504167556763
transient,3,roving_ramp,transient,1.0,0.0,5.542247306880548,0.0,1.135236857791679,2.945119437063159,301.3331689442693,3,608.6663378885386,True,148,22.438761234283447
transient,3,roving_ramp,leaky,0.0,2.381852521362902,0.0,2.437641898245354,-3.062224918520395,2.747931810454501,330.0460618916256,4,668.0921237832512,True,870,172.04610419273376
transient,3,roving_ramp,mixed,0.9102522153983976,0.2439225387059544,5.412523382127238,0.0,1.1702651273252438,2.918258657878253,301.23509398594814,4,610.4701879718963,True,305,49.604329109191895
transient,3,roving_ramp,mixed_leaky,0.9124974712453832,0.2359222121709885,5.382570710638902,0.3696575949675615,0.4753105686626796,3.0986666943366363,301.18608440463976,5,612.3721688092795,True,378,75.05956864356995
transient,5,roving_ramp,level,0.0,3.724614340027352,0.0,0.0,2.314907473019048,1.6380451071579516,363.7386927702496,3,733.4773855404991,True,92,18.18963122367859
transient,5,roving_ramp,transient,1.0,0.0,8.287392981763022,0.0,1.4061504051579956,3.2644573834417736,284.1730958718445,3,574.346191743689,True,168,23.28454303741455
transient,5,roving_ramp,leaky,0.0,3.725128204985685,0.0,0.0060000003417832,2.310666339389416,1.6373871684488084,363.73870425851504,4,735.4774085170301,True,55,32.904237270355225
transient,5,roving_ramp,mixed,0.997364336077273,0.01,8.27891929605987,0.0,1.4069464420911677,3.2638417871157017,284.1782841158005,4,576.356568231601,True,315,43.28921842575073
transient,5,roving_ramp,mixed_leaky,0.9973640254187288,0.01,8.277941018934097,0.005,1.3981069350964084,3.264665123589762,284.1793725966065,5,578.358745193213,True,348,91.30877566337584
transient,6,roving_ramp,level,0.0,4.931871541347954,0.0,0.0,2.272858803526018,1.7894152458231796,181.08079085841703,3,368.16158171683406,True,132,15.573830366134644
transient,6,roving_ramp,transient,1.0,0.0,13.823792649504217,0.0,2.756330153014802,1.9193613394233784,163.50613202147173,3,333.01226404294346,True,104,19.561767578125
transient,6,roving_ramp,leaky,0.0,4.89493105050535,0.0,0.416625337762026,1.8530038890629736,1.79322863646941,181.05873555262525,4,370.1174711052505,True,110,39.775492668151855
transient,6,roving_ramp,mixed,0.8850873663172376,0.7750973907404147,13.061242254832292,0.0,2.745219195614756,1.9366716041108585,163.3690594379019,4,334.7381188758038,True,320,42.70123553276062
transient,6,roving_ramp,mixed_leaky,0.8738558319809145,0.912632292729204,13.831786938140562,2.433919924606544,-1.8858854075912204,2.7521819439264408,163.12249366575105,5,336.2449873315021,True,726,119.94368171691896
transient,6,roving_ramp50,level,0.0,2.3842690848338157,0.0,0.0,1.6648326570973877,2.0856385260643338,199.50518393269596,3,405.0103678653919,True,88,9.893631935119627
transient,6,roving_ramp50,transient,1.0,0.0,6.944307515028835,0.0,1.3734729723194763,2.9495273920385245,186.2857084580252,3,378.5714169160504,True,96,16.241517543792725
transient,6,roving_ramp50,leaky,0.0,1.8781296880205736,0.0,1.1596994856264669,-4.87923378243316,6.354811755337866,198.9859128162635,4,405.971825632527,True,875,107.96617674827576
transient,6,roving_ramp50,mixed,0.9968561904534216,0.01,6.937230553462703,0.0,1.3746800225144606,2.9483840633551632,186.28764647164684,4,380.5752929432937,False,455,49.96363306045532
transient,6,roving_ramp50,mixed_leaky,0.9968554404257216,0.01,6.935570694858032,0.005,1.3666492927674867,2.948747635351592,186.288412076297,5,382.576824152594,True,426,61.82552742958069
transient,5,roving_mixed,level,0.0,17.235026069589377,0.0,0.0,8.91752904632546,0.9006876091021482,263.64771614643024,3,533.2954322928605,True,248,61.37624883651733
transient,5,roving_mixed,transient,1.0,0.0,6.95260485752461,0.0,1.267697974012284,3.04781541688257,240.2460676718865,3,486.492135343773,True,80,14.03718876838684
transient,5,roving_mixed,leaky,0.0,17.24197933937834,0.0,0.005,8.918933668600808,0.9004028637276488,263.64793800878795,4,535.2958760175759,True,435,83.27742838859558
transient,5,roving_mixed,mixed,0.8209684839677355,0.6497851658555167,6.518934763858862,0.0,1.3061825199867338,3.060130181573892,239.8518758435389,4,487.7037516870778,True,385,59.44738817214966
transient,5,roving_mixed,mixed_leaky,0.8088199988198046,0.779960425164003,7.219245899484779,1.0668925886955816,-3.774910005529043,6.130346450683991,238.4079752631112,5,486.8159505262224,True,624,111.91948747634888
transient,7,roving_ramp,level,0.0,3.0615269906648197,0.0,0.0,1.25293197189765,2.3578273245141346,310.8279753205972,3,627.6559506411944,True,104,17.103705406188965
transient,7,roving_ramp,transient,1.0,0.0,6.442302888417493,0.0,1.1606985557834957,2.887918720473577,293.9391197749588,3,593.8782395499176,True,84,16.62501049041748
transient,7,roving_ramp,leaky,0.0,3.061746715258395,0.0,0.005,1.2465742543362588,2.358037728770145,310.8282979592722,4,629.6565959185444,True,525,72.29973530769348
transient,7,roving_ramp,mixed,0.7567016033737135,0.8771290789484253,5.968411560356686,0.0,1.2007837781703357,2.8950320382283823,293.3983807515858,4,594.7967615031716,True,280,51.686585903167725
transient,7,roving_ramp,mixed_leaky,0.7567114212321385,0.8765798025678825,5.96499211271811,0.005,1.1925248413442635,2.895667838079937,293.40177205225257,5,596.8035441045051,True,348,83.50210237503052
transient,5,roving_ramp50,level,0.0,3.836996089997484,0.0,0.0,2.467495734206129,1.7240872861625784,238.9341553476725,3,483.8683106953449,True,140,15.466663599014282
transient,5,roving_ramp50,transient,1.0,0.0,6.52102030000273,0.0,1.4284813945636166,2.944229471562084,208.2942266043762,3,422.5884532087524,True,100,26.115844249725345
transient,5,roving_ramp50,leaky,0.0,4.075594781026858,0.0,3.1182769676551683,-4.305182519938431,2.91416924213033,238.29045855303545,4,484.5809171060709,True,795,176.44643807411194
transient,5,roving_ramp50,mixed,0.701382875063764,1.1668103224038453,5.99584720675944,0.0,1.655319240762929,2.833286714001477,206.68581750770156,4,421.3716350154031,True,270,43.58053493499756
transient,5,roving_ramp50,mixed_leaky,0.6643875343920718,1.526061528363149,6.609449404995763,1.4574200486665052,-4.330828300886481,5.380831440468061,206.64720986968376,5,423.2944197393675,True,366,87.8402533531189
transient,6,roving_mixed,level,0.0,10.384946020336914,0.0,0.0,4.852290758511448,1.079690503033786,228.3700312451273,3,462.7400624902546,True,224,54.93752384185791
transient,6,roving_mixed,transient,1.0,0.0,7.733734594469564,0.0,1.748972869000958,2.336913352406148,216.25624592874996,3,438.5124918574999,True,120,21.37524390220642
transient,6,roving_mixed,leaky,0.0,10.397943795966446,0.0,0.0059994339412122,4.853475838204745,1.0790849524988124,228.3701969514367,4,464.7403939028734,True,145,80.55894303321838
transient,6,roving_mixed,mixed,0.9557109793401528,0.1551631778872812,7.325360636481048,0.0,1.5975209156800725,2.5088116281385897,216.2343047094224,4,440.4686094188448,True,165,42.94731855392456
transient,6,roving_mixed,mixed_leaky,0.8166412434405643,0.7844596661975165,7.643814159401609,1.4040714305556847,-2.413041476558049,3.986523278740954,215.34753974698205,5,440.6950794939641,True,684,105.28750109672546
transient,7,roving_mixed,level,0.0,0.4746940822369888,0.0,0.0,0.6711352939720879,2.9132567072417346,367.1545485208424,3,740.3090970416847,True,136,26.72995615005493
transient,7,roving_mixed,transient,1.0,0.0,5.578709872516311,0.0,1.2896448408663246,2.3537125667896603,352.3477160713564,3,710.6954321427127,True,104,19.6879780292511
transient,7,roving_mixed,leaky,0.0,0.7619690472512495,0.0,1.330083893166392,-2.299795523856605,3.4595521959952764,366.943166785258,4,741.886333570516,True,695,91.53743410110474
transient,7,roving_mixed,mixed,0.9960934003525912,0.01,5.578417345066091,0.0,1.293458809464977,2.349445382716941,352.36497779235617,4,712.7299555847123,True,150,46.88307428359985
transient,7,roving_mixed,mixed_leaky,0.9960386610221684,0.01,5.501030273366583,0.2756274392675278,0.899932214738356,2.4016523872787494,352.36162656303543,5,714.7232531260709,True,138,39.6692214012146
transient,6,ramp,level,0.0,1.7640788221812749,0.0,0.0,0.4152350108149402,5.55579206297178,186.2454537033854,3,378.4909074067708,True,120,12.316389560699465
transient,6,ramp,transient,1.0,0.0,9.082744914271624,0.0,1.3764676716853732,3.085146960271448,177.06470385272456,3,360.1294077054491,True,56,14.510772943496704
transient,6,ramp,leaky,0.0,2.254092627076408,0.0,0.4327661785937817,-5.0,15.0,184.17233900491672,4,376.34467800983344,True,545,125.62884616851808
transient,6,ramp,mixed,0.74563394213565,1.2125205935523145,7.776165226912942,0.0,1.3266727368076994,3.363706892081196,175.79294767817285,4,359.5858953563457,False,490,70.19651865959167
transient,6,ramp,mixed_leaky,0.7310981162493622,1.2768519875782822,7.595077741326008,0.5091629477779452,-5.0,13.786832545830082,174.45003880116172,5,358.90007760232345,True,774,81.46989011764526
transient,7,roving_ramp50,level,0.0,1.436057945694359,0.0,0.0,0.5847457452292112,3.355507761686822,372.14799193477535,3,750.2959838695507,True,124,19.327065467834476
transient,7,roving_ramp50,transient,1.0,0.0,4.437068297415975,0.0,0.6143821409052002,3.843079352787229,363.31398623677,3,732.6279724735399,True,116,23.76956057548523
transient,7,roving_ramp50,leaky,0.0,1.6581251997710806,0.0,0.9596458880300486,-1.860880346304594,3.959330877986439,371.9514926590022,4,751.9029853180044,True,590,113.06962537765504
transient,7,roving_ramp50,mixed,0.7190822095625072,0.7180903270042686,4.021501392934303,0.0,0.6736131113395973,3.7757113020606514,362.2333669171935,4,732.466733834387,True,195,35.95237398147583
transient,7,roving_ramp50,mixed_leaky,0.718808908024241,0.7186038058999739,4.018937493893493,0.005,0.6637571254384845,3.775581285048207,362.24048813415646,5,734.4809762683129,True,456,65.69289422035217
transient,8,roving_ramp,level,0.0,4.075197778347408,0.0,0.0,1.532430770993861,1.9630800034542848,421.39138738835845,3,848.7827747767169,True,148,25.64966058731079
transient,8,roving_ramp,transient,1.0,0.0,12.114983219037754,0.0,1.6066587066939144,2.684158988182,373.62693615552257,3,753.2538723110451,True,68,15.370211362838743
transient,8,roving_ramp,leaky,0.0,4.0342630860322215,0.0,0.4771285826149712,0.9931909461595424,1.986052710980113,421.3751149404145,4,850.7502298808289,True,195,39.92349553108215
transient,8,roving_ramp,mixed,0.8738537822023411,0.7704307954713805,11.67637453060006,0.0,1.6257947470311254,2.719033958306766,373.2365304609548,4,754.4730609219096,True,310,32.861268281936646
transient,8,roving_ramp,mixed_leaky,0.8732623215180175,0.8029693020489903,12.104525318671412,1.0417789136781033,-0.5510369851494351,3.267932148680963,372.92090419245307,5,755.8418083849061,True,546,103.3984694480896
transient,8,roving_ramp50,level,0.0,3.020319930543814,0.0,0.0,1.584236777184178,1.805366110224088,419.6358020849554,3,845.2716041699108,True,104,21.096421003341675
transient,8,roving_ramp50,transient,1.0,0.0,12.830413451571877,0.0,1.6023950924723265,2.716873227959689,361.23200006885344,3,728.4640001377069,True,84,15.981010675430298
transient,8,roving_ramp50,leaky,0.0,3.02215414717556,0.0,0.0059999293007646,1.5822305019584302,1.802275532215583,419.6359242908041,4,847.2718485816082,True,25,28.39971351623535
transient,8,roving_ramp50,mixed,0.9982967651437544,0.01,12.823157426290772,0.0,1.602733520942258,2.7168041851969607,361.24567452241695,4,730.4913490448339,True,150,46.00478959083557
transient,8,roving_ramp50,mixed_leaky,0.9983110957785504,0.01,12.93214970122711,0.6298851159188684,0.5543284039573195,2.859333037395845,361.1366405815504,5,732.2732811631007,True,606,131.68740963935852
transient,10,roving_ramp50,level,0.0,0.01,0.0,0.0,30.0,15.0,247.86936265635447,3,501.73872531270894,True,8,1.6927669048309326
transient,10,roving_ramp50,transient,1.0,0.0,7.853938464549214,0.0,1.7982527285662355,3.5880847996772456,133.1833065540855,3,272.366613108171,True,128,22.06486940383911
transient,10,roving_ramp50,leaky,0.0,0.01,0.0,4.999999999999999,30.0,15.0,247.86936265635447,4,503.73872531270894,True,10,2.076230764389038
transient,10,roving_ramp50,mixed,0.9972198663936712,0.01,7.847568237070173,0.0,1.7999271990466112,3.587259405049282,133.20110110181898,4,274.402202203638,True,140,14.058696985244753
transient,10,roving_ramp50,mixed_leaky,0.9972190135213956,0.01,7.845154837125126,0.005,1.7898942614823783,3.587339672162338,133.20530252771593,5,276.41060505543186,True,282,49.63370585441589
transient,10,roving_ramp,level,0.0,0.01,0.0,0.0,30.0,15.0,341.79414853431257,3,689.5882970686251,True,8,1.712211847305298
transient,10,roving_ramp,transient,1.0,0.0,7.58402965600443,0.0,1.7256775472110544,3.506220615070236,171.06158882346034,3,348.1231776469207,True,80,13.817610263824465
transient,10,roving_ramp,leaky,0.0,0.01,0.0,4.999999999999999,30.0,15.0,341.79414853431257,4,691.5882970686251,True,10,2.09775185585022
transient,10,roving_ramp,mixed,0.8146451859922339,0.7537088003542806,7.247330352968427,0.0,1.841157480947552,3.571775437188251,170.31761545406908,4,348.63523090813817,True,290,27.474682569503784
transient,10,roving_ramp,mixed_leaky,0.8145289351303283,0.7541922385400045,7.246399216616008,0.005,1.83163580207283,3.572608472905707,170.31881877560528,5,350.63763755121056,True,474,60.06664228439331
transient,10,roving_mixed,level,0.0,0.01,0.0,0.0,30.0,15.0,210.31879911150529,3,426.6375982230105,True,8,1.735720157623291
transient,10,roving_mixed,transient,1.0,0.0,8.247239581969966,0.0,1.8247932090900032,3.5648562881282864,121.66604037516797,3,249.33208075033596,True,88,22.194902658462524
transient,10,roving_mixed,leaky,0.0,0.01,0.0,4.999999999999999,30.0,15.0,210.31879911150529,4,428.6375982230105,True,10,2.0683417320251465
transient,10,roving_mixed,mixed,0.9947122570891364,0.0199987241384109,8.230747409850528,0.0,1.8259049295439096,3.5653325163065497,121.66773073490153,4,251.33546146980305,True,35,4.063496112823486
transient,10,roving_mixed,mixed_leaky,0.9946156292267808,0.020373304394291,8.233635585733946,0.005,1.8176095171569284,3.565335428629328,121.6749996418746,5,253.3499992837492,True,330,54.66296434402466
transient,10,ramp,level,0.0,0.01,0.0,0.0,30.0,15.0,191.3329668993113,3,388.6659337986226,True,8,1.6358740329742432
transient,10,ramp,transient,1.0,0.0,9.927609004789552,0.0,1.959599806106366,3.688236072993597,129.8245579452284,3,265.6491158904568,True,144,20.61302208900452
transient,10,ramp,leaky,0.0,0.01,0.0,4.999999999999999,30.0,15.0,191.3329668993113,4,390.6659337986226,True,10,2.135207414627075
transient,10,ramp,mixed,0.8813108595556203,0.6010351533994026,9.764001941678492,0.0,2.143963996342373,3.662972580542277,129.49551537009108,4,266.99103074018217,True,250,23.51975440979004
transient,10,ramp,mixed_leaky,0.879492371445608,0.6061147102725983,9.6779240035593,0.1272789084751109,1.867008840443308,3.7138471508887343,129.48573641959206,5,268.9714728391841,True,288,39.19375205039978
transient,7,ramp,level,0.0,0.1452206383275329,0.0,0.0,0.3082824241741957,4.143811929519333,320.6503218981173,3,647.3006437962346,True,260,35.859090089797974
transient,7,ramp,transient,1.0,0.0,4.715582848487344,0.0,0.6928966690342412,3.6936479388797774,310.36907395310607,3,626.7381479062121,True,128,20.606262683868408
transient,7,ramp,leaky,0.0,0.201680782226076,0.0,0.319220358931957,-0.4491077325364346,4.23351025642902,320.63278039880424,4,649.2655607976085,True,300,70.41387557983398
transient,7,ramp,mixed,0.995370969256375,0.01,4.704405524785802,0.0,0.6947480317624737,3.687966286078085,310.41033471923976,4,628.8206694384795,True,180,36.86094784736633
transient,7,ramp,mixed_leaky,0.9953689651322296,0.01,4.702360180834424,0.005,0.684574204542955,3.6898560628344224,310.411203013476,5,630.822406026952,True,966,145.9053909778595
transient,8,ramp,level,0.0,2.839642356446062,0.0,0.0,0.9196831407320758,2.6282862122421373,447.7695033804579,3,901.5390067609158,True,120,18.94372534751892
transient,8,ramp,transient,1.0,0.0,10.36221148793591,0.0,1.2629902451970898,2.8102494748562004,415.2631711677368,3,836.5263423354735,True,108,16.14375638961792
transient,8,ramp,leaky,0.0,2.8393346107025343,0.0,0.005,0.9128597647467775,2.628100318097869,447.7703409633792,4,903.5406819267585,True,440,80.37214255332947
transient,8,ramp,mixed,0.8570881381746622,0.745171398066748,9.777396579907274,0.0,1.2958468580682851,2.8239045311514785,414.5885699289901,4,837.1771398579803,True,245,53.78518009185791
transient,8,ramp,mixed_leaky,0.8569468355165205,0.7457723341387419,9.77400427938675,0.005,1.2881146542590516,2.8242900131513955,414.5918287316213,5,839.1836574632426,True,198,89.4967873096466
transient,9,roving_ramp,level,0.0,3.870017907702785,0.0,0.0,1.7839632096355598,1.943144131960796,312.7847081841836,3,631.5694163683672,True,72,16.72608208656311
transient,9,roving_ramp,transient,1.0,0.0,10.79544519851979,0.0,1.5908400533913445,3.0853952921189403,272.6719045269013,3,551.3438090538026,True,72,16.262922525405884
transient,9,roving_ramp,leaky,0.0,4.2093458049742205,0.0,2.417235466071114,-4.558187143016015,3.45969236134303,312.1560838934969,4,632.3121677869938,True,630,94.46905016899107
transient,9,roving_ramp,mixed,0.8254950806313028,0.9666193210377276,10.003964298901318,0.0,1.6360845120861138,3.06980410630349,271.7102187944667,4,551.4204375889334,True,230,40.33995747566223
transient,9,roving_ramp,mixed_leaky,0.8246268334160753,0.9682416465976136,9.96065559924988,0.2640169284453741,1.157593323209212,3.146775395315017,271.6995077328067,5,553.3990154656134,True,210,32.73074769973755
transient,8,roving_mixed,level,0.0,5.946861403744197,0.0,0.0,2.3051148942099378,1.422243270262562,454.04294105265495,3,914.08588210531,True,236,46.173251152038574
transient,8,roving_mixed,transient,1.0,0.0,12.176817426895417,0.0,1.9129770037827605,1.9905405859207843,420.7432368831679,3,847.4864737663358,True,88,17.748438119888306
transient,8,roving_mixed,leaky,0.0,5.753350585440085,0.0,0.7694309815634003,1.6247083392891724,1.4425183576296812,454.0276617919197,4,916.0553235838396,True,205,56.143639087677
transient,8,roving_mixed,mixed,0.8652702993863585,0.833986179332346,11.718098709475395,0.0,1.9194511426992489,2.006168741587241,420.5381699125757,4,849.0763398251514,True,370,41.05423140525818
transient,8,roving_mixed,mixed_leaky,0.8529687650764564,0.970639349582097,12.319448406527592,2.015721961817145,-3.158586708132957,3.3797827329407064,419.64517040482895,5,849.2903408096579,True,618,152.33524656295776
transient,9,ramp,level,0.0,1.1070990171657902,0.0,0.0,0.9106758355153736,2.6782568949801204,313.85423568001903,3,633.7084713600381,True,84,18.46763920783997
transient,9,ramp,transient,1.0,0.0,9.457091519567603,0.0,1.335483855845671,3.064643390996455,280.26468545454594,3,566.5293709090919,True,80,14.96375823020935
transient,9,ramp,leaky,0.0,1.109117367075735,0.0,0.0059995794160604,0.9033424624339808,2.6767638879490576,313.8544641114357,4,635.7089282228714,True,115,42.361976861953735
transient,9,ramp,mixed,0.99769004080335,0.01,9.449333453165956,0.0,1.3368198448846558,3.0634254953336644,280.29534600075795,4,568.5906920015159,True,270,38.90009045600891
transient,9,ramp,mixed_leaky,0.9976894275217248,0.01,9.446819565341745,0.005,1.3285447491928146,3.063598619990633,280.29613669009706,5,570.5922733801941,True,564,98.37510681152344
transient,9,roving_mixed,level,0.0,19.238335122143532,0.0,0.0,8.293871739232033,0.92678459201324,278.79626334557554,3,563.5925266911511,True,208,43.75724196434021
transient,9,roving_mixed,transient,1.0,0.0,10.30990933037222,0.0,1.9315614639088257,2.3329116118091404,247.57617533427475,3,501.1523506685495,True,68,15.82267928123474
transient,9,roving_mixed,leaky,0.0,19.23682118446064,0.0,0.005,8.291332103100745,0.9266252331906764,278.79677976213515,4,565.5935595242703,True,380,68.58334875106812
transient,9,roving_mixed,mixed,0.9785633957631548,0.1025078406849149,10.237641279284382,0.0,1.9355311130064987,2.3336743330838887,247.5715835391506,4,503.1431670783012,True,325,38.674922943115234
transient,9,roving_mixed,mixed_leaky,0.978382280868048,0.103385489389538,10.236892509158514,0.0050134000839138,1.9290586320210232,2.334030826654136,247.57174381027016,5,505.1434876205403,True,444,67.78950619697571
transient,9,roving_ramp50,level,0.0,3.433898113202167,0.0,0.0,1.9937191211434384,1.771732610411264,316.67928399465524,3,639.3585679893105,True,76,16.55645751953125
transient,9,roving_ramp50,transient,1.0,0.0,9.595224263151,0.0,1.7992388486958368,2.362098102920853,283.8358339021362,3,573.6716678042724,True,160,23.364355087280277
transient,9,roving_ramp50,leaky,0.0,3.697829691963988,0.0,2.952203528325693,-2.7346593898107088,2.36294830593042,316.32076719573087,4,640.6415343914617,True,585,84.14458703994751
transient,9,roving_ramp50,mixed,0.8357443657348701,0.8054554322947198,8.96611992017956,0.0,1.8598593132640195,2.3582024453582817,283.05076003374023,4,574.1015200674805,True,150,43.71865177154541
transient,9,roving_ramp50,mixed_leaky,0.8405005021392179,0.7948196978682536,9.163410135202,1.2737418822985729,-0.3246240871358946,2.7220800164736825,282.97797244416995,5,575.9559448883399,True,648,73.49196434020996
transient,12,ramp,level,0.0,0.01,0.0,0.0,30.0,15.0,210.1814600556846,3,426.3629201113692,True,8,1.6307086944580078
transient,12,ramp,transient,1.0,0.0,8.118881364954243,0.0,2.023503379000631,2.249094709438517,171.22992682958403,3,348.45985365916806,True,140,20.152844429016117
transient,12,ramp,leaky,0.0,0.01,0.0,4.999999999999999,30.0,15.0,210.1814600556846,4,428.3629201113692,True,10,2.0259127616882324
transient,12,ramp,mixed,0.7570298535113056,1.1695869822646243,7.972645668705912,0.0,2.4577095026963343,2.070722411875086,170.00755771302522,4,348.01511542605044,True,220,21.28247117996216
transient,12,ramp,mixed_leaky,0.7566888620080069,1.171998995392768,7.974297560880368,0.0059993539382865,2.452523405517882,2.0702069382073534,170.00778325699753,5,350.01556651399505,True,126,35.564958572387695
transient,11,roving_mixed,level,0.0,3.086627218714081,0.0,0.0,1.5834814123855383,1.787256767744254,424.1009091586647,3,854.2018183173293,True,136,26.744776964187626
transient,11,roving_mixed,transient,1.0,0.0,5.970016120776139,0.0,1.3052754057487648,2.1943477316314333,417.12080579461,3,840.2416115892199,True,84,18.719617128372192
transient,11,roving_mixed,leaky,0.0,3.017362582409532,0.0,0.5259200954703642,1.0168373001600908,1.8200962606365247,424.0714164913817,4,856.1428329827634,True,175,41.29552888870239
transient,11,roving_mixed,mixed,0.6471295346827786,1.4577431387571016,5.848799900662537,0.0,1.6536219335979685,1.9176875989610185,416.3868173590376,4,840.7736347180751,True,205,22.82453417778015
transient,11,roving_mixed,mixed_leaky,0.6469950858121186,1.4391200006333638,5.7706812492802015,0.3014972145621461,1.3040292539697411,1.9440074191420045,416.3754246240256,5,842.7508492480512,True,240,32.0358726978302
transient,13,roving_mixed,level,0.0,0.01,0.0,0.0,30.0,15.0,144.62808469012353,3,295.25616938024706,True,8,1.6914868354797363
transient,13,roving_mixed,transient,1.0,0.0,6.821254844854469,0.0,1.4107604662638922,3.636748343052896,115.62651618891026,3,237.2530323778205,True,80,8.691905736923218
transient,13,roving_mixed,leaky,0.0,0.01,0.0,4.999999999999999,30.0,15.0,144.62808469012353,4,297.25616938024706,True,10,2.0846354961395264
transient,13,roving_mixed,mixed,0.917611916609915,0.2725366438228199,6.640937529290007,0.0,1.4526309931698853,3.586343879009059,115.58527817419416,4,239.17055634838837,True,225,22.006316423416138
transient,13,roving_mixed,mixed_leaky,0.917536517392468,0.2727272872155513,6.638961114844217,0.0059984816781697,1.4413905120627284,3.586154147501139,115.58570700890482,5,241.17141401780964,True,84,23.766154527664185
transient,13,roving_ramp50,level,0.0,0.01,0.0,0.0,30.0,15.0,191.42913757314253,3,388.85827514628505,True,8,1.7262535095214844
transient,13,roving_ramp50,transient,1.0,0.0,5.992908352568901,0.0,1.4111600632176442,3.0775956140808867,151.9764098135819,3,309.9528196271638,True,120,18.48100852966309
transient,13,roving_ramp50,leaky,0.0,0.01,0.0,4.999999999999999,30.0,15.0,191.42913757314253,4,390.85827514628505,True,10,2.0576512813568115
transient,13,roving_ramp50,mixed,0.996358594467468,0.01,5.986272329517923,0.0,1.4134135786179214,3.075122297096411,151.9864653603282,4,311.9729307206564,True,150,14.80944848060608
transient,13,roving_ramp50,mixed_leaky,0.996357445044625,0.01,5.9843764335203335,0.005,1.405174411665981,3.0750553220517323,151.99013423346787,5,313.98026846693574,True,306,43.48501443862915
transient,11,roving_ramp,level,0.0,2.126013925504563,0.0,0.0,1.0119308202012671,2.3020141860560046,461.9969622745432,3,929.9939245490864,True,72,15.984888315200806
transient,11,roving_ramp,transient,1.0,0.0,5.197031312624479,0.0,0.866460305803108,2.947501314405318,443.3276275229147,3,892.6552550458294,True,80,13.742383003234863
transient,11,roving_ramp,leaky,0.0,2.2966692919763543,0.0,1.6687762661787635,-1.910117734833425,2.7297297249078016,461.81032336469445,4,931.6206467293888,True,620,80.80310678482056
transient,11,roving_ramp,mixed,0.995803994580212,0.01,5.192155252854698,0.0,0.8675215587764451,2.945950133434084,443.33261695610776,4,894.6652339122155,True,320,44.77087211608887
transient,11,roving_ramp,mixed_leaky,0.995803092974899,0.01,5.191035142221648,0.005,0.8592818516425185,2.9471800458550783,443.33466796587663,5,896.6693359317533,True,510,67.8374674320221
transient,13,ramp,level,0.0,0.01,0.0,0.0,30.0,15.0,181.97647314425265,3,369.9529462885053,True,8,1.6676952838897705
transient,13,ramp,transient,1.0,0.0,7.591811704053136,0.0,2.152009443814787,2.0258347294013426,153.83454209044854,3,313.6690841808971,True,228,29.656641721725464
transient,13,ramp,leaky,0.0,0.01,0.0,4.999999999999999,30.0,15.0,181.97647314425265,4,371.9529462885053,True,10,1.996379375457764
transient,13,ramp,mixed,0.997123367540874,0.01,7.583581594476892,0.0,2.15506608811598,2.024106060117752,153.8386514082334,4,315.6773028164668,True,225,22.59785509109497
transient,13,ramp,mixed_leaky,0.997122635563361,0.01,7.581646828963775,0.0059964941522032,2.148531648736893,2.023953107394109,153.83921877042778,5,317.67843754085555,True,150,27.24736905097961
transient,11,ramp,level,0.0,2.067769972842005,0.0,0.0,1.379582172746905,1.97021956658382,400.44940993108446,3,806.8988198621689,True,140,25.966979265213013
transient,11,ramp,transient,1.0,0.0,6.659983416205435,0.0,1.6660641747685914,1.8665222059344184,394.9038305555832,3,795.8076611111663,False,196,33.641765117645264
transient,11,ramp,leaky,0.0,2.0690757557484085,0.0,0.0059999057050275,1.3771010381536717,1.9664588618002392,400.4495184424809,4,808.8990368849618,True,25,33.35787320137024
transient,11,ramp,mixed,0.7141456236790003,1.0487255478356952,5.732098279919561,0.0,1.709310708293732,1.8811166830085329,393.9682055070638,4,795.9364110141275,True,235,41.77301049232483
transient,11,ramp,mixed_leaky,0.7155004357281447,1.03701259181954,5.705873948582743,0.3088506904580875,1.386897947669854,1.884973997204348,393.9545006783628,5,797.9090013567256,True,264,68.18822860717773
transient,11,roving_ramp50,level,0.0,1.8175936779318715,0.0,0.0,1.1172493555225746,2.270034341235227,376.1992398198547,3,758.3984796397094,True,84,15.13936185836792
transient,11,roving_ramp50,transient,1.0,0.0,5.323415618410508,0.0,1.018764999319868,2.748571044192855,364.21607940094594,3,734.4321588018919,True,100,17.543822288513184
transient,11,roving_ramp50,leaky,0.0,1.8039200866970373,0.0,0.3537277168670801,0.6645012605137055,2.292902974514462,376.1984768240836,4,760.3969536481673,True,160,57.378865480422974
transient,11,roving_ramp50,mixed,0.9152423985850784,0.2207103966268459,5.214229114555821,0.0,1.0467390381513957,2.717605359167081,364.171924100374,4,736.343848200748,True,275,30.143253326416016
transient,11,roving_ramp50,mixed_leaky,0.9155809014032328,0.2197462270059909,5.214195227949934,0.005,1.0391843914532275,2.7183233070258668,364.1726397312392,5,738.3452794624784,True,762,97.78998303413393
transient,13,roving_ramp,level,0.0,0.5288313772392348,0.0,0.0,10.724198676299814,5.1310938873104766,238.48386769291093,3,482.96773538582187,True,12,2.1558470726013184
transient,13,roving_ramp,transient,1.0,0.0,6.90164312430943,0.0,1.3098474776746791,3.809261451277177,155.2983779225972,3,316.5967558451944,True,132,20.15182113647461
transient,13,roving_ramp,leaky,0.0,0.5302699639351139,0.0,0.8492162243517252,10.34253862660016,5.129805726958782,238.48386769291093,4,484.96773538582187,True,15,2.267947196960449
transient,13,roving_ramp,mixed,0.9167661973776928,0.2798361343722566,6.743300210296935,0.0,1.3424976287328263,3.8007313625078583,155.22527560747875,4,318.4505512149575,True,245,23.65709662437439
transient,13,roving_ramp,mixed_leaky,0.9027995963052662,0.3465978955385611,7.043022169303827,0.6046798413578475,-1.8885225619690784,7.023445858461234,154.6831565719109,5,319.3663131438218,True,750,77.23322868347168
transient,12,roving_ramp,level,0.0,5.040561420435647,0.0,0.0,4.242927123502799,1.1313837617802789,220.68380054256787,3,447.3676010851357,True,272,29.695613145828247
transient,12,roving_ramp,transient,1.0,0.0,7.757812386129991,0.0,1.8909544357233363,2.421623046090951,183.89921233464983,3,373.7984246692997,True,116,22.648614645004272
transient,12,roving_ramp,leaky,0.0,5.05296896833495,0.0,0.0059999446611904,4.246669739892863,1.1306387169047334,220.6838028212973,4,449.3676056425946,True,100,49.72039008140564
transient,12,roving_ramp,mixed,0.997185373318034,0.01,7.751128659526854,0.0,1.8919639000977928,2.4210154884682877,183.9226014007198,4,375.8452028014396,True,245,34.616783618927
transient,12,roving_ramp,mixed_leaky,0.9973849167135012,0.01,8.344246351892833,1.4818355812608917,-4.496434844409516,5.3762820139903065,182.55546937641583,5,375.11093875283166,True,516,106.09290552139282
transient,12,roving_mixed,level,0.0,13.815854003951925,0.0,0.0,7.266003808820431,0.9610455118458971,224.1247580200545,3,454.249516040109,True,168,19.00275158882141
transient,12,roving_mixed,transient,1.0,0.0,8.06771195419986,0.0,1.741133170987579,2.546319724678074,196.3199324119825,3,398.639864823965,True,64,14.074799060821531
transient,12,roving_mixed,leaky,0.0,13.821083402082138,0.0,0.0059999913424785,7.265921777343144,0.9607396110674424,224.1248304179159,4,456.2496608358318,True,40,48.942007541656494
transient,12,roving_mixed,mixed,0.997293529979344,0.01,8.061755584769443,0.0,1.741093034028047,2.54723591424798,196.3282054465522,4,400.6564108931044,True,305,43.27115821838379
transient,12,roving_mixed,mixed_leaky,0.9973425356037208,0.01,8.21082381579112,1.0486081344732825,-0.0589880776915718,2.820536360578394,196.19277066676116,5,402.3855413335223,True,438,109.14754343032835
transient,15,roving_ramp50,level,0.0,0.01,0.0,0.0,30.0,15.0,332.34440089360834,3,670.6888017872167,True,8,1.6288156509399414
transient,15,roving_ramp50,transient,1.0,0.0,7.156797670501353,0.0,2.074512365852009,1.9284670934930128,247.9489846397886,3,501.8979692795772,True,124,23.12786102294922
transient,15,roving_ramp50,leaky,0.0,0.01,0.0,4.999999999999999,30.0,15.0,332.34440089360834,4,672.6888017872167,True,10,2.070708990097046
transient,15,roving_ramp50,mixed,0.8202627842476821,0.6803697899394163,6.793129065167244,0.0,2.1813601857746567,1.92440126720962,247.4758127555945,4,502.9516255111889,True,305,31.09219431877136
transient,15,roving_ramp50,mixed_leaky,0.8201320285585801,0.6808398705620711,6.791798033594708,0.0059985064705474,2.175171127510615,1.924339990244468,247.4762981459972,5,504.9525962919943,True,72,49.743929624557495
transient,15,ramp,level,0.0,0.01,0.0,0.0,30.0,15.0,351.00730298351715,3,708.0146059670343,True,8,1.6090922355651855
transient,15,ramp,transient,1.0,0.0,5.821243004472153,0.0,1.0049658197077604,3.4608459657658264,274.7006193160555,3,555.401238632111,True,88,18.07539653778076
transient,15,ramp,leaky,0.0,0.01,0.0,4.999999999999999,30.0,15.0,351.00730298351715,4,710.0146059670343,True,10,1.9374737739562988
transient,15,ramp,mixed,0.9962492822028612,0.01,5.811168638328762,0.0,1.0076830422975669,3.4559213749718807,274.71853440789846,4,557.4370688157969,False,215,19.353338718414307
transient,15,ramp,mixed_leaky,0.9962482603386412,0.01,5.809579886894589,0.0054979120528868,0.9967684564629228,3.459115077195265,274.71973577626545,5,559.4394715525309,True,702,68.50297522544861
transient,12,roving_ramp50,level,0.0,4.516686117196987,0.0,0.0,2.66689857468385,1.7439569847761895,158.91127933570087,3,323.82255867140174,True,88,9.813341856002808
transient,12,roving_ramp50,transient,1.0,0.0,9.52380786334566,0.0,1.7704642487961264,3.401471030501148,130.02715092941915,3,266.0543018588383,True,64,15.201244592666626
transient,12,roving_ramp50,leaky,0.0,4.567324107388657,0.0,2.7851046202636573,-4.062421920214099,3.1459460685106,158.32204887956715,4,324.6440977591343,True,565,130.42121148109436
transient,12,roving_ramp50,mixed,0.9977053920102158,0.01,9.512697011847118,0.0,1.7716307792142147,3.398898596045964,130.0340662552007,4,268.0681325104014,True,170,49.11675357818604
transient,12,roving_ramp50,mixed_leaky,0.9978187117708376,0.01,10.008026219719987,0.8309842664782269,-4.806513079990953,9.44617123642734,129.74828788339818,5,269.49657576679635,True,456,113.69365310668944
transient,14,roving_ramp,level,0.0,2.0931811931707465,0.0,0.0,1.8582350319451564,1.5767640067760589,507.6258712588015,3,1021.2517425176028,True,92,24.98639225959778
transient,14,roving_ramp,transient,1.0,0.0,7.38828085134846,0.0,1.2338890948451269,2.7413670512583344,436.5630812025541,3,879.1261624051083,True,92,25.199047803878784
transient,14,roving_ramp,leaky,0.0,2.094460815466824,0.0,0.0059999510388377,1.856662742664992,1.5745526049111755,507.62595692776654,4,1023.2519138555332,True,25,31.321845054626465
transient,14,roving_ramp,mixed,0.9970448944261802,0.01,7.381617875429675,0.0,1.235023874985762,2.740875182325046,436.5878470711144,4,881.1756941422288,True,305,40.05733394622803
transient,14,roving_ramp,mixed_leaky,0.997044265808991,0.01,7.380043320839478,0.005,1.2277257051099348,2.740817428529496,436.5909183766432,5,883.1818367532865,True,360,75.32766199111938
transient,14,roving_mixed,level,0.0,6.618025303025144,0.0,0.0,4.854338906257111,1.0137655765575952,384.2969266045967,3,774.5938532091934,True,160,35.67334032058716
transient,14,roving_mixed,transient,1.0,0.0,10.072987371309354,0.0,1.6604125781296326,2.5932414456924326,317.4000852534571,3,640.8001705069142,True,128,18.75035810470581
transient,14,roving_mixed,leaky,0.0,6.621080536575274,0.0,0.0060000081471321,4.854149513588273,1.0133005636947323,384.2969270022137,4,776.5938540044274,True,45,42.013752937316895
transient,14,roving_mixed,mixed,0.9978313678865798,0.01,10.066560643020187,0.0,1.6606946705723884,2.594212167982719,317.4076873811856,4,642.8153747623712,True,350,42.09463357925415
transient,14,roving_mixed,mixed_leaky,0.9978160492787036,0.0100502038386457,10.045981335658915,0.2749380740871526,1.2551218243389548,2.627968289101833,317.35302733564845,5,644.7060546712969,True,174,66.54283571243286
transient,14,roving_ramp50,level,0.0,4.1917215392826455,0.0,0.0,3.624591091990181,1.128590561347817,436.8610450127443,3,879.7220900254886,True,136,41.15231990814209
transient,14,roving_ramp50,transient,1.0,0.0,7.897028053523698,0.0,1.343753020269858,2.895370059497214,365.8815401248981,3,737.7630802497962,True,120,20.6220486164093
transient,14,roving_ramp50,leaky,0.0,4.150786836791099,0.0,0.4408490093623194,3.3557694268820915,1.1174540483831652,436.83674459026696,4,881.6734891805339,True,185,53.33118939399719
transient,14,roving_ramp50,mixed,0.997234827361702,0.01,7.890145880730738,0.0,1.3452570245785067,2.8943773351379725,365.89726638155554,4,739.7945327631111,True,235,62.029045820236206
transient,14,roving_ramp50,mixed_leaky,0.9972358396661574,0.01,7.893043461251159,0.3849627458530286,0.6826897906796957,2.993535430250094,365.8586603222601,5,741.7173206445201,True,348,87.36754608154297
transient,15,roving_ramp,level,0.0,3.4593794933271544,0.0,0.0,2.976823214687349,1.3296669104502008,321.2025221642645,3,648.405044328529,True,172,34.412025928497314
transient,15,roving_ramp,transient,1.0,0.0,8.354401414490422,0.0,2.0712706275060264,2.0658362281521785,271.71994474323327,3,549.4398894864665,True,68,14.700783491134644
transient,15,roving_ramp,leaky,0.0,3.4099018616041707,0.0,0.4063052988926028,2.6622579510035864,1.326085212019696,321.19351153354256,4,650.3870230670851,True,160,32.86573052406311
transient,15,roving_ramp,mixed,0.9973863165725024,0.01,8.348727152633348,0.0,2.072813624123256,2.0652476181405435,271.72339137244506,4,551.4467827448901,True,150,40.86948537826538
transient,15,roving_ramp,mixed_leaky,0.9973859204357282,0.01,8.34745867381028,0.005,2.067095644280797,2.0652894267339046,271.7236975019265,5,553.4473950038531,True,774,126.93512725830078
transient,16,roving_ramp,level,0.0,4.767422362837545,0.0,0.0,1.213530222880659,2.081764558200402,510.0853071046212,3,1026.1706142092423,True,76,22.044008016586304
transient,16,roving_ramp,transient,1.0,0.0,9.421230744783122,0.0,1.2706713343070246,2.463874545588009,475.6273635134972,3,957.2547270269944,True,116,18.322737216949463
transient,16,roving_ramp,leaky,0.0,4.769317559529467,0.0,0.005,1.2092265809000369,2.080615158952281,510.0865443209189,4,1028.1730886418377,True,375,70.80499625205994
transient,16,roving_ramp,mixed,0.9976821254122108,0.01,9.41698988095668,0.0,1.2710754566882492,2.4636618034592934,475.629194431409,4,959.258388862818,True,310,32.54216480255127
transient,16,roving_ramp,mixed_leaky,0.9976822747720014,0.01,9.417598144322136,0.005,1.264979867585968,2.4631945466940794,475.63068448205854,5,961.2613689641172,True,396,79.95237135887146
transient,15,roving_mixed,level,0.0,6.273787568811862,0.0,0.0,4.640787623922588,1.09627596729566,265.4306733713388,3,536.8613467426776,True,352,59.85477566719055
transient,15,roving_mixed,transient,1.0,0.0,6.744169035688991,0.0,1.257256666662321,3.178034860808117,226.6282573582944,3,459.2565147165888,True,92,18.17467999458313
transient,15,roving_mixed,leaky,0.0,6.293180790768025,0.0,0.0052458373384581,4.650676304272525,1.0947762568328832,265.43098804712474,4,538.8619760942495,True,415,84.08763933181763
transient,15,roving_mixed,mixed,0.9967632688146508,0.01,6.737445108032359,0.0,1.257530274242496,3.179307832845865,226.6314779880151,4,461.2629559760302,False,405,43.23670983314514
transient,15,roving_mixed,mixed_leaky,0.9967412982837568,0.0100502212976912,6.725480450602462,0.2575602449414093,0.7860582194353752,3.246166507160893,226.6045709703561,5,463.2091419407122,True,186,59.94936299324036
transient,14,ramp,level,0.0,1.2183477461933183,0.0,0.0,0.7500477442948367,3.037706329693536,379.6172849506776,3,765.2345699013551,True,156,21.72720193862915
transient,14,ramp,transient,1.0,0.0,7.71091287304244,0.0,0.9092320662668582,4.08860053342846,347.0255976413083,3,700.0511952826166,True,180,22.55422186851501
transient,14,ramp,leaky,0.0,1.5052930653694645,0.0,1.2295011442157966,-4.247373460930611,5.358510269008404,378.0412330403876,4,764.0824660807752,True,575,103.64845180511476
transient,14,ramp,mixed,0.9320000088687902,0.2484041316316071,7.448618337888627,0.0,0.945231167344392,4.028659092813812,346.7727044669191,4,701.5454089338382,True,220,47.91151070594788
transient,14,ramp,mixed_leaky,0.9200501939697666,0.3022755638981292,7.610391404699888,0.4229891205505101,-0.2288796949551851,4.555028839806997,346.53008632380124,5,703.0601726476025,True,684,108.74024295806883
transient,16,roving_ramp50,level,0.0,4.846969753091054,0.0,0.0,1.1548479261588096,2.1644263382020563,517.451146920739,3,1040.902293841478,True,132,19.374265432357788
transient,16,roving_ramp50,transient,1.0,0.0,9.152909230141214,0.0,1.391898358384012,2.221067182578558,497.2987857554228,3,1000.5975715108456,True,88,16.207889318466187
transient,16,roving_ramp50,leaky,0.0,4.836836346973383,0.0,0.3846983940649747,0.6855160224713253,2.1859308952777576,517.3902074147645,4,1042.780414829529,True,180,39.841225147247314
transient,16,roving_ramp50,mixed,0.8275178888603439,0.8202263322196889,8.609479290685991,0.0,1.3943896596296814,2.2372897280529584,497.0557319772309,4,1002.1114639544618,True,315,34.267030239105225
transient,16,roving_ramp50,mixed_leaky,0.8065482534093469,1.0373415564710833,9.462138979714986,1.966073407891,-2.7488651734267675,3.0717214665536465,496.4031395946206,5,1002.8062791892412,True,690,147.73249101638794
transient,19,roving_ramp50,level,0.0,0.01,0.0,0.0,30.0,15.0,135.16250305629262,3,276.32500611258524,True,8,1.664078950881958
transient,19,roving_ramp50,transient,1.0,0.0,0.01,0.0,30.0,15.0,135.16250305629262,3,276.32500611258524,True,8,1.6815636157989502
transient,19,roving_ramp50,leaky,0.0,0.01,0.0,4.999999999999999,30.0,15.0,135.16250305629262,4,278.32500611258524,True,10,2.102245092391968
transient,19,roving_ramp50,mixed,0.4775764455742727,0.01,0.02,0.0,30.0,15.0,135.16250305629262,4,278.32500611258524,True,5,1.1898958683013916
transient,19,roving_ramp50,mixed_leaky,0.4775764455742727,0.01,0.02,0.0059999999999999,30.0,15.0,135.16250305629262,5,280.32500611258524,True,6,1.952392339706421
transient,19,roving_mixed,level,0.0,0.01,0.0,0.0,30.0,15.0,125.89926318689884,3,257.7985263737977,True,8,1.7226994037628174
transient,19,roving_mixed,transient,1.0,0.0,0.01,0.0,30.0,15.0,125.89926318689884,3,257.7985263737977,True,8,1.7255804538726809
transient,19,roving_mixed,leaky,0.0,0.01,0.0,4.999999999999999,30.0,15.0,125.89926318689884,4,259.7985263737977,True,10,2.083292007446289
transient,19,roving_mixed,mixed,0.4775764455742727,0.01,0.02,0.0,30.0,15.0,125.89926318689884,4,259.7985263737977,True,5,1.2053170204162598
transient,19,roving_mixed,mixed_leaky,0.4775764455742727,0.01,0.02,0.0059999999999999,30.0,15.0,125.89926318689884,5,261.7985263737977,True,6,1.9488909244537356
transient,19,ramp,level,0.0,0.01,0.0,0.0,30.0,15.0,22.366139726936144,3,50.73227945387229,True,8,1.6724469661712646
transient,19,ramp,transient,1.0,0.0,0.01,0.0,30.0,15.0,22.366139726936144,3,50.73227945387229,True,8,1.6771268844604492
transient,19,ramp,leaky,0.0,0.01,0.0,4.999999999999999,30.0,15.0,22.366139726936144,4,52.73227945387229,True,10,2.00003981590271
transient,19,ramp,mixed,0.4775764455742727,0.01,0.02,0.0,30.0,15.0,22.366139726936144,4,52.73227945387229,True,5,1.1646411418914795
transient,19,ramp,mixed_leaky,0.4775764455742727,0.01,0.02,0.0059999999999999,30.0,15.0,22.366139726936144,5,54.73227945387229,True,6,1.835226058959961
transient,17,roving_ramp,level,0.0,5.076257902575804,0.0,0.0,1.0417186165816823,2.330621085864022,506.3361689938128,3,1018.6723379876256,True,84,15.819037437438965
transient,17,roving_ramp,transient,1.0,0.0,7.7612918840458365,0.0,1.0411697638553248,2.690710472187592,490.8671334862964,3,987.7342669725928,True,136,20.0369815826416
transient,17,roving_ramp,leaky,0.0,5.07719593031316,0.0,0.0059995639375217,1.0341947504418207,2.33094302433962,506.3364429586276,4,1020.6728859172551,True,100,39.45001673698425
transient,17,roving_ramp,mixed,0.6830782225754427,1.4995178135966032,7.07098364096532,0.0,1.1063203878729255,2.6340544900267013,490.1612262055672,4,988.3224524111343,True,305,60.08895134925842
transient,17,roving_ramp,mixed_leaky,0.6862782507022541,1.497275087897493,7.165839106414235,0.7595294573493838,-0.1600079262128907,2.811348326306784,490.1070923274768,5,990.2141846549536,True,660,99.80300903320312
transient,19,roving_ramp,level,0.0,0.01,0.0,0.0,30.0,15.0,266.705521965388,3,539.411043930776,True,8,1.825329065322876
transient,19,roving_ramp,transient,1.0,0.0,5.368302719379248,0.0,1.7849071358365356,3.4798943456484004,143.60897251739937,3,293.2179450347988,True,72,8.05396032333374
transient,19,roving_ramp,leaky,0.0,0.01,0.0,4.999999999999999,30.0,15.0,266.705521965388,4,541.411043930776,True,10,2.1028378009796143
transient,19,roving_ramp,mixed,0.9959364524511592,0.01,5.362115060212353,0.0,1.7868282118853744,3.478666427991987,143.62350318577026,4,295.2470063715405,True,225,22.245587825775143
transient,19,roving_ramp,mixed_leaky,0.996231726616677,0.01,5.783993711106168,0.7135317883644192,-1.2517355382693114,5.791556811324785,142.67364591553792,5,295.34729183107584,True,324,39.19488763809204
transient,17,roving_ramp50,level,0.0,4.15599162767897,0.0,0.0,0.8525852280060157,2.508821403842897,547.966427601151,3,1101.932855202302,True,120,21.78434157371521
transient,17,roving_ramp50,transient,1.0,0.0,6.699266079222271,0.0,0.8871501279794508,2.796001089603659,531.8961149150394,3,1069.792229830079,True,132,25.26882553100586
transient,17,roving_ramp50,leaky,0.0,4.987592448195692,0.0,1.8662131477400488,-3.9465275065595744,3.6172920973364455,546.8816069302737,4,1101.7632138605477,True,625,121.8784875869751
transient,17,roving_ramp50,mixed,0.7066324938834129,1.1832467829935454,6.235435253596723,0.0,0.9489827002634368,2.744991429433137,531.3567839893147,4,1070.7135679786295,True,210,38.2763421535492
transient,17,roving_ramp50,mixed_leaky,0.7015337909247293,1.203212071829715,6.187360950565216,0.2776817247418281,0.5115474079055751,2.7935549887862594,531.3311140733003,5,1072.662228146601,True,174,30.44826316833496
transient,16,roving_mixed,level,0.0,5.2921446145194215,0.0,0.0,0.8501630485105371,2.6835328990972784,526.6152017919887,3,1059.2304035839777,True,132,20.359318494796756
transient,16,roving_mixed,transient,1.0,0.0,6.977519772326789,0.0,0.8686970156691884,3.0198665464328025,508.73841735535046,3,1023.4768347107008,True,120,18.30051326751709
transient,16,roving_mixed,leaky,0.0,5.240564194849443,0.0,0.309484740917671,0.3624047787013258,2.748365869693972,526.5977601929194,4,1061.1955203858388,True,160,33.388569355010986
transient,16,roving_mixed,mixed,0.7137243642998414,1.1923180306533148,6.503514197923588,0.0,0.9070627536415038,3.0015710042635595,508.34821385738815,4,1024.6964277147763,True,195,41.13086128234863
transient,16,roving_mixed,mixed_leaky,0.7139355196269078,1.1908511095311525,6.50223056417039,0.005,0.8987747086890759,3.0024512583149616,508.3490042106004,5,1026.6980084212007,True,1098,174.15977263450625
transient,16,ramp,level,0.0,5.06858389276057,0.0,0.0,1.4645739668260198,1.8848423865187944,444.8589584079407,3,895.7179168158814,True,120,21.93528127670288
transient,16,ramp,transient,1.0,0.0,10.469100348540708,0.0,1.118202571984583,2.8586317471543325,414.8630659603608,3,835.7261319207216,True,68,15.825994968414308
transient,16,ramp,leaky,0.0,5.098890834372145,0.0,2.120487980843161,-4.366528934695045,3.535999318496541,443.8752685202212,4,895.7505370404424,True,705,77.90546011924744
transient,16,ramp,mixed,0.9979130846849392,0.01,10.461591006532812,0.0,1.119024917904963,2.856819154969068,414.86834937112127,4,837.7366987422425,True,165,42.37509369850159
transient,16,ramp,mixed_leaky,0.9981145373004296,0.01,11.581699229237042,1.1347491012869633,-2.785537075759611,4.691726927373617,413.6483303468297,5,837.2966606936594,True,642,123.6481420993805
transient,17,roving_mixed,level,0.0,4.310549693671991,0.0,0.0,0.6291008570249618,2.9794518046257465,580.9477586897297,3,1167.8955173794593,True,104,17.619898080825806
transient,17,roving_mixed,transient,1.0,0.0,6.296490468229232,0.0,0.7858045384991073,3.0054330214337925,564.1132725436299,3,1134.22654508726,True,132,25.07395815849304
transient,17,roving_mixed,leaky,0.0,4.3097334024891385,0.0,0.005,0.6216728537932648,2.978495725048894,580.9508368473951,4,1169.90167369479,False,530,88.79966950416565
transient,17,roving_mixed,mixed,0.8310298175074201,0.5646773379650157,6.075985637359009,0.0,0.7972332496673512,3.01155151906832,564.0295118531019,4,1136.0590237062038,True,240,27.1200749874115
transient,17,roving_mixed,mixed_leaky,0.8315454809074605,0.5625746933803236,6.07565884929354,0.005,0.7892470876762501,3.0116804213424424,564.0305067386499,5,1138.0610134773,True,678,98.64147472381592
transient,18,roving_ramp50,level,0.0,4.150176649273074,0.0,0.0,1.2793456481843075,1.8671133366153656,597.0133112446816,3,1200.0266224893633,True,120,19.935609579086304
transient,18,roving_ramp50,transient,1.0,0.0,8.490675063844368,0.0,1.4722373596744498,1.9538024978399515,577.8435843975249,3,1161.6871687950495,True,124,19.636860132217407
transient,18,roving_ramp50,leaky,0.0,4.151526052941376,0.0,0.0059993082455075,1.273585453306809,1.8668867368733764,597.0139514307834,4,1202.0279028615669,True,55,29.54629802703857
transient,18,roving_ramp50,mixed,0.7462943300931738,1.240420846872114,7.982866600152308,0.0,1.4891375952055843,1.9785503366640207,577.3593736480352,4,1162.7187472960704,True,410,43.70564103126526
transient,18,roving_ramp50,mixed_leaky,0.7460484740157695,1.2413305116252142,7.978357569220891,0.005,1.483790997025603,1.978297133298614,577.3600497069651,5,1164.7200994139305,True,528,85.05410861968994
transient,18,roving_ramp,level,0.0,4.660844985935062,0.0,0.0,0.8362933685031514,2.601194536799514,578.0360008619618,3,1162.0720017239237,True,132,23.70414686203003
transient,18,roving_ramp,transient,1.0,0.0,5.62373213868267,0.0,0.8540615193245411,2.709807580102731,569.6934349204339,3,1145.3868698408678,True,68,14.996903657913208
transient,18,roving_ramp,leaky,0.0,4.660171894858475,0.0,0.005,0.8295615420312206,2.6009429889815103,578.0371708223736,4,1164.0743416447472,True,495,71.96143317222595
transient,18,roving_ramp,mixed,0.5179434306974576,1.998188186830858,4.697108118953298,0.0,0.8820475457199899,2.7752639493731803,568.3292222365678,4,1144.6584444731357,True,180,35.840492725372314
transient,18,roving_ramp,mixed_leaky,0.5179739843780661,1.9977387009741088,4.696626223092803,0.005,0.8745676246389836,2.7757359758405724,568.3312202451206,5,1146.6624404902411,False,432,94.4490532875061
transient,17,ramp,level,0.0,3.3411014188348958,0.0,0.0,0.541382496366334,3.130117784005212,532.9662857269573,3,1071.9325714539143,True,112,19.844874620437626
transient,17,ramp,transient,1.0,0.0,6.748106549016757,0.0,0.6183786720960746,3.411415775282917,520.1978067781348,3,1046.3956135562696,True,64,13.376960754394531
transient,17,ramp,leaky,0.0,3.3413231285531864,0.0,0.005,0.5333539581801776,3.1298718574822786,532.9672462401594,4,1073.9344924803188,True,585,103.44728660583496
transient,17,ramp,mixed,0.8535102454802134,0.5046112459089469,6.432329139982544,0.0,0.634620420969586,3.394996182568468,520.084348488621,4,1048.168696977242,True,215,44.82158422470093
transient,17,ramp,mixed_leaky,0.8534074831065803,0.5048646678686968,6.430273866385404,0.0050790535136077,0.6257333344568036,3.3946578149280437,520.0849192169776,5,1050.1698384339552,True,306,105.6087384223938
transient,18,roving_mixed,level,0.0,4.171959963941674,0.0,0.0,0.8969664285003721,2.428481797920898,572.5815393789265,3,1151.163078757853,True,152,22.23241877555847
transient,18,roving_mixed,transient,1.0,0.0,6.907208983967847,0.0,1.1951015355479773,2.2531177244774434,559.3216351578341,3,1124.643270315668,True,128,18.5111722946167
transient,18,roving_mixed,leaky,0.0,4.172146320319653,0.0,0.005,0.890553672669059,2.428518279344494,572.5831460821129,4,1153.1662921642258,True,410,89.96458411216736
transient,18,roving_mixed,mixed,0.7703644736575732,0.8820836821586971,6.474061243766552,0.0,1.179927184036307,2.304970516608366,559.139715118261,4,1126.279430236522,True,235,24.8739652633667
transient,18,roving_mixed,mixed_leaky,0.7710419207509291,0.878840187534356,6.475029810912591,0.0050157255586566,1.1738619134740722,2.3047523905972307,559.1397171670286,5,1128.2794343340572,True,318,63.43251705169678
transient,21,ramp,level,0.0,0.01,0.0,0.0,30.0,15.0,266.5304313365277,3,539.0608626730555,True,8,1.6684894561767578
transient,21,ramp,transient,1.0,0.0,9.435106242694737,0.0,1.5729755586245786,3.055517550030759,202.86202191434197,3,411.7240438286839,True,96,13.600333213806152
transient,21,ramp,leaky,0.0,0.01,0.0,4.999999999999999,30.0,15.0,266.5304313365277,4,541.0608626730555,True,10,2.0030205249786377
transient,21,ramp,mixed,0.9818132301318868,0.0790955753194904,9.34190280321145,0.0,1.5837394152916686,3.0467172529153936,202.8515387608936,4,413.7030775217872,True,125,11.983594179153442
transient,21,ramp,mixed_leaky,0.9806972102113876,0.0840380069170199,9.341152216278982,0.265648879725597,1.1352200989562025,3.0811790837004835,202.8480003602029,5,415.6960007204058,True,144,20.38171911239624
transient,18,ramp,level,0.0,3.931744318013578,0.0,0.0,0.8003811160934953,2.62542757620798,538.8961925347376,3,1083.7923850694751,True,72,14.680755376815796
transient,18,ramp,transient,1.0,0.0,6.103507627890937,0.0,0.8141306123448984,2.855588498774765,528.9608674582498,3,1063.9217349164996,True,88,14.347278594970703
transient,18,ramp,leaky,0.0,3.930020875192816,0.0,0.005,0.7929988776051462,2.6262866710965422,538.8973380723743,4,1085.7946761447486,True,405,80.7977089881897
transient,18,ramp,mixed,0.5759721391684437,1.765689108996099,5.247242893341711,0.0,0.8742598892555493,2.857166819906993,527.4438369851355,4,1062.887673970271,True,230,38.778167724609375
transient,18,ramp,mixed_leaky,0.5760046193458449,1.7650002944924172,5.245893504603129,0.005,0.8664013227603125,2.8578432388414816,527.4451810193534,5,1064.8903620387068,True,498,78.97629976272583
transient,20,roving_mixed,level,0.0,1.0177025630555645,0.0,0.0,0.8136791007274409,2.508238945192593,460.179735034316,3,926.359470068632,True,76,18.254122734069824
transient,20,roving_mixed,transient,1.0,0.0,2.800651991402751,0.0,0.8694283336953773,2.562845258765039,456.8751622050315,3,919.750324410063,True,72,18.75584888458252
transient,20,roving_mixed,leaky,0.0,1.0186841627748615,0.0,0.0059997848019929,0.8059502332648402,2.508124708599272,460.1797663996609,4,928.359532799322,True,115,65.63367795944214
transient,20,roving_mixed,mixed,0.7555927311566678,0.3931448507020469,2.659108703665224,0.0,0.9043709709920608,2.540537452577612,456.7603322325264,4,921.5206644650528,True,255,28.8342068195343
transient,20,roving_mixed,mixed_leaky,0.7556765886897271,0.3932529495225769,2.661048066619089,0.0059994054688481,0.8966572770254161,2.540229320475148,456.7607472120224,5,923.5214944240448,True,132,62.58818483352661
transient,22,roving_ramp50,level,0.0,0.01,0.0,0.0,30.0,15.0,351.0238870078699,3,708.0477740157398,True,8,1.679328203201294
transient,22,roving_ramp50,transient,1.0,0.0,6.667609802493128,0.0,1.6111282857442273,2.425045581365647,258.72083442891494,3,523.4416688578299,True,100,21.49216938018799
transient,22,roving_ramp50,leaky,0.0,0.01,0.0,4.999999999999999,30.0,15.0,351.0238870078699,4,710.0477740157398,True,10,1.9760637283325195
transient,22,roving_ramp50,mixed,0.9967279672389378,0.01,6.664519566677904,0.0,1.615869843986139,2.4201744180694185,258.7353258340451,4,525.4706516680902,True,185,17.897528886795044
transient,22,roving_ramp50,mixed_leaky,0.9969535118971724,0.01,7.15954243511313,1.2377708597160395,-2.7303450913725245,4.566384069626559,258.324616053094,5,526.649232106188,True,792,81.3149962425232
transient,22,ramp,level,0.0,0.01,0.0,0.0,30.0,15.0,257.14135289042525,3,520.2827057808505,True,8,1.6773273944854736
transient,22,ramp,transient,1.0,0.0,6.705483768050961,0.0,1.3819355112046583,2.9172986227376017,203.35096688814025,3,412.7019337762805,True,120,21.422191619873047
transient,22,ramp,leaky,0.0,0.01,0.0,4.999999999999999,30.0,15.0,257.14135289042525,4,522.2827057808505,True,10,1.968672752380371
transient,22,ramp,mixed,0.7966667780406419,0.7091726808824291,6.078972910817954,0.0,1.5961252200600755,2.6616088393600847,202.46539208721015,4,412.9307841744204,True,185,17.538958072662354
transient,22,ramp,mixed_leaky,0.7725964807989174,0.868597081917851,6.456300809114087,1.4409853263408137,-2.9805548625645013,4.345054950280102,201.9196808202407,5,413.8393616404814,True,834,79.00838565826416
transient,20,roving_ramp,level,0.0,0.9373893212844866,0.0,0.0,0.2697915740310033,4.0053319195265145,523.9127636533417,3,1053.8255273066834,True,120,19.294941425323486
transient,20,roving_ramp,transient,1.0,0.0,3.3134141878988363,0.0,0.3797582913418218,4.095030807331083,515.443251641611,3,1036.886503283222,True,68,16.384828567504883
transient,20,roving_ramp,leaky,0.0,1.1406910124688747,0.0,0.7712935996119288,-2.443725592843656,5.127660707693396,523.4764246465164,4,1054.9528492930328,True,635,124.23117899894714
transient,20,roving_ramp,mixed,0.9595669486238858,0.0630962627775007,3.2760630088866325,0.0,0.3836836737375869,4.090479576621942,515.4366355296478,4,1038.8732710592956,True,250,28.458629608154297
transient,20,roving_ramp,mixed_leaky,0.9595384694737132,0.0630948316297055,3.273585712029554,0.005,0.3729480296420819,4.090718965021935,515.4414985167567,5,1040.8829970335134,True,582,87.2458770275116
transient,20,ramp,level,0.0,1.2047952053434847,0.0,0.0,0.5785627158293912,3.1854046104493854,398.7078835748971,3,803.4157671497942,True,76,16.105510473251343
transient,20,ramp,transient,1.0,0.0,1.1593865931509035,0.0,0.4648578597847979,3.3681870748087976,401.43336274273753,3,808.8667254854751,True,120,21.37299942970276
transient,20,ramp,leaky,0.0,1.204721755550889,0.0,0.005,0.5702895692923808,3.185442109169712,398.7086237615652,4,805.4172475231303,True,635,109.5927677154541
transient,20,ramp,mixed,0.00378595418017,1.202728108044966,0.01,0.0,0.5787312344784004,3.185903238742544,398.7103693281488,4,805.4207386562977,True,265,28.580167293548584
transient,20,ramp,mixed_leaky,0.0037877921312142,1.2021422901933048,0.01,0.005,0.5702512585547996,3.1863532675012016,398.7111225756816,5,807.4222451513631,True,654,77.06809067726135
transient,20,roving_ramp50,level,0.0,0.031519158948509,0.0,0.0,0.7195608533534642,2.429705171789602,496.0550727436095,3,998.1101454872188,True,156,35.52629852294922
transient,20,roving_ramp50,transient,1.0,0.0,2.7474888135496647,0.0,0.8255377966457864,2.536278441153588,491.3861891785882,3,988.7723783571764,True,108,21.219565391540527
transient,20,roving_ramp50,leaky,0.0,0.0326983637596584,0.0,1.2778100805954624,-1.2807984782472044,2.6046511433778785,496.0178487504534,4,1000.0356975009068,True,790,107.4683129787445
transient,20,roving_ramp50,mixed,0.9920796461129946,0.01,2.740386373784483,0.0,0.8269275474189428,2.534396360412179,491.4084123227651,4,990.8168246455302,True,150,37.57904672622681
transient,20,roving_ramp50,mixed_leaky,0.9920780549002016,0.01,2.739831541539061,0.005,0.8202598227799253,2.534368655624342,491.4092816573847,5,992.8185633147692,True,486,73.8280086517334
transient,21,roving_ramp50,level,0.0,2.712860844468724,0.0,0.0,1.961010609795054,1.8596383865067565,308.9499352746408,3,623.8998705492816,True,148,29.02916622161865
transient,21,roving_ramp50,transient,1.0,0.0,8.432984075549639,0.0,1.268265458707909,3.875857606784261,251.97335003259263,3,509.9467000651853,True,92,15.99635648727417
transient,21,roving_ramp50,leaky,0.0,2.8633887112675938,0.0,2.483048183019137,-4.580751613283834,3.4291814761934094,308.0730085288058,4,624.1460170576116,True,635,127.28995013237
transient,21,roving_ramp50,mixed,0.8999553268192729,0.4170724917001299,8.208208414411875,0.0,1.3479207610341886,3.8158551052546033,251.53274997146275,4,511.0654999429255,True,290,45.00906705856323
transient,21,roving_ramp50,mixed_leaky,0.8898287442287107,0.4706817019534166,8.31716452614031,0.428997336793711,0.1885436822359486,4.363138860477228,251.3975962622205,5,512.7951925244411,True,330,61.96010899543762
transient,21,roving_mixed,level,0.0,6.364140882420872,0.0,0.0,3.487270910548087,1.3823914843804803,250.3146232202184,3,506.6292464404368,True,116,24.263092517852783
transient,21,roving_mixed,transient,1.0,0.0,9.128003841559408,0.0,1.88129525563623,2.528948754116217,212.46354356462456,3,430.9270871292491,True,56,14.491836309432983
transient,21,roving_mixed,leaky,0.0,6.573288736167908,0.0,4.822333385123956,-2.8689196046034224,1.9048052981895731,249.8171433579535,4,507.634286715907,True,595,147.97171354293823
transient,21,roving_mixed,mixed,0.7008139713327853,1.6079205086289607,8.240164149138318,0.0,1.9905978764148895,2.6238221063606453,211.00877125467,4,430.0175425093401,True,185,41.793391704559326
transient,21,roving_mixed,mixed_leaky,0.7007411327805112,1.6082922742585335,8.239206833797871,0.005,1.9834015693698244,2.624315349383487,211.00982587030205,5,432.0196517406041,True,336,132.34878492355347
transient,22,roving_ramp,level,0.0,5.1600073284363095,0.0,0.0,3.4170450024996644,1.284949808730911,325.4539503198479,3,656.9079006396958,True,120,27.32670283317566
transient,22,roving_ramp,transient,1.0,0.0,7.065844708757349,0.0,2.159892072030145,1.8491572226144612,296.0834975076537,3,598.1669950153074,True,160,35.21405029296875
transient,22,roving_ramp,leaky,0.0,5.50994312162776,0.0,4.999999999999999,0.2410128328307416,1.2161739095203248,325.06341176883666,4,658.1268235376733,True,565,75.27356147766113
transient,22,roving_ramp,mixed,0.6991278837159888,1.212401903938689,6.163553059720583,0.0,2.215445526890743,1.8923610967906104,294.57653123989064,4,597.1530624797813,True,250,48.3257098197937
transient,22,roving_ramp,mixed_leaky,0.6917684640802296,1.305625292102221,6.410797963517306,2.1397442728841,-0.5656517944842452,2.122433968121761,294.1969312550215,5,598.393862510043,True,780,141.38733792304993
transient,22,roving_mixed,level,0.0,12.554007068759418,0.0,0.0,7.859014044271761,0.9254443143340644,243.9686636172081,3,493.9373272344162,True,184,21.012287855148315
transient,22,roving_mixed,transient,1.0,0.0,6.124229728602229,0.0,1.5412456595792254,2.497204762634622,219.400982049706,3,444.801964099412,True,120,19.28563022613525
transient,22,roving_mixed,leaky,0.0,12.55663470937087,0.0,0.005,7.85654972920661,0.9253412781092978,243.96924840365597,4,495.9384968073119,True,315,76.89961433410645
transient,22,roving_mixed,mixed,0.9964377248263828,0.01,6.119733973467583,0.0,1.5440350120867683,2.4944160350074287,219.43181068813283,4,446.86362137626566,True,145,48.00306224822998
transient,22,roving_mixed,mixed_leaky,0.996772718309868,0.01,6.757236436641099,0.9922652307461984,-5.0,7.667088876830109,216.5186443156622,5,443.0372886313244,True,738,168.4157199859619
transient,23,roving_ramp,level,0.0,1.2529270799264465,0.0,0.0,0.4587483758460101,3.003241301929835,589.1011869765437,3,1184.202373953087,True,112,17.59194564819336
transient,23,roving_ramp,transient,1.0,0.0,4.989536698811479,0.0,0.631481586227587,3.0999483768265708,578.4868144989775,3,1162.973628997955,True,124,17.050064086914062
transient,23,roving_ramp,leaky,0.0,1.6750402838797025,0.0,1.3750543968470386,-4.3529695159929735,4.7107798318805445,588.0896182369537,4,1184.1792364739074,True,740,136.58182072639465
transient,23,roving_ramp,mixed,0.9956326088904972,0.01,4.987545525429018,0.0,0.631934857150577,3.1000192920666243,578.4941594053411,4,1164.988318810682,True,125,34.48914575576782
transient,23,roving_ramp,mixed_leaky,0.996187166233479,0.01,5.716140799311482,1.2228993352010726,-3.418567611740908,4.589390540591713,577.6435584710955,5,1165.287116942191,False,804,88.49053144454956
transient,23,roving_mixed,level,0.0,3.815210885563952,0.0,0.0,0.513279233968575,3.1770469479236363,593.6767017140869,3,1193.3534034281738,True,116,20.04802441596985
transient,23,roving_mixed,transient,1.0,0.0,6.119323135277138,0.0,0.7294049792364987,3.0454915658562087,579.7501439189706,3,1165.5002878379412,True,76,16.674532413482666
transient,23,roving_mixed,leaky,0.0,3.812499140914809,0.0,0.005,0.5053611963853701,3.1755556322706453,593.6801355278311,4,1195.3602710556622,True,365,81.4018862247467
transient,23,roving_mixed,mixed,0.996434739854482,0.01,6.114591981368126,0.0,0.7294580558789276,3.045855132487928,579.7516233869258,4,1167.5032467738515,False,405,44.29056000709534
transient,23,roving_mixed,mixed_leaky,0.9964339859024808,0.01,6.113294565322867,0.005,0.7214056909848952,3.0460223450700297,579.7540361948055,5,1169.508072389611,True,450,99.65514659881592
transient,21,roving_ramp,level,0.0,4.00264815668783,0.0,0.0,2.915444369742812,1.3743505710054449,293.9055873590709,3,593.8111747181418,True,172,30.26177716255188
transient,21,roving_ramp,transient,1.0,0.0,8.840730093109219,0.0,1.6262093329394711,3.083361372824125,228.87952118454265,3,463.7590423690853,True,152,21.049222946166992
transient,21,roving_ramp,leaky,0.0,3.678861402689694,0.0,3.9940391524269816,-3.679580068389608,2.1933440403456093,293.46301873177293,4,594.9260374635459,True,930,209.66989517211917
transient,21,roving_ramp,mixed,0.9975301004845296,0.01,8.836017572134386,0.0,1.6276020970290426,3.0824805804048903,228.8951268996469,4,465.7902537992938,True,160,48.37376165390015
transient,21,roving_ramp,mixed_leaky,0.9975299062261052,0.01,8.835320950461153,0.005,1.6192344734304334,3.083285140626977,228.89643136666444,5,467.7928627333289,True,1110,164.8631088733673
transient,25,roving_ramp50,level,0.0,0.01,0.0,0.0,30.0,15.0,435.6350142488874,3,877.2700284977748,True,8,2.09375
transient,25,roving_ramp50,transient,1.0,0.0,8.60089523373024,0.0,1.8618814595279327,2.744781535275378,249.2093161869641,3,504.4186323739281,True,108,20.25048017501831
transient,25,roving_ramp50,leaky,0.0,0.01,0.0,4.999999999999999,30.0,15.0,435.6350142488874,4,879.2700284977748,True,10,2.078743457794189
transient,25,roving_ramp50,mixed,0.9949310739431824,0.0199944205608465,8.586095373860843,0.0,1.8656222018758093,2.742704119579697,249.2110715950315,4,506.422143190063,True,50,6.284629583358765
transient,25,roving_ramp50,mixed_leaky,0.9951587660619716,0.019089855455245,8.585167843990739,0.005,1.857929822750551,2.742936386416782,249.21912131430392,5,508.43824262860784,True,234,57.83612680435181
transient,24,ramp,level,0.0,2.422199940019925,0.0,0.0,1.0433400008269136,2.733585166769107,327.5085076575907,3,661.0170153151814,True,88,16.885804176330566
transient,24,ramp,transient,1.0,0.0,8.59655859452542,0.0,1.1700592225628816,3.1772168738163877,306.13615601905195,3,618.2723120381039,True,144,19.375680208206177
transient,24,ramp,leaky,0.0,2.657122420629785,0.0,1.248025541559867,-3.673300487056105,4.957434500646543,326.5360648196892,4,661.0721296393784,True,525,106.98540544509888
transient,24,ramp,mixed,0.7937568156249211,0.9228217216976728,7.77025938990213,0.0,1.2795903727493971,3.0746759400401564,304.53114520172346,4,617.0622904034469,True,210,50.789156675338745
transient,24,ramp,mixed_leaky,0.7950118421639868,0.905570478655576,7.68381549191482,0.259978493849845,0.7852109844491941,3.187508149259918,304.5086335015099,5,619.0172670030198,True,138,31.42432451248169
transient,23,ramp,level,0.0,4.756213508319995,0.0,0.0,0.9037035367604016,2.480468789860629,543.8138558981541,3,1093.6277117963082,True,128,28.76732635498047
transient,23,ramp,transient,1.0,0.0,6.77594788010144,0.0,1.0550566628329492,2.3939513669379746,534.2816889809835,3,1074.563377961967,True,88,14.760006189346312
transient,23,ramp,leaky,0.0,4.755541982001042,0.0,0.005,0.897417805278978,2.4800450123730835,543.8151242704639,4,1095.6302485409278,True,410,78.297194480896
transient,23,ramp,mixed,0.5351412264688545,2.2211808232744894,5.594240580981668,0.0,1.0962785227155798,2.4382437926986467,532.4986221928847,4,1072.9972443857694,True,240,42.0214729309082
transient,23,ramp,mixed_leaky,0.5351084559562016,2.221238320565342,5.59364848111606,0.0050310623737981,1.089782072904121,2.438309325208502,532.4988672608757,5,1074.9977345217517,True,282,120.43700098991394
transient,25,ramp,level,0.0,0.01,0.0,0.0,30.0,15.0,388.5779506986017,3,783.1559013972034,True,8,1.788118839263916
transient,25,ramp,transient,1.0,0.0,8.114471352788128,0.0,2.525363657766474,1.6395472455375852,298.86408505164974,3,603.7281701032995,True,124,24.4675190448761
transient,25,ramp,leaky,0.0,0.01,0.0,4.999999999999999,30.0,15.0,388.5779506986017,4,785.1559013972034,True,10,2.307708740234375
transient,25,ramp,mixed,0.8811860850787445,0.4925085174771192,7.991419268187347,0.0,2.719300667163195,1.597029108492375,298.5337724889798,4,605.0675449779596,True,190,23.649359226226807
transient,25,ramp,mixed_leaky,0.8811461390214572,0.4928166561843525,7.993369191199566,0.0059995964507193,2.714911553686248,1.596717023851683,298.53386619744816,5,607.0677323948963,True,72,42.94418954849243
transient,23,roving_ramp50,level,0.0,2.8535016235772197,0.0,0.0,0.7429379624170797,2.5750804984278943,560.6833348806867,3,1127.3666697613735,True,120,17.54284405708313
transient,23,roving_ramp50,transient,1.0,0.0,7.267798060864921,0.0,0.9203931169373388,2.766878901848048,539.6653927395867,3,1085.3307854791733,True,84,19.91178250312805
transient,23,roving_ramp50,leaky,0.0,2.889654471969753,0.0,0.7144845876687647,-0.3452109408049644,2.658268272027388,560.6664474391089,4,1129.3328948782178,True,520,68.78117156028748
transient,23,roving_ramp50,mixed,0.996997434363164,0.01,7.264594493224255,0.0,0.9210261283195124,2.7662759539122783,539.6676782574499,4,1087.3353565148998,True,345,36.68603849411011
transient,23,roving_ramp50,mixed_leaky,0.9969961716108128,0.01,7.261531398658916,0.0059994374318117,0.9117390478155863,2.767267146543587,539.6679996104331,5,1089.335999220866,True,156,226.4116907119751
transient,24,roving_mixed,level,0.0,4.97100226186376,0.0,0.0,1.8523442049424617,1.8925402070142443,320.9144540524212,3,647.8289081048424,True,156,29.04391098022461
transient,24,roving_mixed,transient,1.0,0.0,8.555715368581088,0.0,1.6433899888460288,2.3487667044349365,298.10495912939416,3,602.2099182587883,True,104,22.94802665710449
transient,24,roving_mixed,leaky,0.0,4.975031095152181,0.0,0.005,1.848723885358153,1.8917128167165376,320.91474632772383,4,649.8294926554477,True,450,66.97027230262756
transient,24,roving_mixed,mixed,0.7372115127425546,1.2643591533314626,7.760077834455629,0.0,1.6654931643588824,2.387670153357134,297.3860666373761,4,602.7721332747522,True,330,71.17539834976196
transient,24,roving_mixed,mixed_leaky,0.7371706877148402,1.2642095599350116,7.757524856224662,0.005,1.658611380187584,2.388146862596065,297.387429613688,5,604.774859227376,True,420,113.74182677268982
transient,24,roving_ramp50,level,0.0,2.753163460906582,0.0,0.0,1.234831746876442,2.1744198613057386,438.88132861608335,3,883.7626572321667,True,116,18.925024271011356
transient,24,roving_ramp50,transient,1.0,0.0,7.473627362560539,0.0,1.1523452687436528,2.6548153804679293,416.30025674089535,3,838.6005134817907,True,128,20.981890439987183
transient,24,roving_ramp50,leaky,0.0,3.110357715973376,0.0,2.0899366257174417,-4.550826916893745,3.696084694593187,437.9762881755138,4,883.9525763510277,True,595,130.451096534729
transient,24,roving_ramp50,mixed,0.7737086299491404,0.9304577113559548,6.96010730331041,0.0,1.3008966578395804,2.5037779502493485,415.14712648433687,4,838.2942529686737,True,310,58.81320643424988
transient,24,roving_ramp50,mixed_leaky,0.7673421596363111,1.0704446999779478,7.724056647926862,1.6194458047862488,-3.8547602968240713,4.267655039483996,413.7832140701278,5,837.5664281402557,True,810,122.94383525848389
transient,26,ramp,level,0.0,0.01,0.0,0.0,30.0,15.0,181.95280549141555,3,369.9056109828311,True,8,2.1243786811828613
transient,26,ramp,transient,1.0,0.0,7.81875599534213,0.0,1.1238298855986313,4.296378902045443,145.10873254158346,3,296.2174650831669,True,128,30.525675058364868
transient,26,ramp,leaky,0.0,0.01,0.0,4.999999999999999,30.0,15.0,181.95280549141555,4,371.9056109828311,True,10,3.27510666847229
transient,26,ramp,mixed,0.8869228714097256,0.4371162579543429,7.50097795002281,0.0,1.2080272384867956,4.155228589027231,144.8243803809266,4,297.6487607618532,True,185,20.298291206359863
transient,26,ramp,mixed_leaky,0.867456959953435,0.5358110948263669,7.672070004795024,0.4775009693916877,-0.7899308299630962,6.007922628082382,144.44964339729097,5,298.89928679458194,True,420,52.4276282787323
transient,24,roving_ramp,level,0.0,2.413727798933023,0.0,0.0,0.9892982916336924,2.6004436289017705,390.542566106994,3,787.0851322139879,True,68,13.547909498214722
transient,24,roving_ramp,transient,1.0,0.0,7.335761397514686,0.0,1.2073721047486492,2.903302284380281,358.459656305575,3,722.91931261115,True,176,24.56523609161377
transient,24,roving_ramp,leaky,0.0,2.683258366857902,0.0,1.4186173148401462,-3.867306391796904,4.534625774274041,389.746977787088,4,787.4939555741761,False,745,126.92310309410097
transient,24,roving_ramp,mixed,0.8684249621642002,0.4870286670786907,7.032717400770635,0.0,1.2240773048500213,2.9238738753061098,358.18496251669023,4,724.3699250333805,True,230,51.89543008804321
transient,24,roving_ramp,mixed_leaky,0.8792133697692633,0.4835715631969578,7.700980410341393,1.1953580096733525,-3.774915940642651,5.451301427570515,357.5579050311014,5,725.1158100622029,True,582,169.3993833065033
transient,27,roving_ramp50,level,0.0,0.01,0.0,0.0,30.0,15.0,379.24970812065726,3,764.4994162413145,True,8,2.5699572563171387
transient,27,roving_ramp50,transient,1.0,0.0,9.519556194942933,0.0,1.666896999389047,3.682746998545254,208.7761846940113,3,423.5523693880226,True,152,32.095367670059204
transient,27,roving_ramp50,leaky,0.0,0.01,0.0,4.999999999999999,30.0,15.0,379.24970812065726,4,766.4994162413145,True,10,2.240175247192383
transient,27,roving_ramp50,mixed,0.9977046154486934,0.01,9.509471328303382,0.0,1.66907387447767,3.679159010513133,208.7972097438431,4,425.5944194876862,True,165,16.364192962646484
transient,27,roving_ramp50,mixed_leaky,0.9978294283902392,0.01,10.057546201866016,0.5978899452372995,0.0083286491977256,4.467632406273409,208.0529819950438,5,426.1059639900876,True,534,75.72714185714722
transient,28,roving_ramp50,level,0.0,0.01,0.0,0.0,30.0,15.0,219.74379572086295,3,445.487591441726,True,8,1.7998125553131104
transient,28,roving_ramp50,transient,1.0,0.0,9.9417742913702,0.0,2.0818527066144186,2.88192149969853,142.13754016606055,3,290.27508033212115,True,148,26.02824306488037
transient,28,roving_ramp50,leaky,0.0,0.01,0.0,4.999999999999999,30.0,15.0,219.74379572086295,4,447.487591441726,True,10,2.176426649093628
transient,28,roving_ramp50,mixed,0.9092677155412808,0.4390965777092989,9.62719623453152,0.0,2.157310306178782,2.8464660701680526,141.96224394434464,4,291.92448788868927,True,175,17.9291729927063
transient,28,roving_ramp50,mixed_leaky,0.9091797332732272,0.4394457733411349,9.624587192945382,0.0059994025481526,2.1482564436787075,2.846127074503153,141.96238354949247,5,293.92476709898494,True,78,25.353910207748413
transient,25,roving_mixed,level,0.0,7.605229967303376,0.0,0.0,5.3896162142001565,1.0674089781626046,328.9928154644986,3,663.9856309289972,True,124,32.7567937374115
transient,25,roving_mixed,transient,1.0,0.0,7.70342646554019,0.0,2.0338814654266626,2.097759239696338,270.5760423883012,3,547.1520847766024,True,140,24.89961075782776
transient,25,roving_mixed,leaky,0.0,7.610488510793887,0.0,0.005,5.390537988044022,1.0669969628880485,328.99293567116064,4,665.9858713423213,True,405,118.19593954086304
transient,25,roving_mixed,mixed,0.8216405669622833,0.7186354966352295,7.242763461806422,0.0,2.120250106002173,2.1114062271487195,269.956277980639,4,547.912555961278,True,190,55.48945426940918
transient,25,roving_mixed,mixed_leaky,0.820640801770118,0.7199601212470254,7.206887454385657,0.2962257507508458,1.7611014104844709,2.129350741338756,269.9468375665764,5,549.8936751331528,True,138,54.5582332611084
transient,27,ramp,level,0.0,0.01,0.0,0.0,30.0,15.0,294.66808210886524,3,595.3361642177305,True,8,1.6898157596588137
transient,27,ramp,transient,1.0,0.0,7.625701740329083,0.0,1.452260217147697,3.0951825675565727,223.35438675270476,3,452.7087735054095,True,136,19.826063871383667
transient,27,ramp,leaky,0.0,0.01,0.0,4.999999999999999,30.0,15.0,294.66808210886524,4,597.3361642177305,True,10,2.041879892349243
transient,27,ramp,mixed,0.8898394569455708,0.4361873038639743,7.708474814417425,0.0,1.7227058512427882,2.788956024792693,223.03721636061675,4,454.0744327212335,True,175,17.31396222114563
transient,27,ramp,mixed_leaky,0.8904122193806874,0.4346780295252176,7.726921777318622,0.8117358409604255,-3.153136253849302,7.129209379524315,221.96742400512971,5,453.9348480102595,True,954,98.29446864128111
transient,25,roving_ramp,level,0.0,3.736009797238696,0.0,0.0,3.611067633125172,1.142495327277125,465.24161804453394,3,936.483236089068,True,152,32.10159397125244
transient,25,roving_ramp,transient,1.0,0.0,7.537961706601446,0.0,1.4489113798731257,2.895158621942594,334.0861219179393,3,674.1722438358786,True,92,14.205996751785278
transient,25,roving_ramp,leaky,0.0,3.459223390615529,0.0,4.999999999999999,-0.1416778240294133,1.205296661792962,464.8161717191392,4,937.6323434382784,True,620,116.96961045265198
transient,25,roving_ramp,mixed,0.9971038175195208,0.01,7.532242667918198,0.0,1.4505003072569895,2.894836370007377,334.1091740413569,4,676.2183480827138,True,280,48.95003366470337
transient,25,roving_ramp,mixed_leaky,0.9971035702727004,0.01,7.53159782840196,0.005,1.4426670711388283,2.895289134584295,334.10953558695246,5,678.2190711739049,True,486,137.60805869102478
transient,28,ramp,level,0.0,0.01,0.0,0.0,30.0,15.0,153.80507096561203,3,313.61014193122406,True,8,1.6206648349761963
transient,28,ramp,transient,1.0,0.0,5.430195245684756,0.0,0.8521913414102182,4.913364417451022,132.47660423020625,3,270.9532084604125,True,136,12.763319969177246
transient,28,ramp,leaky,0.0,0.01,0.0,4.999999999999999,30.0,15.0,153.80507096561203,4,315.61014193122406,True,10,2.014035940170288
transient,28,ramp,mixed,0.995980196650911,0.01,5.420704611079886,0.0,0.8575164945209228,4.888813450582758,132.5146367880312,4,273.0292735760624,True,75,7.043035268783569
transient,28,ramp,mixed_leaky,0.9960818348962932,0.01,5.561886655150694,0.3752856425714443,-0.7912381391782263,6.505708810810208,132.4159268354867,5,274.8318536709734,True,660,67.00150918960571
transient,29,roving_mixed,level,0.0,0.01,0.0,0.0,30.0,15.0,238.56678781460988,3,483.13357562921976,True,8,1.7482130527496338
transient,29,roving_mixed,transient,1.0,0.0,6.612003509185323,0.0,1.19550367224726,4.043423707194641,159.71229098871532,3,325.42458197743065,True,116,18.52478003501892
transient,29,roving_mixed,leaky,0.0,0.01,0.0,4.999999999999999,30.0,15.0,238.56678781460988,4,485.13357562921976,True,10,2.2078816890716557
transient,29,roving_mixed,mixed,0.8992983049789258,0.3283252936824535,6.414771366177785,0.0,1.2268655050899235,4.059501835587953,159.54047359152477,4,327.08094718304955,True,145,14.315475225448608
transient,29,roving_mixed,mixed_leaky,0.8990651038785877,0.3291214074139856,6.413805399462627,0.005,1.216229898109492,4.060697899397948,159.54496360117977,5,329.0899272023595,True,312,38.764217138290405
transient,27,roving_ramp,level,0.0,8.186523898256285,0.0,0.0,5.98043529008926,0.9942959848292464,363.4399427890704,3,732.8798855781408,True,160,47.04624819755554
transient,27,roving_ramp,transient,1.0,0.0,8.975619409462103,0.0,1.809099934484922,2.9268029895541297,259.50330905681733,3,525.0066181136347,True,76,20.23119854927063
transient,27,roving_ramp,leaky,0.0,8.188270709105744,0.0,0.005,5.979333012709359,0.99407168969045,363.4402339087365,4,734.8804678174729,True,520,77.00512552261353
transient,27,roving_ramp,mixed,0.9975674249693868,0.01,8.971929677281514,0.0,1.8100113938097568,2.9286710152027937,259.5085222845999,4,527.0170445691998,True,145,44.69033050537109
transient,27,roving_ramp,mixed_leaky,0.9975667194785378,0.01,8.969322066265846,0.005,1.802636852812855,2.927302378896744,259.51446466489267,5,529.0289293297853,True,396,75.09861016273499
transient,29,ramp,level,0.0,0.01,0.0,0.0,30.0,15.0,238.33744492519807,3,482.67488985039614,True,8,1.7237706184387207
transient,29,ramp,transient,1.0,0.0,7.216955332908128,0.0,1.509486817623194,3.1006165762810234,183.86051642523745,3,373.7210328504749,True,116,19.05827522277832
transient,29,ramp,leaky,0.0,0.01,0.0,4.999999999999999,30.0,15.0,238.33744492519807,4,484.67488985039614,True,10,2.082162857055664
transient,29,ramp,mixed,0.9755310163564694,0.0820935059528595,7.160507454848345,0.0,1.526810561823071,3.093403119140444,183.84734245850584,4,375.6946849170117,True,155,15.273197889328005
transient,29,ramp,mixed_leaky,0.9755152136501296,0.0821109796137949,7.157293189423162,0.0059987482235715,1.5159606955136171,3.095277138134697,183.8477560853496,5,377.6955121706992,True,72,25.350871086120605
transient,26,roving_ramp,level,0.0,3.3307513969952067,0.0,0.0,1.7874668620362573,2.049557766561131,247.5803992475114,3,501.1607984950228,True,84,28.45217800140381
transient,26,roving_ramp,transient,1.0,0.0,11.097325712849935,0.0,1.4862598833069238,4.321529396825294,184.72074133903604,3,375.4414826780721,True,88,29.19731903076172
transient,26,roving_ramp,leaky,0.0,3.3438467676017907,0.0,1.7521394090112976,-5.0,4.724139829773337,246.87400419968608,4,501.7480083993721,True,640,102.56298327445984
transient,26,roving_ramp,mixed,0.9980311197404096,0.01,11.090078621728717,0.0,1.486880734385846,4.321059435575949,184.7238734556527,4,377.4477469113054,True,335,51.64586400985718
transient,26,roving_ramp,mixed_leaky,0.9980301483657616,0.01,11.084599085670494,0.1320708520056703,1.1584597568575774,4.4144389686079295,184.68227628042624,5,379.3645525608525,True,366,128.86247539520264
transient,29,roving_ramp,level,0.0,0.01,0.0,0.0,30.0,15.0,276.00493000853515,3,558.0098600170703,True,8,1.7462503910064695
transient,29,roving_ramp,transient,1.0,0.0,7.245315068587462,0.0,1.777805947223215,3.1939098487800903,163.9667218417886,3,333.9334436835772,True,104,17.687068700790405
transient,29,roving_ramp,leaky,0.0,0.01,0.0,4.999999999999999,30.0,15.0,276.00493000853515,4,560.0098600170703,True,10,2.148138523101806
transient,29,roving_ramp,mixed,0.993985129881818,0.0200031192919391,7.232046416600376,0.0,1.778795254953622,3.1958621222507024,163.95818028735738,4,335.9163605747148,True,40,4.606736660003662
transient,29,roving_ramp,mixed_leaky,0.9147101777420832,0.3010420582832014,7.063554870084769,0.0901797567202213,1.652089979763195,3.216177479152704,163.89959314129695,5,337.7991862825939,True,660,90.2821536064148
transient,26,roving_mixed,level,0.0,10.97885022340647,0.0,0.0,3.075157812982953,1.7068391795554316,194.25660486582817,3,394.51320973165633,True,128,30.939090490341187
transient,26,roving_mixed,transient,1.0,0.0,13.636337924225836,0.0,1.9413506847390176,3.185112146528771,154.39764168373443,3,314.79528336746887,True,104,28.698466062545776
transient,26,roving_mixed,leaky,0.0,11.479064670608976,0.0,3.1186040263664765,-3.5538000522995907,2.8594420537728578,193.9631726709886,4,395.9263453419772,True,725,104.69256925582886
transient,26,roving_mixed,mixed,0.8121918757444619,1.3439321482747195,12.71544181963626,0.0,1.9394594420059776,3.2598776138039844,154.02210278418207,4,316.04420556836413,True,285,32.21849489212036
transient,26,roving_mixed,mixed_leaky,0.8231924389612479,1.391822387055218,14.177322008009476,0.9169608548934642,-1.7764931900568048,5.589020480016019,152.3522485640032,5,314.7044971280064,True,570,131.37634658813477
transient,26,roving_ramp50,level,0.0,2.8053158080168763,0.0,0.0,1.694292074983191,2.045263948402111,231.18977296233567,3,468.37954592467145,True,144,36.70430564880371
transient,26,roving_ramp50,transient,1.0,0.0,7.9209105185614845,0.0,1.4543983979435824,2.894286611640541,211.33696193158733,3,428.67392386317465,True,96,29.28598260879517
transient,26,roving_ramp50,leaky,0.0,3.058330527432874,0.0,2.189114567165408,-3.4766829961222405,3.243473697707984,230.50186587209268,4,469.00373174418536,True,630,123.02785277366638
transient,26,roving_ramp50,mixed,0.760659533192494,1.0658763556719597,7.411239594607029,0.0,1.6227346045788305,2.745199059850344,210.14727913180516,4,428.2945582636103,True,320,51.91801428794861
transient,26,roving_ramp50,mixed_leaky,0.7484716998381997,1.250810735003594,8.143103870239365,1.3887777190435335,-3.688099169889676,5.046592554774015,209.6244214707718,5,429.2488429415436,True,870,105.4474585056305
transient,28,roving_ramp,level,0.0,3.0584571455095952,0.0,0.0,2.055765070780858,1.9106540590468888,231.5386184742473,3,469.0772369484946,True,84,9.272204875946043
transient,28,roving_ramp,transient,1.0,0.0,8.658742368765722,0.0,1.4338584533726657,4.009497783481304,173.00315788237816,3,352.0063157647563,False,192,24.06684255599976
transient,28,roving_ramp,leaky,0.0,3.027150607669837,0.0,0.3922459839195482,1.6199882119524731,1.9269426594196224,231.52220353809432,4,471.04440707618863,True,165,38.67699193954468
transient,28,roving_ramp,mixed,0.997478332708536,0.01,8.654172187092406,0.0,1.434901115804086,4.01050263292273,173.00446161777214,4,354.0089232355443,True,165,43.13354825973511
transient,28,roving_ramp,mixed_leaky,0.9974776714082162,0.01,8.651897513262984,0.005,1.4241008716561585,4.011397128736049,173.01043087623313,5,356.02086175246626,True,612,110.9563102722168
transient,28,roving_mixed,level,0.0,6.55905618387302,0.0,0.0,4.484443207554799,1.191558137425985,186.64184480785275,3,379.2836896157055,True,168,19.355449199676517
transient,28,roving_mixed,transient,1.0,0.0,8.34092939276799,0.0,1.0308134404973153,5.1310392844642525,156.02180228705774,3,318.0436045741155,True,124,19.941547632217407
transient,28,roving_mixed,leaky,0.0,6.529328657010619,0.0,0.4367666514192013,4.221709182422756,1.1754631411620546,186.6349653019494,4,381.2699306038988,True,195,52.01912307739258
transient,28,roving_mixed,mixed,0.9973821146877844,0.01,8.335291759501628,0.0,1.0314750039557636,5.131510491384649,156.02915905451263,4,320.05831810902527,True,420,56.43755197525024
transient,28,roving_mixed,mixed_leaky,0.9973671613219988,0.01,8.287826710058354,0.1327205204022684,0.6520873007396061,5.203642369053024,155.90002409814306,5,321.8000481962861,True,480,109.05297827720642
transient,29,roving_ramp50,level,0.0,9.369858574459808,0.0,0.0,7.012522398231344,0.9685288006988526,297.9872604753338,3,601.9745209506676,True,300,32.14297032356262
transient,29,roving_ramp50,transient,1.0,0.0,5.301496164124876,0.0,1.123651547110837,3.2361040077988736,259.8207279196187,3,525.6414558392374,True,132,20.589210271835327
transient,29,roving_ramp50,leaky,0.0,9.373808745235984,0.0,0.0059999773723991,7.012425500589028,0.9682058591032736,297.9875223912899,4,603.9750447825797,True,35,13.233199119567873
transient,29,roving_ramp50,mixed,0.840743630585653,0.4352711246942108,5.027319410496108,0.0,1.201614461555132,3.1942663091204,259.3723203442819,4,526.7446406885638,True,325,47.5281388759613
transient,29,roving_ramp50,mixed_leaky,0.8411523901962297,0.4336024491256068,5.023374677299824,0.2582229933357896,0.7316567294773144,3.2546481299645955,259.3572271561524,5,528.7144543123047,True,204,73.26452898979187
transient,27,roving_mixed,level,0.0,5.185835504563428,0.0,0.0,3.753105265931177,1.3175622768507975,229.5505707660444,3,465.1011415320888,True,124,16.80726647377014
transient,27,roving_mixed,transient,1.0,0.0,10.031587552577248,0.0,1.9001768831970427,3.427982616710086,148.94895727856542,3,303.89791455713083,True,116,22.403735399246216
transient,27,roving_mixed,leaky,0.0,5.209157699742456,0.0,4.999999999999999,-3.1762054709589025,1.929225962699508,228.6711255542125,4,465.342251108425,True,650,133.18392968177795
transient,27,roving_mixed,mixed,0.9978220767779702,0.01,10.023522954993249,0.0,1.9007718403680325,3.4274525974040766,148.95628111878204,4,305.9125622375641,True,360,44.24379372596741
transient,27,roving_mixed,mixed_leaky,0.9978220035772872,0.01,10.02318533725908,0.005,1.89162115577219,3.428234318016849,148.96199829332167,5,307.92399658664334,True,816,128.95235085487366
mixed,0,roving_ramp50,level,0.0,3.4955582371458456,0.0,0.0,0.8943980222242417,3.300432420512048,373.1885431851218,3,752.3770863702435,True,56,13.232999324798584
mixed,0,roving_ramp50,transient,1.0,0.0,5.524540347965045,0.0,0.9685479307054295,2.9463812628298904,389.15496929168495,3,784.3099385833699,True,88,15.374040126800535
mixed,0,roving_ramp50,leaky,0.0,3.660752186803084,0.0,0.6692395272703133,-0.663542775835568,3.766682542438876,373.00210092277945,4,754.0042018455589,True,385,73.0476701259613
mixed,0,roving_ramp50,mixed,0.3474772546210418,2.9874190971868906,3.4804606349924323,0.0,1.0465585476409929,3.4616359838378097,365.2452455385083,4,738.4904910770166,True,225,38.369027853012085
mixed,0,roving_ramp50,mixed_leaky,0.347420997083309,2.9869613480601678,3.4790639802772176,0.0055832749236319,1.036053655768591,3.462835111290532,365.2456395932597,5,740.4912791865194,True,708,83.03707027435303
mixed,1,roving_ramp,level,0.0,4.592435764426346,0.0,0.0,1.3373085849762196,2.132807513990313,410.8573152737003,3,827.7146305474006,True,132,26.850143671035767
mixed,1,roving_ramp,transient,1.0,0.0,5.949969296457576,0.0,1.1701322994889287,2.4511477280759078,406.6845722895209,3,819.3691445790417,True,80,15.87864637374878
mixed,1,roving_ramp,leaky,0.0,4.552328813983492,0.0,0.4277016560225981,0.8165326840638946,2.157786580242901,410.8539910426958,4,829.7079820853916,True,130,33.180838108062744
mixed,1,roving_ramp,mixed,0.4330901285548012,2.8872129868426333,4.825617941948194,0.0,1.3164636821336648,2.426862687576113,403.0152032009821,4,814.0304064019642,True,300,48.92931914329529
mixed,1,roving_ramp,mixed_leaky,0.4350511908583657,2.990752505007485,5.038735783571123,1.2584093192206365,-0.9515330311930597,2.84643525768169,402.85007310333896,5,815.7001462066779,True,528,79.87784075737
mixed,1,ramp,level,0.0,2.9716454344604437,0.0,0.0,0.4226318510720452,4.220009467984316,389.0355870877646,3,784.0711741755292,True,120,17.754427909851074
mixed,1,ramp,transient,1.0,0.0,4.471379168556308,0.0,0.533900864174223,3.8247099805966,389.8838632427511,3,785.7677264855022,True,76,16.831260442733765
mixed,1,ramp,leaky,0.0,3.1886892562216,0.0,0.5355543933216996,-1.2919521022604663,4.989878245693179,388.7073812623285,4,785.414762524657,True,400,80.85427355766296
mixed,1,ramp,mixed,0.3790592952053482,2.225992759425817,2.9729705988130406,0.0,0.600410122048339,3.883911959346268,385.7953660408564,4,779.5907320817128,True,230,41.65585446357727
mixed,1,ramp,mixed_leaky,0.3726843377569816,2.283493543108394,2.968005116558722,0.4821294137334618,-0.7999303692090352,4.561952068526158,385.5957428258759,5,781.1914856517518,True,420,51.11554145812988
mixed,0,roving_mixed,level,0.0,3.177025964156333,0.0,0.0,1.0901654766430693,2.4369677921071484,448.4605738126869,3,902.9211476253738,True,116,21.458275079727173
mixed,0,roving_mixed,transient,1.0,0.0,5.071804193024798,0.0,0.8387841808890282,2.999883728259634,437.5812935928151,3,881.1625871856302,True,60,14.716002702713013
mixed,0,roving_mixed,leaky,0.0,3.504035795377799,0.0,1.5546513475507364,-2.1982800993139198,3.158561421343606,448.1259116167502,4,904.2518232335004,True,660,136.14869356155396
mixed,0,roving_mixed,mixed,0.5337997392851141,1.7057056760519895,4.272871048108438,0.0,0.9208682515136284,3.094793122639643,434.39943792718793,4,876.7988758543759,True,210,41.19821572303772
mixed,0,roving_mixed,mixed_leaky,0.5301301655718256,1.7193254963180962,4.2439758397097,0.2627543239346798,0.4540977924232189,3.1592345949299334,434.3690303414277,5,878.7380606828553,True,186,37.8681104183197
mixed,1,roving_ramp50,level,0.0,2.5421985518006767,0.0,0.0,0.8169155285845894,2.824041399748236,368.3270105181323,3,742.6540210362646,True,128,20.548652172088623
mixed,1,roving_ramp50,transient,1.0,0.0,4.926100966169324,0.0,0.9538833393577906,2.7977645588479807,361.6745100157319,3,729.3490200314639,True,64,14.4064679145813
mixed,1,roving_ramp50,leaky,0.0,2.508811104800456,0.0,0.3117849861205907,0.2903622345229287,2.912857005284413,368.298025772816,4,744.596051545632,True,130,34.78805947303772
mixed,1,roving_ramp50,mixed,0.6205254598995156,1.239469847941435,4.434276545385579,0.0,1.026754434150427,2.754863239118183,361.0076329745743,4,730.0152659491486,False,385,63.2170729637146
mixed,1,roving_ramp50,mixed_leaky,0.6256291152694539,1.2800262639012736,4.6799758594712095,1.0534417730112338,-1.20973368360266,3.307855705781071,360.8129863038222,5,731.6259726076444,True,774,107.64437007904051
mixed,0,ramp,level,0.0,2.4696165775201777,0.0,0.0,0.8484194349524316,3.023561917505053,449.5126902263431,3,905.025380452686,False,196,24.86013960838318
mixed,0,ramp,transient,1.0,0.0,5.5073334733833805,0.0,0.813505189092215,3.086303738709136,457.201651731622,3,920.403303463244,True,132,23.853780269622803
mixed,0,ramp,leaky,0.0,2.7137540527698563,0.0,0.988652081757292,-1.2029944416581069,3.385928189883721,449.2447915370166,4,906.4895830740332,True,495,101.44561219215392
mixed,0,ramp,mixed,0.4498468124525942,2.0164530830377254,3.607272757982031,0.0,0.9905018211626948,3.1407983799995245,443.7831228314319,4,895.5662456628637,True,185,36.46620440483093
mixed,0,ramp,mixed_leaky,0.449879443505406,2.0158346547156336,3.606641943511425,0.005,0.9818744255608892,3.1417185934592147,443.7842716144171,5,897.5685432288342,True,612,72.0457124710083
mixed,2,roving_ramp,level,0.0,3.2612923858930403,0.0,0.0,1.1804028977460677,2.723472934625172,616.4859041304492,3,1238.9718082608983,True,116,18.311511754989624
mixed,2,roving_ramp,transient,1.0,0.0,1.94648921838798,0.0,0.7566371291903011,2.418687446295798,671.8335633375364,3,1349.6671266750727,True,68,11.993579387664797
mixed,2,roving_ramp,leaky,0.0,3.261149011212838,0.0,0.005,1.1730562085391274,2.7239524279726512,616.487334547984,4,1240.974669095968,True,410,85.12752294540405
mixed,2,roving_ramp,mixed,0.0342993158610737,3.1708294091749374,0.2463914552199613,0.0,1.1627190045636475,2.762805304716374,616.3017604028212,4,1240.6035208056423,True,180,45.56215810775757
mixed,2,roving_ramp,mixed_leaky,0.0341993860761298,3.1700021426434035,0.2455840940224563,0.0050002980350638,1.15508060976119,2.7633121800308635,616.3035771525576,5,1242.6071543051153,True,252,78.48452854156494
mixed,0,roving_ramp,level,0.0,3.100849630188978,0.0,0.0,0.8008542157750502,3.216324011862583,435.814172143554,3,877.628344287108,True,108,23.59910130500793
mixed,0,roving_ramp,transient,1.0,0.0,5.468488668494489,0.0,0.6419734107868958,4.045842536722709,430.74262447301527,3,867.4852489460305,True,128,22.853950262069706
mixed,0,roving_ramp,leaky,0.0,3.5950238151154674,0.0,1.0676633699200844,-4.060781752459273,5.930303149474759,434.118748599915,4,876.23749719983,True,825,182.17089128494263
mixed,0,roving_ramp,mixed,0.4841612411555467,1.9746644769957624,4.054891227887345,0.0,0.7737574295240991,4.0021478118744485,421.3777605590934,4,850.7555211181868,True,205,39.31537365913391
mixed,0,roving_ramp,mixed_leaky,0.4804383325182412,1.981504812134269,4.008718190585833,0.1320631840435244,0.4704953027586877,4.078733384934413,421.368877713132,5,852.7377554262639,True,414,66.85237145423889
mixed,1,roving_mixed,level,0.0,2.6886103969631887,0.0,0.0,0.7995298399950183,2.926617011399299,358.94178836418484,3,723.8835767283697,True,112,23.36689710617065
mixed,1,roving_mixed,transient,1.0,0.0,4.653166612666546,0.0,1.0283724911693897,2.6889222862754862,353.844735306932,3,713.6894706138639,True,92,15.648351192474363
mixed,1,roving_mixed,leaky,0.0,2.6899997982695774,0.0,0.0059987205029029,0.7905781465991587,2.9263354475792545,358.942858212601,4,725.885716425202,True,120,43.900206089019775
mixed,1,roving_mixed,mixed,0.6337419489380589,1.1021507472445995,4.172305696822561,0.0,1.036217160651205,2.747938675311095,353.5092019123854,4,715.0184038247708,True,300,51.05145788192749
mixed,1,roving_mixed,mixed_leaky,0.6339743963589334,1.1003686040797132,4.169733417823767,0.005,1.028149437838932,2.749191408455196,353.5095018705736,5,717.0190037411472,True,936,131.10537576675415
mixed,2,roving_ramp50,level,0.0,3.4189468609582785,0.0,0.0,1.3633584585086065,2.4047580063798115,638.4291173030368,3,1282.8582346060737,True,120,17.871067762374878
mixed,2,roving_ramp50,transient,1.0,0.0,2.584654116235174,0.0,0.9428658397027976,2.11057919529836,701.2538192723372,3,1408.5076385446744,True,60,13.282147645950316
mixed,2,roving_ramp50,leaky,0.0,3.983396442897879,0.0,1.9090399908561493,-3.4975152369960862,3.590196171588236,636.8794355743937,4,1281.7588711487874,True,570,113.93106436729433
mixed,2,roving_ramp50,mixed,0.1122381035451218,3.2457095472204447,0.8977663404421856,0.0,1.3496168320849216,2.489214000713338,636.8298429940097,4,1281.6596859880194,True,225,37.48911333084106
mixed,2,roving_ramp50,mixed_leaky,0.1092778147955453,3.2432016679891453,0.8705095373607715,0.2848390686242636,0.9532276983397802,2.510133129948457,636.8215790531431,5,1283.643158106286,True,150,31.678664207458496
mixed,2,ramp,level,0.0,3.472260018502918,0.0,0.0,1.2544276534494536,2.789837214582476,624.5568801632892,3,1255.1137603265784,True,96,14.899093389511108
mixed,2,ramp,transient,1.0,0.0,3.541768437021704,0.0,0.8103501643539349,2.431754706140953,700.3261369656728,3,1406.6522739313457,True,64,13.328721761703491
mixed,2,ramp,leaky,0.0,3.9927592881727634,0.0,1.3426522130259413,-2.110616540773346,3.74045680699338,623.1520920930611,4,1254.3041841861225,True,475,153.93998861312866
mixed,2,ramp,mixed,0.1101686653935413,3.3497055611873594,0.9073333498299976,0.0,1.2756460930712052,2.846686258917912,623.5635149539764,4,1255.1270299079529,True,305,30.08059501647949
mixed,2,ramp,mixed_leaky,0.0667743088571281,3.807258369107549,0.5959981502484217,1.196003392550261,-1.46737004842444,3.5374539148961195,622.8707381742995,5,1255.741476348599,True,630,74.42704844474792
mixed,2,roving_mixed,level,0.0,3.5856241064722063,0.0,0.0,1.316855844520789,2.576339200302456,499.03858000372185,3,1004.0771600074436,True,164,24.85318756103516
mixed,2,roving_mixed,transient,1.0,0.0,2.7106479546792164,0.0,0.9561868930016816,2.325608267227902,537.1566131610198,3,1080.3132263220396,True,104,18.423662662506104
mixed,2,roving_mixed,leaky,0.0,4.055651696290797,0.0,1.5368491359473664,-2.0894556004903677,3.3408679956623857,498.394654881479,4,1004.789309762958,True,525,132.4940197467804
mixed,2,roving_mixed,mixed,0.0956973309149076,3.315302998058305,0.7675719316205614,0.0,1.2655040334156735,2.6794910685493005,498.0929827154213,4,1004.1859654308428,True,205,42.88891434669495
mixed,2,roving_mixed,mixed_leaky,0.0791168704287866,3.621126597494741,0.6806410493606845,1.1719767838965929,-0.9639557656285384,3.0755730768462484,497.8432240215309,5,1005.6864480430618,True,702,100.46336889266968
mixed,3,roving_ramp50,level,0.0,3.225210716641893,0.0,0.0,1.6100204680822543,2.246682297892198,284.0359208082168,3,574.0718416164336,True,112,19.891294956207275
mixed,3,roving_ramp50,transient,1.0,0.0,6.349081879726921,0.0,1.02181191185623,3.627746281831399,265.64147857244745,3,537.2829571448949,True,116,21.686149835586548
mixed,3,roving_ramp50,leaky,0.0,3.224905685540842,0.0,0.0059985174609025,1.6029034585024062,2.2465354822077983,284.03664015916365,4,576.0732803183273,True,60,32.04612755775452
mixed,3,roving_ramp50,mixed,0.622669187875047,1.5549752655063054,5.613948664139405,0.0,1.1714182599288416,3.77684983513145,260.17820337291386,4,528.3564067458277,True,300,46.09733486175537
mixed,3,roving_ramp50,mixed_leaky,0.6226407609614983,1.554840823518845,5.612784163699852,0.005,1.1609127096868923,3.77913191226718,260.1827404153961,5,530.3654808307922,True,456,80.70647120475769
mixed,3,roving_mixed,level,0.0,4.993793677398647,0.0,0.0,2.623082247503115,1.6619153910423232,255.84911382602797,3,517.698227652056,True,168,32.38426160812378
mixed,3,roving_mixed,transient,1.0,0.0,6.797258075260288,0.0,1.5189808203879618,2.657932286335849,236.2724208406984,3,478.5448416813968,True,72,14.20490789413452
mixed,3,roving_mixed,leaky,0.0,4.993238325795141,0.0,0.0059992468030057,2.6181719377013497,1.661512711090014,255.84927097150336,4,519.6985419430067,True,65,35.52530789375305
mixed,3,roving_mixed,mixed,0.5413262739121266,2.172018727571959,5.608266659322367,0.0,1.6237042591216395,2.8709662298520398,232.20453242032,4,472.4090648406399,True,275,48.87629961967468
mixed,3,roving_mixed,mixed_leaky,0.5381086936282786,2.3061487538085723,5.8779702550323965,0.9500450252503227,-0.6411846369169237,3.645636931610736,231.97106702286064,5,473.9421340457213,True,462,82.17452764511108
mixed,4,ramp,level,0.0,2.1444695036484034,0.0,0.0,1.946093304516872,1.7567509989333925,346.16316722796154,3,698.3263344559231,True,96,9.828550338745115
mixed,4,ramp,transient,1.0,0.0,6.360607845986968,0.0,1.2805365410464973,2.744514348623912,327.9219046958193,3,661.8438093916386,True,72,11.488231658935549
mixed,4,ramp,leaky,0.0,2.1298541250343463,0.0,0.3039115872188335,1.649092887710924,1.7581982772120364,346.156157867092,4,700.3123157341839,True,185,23.601598262786865
mixed,4,ramp,mixed,0.7489809401320835,0.8918162216429352,5.821692754699173,0.0,1.4735227644414617,2.668305082326064,325.4846058410386,4,658.9692116820772,True,260,43.05850791931152
mixed,4,ramp,mixed_leaky,0.7490704978511196,0.8913950144512828,5.8217159925678885,0.005,1.4665156425451686,2.668101720631524,325.4877717698959,5,660.9755435397918,True,456,104.46336364746094
mixed,3,ramp,level,0.0,3.9650825883542313,0.0,0.0,1.8596288918533208,2.232263465260337,360.2491816142396,3,726.4983632284792,True,72,15.21311092376709
mixed,3,ramp,transient,1.0,0.0,7.236549143877229,0.0,1.058622706842641,3.1141376354118044,366.9825344370662,3,739.9650688741324,False,192,29.834083557128903
mixed,3,ramp,leaky,0.0,4.390108079825321,0.0,1.786236337102564,-5.0,4.830861202804626,358.1116918710513,4,724.2233837421026,True,605,101.9645128250122
mixed,3,ramp,mixed,0.4642821170280152,2.83644300902344,5.378110492607374,0.0,1.712069946768383,2.8048404193902945,346.25545468435274,4,700.5109093687055,True,210,41.093897104263306
mixed,3,ramp,mixed_leaky,0.4478635714533058,3.2154699319412514,5.706287337060568,1.1988270004672956,-1.924729449789688,4.303149366456847,344.74077548656214,5,699.4815509731243,True,594,67.58093357086182
mixed,3,roving_ramp,level,0.0,5.338034563407256,0.0,0.0,2.709357167730282,1.64656052537621,370.3054665997,3,746.6109331994,True,132,22.431297302246094
mixed,3,roving_ramp,transient,1.0,0.0,7.80983862387396,0.0,1.5740397805350637,2.6002317894762856,326.04497070536496,3,658.0899414107299,True,156,24.41877293586731
mixed,3,roving_ramp,leaky,0.0,5.619196802371988,0.0,3.2455809299083347,-2.0423604985797907,2.171838256412033,369.9886104328119,4,747.9772208656237,True,585,82.01212334632874
mixed,3,roving_ramp,mixed,0.5504630148302235,2.470926353848042,6.61960939347865,0.0,1.8560995412013117,2.7646774962832947,316.18030956049927,4,640.3606191209985,True,270,46.414721727371216
mixed,3,roving_ramp,mixed_leaky,0.5502620787891719,2.472348657851191,6.618043828661025,0.005,1.848911682378159,2.7648715247205944,316.1840787777097,5,642.3681575554194,True,714,112.8994550704956
mixed,5,roving_ramp,level,0.0,4.08899566853197,0.0,0.0,1.23012544357981,2.919829645395331,429.0621352157959,3,864.1242704315918,True,60,13.217503547668455
mixed,5,roving_ramp,transient,1.0,0.0,3.928805642952071,0.0,0.9790694898389444,2.617505921573305,457.9722595543936,3,921.9445191087872,True,64,12.844706535339355
mixed,5,roving_ramp,leaky,0.0,4.0898608132493965,0.0,0.005,1.2228548206703516,2.919306490881886,429.0650989106168,4,866.1301978212335,True,365,84.50075817108154
mixed,5,roving_ramp,mixed,0.2220400120809821,3.4489915715010064,2.1536541429221003,0.0,1.1503467958988522,3.328609598277436,422.1462524730444,4,852.2925049460888,True,220,37.83085203170776
mixed,5,roving_ramp,mixed_leaky,0.221995231909767,3.4478965102119563,2.152412255910212,0.005,1.141342593712666,3.328737398278267,422.151446150713,5,854.3028923014261,True,390,73.54544019699097
mixed,4,roving_ramp50,level,0.0,4.149230487500335,0.0,0.0,3.956039723387408,1.1291198693352449,376.9878521015195,3,759.975704203039,True,188,20.426189661026
mixed,4,roving_ramp50,transient,1.0,0.0,6.183891237050326,0.0,1.4715427638326453,2.451341774892284,329.5385773953994,3,665.0771547907988,True,104,21.45763921737671
mixed,4,roving_ramp50,leaky,0.0,3.846304096381278,0.0,2.259737725163278,2.405582399294794,1.1138805688366624,376.9561271267732,4,761.9122542535464,True,440,67.68122005462646
mixed,4,roving_ramp50,mixed,0.9372592899865724,0.1847467947995,6.038055262782419,0.0,1.508292298709131,2.4305219628969983,329.44968048836046,4,666.8993609767209,True,265,41.3862087726593
mixed,4,roving_ramp50,mixed_leaky,0.9100015121675812,0.2864932481271521,6.337692142994711,1.3054840719593277,-1.287843294557566,3.201950325550307,328.4254532924321,5,666.8509065848642,True,516,105.48323392868042
mixed,6,ramp,level,0.0,0.01,0.0,0.0,30.0,15.0,181.96630605391903,3,369.9326121078381,True,8,1.6336023807525637
mixed,6,ramp,transient,1.0,0.0,8.680272802230078,0.0,0.7044435219655034,10.227471162937638,140.20540654532712,3,286.41081309065424,True,132,12.565990447998049
mixed,6,ramp,leaky,0.0,0.01,0.0,4.999999999999999,30.0,15.0,181.96630605391903,4,371.9326121078381,True,10,2.002328634262085
mixed,6,ramp,mixed,0.9974764388283072,0.01,8.64766099160058,0.0,0.7058374297998539,10.184372411143649,140.2154227075814,4,288.4308454151628,True,210,17.698044061660767
mixed,6,ramp,mixed_leaky,0.9975945003868903,0.01,9.07316066460856,0.1191367592131045,-0.5407958264312469,15.0,138.2477089442744,5,286.4954178885488,True,432,45.84488344192505
mixed,6,roving_ramp50,level,0.0,0.01,0.0,0.0,30.0,15.0,304.16558173926467,3,614.3311634785293,True,8,1.7128822803497314
mixed,6,roving_ramp50,transient,1.0,0.0,8.173007642841508,0.0,1.1639687936266825,5.091912343471416,179.06996355102106,3,364.1399271020421,True,136,26.57737898826599
mixed,6,roving_ramp50,leaky,0.0,0.01,0.0,4.999999999999999,30.0,15.0,304.16558173926467,4,616.3311634785293,True,10,2.0766639709472656
mixed,6,roving_ramp50,mixed,0.9946592332942352,0.0200072703125757,8.152079326873535,0.0,1.1668985954294249,5.082707755861316,179.059954846811,4,366.119909693622,True,90,8.865211009979248
mixed,6,roving_ramp50,mixed_leaky,0.8827878745249148,0.5308159492763876,8.746567013203034,0.464562128213017,-1.1998174175973482,7.671193828708574,175.0855099741004,5,360.1710199482008,True,642,93.20698523521423
mixed,4,roving_mixed,level,0.0,5.762595441322962,0.0,0.0,4.643391854289924,1.0624591199645956,325.1508211942345,3,656.301642388469,True,104,36.77930021286011
mixed,4,roving_mixed,transient,1.0,0.0,6.228235903705127,0.0,1.946364969783952,2.012445185124325,278.1899328984496,3,562.3798657968991,True,104,17.32403874397278
mixed,4,roving_mixed,leaky,0.0,5.812486971828801,0.0,4.999999999999999,2.3849998977969364,0.9476558142564032,324.8655033297769,4,657.7310066595538,True,460,106.55912470817566
mixed,4,roving_mixed,mixed,0.996495724883607,0.01,6.221385196784916,0.0,1.9473409752873,2.012291806678623,278.19223583725926,4,564.3844716745185,True,95,41.53376650810242
mixed,4,roving_mixed,mixed_leaky,0.9964956427323703,0.01,6.221238838476539,0.005,1.94138823582273,2.0129257459428773,278.1945728163142,5,566.3891456326284,True,690,109.32797956466676
mixed,6,roving_mixed,level,0.0,0.01,0.0,0.0,30.0,15.0,144.66841970408095,3,295.33683940816195,True,8,1.8648796081542969
mixed,6,roving_mixed,transient,1.0,0.0,6.6715585908966215,0.0,1.4307052238459617,3.4990045353430466,110.33384274513526,3,226.6676854902705,True,148,15.803532838821411
mixed,6,roving_mixed,leaky,0.0,0.01,0.0,4.999999999999999,30.0,15.0,144.66841970408095,4,297.33683940816195,True,10,2.1626460552215576
mixed,6,roving_mixed,mixed,0.6728484452924716,1.3005760731729672,5.8521287346678825,0.0,1.5811782523154725,3.4455644906531275,109.3332198887954,4,226.6664397775908,True,185,18.65565848350525
mixed,6,roving_mixed,mixed_leaky,0.6384864248197972,1.620689127725563,6.262339711043443,0.8491173466044755,-5.0,9.360384581899911,108.14865921398172,5,226.29731842796343,True,708,79.51667547225952
mixed,5,ramp,level,0.0,3.5449864180432837,0.0,0.0,0.9242906644711458,3.418832165832092,655.1057013179917,3,1316.2114026359834,True,60,14.62230348587036
mixed,5,ramp,transient,1.0,0.0,5.1741006827157205,0.0,0.7102936210093912,2.8712074253357533,720.2832535570055,3,1446.566507114011,True,68,11.311745405197144
mixed,5,ramp,leaky,0.0,3.796041427690949,0.0,0.6631702486951535,-0.648936220496526,3.8934144724740793,654.5855464955932,4,1317.1710929911865,True,315,117.67990231513976
mixed,5,ramp,mixed,0.2939537619664962,3.3735873644637864,3.0728947611930963,0.0,1.0920639851749074,3.621201703370077,646.8330359907357,4,1301.6660719814713,True,205,35.5042724609375
mixed,5,ramp,mixed_leaky,0.2936857570059724,3.374238989851984,3.069520984652091,0.005,1.0827715062498875,3.6209116219447113,646.8373447950282,5,1303.6746895900565,True,462,56.10492825508118
mixed,5,roving_ramp50,level,0.0,3.8771189867846263,0.0,0.0,1.2220878995544735,3.0119652542424333,507.5743819958847,3,1021.1487639917694,True,124,18.835448026657104
mixed,5,roving_ramp50,transient,1.0,0.0,3.794021615983618,0.0,0.8724141465072249,2.628834405411816,555.7457487778261,3,1117.491497555652,True,80,15.284696102142334
mixed,5,roving_ramp50,leaky,0.0,4.23086928756225,0.0,0.974756552715556,-1.1846517925464382,3.797138398744692,506.8607710526664,4,1021.7215421053328,True,675,140.94595956802368
mixed,5,roving_ramp50,mixed,0.2413515252729662,3.47310845843554,2.417339512749799,0.0,1.2145817951983962,3.410605756780908,497.3206862529584,4,1002.6413725059168,True,200,38.111071825027466
mixed,5,roving_ramp50,mixed_leaky,0.2412705747597505,3.4721788010589525,2.4156241296784806,0.005,1.2048748455704612,3.412145235696027,497.32348571841294,5,1004.646971436826,True,936,134.83751463890076
mixed,4,roving_ramp,level,0.0,3.3960315943456387,0.0,0.0,2.390020738173687,1.519956602331107,430.3013299129186,3,866.6026598258372,True,136,27.000932216644287
mixed,4,roving_ramp,transient,1.0,0.0,6.911478917251476,0.0,1.2914771889450256,2.840333450953824,365.1337016792941,3,736.2674033585882,True,100,20.432530164718628
mixed,4,roving_ramp,leaky,0.0,3.6294480066935697,0.0,3.8480585909037273,-5.0,2.569822298661389,428.9721252437319,4,865.9442504874637,False,875,152.80729818344116
mixed,4,roving_ramp,mixed,0.8072274761743286,0.7080943137745387,6.487117374019434,0.0,1.4063467035783153,2.794519522687931,363.72012769576816,4,735.4402553915363,True,230,44.29233074188232
mixed,4,roving_ramp,mixed_leaky,0.807219465208158,0.7080101901492235,6.4860127786427455,0.005,1.3986850759435827,2.795058088342783,363.7216788985844,5,737.4433577971688,True,426,156.30172276496887
mixed,5,roving_mixed,level,0.0,5.691968275820092,0.0,0.0,1.7023727351238611,2.7300210234185407,224.3507757571903,3,454.7015515143806,True,168,28.775612592697144
mixed,5,roving_mixed,transient,1.0,0.0,5.272427168645825,0.0,0.7141793583901581,4.549147055700783,230.97649039290383,3,467.95298078580765,True,136,19.594331979751587
mixed,5,roving_mixed,leaky,0.0,6.233732319332365,0.0,1.1026341996698932,-4.6080767472159945,6.954832791125465,223.01597565868056,4,454.0319513173611,True,595,125.74244403839111
mixed,5,roving_mixed,mixed,0.3351258965098516,3.455640424669236,3.810719332871863,0.0,1.0650927348075925,4.5451001881527295,218.7452146980225,4,445.4904293960449,True,220,46.38785099983215
mixed,5,roving_mixed,mixed_leaky,0.2820669355483915,3.983187293727158,3.423803245798604,0.4784057788908306,-0.7654740373784702,5.8404113455183575,218.54850564467483,5,447.09701128934967,True,468,60.741411447525024
mixed,7,roving_mixed,level,0.0,3.4395141798705806,0.0,0.0,1.5058419624769033,2.2683792691140914,303.6580809594723,3,613.3161619189445,False,216,33.78314971923828
mixed,7,roving_mixed,transient,1.0,0.0,4.359407858374951,0.0,0.7706053491767955,3.645017829640651,300.07603188245594,3,606.1520637649119,True,72,16.034823179244995
mixed,7,roving_mixed,leaky,0.0,3.682658208738328,0.0,1.642173221352467,-2.085097640163246,3.163166354840329,303.19925441089225,4,614.3985088217845,True,470,58.92841005325317
mixed,7,roving_mixed,mixed,0.45100240538934,1.867423072310676,3.356301625233244,0.0,0.930829956128585,3.637141460558413,294.1490392532357,4,596.2980785064714,True,275,45.7986855506897
mixed,7,roving_mixed,mixed_leaky,0.4474287771538949,1.884960211821966,3.339240377892888,0.2074959566423671,0.4496036665784598,3.8582588388351216,294.09799583759974,5,598.1959916751995,True,276,44.40131664276123
mixed,6,roving_ramp,level,0.0,4.018851091906671,0.0,0.0,3.016685452611527,1.4998346288825872,268.68297642012345,3,543.3659528402469,True,184,43.8671178817749
mixed,6,roving_ramp,transient,1.0,0.0,7.356893066295418,0.0,1.153486907811737,4.364180458060626,211.06515375239343,3,428.1303075047869,True,140,19.785351276397705
mixed,6,roving_ramp,leaky,0.0,4.00119224146337,0.0,3.5182433628014462,-5.0,2.89188513388105,267.64651438882527,4,543.2930287776505,True,685,93.73157787322998
mixed,6,roving_ramp,mixed,0.8459865745944222,0.5758841806902786,6.920697807396212,0.0,1.2231482563288678,4.319879365988726,210.3470604986855,4,428.6941209973709,True,275,48.779738426208496
mixed,6,roving_ramp,mixed_leaky,0.7802467766175041,0.8904633814135469,6.917077476309283,0.5344299852970673,-0.545214016041311,5.278784522214457,209.7738004562671,5,429.5476009125342,True,708,109.80570888519289
mixed,7,roving_ramp,level,0.0,2.249344559368008,0.0,0.0,0.6457541846795049,3.778354503949794,367.0140498247503,3,740.0280996495006,True,136,22.860255002975464
mixed,7,roving_ramp,transient,1.0,0.0,4.525908796539097,0.0,0.6478896563012695,3.928213251267007,356.23399741737995,3,718.4679948347599,True,80,14.176552534103394
mixed,7,roving_ramp,leaky,0.0,2.4973679923269474,0.0,0.6779805574393167,-1.754411823520841,5.165663431632683,366.342053242317,4,740.684106484634,True,395,83.02405762672424
mixed,7,roving_ramp,mixed,0.5677370771975981,1.2530334077772527,3.600574226856915,0.0,0.6952017117727124,4.175246579756533,352.2777329313203,4,712.5554658626406,True,190,35.8052442073822
mixed,7,roving_ramp,mixed_leaky,0.5568837376164945,1.2915186531769938,3.5510548135778115,0.2611311841512181,-0.0069660306626781,4.504342244436197,352.1425640100916,5,714.2851280201832,True,264,119.99339079856873
mixed,7,ramp,level,0.0,2.24871331460103,0.0,0.0,0.9835184121635004,2.662661698322078,491.2844028463284,3,988.5688056926568,True,88,14.346137046813965
mixed,7,ramp,transient,1.0,0.0,4.720353040722984,0.0,0.7572197065415912,3.0320453537817493,499.61536396774113,3,1005.2307279354824,True,76,14.833744764328005
mixed,7,ramp,leaky,0.0,2.4760226070936064,0.0,1.22234098492014,-1.3894645407258823,3.094712231588701,490.86750727511344,4,989.7350145502268,True,445,84.07787704467773
mixed,7,ramp,mixed,0.4369996810296609,1.7355425378383271,2.947254151407724,0.0,0.9918416617794904,2.931998426872214,485.8617439187341,4,979.7234878374684,True,205,36.55825161933899
mixed,7,ramp,mixed_leaky,0.4253479351387726,1.8137064633449864,2.937082897173356,0.6612670893929118,-0.196793250084766,3.0929493346564336,485.7679012637564,5,981.5358025275128,True,450,55.46637916564941
mixed,7,roving_ramp50,level,0.0,3.5697039182467045,0.0,0.0,1.4220832394902516,2.4845990155215345,384.6967919554672,3,775.3935839109345,True,128,31.26737642288208
mixed,7,roving_ramp50,transient,1.0,0.0,4.846115729405893,0.0,0.8855834866964007,3.0764179070974884,398.1871389556344,3,802.3742779112687,True,116,19.56088352203369
mixed,7,roving_ramp50,leaky,0.0,4.132758522616662,0.0,1.613717428323886,-5.0,5.079822714179667,382.5627538221266,4,773.1255076442532,True,510,103.29864692687988
mixed,7,roving_ramp50,mixed,0.3639343555086506,2.663653229403854,3.334330520138231,0.0,1.218853287495553,3.1435961820875997,374.09272719448336,4,756.1854543889667,True,200,36.60264825820923
mixed,7,roving_ramp50,mixed_leaky,0.3639439771850899,2.6632134243149523,3.333918547192176,0.005,1.210208280846809,3.144617352981603,374.0931898495362,5,758.1863796990724,True,696,81.7242202758789
mixed,8,roving_mixed,level,0.0,6.543365407912596,0.0,0.0,1.7034533554169309,2.3738866700340058,220.14113407750384,3,446.2822681550077,True,140,20.29687523841858
mixed,8,roving_mixed,transient,1.0,0.0,7.187515483344169,0.0,1.2610727807037214,3.0842710852267894,219.36436428107356,3,444.7287285621471,True,136,30.16846466064453
mixed,8,roving_mixed,leaky,0.0,6.433844221971036,0.0,0.5190273388076806,0.9476152621824812,2.45532074213914,220.1383880184324,4,448.2767760368648,True,105,28.34386658668518
mixed,8,roving_mixed,mixed,0.3565212232311883,4.341890567429868,5.263078893268461,0.0,1.3923075041146196,3.342979524472176,212.31028734330295,4,432.620574686606,True,255,46.53853106498718
mixed,8,roving_mixed,mixed_leaky,0.356488015832299,4.3403423619818895,5.260440702095661,0.005998418468568,1.380590759411813,3.3457873810500214,212.31086576465188,5,434.62173152930376,True,156,74.75276041030884
mixed,8,roving_ramp,level,0.0,5.523390670505336,0.0,0.0,1.5715826257137582,2.5659266155155738,226.6520614874809,3,459.3041229749618,True,92,16.02523183822632
mixed,8,roving_ramp,transient,1.0,0.0,5.758264780581483,0.0,1.1563483293410113,3.014100277173319,232.714601106428,3,471.429202212856,True,144,20.06535696983337
mixed,8,roving_ramp,leaky,0.0,5.522884532173259,0.0,0.005,1.5644444667225417,2.5666216523124894,226.6524962250518,4,461.3049924501036,True,445,76.98983669281006
mixed,8,roving_ramp,mixed,0.2986983836610147,4.162697865475781,3.878937387395122,0.0,1.418557197145326,3.1966902131607697,220.9514650930496,4,449.9029301860992,True,210,41.8573579788208
mixed,8,roving_ramp,mixed_leaky,0.2986033409326625,4.162995123933202,3.8774545711674686,0.005,1.4101731380248852,3.196558264712269,220.9529648725399,5,451.9059297450798,True,402,70.57753443717957
mixed,10,roving_mixed,level,0.0,0.01,0.0,0.0,30.0,15.0,370.0432206159397,3,746.0864412318793,True,8,2.1230170726776123
mixed,10,roving_mixed,transient,1.0,0.0,4.1352581140116085,0.0,1.0005725903266736,3.4635847591035143,256.53376285278546,3,519.0675257055709,True,108,21.95732998847961
mixed,10,roving_mixed,leaky,0.0,0.01,0.0,4.999999999999999,30.0,15.0,370.0432206159397,4,748.0864412318793,True,10,2.1612555980682373
mixed,10,roving_mixed,mixed,0.3725832352152922,2.412020759449984,3.1337047663828685,0.0,1.5249810669222468,3.747595689596815,238.64137634226688,4,485.28275268453376,True,185,18.17795467376709
mixed,10,roving_mixed,mixed_leaky,0.3723311808344553,2.4143992142404547,3.1334140074582058,0.005,1.5157256445539888,3.7492189855394455,238.6469496358811,5,487.2938992717622,True,318,46.091495513916016
mixed,8,roving_ramp50,level,0.0,3.89782515685976,0.0,0.0,1.4661224176277443,2.4304689393794296,244.5020309624536,3,495.0040619249072,True,136,31.334458112716675
mixed,8,roving_ramp50,transient,1.0,0.0,4.601388939441375,0.0,0.851706850028013,3.429755045070942,251.7300350199284,3,509.4600700398568,True,84,16.202677726745605
mixed,8,roving_ramp50,leaky,0.0,4.3501406143991845,0.0,1.7118001871388413,-3.603342822174114,4.021337109772847,243.83443267193104,4,495.6688653438621,True,515,113.75073146820068
mixed,8,roving_ramp50,mixed,0.3003504899016078,3.017024062244101,2.833586211970065,0.0,1.324100967262566,2.832253838416217,242.11465961331135,4,492.2293192266228,True,280,47.66822004318237
mixed,8,roving_ramp50,mixed_leaky,0.289626130264486,3.307557548861735,2.950312499886199,1.1837362307878458,-1.4976888117702358,3.619875968034028,241.71348453851945,5,493.4269690770389,True,636,73.56436610221863
mixed,10,ramp,level,0.0,0.01,0.0,0.0,30.0,15.0,351.04272112600364,3,708.0854422520073,True,8,1.6120598316192627
mixed,10,ramp,transient,1.0,0.0,4.140915567293752,0.0,0.4820652176354721,5.824427077024285,275.2032421666822,3,556.4064843333643,True,132,21.587247371673584
mixed,10,ramp,leaky,0.0,0.01,0.0,4.999999999999999,30.0,15.0,351.04272112600364,4,710.0854422520073,True,10,1.9737169742584229
mixed,10,ramp,mixed,0.3611301049658428,3.0654305348202238,3.790989625620445,0.0,1.6020814622479091,4.860670283513153,248.5907427884768,4,505.1814855769536,True,300,26.176554441452023
mixed,10,ramp,mixed_leaky,0.3604381877409275,3.0560113071209427,3.7680189316595554,0.1664222243093308,1.089576493210607,5.146953541003129,248.52876857416285,5,507.0575371483257,True,234,35.73794364929199
mixed,8,ramp,level,0.0,3.8905820421133783,0.0,0.0,1.3534089594845853,2.559527392948622,302.72273463677146,3,611.4454692735429,True,104,21.58256864547729
mixed,8,ramp,transient,1.0,0.0,6.688316615143743,0.0,1.093499477758113,2.972037082001826,312.32868684585907,3,630.6573736917181,True,76,14.485666275024414
mixed,8,ramp,leaky,0.0,3.88963325918753,0.0,0.005,1.346494073234619,2.5595720918143114,302.7236707897918,4,613.4473415795836,True,380,75.5998318195343
mixed,8,ramp,mixed,0.3806481948190915,3.077501414702448,4.138037999484779,0.0,1.4018153064199954,2.8400429613079954,297.8073448555886,4,603.6146897111772,True,195,42.23192501068115
mixed,8,ramp,mixed_leaky,0.3805162440304098,3.077747770914791,4.136053524498132,0.005,1.3942705890616216,2.840136554875728,297.8111374702965,5,605.622274940593,True,306,71.65145182609558
mixed,9,ramp,level,0.0,7.634766176652704,0.0,0.0,1.458235091525614,3.7756148739459423,302.3687755208504,3,610.7375510417007,True,136,19.37891530990601
mixed,9,ramp,transient,1.0,0.0,4.155403756746718,0.0,1.331585708957002,2.059125608625516,384.4746180832777,3,774.9492361665555,True,132,21.437506914138797
mixed,9,ramp,leaky,0.0,7.62543342659879,0.0,0.1092211198749801,1.2355999534686355,3.795041422943352,302.3625960592656,4,612.7251921185311,True,260,69.75071358680725
mixed,9,ramp,mixed,0.0005984953485938,7.632544992275606,0.01,0.0,1.458428565226472,3.775837499021709,302.38102321375766,4,612.7620464275153,True,240,29.567413091659542
mixed,9,ramp,mixed_leaky,0.0005991625011831,7.624041253220793,0.01,0.1092196297891359,1.2359632974652046,3.7952491818799983,302.3748270833957,5,614.7496541667914,True,312,43.28679895401001
mixed,9,roving_ramp,level,0.0,6.668707614996778,0.0,0.0,1.4550183363263056,3.058821981884748,192.8081144901112,3,391.6162289802224,True,116,20.5912024974823
mixed,9,roving_ramp,transient,1.0,0.0,6.0680257683180345,0.0,1.6117748916411656,2.2840307292899484,215.7821563265345,3,437.564312653069,True,140,25.45621681213379
mixed,9,roving_ramp,leaky,0.0,6.667885361111924,0.0,0.005,1.446422249082036,3.06023614931071,192.8092131490935,4,393.618426298187,True,440,77.89510202407837
mixed,9,roving_ramp,mixed,0.0955150571170731,6.346206134851394,1.4662044025641543,0.0,1.5229333413739785,3.0794592245588173,192.14736620533324,4,392.2947324106665,True,295,45.0291965007782
mixed,9,roving_ramp,mixed_leaky,0.0955408650183222,6.3441244615863255,1.4661613290748274,0.005,1.514254981168722,3.080472476443078,192.14842321181564,5,394.2968464236313,True,504,80.86118698120117
mixed,9,roving_mixed,level,0.0,8.488341779755853,0.0,0.0,1.501927962001114,3.3225210697920224,210.7828030862077,3,427.5656061724154,True,100,18.12533116340637
mixed,9,roving_mixed,transient,1.0,0.0,4.699279158483228,0.0,1.042897600849333,2.975488280169026,243.7044186605698,3,493.4088373211396,True,120,26.88363265991211
mixed,9,roving_mixed,leaky,0.0,8.486528666382856,0.0,0.005,1.4928505110720274,3.323249775687041,210.7848969355523,4,429.5697938711046,True,365,85.7436375617981
mixed,9,roving_mixed,mixed,0.0526220695507813,8.227530615157058,0.99982505163392,0.0,1.5080742809964651,3.399345525230399,210.5576748408913,4,429.1153496817826,True,295,38.37313461303711
mixed,9,roving_mixed,mixed_leaky,0.0526959212229265,8.224878181007593,1.0009834907012105,0.005,1.4984108629858677,3.400764647623261,210.55957670402265,5,431.1191534080453,True,468,68.31187677383423
mixed,9,roving_ramp50,level,0.0,7.517143808719241,0.0,0.0,1.1887894769158198,4.450612218187077,235.8559930081739,3,477.7119860163478,True,120,22.295108318328857
mixed,9,roving_ramp50,transient,1.0,0.0,7.247474530181114,0.0,1.8388830296869167,1.9110657661800696,302.7302615403772,3,611.4605230807543,True,96,24.31160807609558
mixed,9,roving_ramp50,leaky,0.0,8.071377409992785,0.0,0.5273959876843033,-0.4386090308834301,5.107248941797086,235.22491910069795,4,478.4498382013959,True,320,98.97795367240906
mixed,9,roving_ramp50,mixed,0.1415067854477876,7.309491657832399,2.635951527146476,0.0,1.2938574868880657,4.722553294176932,233.8788708966996,4,475.7577417933993,True,285,53.18022918701172
mixed,9,roving_ramp50,mixed_leaky,0.1339112235109698,7.327381269027833,2.478638571971768,0.1307553630676222,0.9532463942301254,4.748459108433392,233.84450396482995,5,477.6890079296599,True,396,64.08863282203674
mixed,11,roving_ramp50,level,0.0,0.01,0.0,0.0,30.0,15.0,341.70772826677506,3,689.4154565335501,True,8,2.064936876296997
mixed,11,roving_ramp50,transient,1.0,0.0,5.159097189775419,0.0,0.8273534717639575,4.821370805393959,243.67846782325145,3,493.3569356465029,True,120,21.27334761619568
mixed,11,roving_ramp50,leaky,0.0,0.01,0.0,4.999999999999999,30.0,15.0,341.70772826677506,4,691.4154565335501,True,10,2.057978868484497
mixed,11,roving_ramp50,mixed,0.3792470970633653,3.2439593642219093,4.335994850263973,0.0,1.9046305706483808,4.10985095294505,216.5441599383917,4,441.0883198767834,True,210,19.68769574165344
mixed,11,roving_ramp50,mixed_leaky,0.3791338094067746,3.24427750335884,4.334333705462706,0.005,1.8937068028488808,4.110639815235135,216.5443128764176,5,443.0886257528352,True,570,68.4298939704895
mixed,11,roving_mixed,level,0.0,0.01,0.0,0.0,30.0,15.0,332.4425716507864,3,670.8851433015727,True,8,1.7676684856414795
mixed,11,roving_mixed,transient,1.0,0.0,4.557277354466827,0.0,1.763506675442743,2.1953380210895856,239.2680391284208,3,484.5360782568416,True,76,23.11900281906128
mixed,11,roving_mixed,leaky,0.0,0.01,0.0,4.999999999999999,30.0,15.0,332.4425716507864,4,672.8851433015727,True,10,2.164611339569092
mixed,11,roving_mixed,mixed,0.259895928851009,4.131995575848006,3.1745076473357465,0.0,2.54110158243982,2.960262934248773,207.1591068470702,4,422.3182136941404,True,205,20.7078754901886
mixed,11,roving_mixed,mixed_leaky,0.2599113470638061,4.131950535142312,3.174727505420284,0.005,2.533238678974991,2.960594382648618,207.16067521450583,5,424.32135042901166,True,396,48.73707032203674
mixed,10,roving_ramp50,level,0.0,3.609980401618632,0.0,0.0,2.417177479210094,1.9352066880905996,281.6748278576328,3,569.3496557152656,True,104,11.212835788726808
mixed,10,roving_ramp50,transient,1.0,0.0,3.8792214475002136,0.0,0.8541871524405306,3.626569117138867,274.7508550977875,3,555.501710195575,True,76,15.69386625289917
mixed,10,roving_ramp50,leaky,0.0,3.85025450746756,0.0,2.203225935920126,-5.0,4.207260647243781,279.90884522540296,4,567.8176904508059,True,560,63.99040365219116
mixed,10,roving_ramp50,mixed,0.4289972941623256,1.8768222299030093,3.0849588250014444,0.0,1.2792462453258826,3.670142638926696,258.3608524803431,4,524.7217049606862,True,210,38.08647918701172
mixed,10,roving_ramp50,mixed_leaky,0.4041751410721947,2.0833004850178587,3.09180959855246,0.5915681642092757,-0.2454980714418238,4.246027764942559,257.7476864822568,5,525.4953729645136,True,630,106.02177691459656
mixed,12,roving_ramp50,level,0.0,4.412034960457405,0.0,0.0,1.8649391486591265,2.0271530618913265,267.22398658709704,3,540.4479731741941,True,144,27.000977277755737
mixed,12,roving_ramp50,transient,1.0,0.0,10.37060180981128,0.0,1.392342749335119,3.460287139046778,233.20233848239357,3,472.4046769647871,True,108,20.74648785591125
mixed,12,roving_ramp50,leaky,0.0,4.4117791145588745,0.0,0.0059994337601096,1.8582968421135628,2.027276943140362,267.22410216098024,4,542.4482043219605,True,115,32.46001172065735
mixed,12,roving_ramp50,mixed,0.7389765284990248,1.5119061242209,9.36452505184006,0.0,1.4855464704036163,3.447477957343644,231.1197944075399,4,470.2395888150798,True,305,46.187751054763794
mixed,12,roving_ramp50,mixed_leaky,0.7394618429094528,1.5073401325902025,9.359777841130564,0.2500841222508254,0.9643677101376068,3.5765191980658404,231.0998512363186,5,472.1997024726372,True,156,53.06961798667908
mixed,11,ramp,level,0.0,4.479066412600452,0.0,0.0,2.611186886631896,2.1756976822267906,343.5280259836864,3,693.0560519673728,True,232,22.38101077079773
mixed,11,ramp,transient,1.0,0.0,5.16293072172846,0.0,0.4577127843340922,7.077721350366547,355.0079941750948,3,716.0159883501896,True,100,21.972729921340942
mixed,11,ramp,leaky,0.0,4.488841963877344,0.0,0.0059999509326421,2.6100390332629173,2.173613156582564,343.52823255592784,4,695.0564651118557,True,95,27.01611638069153
mixed,11,ramp,mixed,0.3509652905154147,2.97157129052146,3.515541632647505,0.0,1.8412307269571413,3.388441833608302,331.09439565451925,4,670.1887913090385,True,275,47.405068159103394
mixed,11,ramp,mixed_leaky,0.3508586079621628,2.971424777977677,3.5137221825509632,0.005,1.831614863370474,3.3903549035428786,331.09675040296514,5,672.1935008059303,True,570,101.41959476470949
mixed,12,ramp,level,0.0,4.429989469763775,0.0,0.0,2.046223816039908,2.151240450854457,217.96646760418932,3,441.9329352083787,True,72,16.36422562599182
mixed,12,ramp,transient,1.0,0.0,11.85247452813948,0.0,1.8965699873654205,2.713537206854228,206.7690812787531,3,419.5381625575062,True,68,15.220374822616575
mixed,12,ramp,leaky,0.0,4.429386075296283,0.0,0.005,2.0406631142855995,2.1508687191573554,217.96709421847245,4,443.9341884369449,True,320,69.82685136795044
mixed,12,ramp,mixed,0.6354295042819671,2.492421161390721,9.504234291016743,0.0,2.0804106415375845,2.812068123509873,198.677709949751,4,405.355419899502,True,285,38.33502268791199
mixed,12,ramp,mixed_leaky,0.6355663705034353,2.4916781230503102,9.50701652228413,0.005,2.073005457700292,2.8126920392315897,198.67980376877307,5,407.3596075375461,True,306,65.62895846366882
mixed,12,roving_mixed,level,0.0,9.152117954222138,0.0,0.0,2.500416743817284,2.0975099540015067,206.5866804782769,3,419.1733609565538,True,80,19.07672691345215
mixed,12,roving_mixed,transient,1.0,0.0,10.909207264145634,0.0,1.881950064185188,2.6767320282335856,191.80013136253984,3,389.6002627250797,True,88,15.63217043876648
mixed,12,roving_mixed,leaky,0.0,9.151588847405607,0.0,0.005,2.4949469236134862,2.0972493527633764,206.5881429668814,4,421.1762859337628,True,255,60.77186894416809
mixed,12,roving_mixed,mixed,0.4517443354068548,4.80613994115453,8.663948187870796,0.0,2.0357058632783107,3.100341285808907,184.3272911147158,4,376.6545822294316,True,215,41.43299555778504
mixed,12,roving_mixed,mixed_leaky,0.4519240128807389,4.801161721513475,8.66125499281352,0.005,2.027014926726926,3.0989622017941763,184.33205521393464,5,378.6641104278693,True,348,84.68383240699768
mixed,13,roving_mixed,level,0.0,5.933063450688579,0.0,0.0,1.88458002303596,2.089895570232338,261.134787987458,3,528.269575974916,True,88,17.850544452667236
mixed,13,roving_mixed,transient,1.0,0.0,8.806765908226557,0.0,1.6196328074131987,2.42486283394348,258.61558961146125,3,523.2311792229225,True,140,21.40050959587097
mixed,13,roving_mixed,leaky,0.0,5.932215716955766,0.0,0.0059995284989942,1.8779072370898648,2.0897941406157594,261.1349453673244,4,530.2698907346488,True,55,37.464757442474365
mixed,13,roving_mixed,mixed,0.4278954764064682,3.876827725917447,6.343788023937288,0.0,1.7833596380307046,2.5035675678110194,249.4327366211213,4,506.8654732422427,True,280,54.68781018257141
mixed,13,roving_mixed,mixed_leaky,0.4278636207903346,3.876424430108468,6.342302720227243,0.005,1.7765881422389227,2.503591138991085,249.43445450479388,5,508.86890900958775,True,378,91.4634609222412
mixed,11,roving_ramp,level,0.0,5.043246657117335,0.0,0.0,3.2391506280394724,1.6938203731909511,355.3574189121747,3,716.7148378243494,True,132,26.771177530288696
mixed,11,roving_ramp,transient,1.0,0.0,4.436705522677288,0.0,1.3238480338066514,2.671560089780526,340.5106465259652,3,687.0212930519305,True,96,18.306677103042603
mixed,11,roving_ramp,leaky,0.0,5.378460669269509,0.0,3.1030199491208754,-1.787043094884946,2.36391656905678,354.9726918654317,4,717.9453837308635,True,670,143.72998356819153
mixed,11,roving_ramp,mixed,0.3620387533163389,2.7232940070659577,3.381155460400584,0.0,1.9539730146659715,2.9250918927040197,317.133205120185,4,642.26641024037,True,250,47.70206069946289
mixed,11,roving_ramp,mixed_leaky,0.3616065783689997,2.724137333049327,3.375878159602378,0.0507526785995825,1.874417833281914,2.928339404322437,317.1317491375112,5,644.2634982750224,True,690,117.59375047683716
mixed,10,roving_ramp,level,0.0,3.3168301648904133,0.0,0.0,1.813289600801142,2.482729248343081,360.752870349218,3,727.505740698436,True,144,22.83562707901001
mixed,10,roving_ramp,transient,1.0,0.0,3.228517621319403,0.0,0.7947082536622507,3.326625404912265,373.3662078321475,3,752.732415664295,True,116,12.259311437606812
mixed,10,roving_ramp,leaky,0.0,3.8099731351830153,0.0,1.494327178666332,-5.0,5.697346384125786,357.6635818992137,4,723.3271637984274,True,785,190.23415279388428
mixed,10,roving_ramp,mixed,0.325466898771427,2.407140779226831,2.541059859913517,0.0,1.2475893448054975,4.083826752438468,339.6896425988804,4,687.3792851977609,True,265,43.01832246780396
mixed,10,roving_ramp,mixed_leaky,0.3070677806000212,2.6131846516795147,2.5335147665629227,0.4976149293536641,-0.2255303168329401,4.796860053078282,339.00589531226166,5,688.0117906245233,True,630,148.2170114517212
mixed,13,roving_ramp,level,0.0,5.77978213681655,0.0,0.0,1.517087408612788,2.3504311553243267,415.5913862437015,3,837.182772487403,True,88,16.8017897605896
mixed,13,roving_ramp,transient,1.0,0.0,9.325146595807691,0.0,1.5339130315149745,2.37745136058451,419.3945355114207,3,844.7890710228414,True,136,20.40150117874145
mixed,13,roving_ramp,leaky,0.0,6.320676890540136,0.0,1.6441436047626337,-2.0756267366482315,3.2077880823644045,414.9680107808719,4,837.9360215617437,True,520,108.66423654556274
mixed,13,roving_ramp,mixed,0.404645743249154,4.296274073138178,6.38853587576887,0.0,1.6365271139966222,2.7317523201193183,390.71810938321386,4,789.4362187664277,True,280,51.418116331100464
mixed,13,roving_ramp,mixed_leaky,0.4047328161228122,4.294860722572244,6.388742861633893,0.005,1.6291485590705748,2.731543579748183,390.7214188980365,5,791.442837796073,True,306,48.88326144218445
mixed,13,ramp,level,0.0,4.194666614459199,0.0,0.0,1.0734928352284658,2.838181994792609,465.12074745622505,3,936.24149491245,True,112,17.896738529205322
mixed,13,ramp,transient,1.0,0.0,9.788145324581494,0.0,1.592914516795734,2.189888695189239,480.7159339140024,3,967.4318678280048,True,72,14.154866456985474
mixed,13,ramp,leaky,0.0,4.347923353459375,0.0,0.8077544912077904,-0.3640311414864625,3.0317314099765604,464.9373108049082,4,937.8746216098164,True,380,51.91267538070679
mixed,13,ramp,mixed,0.440040702537841,3.4994263159990626,6.016488476565434,0.0,1.4213512643159645,2.8904436310610424,448.4108999576901,4,904.8217999153802,True,240,40.73523449897766
mixed,13,ramp,mixed_leaky,0.43999699631783,3.498784342359375,6.014317845726783,0.0059996874707601,1.4117346476995785,2.8912179610980737,448.4108444971127,5,906.8216889942254,True,114,117.3066976070404
mixed,13,roving_ramp50,level,0.0,5.49619020076068,0.0,0.0,1.6871291610221593,2.2191912220723,435.3042838828588,3,876.6085677657176,True,96,15.933748245239258
mixed,13,roving_ramp50,transient,1.0,0.0,7.869913969341637,0.0,1.443805487951934,2.2148281114958306,453.9174708070349,3,913.8349416140696,True,80,18.41730523109436
mixed,13,roving_ramp50,leaky,0.0,6.087345053436404,0.0,2.00791295471658,-2.11108061915575,2.859645467477449,434.9324813610031,4,877.8649627220061,True,605,128.63960671424866
mixed,13,roving_ramp50,mixed,0.3577158185117134,4.274531129151371,5.208459001219627,0.0,1.513732814921568,2.887861207311962,417.7709174045673,4,843.5418348091346,True,245,50.250266790390015
mixed,13,roving_ramp50,mixed_leaky,0.3576205057813285,4.273592889285855,5.205155861702675,0.005,1.5056126588352112,2.88834940913198,417.771863486896,5,845.5437269737919,True,540,77.67767119407654
mixed,15,roving_ramp,level,0.0,0.01,0.0,0.0,30.0,15.0,332.4055701090464,3,670.8111402180928,True,8,1.7767374515533447
mixed,15,roving_ramp,transient,1.0,0.0,6.551097051735761,0.0,2.196474584318307,2.1814493190605613,212.6165044081224,3,431.2330088162448,True,192,26.103785514831543
mixed,15,roving_ramp,leaky,0.0,0.01,0.0,4.999999999999999,30.0,15.0,332.4055701090464,4,672.8111402180928,True,10,2.1680006980896
mixed,15,roving_ramp,mixed,0.5181013327913639,2.2826473323975964,5.369176110491298,0.0,2.531787844160436,2.262735220625188,207.8009426602998,4,423.6018853205996,True,210,22.12703347206116
mixed,15,roving_ramp,mixed_leaky,0.515340355373796,2.3685357710270254,5.509942764706009,1.3001072272562415,0.5047810533841863,2.548894061248123,207.56075653200955,5,425.1215130640191,True,312,43.50567579269409
mixed,14,ramp,level,0.0,4.379295838034756,0.0,0.0,1.019231433576838,2.818833795859093,518.4931050839799,3,1042.9862101679598,True,112,22.188881635665894
mixed,14,ramp,transient,1.0,0.0,5.141272896117501,0.0,1.1080381199619806,2.149211311624812,564.3496393609863,3,1134.6992787219726,True,84,15.379897832870483
mixed,14,ramp,leaky,0.0,4.385035768176418,0.0,0.3397253492550953,0.4854942764368754,2.852329405251019,518.4804429755116,4,1044.960885951023,True,95,23.710516929626465
mixed,14,ramp,mixed,0.0247592861266823,4.338698129285938,0.2409880879901468,0.0,1.0249484479835616,2.826059176929971,518.4741100379396,4,1044.9482200758791,True,225,24.31124687194824
mixed,14,ramp,mixed_leaky,0.0279603848833894,4.331324946945825,0.2725773680432345,0.270286498417726,0.6055731141232662,2.848647739599912,518.4625540426949,5,1046.92510808539,True,84,20.17685484886169
mixed,15,roving_ramp50,level,0.0,0.01,0.0,0.0,30.0,15.0,407.4750292126334,3,820.9500584252668,True,8,1.6590042114257812
mixed,15,roving_ramp50,transient,1.0,0.0,5.936046414644021,0.0,1.5678757861321106,2.5348846233410964,277.2838861602785,3,560.567772320557,True,72,13.283328771591188
mixed,15,roving_ramp50,leaky,0.0,0.01,0.0,4.999999999999999,30.0,15.0,407.4750292126334,4,822.9500584252668,True,10,2.0244994163513184
mixed,15,roving_ramp50,mixed,0.5227661841697236,2.0904140979277286,5.009777635263477,0.0,2.1450944985613534,2.427857541666145,268.899808258905,4,545.79961651781,True,280,27.07812786102295
mixed,15,roving_ramp50,mixed_leaky,0.5227230221515239,2.090435183311561,5.00896151169087,0.005,2.138505068650612,2.4279880638860227,268.90069535812546,5,547.8013907162509,True,462,53.30907988548279
mixed,15,roving_mixed,level,0.0,0.01,0.0,0.0,30.0,15.0,266.6966049271608,3,539.3932098543215,True,8,1.6695127487182615
mixed,15,roving_mixed,transient,1.0,0.0,5.865090513750606,0.0,1.7177843042795378,2.859527752851153,161.84183746699657,3,329.68367493399313,True,108,16.68161654472351
mixed,15,roving_mixed,leaky,0.0,0.01,0.0,4.999999999999999,30.0,15.0,266.6966049271608,4,541.3932098543215,True,10,2.0787506103515625
mixed,15,roving_mixed,mixed,0.5647638053933727,1.7122329115223425,4.860875953873222,0.0,2.0455463482735508,2.7783579507077896,158.5582923347645,4,325.116584669529,True,235,23.035529613494877
mixed,15,roving_mixed,mixed_leaky,0.5646706486484274,1.712682319440996,4.860309492650447,0.005,2.038137765114426,2.778959461133603,158.55870637517856,5,327.1174127503571,True,498,61.320902824401855
mixed,15,ramp,level,0.0,0.01,0.0,0.0,30.0,15.0,303.9815740721962,3,613.9631481443924,True,8,1.5721867084503174
mixed,15,ramp,transient,1.0,0.0,5.363098376857244,0.0,1.3439757383738369,2.738692860158361,238.86599592394185,3,483.7319918478837,True,88,15.684413194656372
mixed,15,ramp,leaky,0.0,0.01,0.0,4.999999999999999,30.0,15.0,303.9815740721962,4,615.9631481443924,True,10,1.8550684452056885
mixed,15,ramp,mixed,0.5545512978027552,1.6665300583593683,4.539071518882631,0.0,1.7605888583697198,2.7056417118277283,232.0353099355824,4,472.0706198711648,True,205,18.67345213890076
mixed,15,ramp,mixed_leaky,0.556907304349801,1.7613850527435782,4.8434238533538645,1.2279903093854685,-1.4651407430930892,3.813764499026053,231.64385078471983,5,473.2877015694397,True,606,64.69392824172974
mixed,12,roving_ramp,level,0.0,5.92219033213995,0.0,0.0,3.069463228581053,1.4552584850370485,205.6653859152792,3,417.3307718305584,True,148,16.95765233039856
mixed,12,roving_ramp,transient,1.0,0.0,12.4153939929239,0.0,2.2138500525189517,2.505092834124748,172.58377873174814,3,351.1675574634963,True,120,19.06271076202393
mixed,12,roving_ramp,leaky,0.0,6.0695560434354805,0.0,4.476229560441918,-3.5224594695282736,2.08922299670822,205.3460917841396,4,418.6921835682792,True,715,177.28326296806335
mixed,12,roving_ramp,mixed,0.919876791662738,0.4768523624911845,11.977470658443062,0.0,2.2202389948068,2.5012962371615552,172.47679700741597,4,352.95359401483194,True,340,38.90847110748291
mixed,12,roving_ramp,mixed_leaky,0.9199740129038936,0.476146995316257,11.975548515080844,0.005,2.212949951049425,2.501979729073457,172.47869756744657,5,354.9573951348931,True,360,135.492338180542
mixed,14,roving_ramp,level,0.0,6.600540578645374,0.0,0.0,1.833415609851236,1.9075062342870293,432.9312450369431,3,871.8624900738862,True,168,24.89210081100464
mixed,14,roving_ramp,transient,1.0,0.0,8.034935528286802,0.0,1.8815587793290065,1.7503651319978677,444.61086359125807,3,895.2217271825161,True,72,19.68261933326721
mixed,14,roving_ramp,leaky,0.0,6.496384985856369,0.0,0.5638199588006947,1.183016501204208,1.94924848862388,432.8957298540197,4,873.7914597080394,True,195,38.48520302772522
mixed,14,roving_ramp,mixed,0.275476106915096,5.354784552080742,4.454337018751071,0.0,1.9721947353394529,1.935740749217807,426.5021606149382,4,861.0043212298764,True,265,50.53357291221619
mixed,14,roving_ramp,mixed_leaky,0.2724564275719962,5.670901168625961,4.64622218971279,2.2094282646646266,-4.465288838153707,3.741280600912281,425.582065919328,5,861.1641318386561,True,936,164.86219429969788
mixed,14,roving_mixed,level,0.0,4.993873998589064,0.0,0.0,0.9401088372041888,3.040226839401755,407.5592151731191,3,821.1184303462383,True,80,15.972160339355469
mixed,14,roving_mixed,transient,1.0,0.0,5.774185816799653,0.0,0.8773267041942236,3.0914625324090834,408.4407218672474,3,822.8814437344948,True,108,20.28696370124817
mixed,14,roving_mixed,leaky,0.0,5.218387881771537,0.0,0.7857081476946242,-0.9952888796480592,3.7695507731672886,407.3120591540814,4,822.6241183081628,True,450,77.4908676147461
mixed,14,roving_mixed,mixed,0.3404998552764327,3.705550686447768,4.185666681167368,0.0,0.9968360009548284,3.347912649757451,398.8280503092132,4,805.6561006184263,False,370,56.51579141616821
mixed,14,roving_mixed,mixed_leaky,0.3404488982363817,3.7053322947677834,4.18447031196382,0.005,0.9870938775333464,3.350979852103719,398.8291198705176,5,807.6582397410352,True,540,65.23169875144958
mixed,14,roving_ramp50,level,0.0,5.077198996769724,0.0,0.0,1.553815228344323,1.9818534348015933,503.2012645871039,3,1012.4025291742078,True,140,20.314129114151
mixed,14,roving_ramp50,transient,1.0,0.0,7.357798873163325,0.0,1.7491591784041949,1.7478487977113324,511.0897317346389,3,1028.1794634692778,False,192,26.82680106163025
mixed,14,roving_ramp50,leaky,0.0,5.076074329823799,0.0,0.005,1.54864020085325,1.9816070749516896,503.2014898479612,4,1014.4029796959225,True,615,81.10112738609314
mixed,14,roving_ramp50,mixed,0.3272933197710563,4.002267829769758,4.260174566367343,0.0,1.720407347494632,1.984974515062428,495.3701924700047,4,998.7403849400092,True,260,45.98235249519348
mixed,14,roving_ramp50,mixed_leaky,0.3273212537139211,4.001459097438337,4.259854133740046,0.005,1.7149374392200056,1.9850522584595964,495.3705344179336,5,1000.7410688358672,True,564,103.43026375770567
mixed,16,roving_ramp50,level,0.0,1.995303340548207,0.0,0.0,0.7019971875384003,3.0584076722617377,515.2053002173534,3,1036.4106004347068,True,76,12.551829099655151
mixed,16,roving_ramp50,transient,1.0,0.0,1.854101381611437,0.0,0.658902574664455,2.7210949129924504,530.0322793090434,3,1066.0645586180867,True,84,13.953458547592165
mixed,16,roving_ramp50,leaky,0.0,1.9952125670980183,0.0,0.005,0.6942604262255182,3.0577267790678726,515.2084461826017,4,1038.4168923652037,True,370,80.60916924476624
mixed,16,roving_ramp50,mixed,0.073838082824588,1.9457583026704224,0.3393846777790238,0.0,0.7185808792334907,3.0542223286805856,515.1112051318831,4,1038.2224102637665,True,280,30.29922342300415
mixed,16,roving_ramp50,mixed_leaky,0.0737389868027677,1.9456069153104287,0.3388665716244714,0.005,0.7108061787011574,3.0535964394983592,515.1144884663736,5,1040.2289769327472,True,438,54.13909888267517
mixed,16,roving_ramp,level,0.0,2.605101306241933,0.0,0.0,1.2918993654365152,2.187492912466117,461.45376850535735,3,928.9075370107148,True,76,18.35637378692627
mixed,16,roving_ramp,transient,1.0,0.0,2.297705999509552,0.0,1.2254638934836166,1.9871792325410669,474.7359545865646,3,955.4719091731292,True,96,19.96575117111206
mixed,16,roving_ramp,leaky,0.0,2.605143091123607,0.0,0.005,1.2870210845100425,2.186279950414635,461.4542367577024,4,930.9084735154048,True,445,64.87718152999878
mixed,16,roving_ramp,mixed,0.0814939381096466,2.478440913490645,0.4810959427683106,0.0,1.289275137987406,2.2104949443273703,461.26617180287656,4,930.5323436057532,True,170,39.95905780792236
mixed,16,roving_ramp,mixed_leaky,0.0814804399213438,2.478245037386188,0.4809711728675881,0.005,1.2834527456256226,2.2104025583278277,461.266729680773,5,932.533459361546,False,378,104.94975638389587
mixed,16,roving_mixed,level,0.0,3.048104925932299,0.0,0.0,1.6511271758582686,1.818311903506056,432.527109013537,3,871.054218027074,True,124,22.084868907928467
mixed,16,roving_mixed,transient,1.0,0.0,1.9958539147650791,0.0,1.409010436481024,1.840557362650999,440.1199743223257,3,886.2399486446515,True,128,25.83893060684204
mixed,16,roving_mixed,leaky,0.0,3.018746105102894,0.0,0.5225704967777811,1.109713838429391,1.8325526270683876,432.5202239120515,4,873.040447824103,False,375,59.561196088790894
mixed,16,roving_mixed,mixed,0.056470756821754,2.937867515820198,0.3846894684280351,0.0,1.6580885918696666,1.8230273364993963,432.45803707782767,4,872.9160741556553,True,305,35.30137920379639
mixed,16,roving_mixed,mixed_leaky,0.0545310791456582,2.919191601101251,0.368357300921227,0.3124756154742807,1.33670005346425,1.8297220206392797,432.456055995022,5,874.912111990044,True,300,51.95343565940857
mixed,16,ramp,level,0.0,2.0070141262119314,0.0,0.0,1.123811276611518,2.2980637757736546,462.77441395114994,3,931.5488279023,True,208,31.096025705337524
mixed,16,ramp,transient,1.0,0.0,1.3628982818483677,0.0,0.9143042351769928,2.2626796405023666,475.2360406095512,3,956.4720812191024,True,116,21.66991591453552
mixed,16,ramp,leaky,0.0,2.0098541739207065,0.0,0.0059998318791183,1.1199608294548984,2.2936284052003666,462.77462027535125,4,933.5492405507024,True,25,72.05395984649658
mixed,16,ramp,mixed,0.0022735522048054,2.0058419387508866,0.01,0.0,1.1245439221593254,2.297581941397717,462.78084148022816,4,933.5616829604564,True,270,37.30806589126587
mixed,16,ramp,mixed_leaky,0.0022738921367559,2.0055413952443533,0.01,0.0059979783746084,1.1171636188083025,2.297679978354505,462.7809953079907,5,935.5619906159814,True,162,38.91110277175903
mixed,17,roving_ramp50,level,0.0,4.743360717431979,0.0,0.0,1.0637217347474424,2.685261447889097,525.9439122252963,3,1057.8878244505927,True,84,14.6143536567688
mixed,17,roving_ramp50,transient,1.0,0.0,6.953961478263274,0.0,0.9136358150492055,2.853306482654037,531.2573015496614,3,1068.5146030993228,True,128,18.864059925079346
mixed,17,roving_ramp50,leaky,0.0,4.742327889642677,0.0,0.0059985927761347,1.05496982953477,2.685729016523604,525.9451740398675,4,1059.890348079735,True,55,26.158868074417114
mixed,17,roving_ramp50,mixed,0.3853349980488417,3.41325306964235,4.681427540166255,0.0,1.0386786366420055,3.1235228354214595,512.6524930054699,4,1033.3049860109395,True,190,36.590376138687134
mixed,17,roving_ramp50,mixed_leaky,0.3853292373385291,3.4126888485175813,4.680539844197822,0.005,1.0301629591368664,3.1243647380573143,512.6547823505508,5,1035.3095647011016,True,624,101.78618121147156
mixed,17,roving_ramp,level,0.0,4.247542805400311,0.0,0.0,1.144345207271787,2.518430830018229,429.5945974034013,3,865.1891948068027,True,92,27.46582674980164
mixed,17,roving_ramp,transient,1.0,0.0,5.619161569750045,0.0,1.0151275578595544,2.6914295200623286,426.2462365742986,3,858.4924731485972,True,112,17.624244689941406
mixed,17,roving_ramp,leaky,0.0,4.247853409469115,0.0,0.005,1.1380680276612998,2.5176946685145776,429.5962023910146,4,867.1924047820293,True,355,83.19320273399353
mixed,17,roving_ramp,mixed,0.4054402207773641,2.768739780598205,4.130696531565094,0.0,1.094750417786179,2.8835002617115264,419.11142480148953,4,846.2228496029791,True,200,39.23461174964905
mixed,17,roving_ramp,mixed_leaky,0.4054595104450809,2.768220883788146,4.130252876891564,0.005,1.0870878687695826,2.883644987015676,419.1141199025661,5,848.2282398051323,True,516,80.24897694587708
mixed,18,roving_ramp,level,0.0,4.887302221927949,0.0,0.0,1.9299612615183095,2.049499657595922,221.2934854231854,3,448.5869708463708,True,136,20.499878406524655
mixed,18,roving_ramp,transient,1.0,0.0,13.051067588801384,0.0,1.761554227231889,3.339837267928122,182.68627864353755,3,371.3725572870751,True,96,15.34950041770935
mixed,18,roving_ramp,leaky,0.0,5.604604692927247,0.0,2.629572802242428,-2.1057341682830204,2.4359329430614856,220.7983353214105,4,449.596670642821,True,520,107.22016763687134
mixed,18,roving_ramp,mixed,0.8106982201870405,1.2831252059881206,12.02218495841866,0.0,1.781881531607876,3.415667811566184,181.5306274987316,4,371.0612549974632,True,230,39.37883496284485
mixed,18,roving_ramp,mixed_leaky,0.8125998591059168,1.2802049154996555,12.14496217142661,0.3572898136774781,1.0753613057404008,3.5296563085923705,181.43202628651883,5,372.86405257303767,True,330,41.06759476661682
mixed,17,ramp,level,0.0,2.867579323819423,0.0,0.0,0.5788529107783847,3.8019975677662017,458.94336789698025,3,923.8867357939604,True,136,20.072396516799927
mixed,17,ramp,transient,1.0,0.0,6.588209554135587,0.0,0.6643999405377876,3.694317370252492,459.0427165855615,3,924.085433171123,True,72,18.45108389854431
mixed,17,ramp,leaky,0.0,3.3385968955810106,0.0,0.8355765451632382,-3.6069998185869694,6.606390010060785,457.6062708223985,4,923.212541644797,True,630,111.1565079689026
mixed,17,ramp,mixed,0.503669787849,2.071654817027288,4.599413223434181,0.0,0.7807828744115338,3.760809840558355,449.8965321041749,4,907.7930642083498,True,255,39.4174370765686
mixed,17,ramp,mixed_leaky,0.503171029341304,2.0587380303492404,4.561625729924217,0.1289345798156137,0.5055823363907265,3.813022645035407,449.89306295540126,5,909.7861259108024,True,360,43.72196102142334
mixed,19,roving_mixed,level,0.0,0.01,0.0,0.0,30.0,15.0,116.53351904635072,3,239.06703809270147,True,8,1.83222770690918
mixed,19,roving_mixed,transient,1.0,0.0,8.906608615273067,0.0,2.2727498104107378,2.638428611252931,88.66224638636922,3,183.32449277273844,True,104,11.66995882987976
mixed,19,roving_mixed,leaky,0.0,0.01,0.0,4.999999999999999,30.0,15.0,116.53351904635072,4,241.06703809270147,True,10,2.14812445640564
mixed,19,roving_mixed,mixed,0.6152304582372256,1.9760112414919613,6.912519973830238,0.0,2.325006317289767,2.634196509644889,88.26602310410001,4,184.53204620820003,True,270,28.23842215538025
mixed,19,roving_mixed,mixed_leaky,0.6069951058984792,2.0229374778018823,6.835645589089932,0.3779192308735699,1.7400406694998052,2.6946980550129647,88.26155613347659,5,186.5231122669532,True,300,37.77327013015747
mixed,19,ramp,level,0.0,0.01,0.0,0.0,30.0,15.0,163.1361469949271,3,332.2722939898542,True,8,1.6512861251831057
mixed,19,ramp,transient,1.0,0.0,4.8976076951392535,0.0,0.8675912833172711,4.422007944364312,141.44923545837776,3,288.8984709167555,True,104,10.14266800880432
mixed,19,ramp,leaky,0.0,0.01,0.0,4.999999999999999,30.0,15.0,163.1361469949271,4,334.2722939898542,True,10,1.9452948570251465
mixed,19,ramp,mixed,0.6056156839249458,1.1396558701021835,3.8287856753750535,0.0,1.1252135674194104,3.989647406795104,138.9723265597021,4,285.9446531194042,True,265,23.447035312652588
mixed,19,ramp,mixed_leaky,0.6053315730314609,1.1393827318504548,3.8233179992600888,0.005,1.1135730843023917,3.9923430060512337,138.9741575147234,5,287.9483150294468,True,444,54.69061303138733
mixed,17,roving_mixed,level,0.0,2.37485736871199,0.0,0.0,0.5328397708203505,3.809381184972188,362.16732472870586,3,730.3346494574117,True,124,21.05180621147156
mixed,17,roving_mixed,transient,1.0,0.0,5.416867144161054,0.0,0.6772413546248528,3.879539114049904,352.6614586032759,3,711.3229172065518,True,164,27.296506643295288
mixed,17,roving_mixed,leaky,0.0,2.747186003234213,0.0,0.7511846540669259,-2.368544786005333,5.470514760749811,361.7141813698751,4,731.4283627397502,True,530,105.9132912158966
mixed,17,roving_mixed,mixed,0.6056780194876489,1.4824811432436604,4.981840868159694,0.0,0.7721497945696827,3.8185393888287833,351.328956866204,4,710.657913732408,True,220,42.01681590080261
mixed,17,roving_mixed,mixed_leaky,0.6047191107605961,1.6381337288856064,5.482858964655407,0.7452346748911542,-2.043150492983035,5.41773551549609,350.54777401523387,5,711.0955480304677,True,534,75.45886707305908
mixed,20,roving_ramp50,level,0.0,0.01,0.0,0.0,30.0,15.0,398.0709501414768,3,802.1419002829537,True,8,1.7110185623168943
mixed,20,roving_ramp50,transient,1.0,0.0,9.455563530359088,0.0,1.7512508711075103,3.9281660102660263,195.0009018644737,3,396.0018037289473,True,76,13.678786277770996
mixed,20,roving_ramp50,leaky,0.0,0.01,0.0,4.999999999999999,30.0,15.0,398.0709501414768,4,804.1419002829537,True,10,2.0780022144317627
mixed,20,roving_ramp50,mixed,0.8722981088445033,0.6115903942752554,9.13982971013889,0.0,1.8777672726232637,3.888023658769229,194.4627403534766,4,396.9254807069532,True,185,17.93805980682373
mixed,20,roving_ramp50,mixed_leaky,0.8205683127215926,0.970322652781246,9.708264897727949,0.7178369042282052,-0.3206285926134631,4.973270998344253,192.85579110780668,5,395.71158221561336,True,450,58.19199347496033
mixed,20,ramp,level,0.0,0.01,0.0,0.0,30.0,15.0,266.4615117981877,3,538.9230235963754,True,8,1.6458332538604736
mixed,20,ramp,transient,1.0,0.0,8.566527708698777,0.0,1.597832867150047,3.3034795252113667,196.84148884390171,3,399.6829776878035,True,116,16.57017993927002
mixed,20,ramp,leaky,0.0,0.01,0.0,4.999999999999999,30.0,15.0,266.4615117981877,4,540.9230235963754,True,10,1.9830710887908936
mixed,20,ramp,mixed,0.9057869365867685,0.3951431455343809,8.311496505230185,0.0,1.6925431405592557,3.2487040184424707,196.51512485690716,4,401.0302497138143,True,170,15.994136333465576
mixed,20,ramp,mixed_leaky,0.9056330706794916,0.3957700592855525,8.30969783887841,0.005,1.683836804412541,3.249262213297377,196.51837497737137,5,403.03674995474273,True,342,55.100075244903564
mixed,18,roving_ramp50,level,0.0,5.713470805771636,0.0,0.0,2.788377656126141,1.595566627570786,219.14451018719765,3,444.2890203743953,True,148,26.962260961532596
mixed,18,roving_ramp50,transient,1.0,0.0,10.43937725136984,0.0,2.140246449841789,2.1651904285360795,208.85119555166116,3,423.7023911033223,True,64,14.588053703308104
mixed,18,roving_ramp50,leaky,0.0,6.4991032590142,0.0,4.408860886976587,-2.4320846210718847,1.8894609840974457,218.5657949028688,4,445.1315898057375,True,510,123.69029402732848
mixed,18,roving_ramp50,mixed,0.5532674526316352,3.183783767119939,8.626625368981086,0.0,2.482981256207037,2.137046523576469,201.77814623444937,4,411.55629246889873,True,200,44.3411750793457
mixed,18,roving_ramp50,mixed_leaky,0.5532034286145985,3.1844422525720035,8.626174820256214,0.005,2.477534480524346,2.136893615444058,201.7790332702297,5,413.5580665404594,True,462,63.92244815826416
mixed,18,roving_mixed,level,0.0,5.939585219325241,0.0,0.0,1.7739044350888662,2.200155842967608,300.6494247219849,3,607.2988494439697,True,100,23.0545027256012
mixed,18,roving_mixed,transient,1.0,0.0,11.148591309595805,0.0,1.6470007284504802,2.7990824872563755,266.9176881744421,3,539.8353763488842,True,108,17.89323401451111
mixed,18,roving_mixed,leaky,0.0,5.9384466703650185,0.0,0.005,1.768319341866487,2.1996026323980096,300.6503109562395,4,609.300621912479,True,355,78.59936213493347
mixed,18,roving_mixed,mixed,0.7393744927751059,1.6043982774046444,9.957941714256146,0.0,1.6350352652001858,2.9594404345920693,265.6881667686266,4,539.3763335372532,True,205,44.02179932594299
mixed,18,roving_mixed,mixed_leaky,0.739448499339239,1.6035729087472772,9.956642413679493,0.005,1.6270440025067456,2.9595990649792383,265.6896558226676,5,541.3793116453352,True,486,97.8935408592224
mixed,20,roving_mixed,level,0.0,0.01,0.0,0.0,30.0,15.0,294.9257595122046,3,595.8515190244092,True,8,1.7733120918273926
mixed,20,roving_mixed,transient,1.0,0.0,8.67784881086368,0.0,1.8120946017937225,3.339086235263083,164.50785453817588,3,335.0157090763517,True,132,19.412641525268555
mixed,20,roving_mixed,leaky,0.0,0.01,0.0,4.999999999999999,30.0,15.0,294.9257595122046,4,597.8515190244092,True,10,2.1836934089660645
mixed,20,roving_mixed,mixed,0.8369307977071927,0.7351665770104255,8.254926364482122,0.0,1.9111074668703576,3.378870218844687,163.87701466401992,4,335.75402932803985,True,200,20.01646065711975
mixed,20,roving_mixed,mixed_leaky,0.8369861295652251,0.7349705686353353,8.25607247734259,0.005,1.9027220985147264,3.379434576258361,163.88498576238365,5,337.7699715247673,True,258,63.96777081489563
mixed,18,ramp,level,0.0,4.702379185495286,0.0,0.0,3.2561539645969058,1.405182500344689,203.97038333565465,3,413.9407666713093,True,196,20.27823781967163
mixed,18,ramp,transient,1.0,0.0,12.321437293076468,0.0,3.385874369705373,1.4179390607058246,200.908315839143,3,407.816631678286,True,176,31.472264528274536
mixed,18,ramp,leaky,0.0,2.914931407315136,0.0,1.3547283743051963,-5.0,5.8561968502902655,203.15009544416225,4,414.3001908883245,True,725,91.87245893478394
mixed,18,ramp,mixed,0.5848456559056068,2.856527236151132,8.803997234576384,0.0,3.450492108826961,1.481329704749376,196.6296823819899,4,401.2593647639798,True,300,63.55186295509338
mixed,18,ramp,mixed_leaky,0.5969400898813343,1.9735899527144591,6.394813967873066,1.5390992208723218,-4.673962392459262,5.287612374559398,195.8471638484412,5,401.6943276968824,True,648,92.30648136138916
mixed,20,roving_ramp,level,0.0,5.213148071394536,0.0,0.0,3.982156123848085,1.2425150758815422,320.5961139571915,3,647.192227914383,True,140,26.161148071289062
mixed,20,roving_ramp,transient,1.0,0.0,9.196458776759052,0.0,1.5731079612603855,4.1583193089129935,210.3298623716036,3,426.6597247432072,True,104,20.3891716003418
mixed,20,roving_ramp,leaky,0.0,5.050427450717697,0.0,0.9737667070218388,3.2422122111472063,1.235434815677679,320.5886025364333,4,649.1772050728666,True,390,64.97361302375793
mixed,20,roving_ramp,mixed,0.9976253126769866,0.01,9.191171558301168,0.0,1.5738667150124277,4.159674852838766,210.3414476778517,4,428.6828953557034,True,135,43.17735409736633
mixed,20,roving_ramp,mixed_leaky,0.9976274815526712,0.01,9.199593815010775,0.0302519567998647,1.5077882794569333,4.173529276622409,210.3394729643776,5,430.6789459287551,True,342,93.16068077087402
mixed,21,roving_ramp,level,0.0,3.87634914881896,0.0,0.0,1.214084209048061,2.932116201907504,334.7874024802131,3,675.5748049604261,True,116,18.03081727027893
mixed,21,roving_ramp,transient,1.0,0.0,4.239054010468304,0.0,1.0620010661428654,2.668584185128797,355.87594155657325,3,717.7518831131465,True,60,12.95722222328186
mixed,21,roving_ramp,leaky,0.0,4.6690933115707525,0.0,0.99280449988777,-5.0,7.63869124291495,333.5649785039721,4,675.1299570079442,True,645,113.69272994995116
mixed,21,roving_ramp,mixed,0.2306289816608005,3.390819799601653,2.2237840733102177,0.0,1.2504404211601343,3.108922743863594,330.4180554062531,4,668.8361108125061,True,220,40.01890754699707
mixed,21,roving_ramp,mixed_leaky,0.230693150875289,3.38979947414898,2.2239189538401587,0.0059995756539305,1.2400605416525896,3.110393525706256,330.4179633938751,5,670.8359267877502,True,60,55.180419921875
mixed,19,roving_ramp50,level,0.0,5.776228553824917,0.0,0.0,3.2920684353326237,1.5559019102185594,270.1692592862645,3,546.338518572529,True,164,26.94171142578125
mixed,19,roving_ramp50,transient,1.0,0.0,7.60414487056679,0.0,1.4737650109065,3.0411993964784374,236.863249322862,3,479.726498645724,True,68,14.661455392837524
mixed,19,roving_ramp50,leaky,0.0,5.834432168745445,0.0,3.358178702951616,-5.0,3.114409327518642,268.8722807665767,4,545.7445615331534,True,620,145.7846155166626
mixed,19,roving_ramp50,mixed,0.503721554357938,3.137084262253454,6.966283618411905,0.0,2.1464015849948352,3.200852829227224,222.894750724706,4,453.789501449412,True,240,43.48171782493591
mixed,19,roving_ramp50,mixed_leaky,0.5004829212221802,3.1752879331562487,6.960362839891538,0.3605708284990624,1.479982522859716,3.292075400541683,222.76800909890773,5,455.5360181978155,True,900,105.81854915618896
mixed,19,roving_ramp,level,0.0,5.096932971076979,0.0,0.0,2.701249392921809,1.6673216620886089,285.5628345520607,3,577.1256691041214,True,128,22.87247109413147
mixed,19,roving_ramp,transient,1.0,0.0,9.050043488789957,0.0,1.51304800690251,3.34939274747418,236.5496024502337,3,479.0992049004673,False,184,26.585713148117065
mixed,19,roving_ramp,leaky,0.0,5.458143466451771,0.0,3.301221065059452,-5.0,3.0545559520549976,284.55781158507006,4,577.1156231701401,True,650,128.66172671318054
mixed,19,roving_ramp,mixed,0.6471920371293854,2.0395363466961958,8.18532791175017,0.0,1.771791610604579,3.438896554703757,230.78920970779444,4,469.5784194155889,True,230,44.82282662391663
mixed,19,roving_ramp,mixed_leaky,0.6470880759452918,2.0398349940007066,8.18280023641176,0.005,1.762467891573751,3.4395235267812088,230.79189581399672,5,471.58379162799343,True,870,134.04650211334229
mixed,21,ramp,level,0.0,3.5504050831932017,0.0,0.0,0.9969710951050994,3.431960551497046,447.93553248777,3,901.87106497554,True,80,13.207228183746338
mixed,21,ramp,transient,1.0,0.0,3.7679882299697702,0.0,0.7073453665377778,2.935179894179344,504.5091584116788,3,1015.0183168233576,True,116,16.464797258377075
mixed,21,ramp,leaky,0.0,3.5502066380306947,0.0,0.005,0.9882182268612564,3.431571310198964,447.9368519644359,4,903.8737039288718,True,510,92.17320680618286
mixed,21,ramp,mixed,0.0012861198236649,3.549358009113363,0.01,0.0,0.99700394439045,3.43353931372077,447.9372319723726,4,903.8744639447452,True,290,32.43684363365173
mixed,21,ramp,mixed_leaky,0.0012857313817781,3.5504317130168688,0.01,0.005,0.9887947570533137,3.432311827240112,447.93856124300765,5,905.8771224860152,True,564,79.61828994750977
mixed,23,roving_ramp,level,0.0,3.006899284940071,0.0,0.0,0.4944060652769153,3.6544515278461818,511.48995256805387,3,1028.9799051361078,True,72,20.033499002456665
mixed,23,roving_ramp,transient,1.0,0.0,3.6488825802326,0.0,0.4468181595863861,3.772640075669397,514.7346681184042,3,1035.4693362368084,True,152,22.22933268547058
mixed,23,roving_ramp,leaky,0.0,3.04187137144996,0.0,0.3373394364279869,-0.2210249630002076,3.754206873652032,511.4435643425225,4,1030.887128685045,True,265,61.833760499954224
mixed,23,roving_ramp,mixed,0.3201489491217116,2.5010826425447217,2.5767732068129376,0.0,0.5679884522420426,3.8051779469017992,508.136238506442,4,1024.272477012884,True,260,26.321808338165283
mixed,23,roving_ramp,mixed_leaky,0.319803197734314,2.501174578231156,2.5727765484640504,0.005,0.5581251051878678,3.804491647155177,508.1388990152385,5,1026.277798030477,True,486,60.5044014453888
mixed,22,roving_mixed,level,0.0,5.375683458347458,0.0,0.0,2.328231381939588,2.070924841312032,326.34213000099345,3,658.6842600019869,True,120,19.625337600708008
mixed,22,roving_mixed,transient,1.0,0.0,4.945609012010548,0.0,1.316942821653161,2.3754016295644,360.10896422348264,3,726.2179284469653,True,64,11.503885507583618
mixed,22,roving_mixed,leaky,0.0,6.084870945124962,0.0,2.349606345099964,-5.0,4.051633371280217,324.90833628484216,4,657.8166725696843,True,595,109.71778917312622
mixed,22,roving_mixed,mixed,0.2623676161133757,4.260718442201652,3.315606150866494,0.0,1.9518487445470387,2.666501441967463,316.7199945664165,4,641.439989132833,True,265,45.99836587905884
mixed,22,roving_mixed,mixed_leaky,0.2623789242567126,4.258146957229989,3.313798691763332,0.0059996142890783,1.9421604816159947,2.6671112700048742,316.71999163595274,5,643.4399832719055,True,162,54.111408710479736
mixed,22,roving_ramp50,level,0.0,5.096331209736926,0.0,0.0,2.300402650361368,2.090261027878016,453.8969198524854,3,913.7938397049708,True,72,22.554415464401245
mixed,22,roving_ramp50,transient,1.0,0.0,5.009769055972738,0.0,1.2884290462679615,2.2487882982380345,488.08069819931046,3,982.1613963986208,True,128,18.24037480354309
mixed,22,roving_ramp50,leaky,0.0,5.095816761086693,0.0,0.005,2.294767304108848,2.090167950832686,453.89761123156734,4,915.7952224631348,True,380,92.17623138427734
mixed,22,roving_ramp50,mixed,0.3089063117211285,4.126518970957141,4.035371737094081,0.0,1.923507770820155,3.008971095658945,429.2695924845916,4,866.5391849691832,True,255,51.82290768623352
mixed,22,roving_ramp50,mixed_leaky,0.3089450033528948,4.1254410108888,4.035048806637705,0.005,1.9153101631809308,3.0089063749583733,429.2757021873426,5,868.5514043746851,True,414,72.4215145111084
mixed,21,roving_mixed,level,0.0,3.184428752497996,0.0,0.0,1.2172429671420468,2.579534560187488,332.4162564451924,3,670.8325128903848,True,88,17.060905694961548
mixed,21,roving_mixed,transient,1.0,0.0,3.6424723664365706,0.0,1.1352399842652212,2.489514221772454,337.4415154956179,3,680.8830309912358,True,96,18.438984632492065
mixed,21,roving_mixed,leaky,0.0,3.495105606767934,0.0,1.369373155375795,-3.503509822417535,4.564037255882964,331.75609927680006,4,671.5121985536001,True,710,135.8004846572876
mixed,21,roving_mixed,mixed,0.2764540185845641,2.5080632598913386,2.09654942090056,0.0,1.2167506845859095,2.703520021802697,329.4956751638558,4,666.9913503277116,True,235,45.74112057685852
mixed,21,roving_mixed,mixed_leaky,0.2678262739894548,2.7345925031979266,2.1884745700418926,1.2151210608533316,-2.369649992702445,4.120043064376584,329.04407851421934,5,668.0881570284387,True,864,124.33478498458862
mixed,23,roving_ramp50,level,0.0,3.940424498875909,0.0,0.0,0.7535972629292266,3.098799845860967,468.276410559157,3,942.552821118314,True,88,17.997891664505005
mixed,23,roving_ramp50,transient,1.0,0.0,3.050199868540234,0.0,0.8067262179394171,2.614858756466265,479.9130092282128,3,965.8260184564256,True,108,17.70324444770813
mixed,23,roving_ramp50,leaky,0.0,3.9137453189604994,0.0,0.1887290964908446,0.4029311189111895,3.1880073538492253,468.2760939028043,4,944.5521878056086,True,275,49.390387773513794
mixed,23,roving_ramp50,mixed,0.0910819735788376,3.7024060771687735,0.8117113378270846,0.0,0.7773354792783734,3.1055287924354853,467.9670947949344,4,943.9341895898688,True,280,42.756797313690186
mixed,23,roving_ramp50,mixed_leaky,0.0915557601155977,3.675530835342828,0.8104333681045816,0.1538026556956617,0.491730534706372,3.1809346082198693,467.961254496638,5,945.922508993276,True,282,52.32548999786377
mixed,21,roving_ramp50,level,0.0,3.129742343377731,0.0,0.0,0.8155775576915799,3.725013013539343,411.11243410123495,3,828.2248682024699,True,124,22.57087206840515
mixed,21,roving_ramp50,transient,1.0,0.0,3.5980728495886782,0.0,0.7096130418600252,3.1498235926326825,437.115200876245,3,880.2304017524901,True,72,12.933795928955078
mixed,21,roving_ramp50,leaky,0.0,3.7794598673657394,0.0,0.8825452305164906,-3.193182741320707,6.173203904439781,409.5456033029087,4,827.0912066058174,True,780,155.65472793579102
mixed,21,roving_ramp50,mixed,0.2568621693846598,2.8344497141892564,2.143430364923106,0.0,0.8449530232135525,4.100986073581194,407.08466464202655,4,822.1693292840531,True,200,38.35894346237183
mixed,21,roving_ramp50,mixed_leaky,0.2229882798294831,3.2712068211749985,2.0538670011064406,0.650697797269983,-1.459546993452567,5.325315228103561,406.1896913896573,5,822.3793827793146,True,510,135.6883087158203
mixed,22,roving_ramp,level,0.0,5.344841751290606,0.0,0.0,2.758369200929988,1.755699327594075,348.9970806400057,3,703.9941612800114,True,132,28.421846628189087
mixed,22,roving_ramp,transient,1.0,0.0,5.0041792911991205,0.0,1.3347140915035631,2.45760122158641,367.13697201969217,3,740.2739440393843,True,136,22.15988802909851
mixed,22,roving_ramp,leaky,0.0,5.870186138222553,0.0,2.8513307525321347,-4.896413811386183,3.4670313569959186,347.86740364782344,4,703.7348072956469,True,620,130.4218635559082
mixed,22,roving_ramp,mixed,0.2973574671491721,3.638226605022667,3.368557813080865,0.0,1.9889618663352389,2.593687478218168,332.0703922199784,4,672.1407844399567,True,245,49.50606870651245
mixed,22,roving_ramp,mixed_leaky,0.297364907229314,3.638403742479737,3.3688417802851465,0.005,1.9819845128490807,2.5942026980167454,332.0709519502362,5,674.1419039004724,True,522,82.23549509048462
mixed,24,ramp,level,0.0,0.01,0.0,0.0,30.0,15.0,313.4304050079988,3,632.8608100159975,True,8,1.6483612060546875
mixed,24,ramp,transient,1.0,0.0,3.929721791683052,0.0,0.5928294621840007,4.542223261862603,255.33135087012928,3,516.6627017402585,True,116,30.69038724899292
mixed,24,ramp,leaky,0.0,0.01,0.0,4.999999999999999,30.0,15.0,313.4304050079988,4,634.8608100159975,True,10,1.982006549835205
mixed,24,ramp,mixed,0.5930558669063789,0.9366399770686308,2.9863681936541404,0.0,0.7942713393868568,4.062714175110468,251.6103987422692,4,511.2207974845384,True,140,12.552205324172974
mixed,24,ramp,mixed_leaky,0.5426836884829482,1.2186298417007009,3.163819739842051,0.7904548681136445,-1.9907142395064283,5.272087490798555,250.88285723212647,5,511.76571446425294,True,522,53.03858828544617
mixed,22,ramp,level,0.0,4.438684504303335,0.0,0.0,1.70304804569692,2.7766213806774864,420.2585601654666,3,846.5171203309333,True,84,16.199353218078613
mixed,22,ramp,transient,1.0,0.0,4.394628954739502,0.0,0.9807006162976912,2.5350859902605056,483.01600434584685,3,972.0320086916936,True,128,18.701355457305908
mixed,22,ramp,leaky,0.0,5.4989251741604175,0.0,1.6774960234381908,-4.484507595447894,4.976491381575435,417.78324266357015,4,843.5664853271403,True,705,158.45939779281616
mixed,22,ramp,mixed,0.1865217477034008,4.155685348398215,2.084663837319358,0.0,1.702801480858436,2.9990349716940594,417.2854645901277,4,842.5709291802555,True,260,41.65239262580872
mixed,22,ramp,mixed_leaky,0.1510639198664328,5.017220784952275,1.9532544268282288,1.3744253498761445,-2.518519910272905,4.442972127824795,415.89490339797976,5,841.7898067959595,True,804,105.59900140762328
mixed,24,roving_ramp,level,0.0,5.263855842937932,0.0,0.0,3.71992997680037,1.214841888537138,363.08869620143776,3,732.1773924028755,True,156,31.239988327026367
mixed,24,roving_ramp,transient,1.0,0.0,6.373045495870525,0.0,1.7591567045640475,2.136901759385031,326.8978599914802,3,659.7957199829603,True,116,18.87971782684326
mixed,24,roving_ramp,leaky,0.0,5.268301015758723,0.0,0.0059999749737325,3.71954801649868,1.2140452214837298,363.0888506268146,4,734.1777012536293,True,80,38.91271471977234
mixed,24,roving_ramp,mixed,0.7026132839880599,1.0959115850591483,5.664742274706584,0.0,1.8538853933765345,2.176182635929116,324.99177369123885,4,657.9835473824777,True,215,39.56868386268616
mixed,24,roving_ramp,mixed_leaky,0.7025757995791085,1.095939281674966,5.663869308202879,0.0059291220811705,1.8467115884103444,2.1764644598597798,324.9921572169906,5,659.9843144339812,True,306,55.8542070388794
mixed,23,ramp,level,0.0,3.907734264351897,0.0,0.0,0.514529519160378,3.393195888370544,722.4931326543348,3,1450.9862653086695,True,108,19.51125907897949
mixed,23,ramp,transient,1.0,0.0,5.1889782276442045,0.0,0.5339427004668006,3.013521756287231,742.8764073524148,3,1491.7528147048297,True,104,13.81616759300232
mixed,23,ramp,leaky,0.0,3.907459848492118,0.0,0.005,0.505591202783798,3.394001606682169,722.4943900806621,4,1452.9887801613245,True,430,81.5587375164032
mixed,23,ramp,mixed,0.2822824670589532,3.38672260737078,2.9142031411242084,0.0,0.6191450407272961,3.44297410510532,716.9904827101554,4,1441.980965420311,True,185,32.799644947052
mixed,23,ramp,mixed_leaky,0.2821132372265024,3.387055075564235,2.9120553409158374,0.0050041393068369,0.6100166514111964,3.443631574325825,716.9915415643477,5,1443.9830831286954,True,198,84.32696294784546
mixed,25,roving_ramp,level,0.0,4.504838023386113,0.0,0.0,1.0999641200627504,3.32395493726039,334.7746289624045,3,675.549257924809,True,64,13.959218978881836
mixed,25,roving_ramp,transient,1.0,0.0,3.096518961206534,0.0,0.8613887538729329,2.8515146339650803,371.6919227181902,3,749.3838454363804,True,120,16.455576181411743
mixed,25,roving_ramp,leaky,0.0,4.504444329108789,0.0,0.005,1.0912935771144128,3.3242543080401723,334.77713798836777,4,677.5542759767355,True,340,85.60800647735596
mixed,25,roving_ramp,mixed,0.0531088006562991,4.376223055900071,0.5370017612698352,0.0,1.1041727897936215,3.3783719910359618,334.54437356925274,4,677.0887471385055,True,275,29.543211221694943
mixed,25,roving_ramp,mixed_leaky,0.0531194064672911,4.375256144015791,0.536996342629073,0.0059972278423183,1.093458973200167,3.378587549319605,334.54866354342875,5,679.0973270868575,True,90,48.12143659591675
mixed,25,roving_ramp50,level,0.0,5.663722657754105,0.0,0.0,1.5012122442499785,3.527486022362226,368.6481042762573,3,743.2962085525145,False,184,26.428227424621586
mixed,25,roving_ramp50,transient,1.0,0.0,2.286745772815679,0.0,0.894398388620408,2.4974049618944303,440.3023195673356,3,886.6046391346712,True,124,24.89501929283142
mixed,25,roving_ramp50,leaky,0.0,5.841433552211411,0.0,0.4805469904901359,0.50603739960464,3.6896780144563888,368.6189596769127,4,745.2379193538253,True,265,55.81394338607788
mixed,25,roving_ramp50,mixed,0.0053293713870947,5.6504577682358335,0.0662354012679386,0.0,1.499228101933545,3.5416779067556434,368.6444148608091,4,745.2888297216182,True,320,42.92489099502564
mixed,25,roving_ramp50,mixed_leaky,0.0015629528193007,5.839751150404857,0.0199999711094519,0.4806388510365419,0.5062160962629607,3.691107173477719,368.6226045146285,5,747.2452090292569,True,210,37.91137194633484
mixed,26,ramp,level,0.0,4.579684906797023,0.0,0.0,1.5809599739955082,2.768161215233963,625.6504714965231,3,1257.3009429930462,True,132,21.36532998085022
mixed,26,ramp,transient,1.0,0.0,4.384509634447399,0.0,1.0102020932640954,2.172465744089803,720.7799661242263,3,1447.5599322484527,True,68,12.728256940841677
mixed,26,ramp,leaky,0.0,4.589998199356016,0.0,0.3773269739414689,0.9803987732286472,2.831667814847727,625.5716248600951,4,1259.1432497201902,True,95,29.222877502441406
mixed,26,ramp,mixed,0.0858527353623125,4.507924411382597,0.9262419453625604,0.0,1.6314597937297668,2.802288210182617,625.0049474800478,4,1258.0098949600956,True,250,23.969598293304443
mixed,26,ramp,mixed_leaky,0.0831791800502917,4.510006704701909,0.8951940806110829,0.2715767540315891,1.2027439874191463,2.83837280871356,624.9773956768004,5,1259.9547913536007,True,270,34.799673080444336
mixed,25,ramp,level,0.0,4.1795919816054585,0.0,0.0,0.8612244755794609,3.942223208037401,549.7122520702264,3,1105.4245041404529,True,120,22.86750149726868
mixed,25,ramp,transient,1.0,0.0,4.549594913394751,0.0,0.7268771795310798,2.813504925220571,625.5689062232797,3,1257.137812446559,True,56,13.55660605430603
mixed,25,ramp,leaky,0.0,4.178073041634767,0.0,0.005,0.8510268582638038,3.941316723259277,549.717007975991,4,1107.434015951982,True,415,75.01130294799805
mixed,25,ramp,mixed,0.1008572975277402,4.085808746881877,1.002689768597674,0.0,0.9113808622699991,3.995676490365813,549.040490050166,4,1106.080980100332,True,275,25.99789309501648
mixed,25,ramp,mixed_leaky,0.1006383685571897,4.08561112378965,1.0002213162264917,0.005,0.9009955594583704,3.995253714060464,549.0481440112111,5,1108.0962880224222,True,540,63.98497676849365
mixed,25,roving_mixed,level,0.0,2.928412413388636,0.0,0.0,0.8093792114584635,3.3866495609526224,369.2550460371544,3,744.5100920743089,True,104,17.741259574890137
mixed,25,roving_mixed,transient,1.0,0.0,2.948139857719182,0.0,0.5543279843094385,3.7248854749340112,378.7216978935977,3,763.4433957871953,True,116,21.517295122146606
mixed,25,roving_mixed,leaky,0.0,3.123645887624157,0.0,0.7225264869512695,-1.0608467831528052,4.052908153743693,369.1563040183836,4,746.3126080367672,True,690,87.36350774765015
mixed,25,roving_mixed,mixed,0.2460561949433036,2.49767659963442,1.783369677388964,0.0,0.7638214158154795,3.8003711057023946,366.7329636501054,4,741.4659273002108,True,205,36.76417136192322
mixed,25,roving_mixed,mixed_leaky,0.2460007581637258,2.496481272448447,1.7819835693106882,0.005,0.7535138470008286,3.801326674875943,366.7352021744555,5,743.470404348911,True,468,57.86028337478638
mixed,23,roving_mixed,level,0.0,5.98737784076585,0.0,0.0,0.9348627666947528,2.8953082238859715,484.0690027060095,3,974.138005412019,True,120,25.753835916519165
mixed,23,roving_mixed,transient,1.0,0.0,3.544716496911126,0.0,0.9034963412280363,2.478591177046363,499.9401418543775,3,1005.880283708755,False,180,30.629355430603027
mixed,23,roving_mixed,leaky,0.0,6.917843544991347,0.0,1.407244459084875,-2.73496655246111,3.832591076074262,483.5564582181406,4,975.1129164362812,False,845,159.94955587387085
mixed,23,roving_mixed,mixed,0.0997908122526123,5.682475179921317,1.3781437197959687,0.0,1.009016326807769,2.851228699404273,483.28840834933465,4,974.5768166986692,True,345,64.13810205459595
mixed,23,roving_mixed,mixed_leaky,0.107151702383963,6.4771155463623655,1.7006419646601276,1.418912059831618,-2.836726733327656,3.92697402390367,482.59259005431744,5,975.1851801086348,False,1074,124.7827570438385
mixed,24,roving_mixed,level,0.0,15.22813752773763,0.0,0.0,9.969356117634325,0.8065982615001871,316.35712629295205,3,638.7142525859041,True,184,39.38505172729492
mixed,24,roving_mixed,transient,1.0,0.0,4.804950033558419,0.0,1.1921048813629822,2.7145542954602786,299.58492687155376,3,605.1698537431075,True,76,15.359461307525637
mixed,24,roving_mixed,leaky,0.0,15.223110967141135,0.0,0.005,9.9650716867074,0.8064832872533724,316.3575501372941,4,640.7151002745882,True,350,83.23997950553894
mixed,24,roving_mixed,mixed,0.8831983631643372,0.2792335716542671,4.619413129312915,0.0,1.1918422713191168,2.7562149458449725,299.4906743620404,4,606.9813487240808,True,205,63.43052315711975
mixed,24,roving_mixed,mixed_leaky,0.8833670463730151,0.2788268468864703,4.620238068139459,0.005,1.1847463557541416,2.7560377552783386,299.49192889586163,5,608.9838577917233,True,582,108.32842016220091
mixed,26,roving_ramp50,level,0.0,4.0440911774973465,0.0,0.0,1.5682287566311333,2.5189026179704523,555.7422482944042,3,1117.4844965888085,True,120,20.359920740127563
mixed,26,roving_ramp50,transient,1.0,0.0,2.369956977120298,0.0,1.131384650615539,1.9420703774309664,639.1687902560684,3,1284.3375805121368,True,84,13.779701709747314
mixed,26,roving_ramp50,leaky,0.0,4.175857524728641,0.0,1.0528274533676785,-0.2432796212181515,2.814988901369354,555.5787678913119,4,1119.157535782624,True,440,64.79777264595032
mixed,26,roving_ramp50,mixed,0.0011296979089776,4.041447390855106,0.01,0.0,1.568068030819445,2.519567556360876,555.7443330173583,4,1119.4886660347163,True,275,29.08895254135132
mixed,26,roving_ramp50,mixed_leaky,0.0010944949910339,4.171581970522782,0.01,1.048927404539742,-0.2370872580531608,2.815231190595075,555.5826976522462,5,1121.1653953044924,False,768,92.31508207321168
mixed,26,roving_ramp,level,0.0,4.111323385578556,0.0,0.0,1.5263087392878392,2.646747775412305,455.7607549703614,3,917.5215099407228,True,104,18.250980854034424
mixed,26,roving_ramp,transient,1.0,0.0,2.828310335931166,0.0,1.1488507284438652,2.1613773855841907,503.87140668280335,3,1013.7428133656068,True,128,24.304197311401367
mixed,26,roving_ramp,leaky,0.0,4.495438355724575,0.0,1.276814997585617,-1.0758997173481526,3.211863179159061,455.0390205198268,4,918.0780410396536,True,400,137.80369091033936
mixed,26,roving_ramp,mixed,0.1337125304224814,3.731098095978405,1.2599595099938066,0.0,1.4645351867331202,2.8475855505138736,451.47119475005456,4,910.9423895001092,True,230,42.11136388778687
mixed,26,roving_ramp,mixed_leaky,0.1269081353499578,3.93867394153077,1.252533636922288,0.862713844579634,-0.1056747367997113,3.091075157418901,451.1706600608117,5,912.3413201216234,True,516,62.597904443740845
mixed,26,roving_mixed,level,0.0,3.7208744591007927,0.0,0.0,1.1298672605092617,3.134362736361829,383.3292612292397,3,772.6585224584794,True,144,19.36515045166016
mixed,26,roving_mixed,transient,1.0,0.0,3.127590120930668,0.0,0.8888054839129512,2.704392875706929,426.4022180445986,3,858.8044360891972,True,64,12.654752016067505
mixed,26,roving_mixed,leaky,0.0,4.4508025277129954,0.0,1.233890786549198,-3.2336959968879944,4.91488058039168,381.79283478354006,4,771.5856695670801,True,555,153.58072090148926
mixed,26,roving_mixed,mixed,0.159422322274948,3.433552779123967,1.4247046847446696,0.0,1.1004837317691392,3.4129871586054046,380.3834076785663,4,768.7668153571326,True,185,39.44865965843201
mixed,26,roving_mixed,mixed_leaky,0.1592835709062074,3.43285924678807,1.4229423081033694,0.005998219929791,1.089112192662184,3.414325452887892,380.3845898104647,5,770.7691796209293,True,96,36.600093841552734
mixed,24,roving_ramp50,level,0.0,2.403066704673454,0.0,0.0,1.8379847838838728,1.8992668045231609,260.1892038033736,3,526.3784076067471,True,148,41.344751596450806
mixed,24,roving_ramp50,transient,1.0,0.0,5.575333439549529,0.0,0.8290423147779074,4.2580178860316575,239.764474606092,3,485.52894921218393,True,84,15.018643856048584
mixed,24,roving_ramp50,leaky,0.0,2.0803378346186827,0.0,1.4193817921890457,-4.902659341361733,5.410995141711596,259.25740948510645,4,526.5148189702129,True,670,128.8081820011139
mixed,24,roving_ramp50,mixed,0.8742551928079099,0.3478492548519304,5.291137955934322,0.0,0.9003632252328938,4.044808836548495,239.51859472775416,4,487.0371894555083,True,215,43.99075150489807
mixed,24,roving_ramp50,mixed_leaky,0.8091681401529852,0.5691893489037979,5.280250213788561,0.7759809758594985,-3.9859613463728736,8.004985322942986,239.0168898516156,5,488.0337797032312,True,1254,188.35767221450809
mixed,27,roving_ramp,level,0.0,4.741036024896488,0.0,0.0,1.655398347014764,2.080396014826101,298.4063052385206,3,602.8126104770412,True,140,24.79105424880981
mixed,27,roving_ramp,transient,1.0,0.0,10.46714401940123,0.0,1.640787894371741,2.7776839284936408,269.6500953038093,3,545.3001906076186,True,120,20.927209854125977
mixed,27,roving_ramp,leaky,0.0,4.741818811006449,0.0,0.005,1.650363441183601,2.0800205530040534,298.4068323677118,4,604.8136647354236,True,405,71.24661588668823
mixed,27,roving_ramp,mixed,0.7265689482543383,1.615899559931662,9.394057397391215,0.0,1.6307680944357947,2.915085156152857,268.42522733634024,4,544.8504546726805,True,245,46.41936206817627
mixed,27,roving_ramp,mixed_leaky,0.7265712574914599,1.6155320150672474,9.39202983922344,0.005,1.6227554353044094,2.915425744021632,268.42609382612096,5,546.8521876522419,True,288,85.39142918586731
mixed,27,roving_mixed,level,0.0,6.833510041133656,0.0,0.0,1.9762511407615613,1.9588808949363803,264.1671944145358,3,534.3343888290716,True,84,20.842299699783325
mixed,27,roving_mixed,transient,1.0,0.0,11.79735950397745,0.0,1.786270241298243,2.610227190206856,240.42673637161303,3,486.8534727432261,True,132,19.8242027759552
mixed,27,roving_mixed,leaky,0.0,6.832309119014963,0.0,0.0059998014350123,1.969505187247604,1.959130835137911,264.1672369790633,4,536.3344739581266,True,155,49.35224676132202
mixed,27,roving_mixed,mixed,0.7521616924453157,1.6084176371939918,10.679513018845816,0.0,1.7828666761222354,2.6833101841488776,239.71805749334823,4,487.4361149866965,True,275,33.606122970581055
mixed,27,roving_mixed,mixed_leaky,0.744859817554098,1.7635408650723765,11.26395893908122,1.1477268116559736,-3.70751390381287,5.963127425619113,238.570654219106,5,487.141308438212,True,756,116.04982042312622
mixed_leaky,0,roving_ramp,level,0.0,0.01,0.0,0.0,30.0,15.0,398.1269524749498,3,802.2539049498996,True,8,1.6912181377410889
mixed_leaky,0,roving_ramp,transient,1.0,0.0,3.4416025033279,0.0,1.1893422119649073,2.7834674559098054,277.20503396219044,3,560.4100679243809,True,64,7.0274834632873535
mixed_leaky,0,roving_ramp,leaky,0.0,0.01,0.0,4.999999999999999,30.0,15.0,398.1269524749498,4,804.2539049498996,True,10,2.0666756629943848
mixed_leaky,0,roving_ramp,mixed,0.509546630595473,1.1978238266399004,2.722632383098912,0.0,1.3262931988736382,3.0266397303006007,270.94448324581094,4,549.8889664916219,True,245,23.40662956237793
mixed_leaky,0,roving_ramp,mixed_leaky,0.5042760590710391,1.255772083533229,2.79478965604619,0.7213365476348392,-0.2404476595558377,3.494385652364467,270.5463005108341,5,551.0926010216682,True,342,39.07812023162842
mixed,27,ramp,level,0.0,3.651169657365996,0.0,0.0,1.435346208149578,2.1614179113261787,352.65749364604835,3,711.3149872920967,True,184,24.68984055519104
mixed,27,ramp,transient,1.0,0.0,10.721024536729589,0.0,1.828760857757652,2.17474961394972,334.3880634348779,3,674.7761268697558,True,128,20.480305910110477
mixed,27,ramp,leaky,0.0,3.899726098539501,0.0,1.876753469320709,-2.069408770531905,2.792569760490069,352.4321828288193,4,712.8643656576387,True,715,86.62887907028198
mixed,27,ramp,mixed,0.7080047620126871,1.6971512563055149,9.00307372022036,0.0,1.832292550904166,2.245624748586381,331.67575502396664,4,671.3515100479333,True,250,37.29269862174988
mixed,27,ramp,mixed_leaky,0.7079991672591679,1.6968761681333835,9.001370826175155,0.005,1.825950089174004,2.2459028753058803,331.67633260154093,5,673.3526652030819,True,504,68.24999213218689
mixed,27,roving_ramp50,level,0.0,2.91574944246266,0.0,0.0,1.2138522482340894,2.5239099824268467,267.68180808894067,3,541.3636161778813,True,112,19.348015069961548
mixed,27,roving_ramp50,transient,1.0,0.0,10.432083261961832,0.0,1.604503591417932,2.645238967278776,248.59579214255425,3,503.1915842851084,True,92,16.38808250427246
mixed,27,roving_ramp50,leaky,0.0,3.145558345923509,0.0,1.4243033533286928,-3.29794063765862,4.252972359688138,267.27516364587706,4,542.5503272917541,True,595,128.61947464942932
mixed,27,roving_ramp50,mixed,0.7647901598288747,1.3477828304142956,9.587747114474888,0.0,1.6771022033955978,2.659998851782879,247.245235633959,4,502.490471267918,True,215,44.63194227218628
mixed,27,roving_ramp50,mixed_leaky,0.7571231708141078,1.443942339688273,9.847821102174994,1.1120430752248154,-1.21191516170454,3.738372845655313,247.05323965844545,5,504.1064793168909,True,672,80.98837733268738
mixed,28,roving_ramp,level,0.0,4.145142909459918,0.0,0.0,1.7590081327016207,2.398554445583412,300.3212882843713,3,606.6425765687426,True,100,18.95585942268372
mixed,28,roving_ramp,transient,1.0,0.0,5.716315755348824,0.0,0.9860161962105516,3.451841721813936,301.1748570212924,3,608.3497140425848,True,128,19.0045268535614
mixed,28,roving_ramp,leaky,0.0,4.632194859190886,0.0,1.5817489240010874,-5.0,5.343688534354142,298.28049447242626,4,604.5609889448525,True,565,108.6278805732727
mixed,28,roving_ramp,mixed,0.4062746434915681,3.050992105190032,4.567568310759796,0.0,1.5453096765391734,3.4126907251742424,278.24154230575755,4,564.4830846115151,True,215,39.60596895217896
mixed,28,roving_ramp,mixed_leaky,0.3934211576544195,3.29099878962886,4.669904755409943,0.7075070112440277,-0.4524804185678677,4.335583152734721,278.1203314528477,5,566.2406629056954,True,654,78.65810751914978
mixed,28,roving_mixed,level,0.0,3.636068261946832,0.0,0.0,1.4405509388752205,2.7028710611766136,206.00183169489597,3,418.0036633897919,True,124,13.448728322982788
mixed,28,roving_mixed,transient,1.0,0.0,5.345776617549711,0.0,0.6015415947305547,6.063840433552805,193.4626563826692,3,392.92531276533833,True,116,19.81852650642395
mixed,28,roving_mixed,leaky,0.0,3.1953342764880395,0.0,0.5321134468963704,-5.0,12.853041049379556,204.67799500252104,4,417.355990005042,True,670,119.46864771842957
mixed,28,roving_mixed,mixed,0.6552473102718571,1.1416425122558709,4.74720036858078,0.0,0.6965816087671765,5.990751761714818,191.74046488101447,4,391.48092976202895,True,235,38.00377917289734
mixed,28,roving_mixed,mixed_leaky,0.6350816625140183,1.2382485839256647,4.7146729506017575,0.147503927317322,0.0335140880932078,7.0605349397039205,191.65352444801837,5,393.3070488960367,True,222,55.94624376296997
mixed,28,roving_ramp50,level,0.0,3.465223543376868,0.0,0.0,1.497069004501424,2.8289153237599045,266.6753542766876,3,539.3507085533752,True,124,20.987070322036743
mixed,28,roving_ramp50,transient,1.0,0.0,5.59854582655792,0.0,0.7736724697930343,4.447997268625447,272.3612993487721,3,550.7225986975443,True,72,13.27108907699585
mixed,28,roving_ramp50,leaky,0.0,3.8918723516985274,0.0,1.2696512455760285,-1.2971072828798005,3.466448676884128,266.2670108630093,4,540.5340217260186,True,485,93.23922157287598
mixed,28,roving_ramp50,mixed,0.4299413793784869,2.40427589496921,3.967198001777516,0.0,1.2024982388525591,4.127519744801541,253.0034325524005,4,514.006865104801,True,315,45.965054512023926
mixed,28,roving_ramp50,mixed_leaky,0.4297059093967299,2.4055878066943466,3.9655507750267303,0.005,1.192009735690854,4.127752278260618,253.00896970681947,5,516.0179394136389,True,360,117.59248280525208
mixed_leaky,0,roving_ramp50,level,0.0,0.01,0.0,0.0,30.0,15.0,369.9090483586957,3,745.8180967173914,True,8,1.6418402194976809
mixed_leaky,0,roving_ramp50,transient,1.0,0.0,4.224382337529159,0.0,0.7752540305351036,4.685590346669063,248.836859824204,3,503.673719648408,True,72,7.522086143493652
mixed_leaky,0,roving_ramp50,leaky,0.0,0.01,0.0,4.999999999999999,30.0,15.0,369.9090483586957,4,747.8180967173914,True,10,1.9818542003631592
mixed_leaky,0,roving_ramp50,mixed,0.9897213742799577,0.0199965001181465,4.212517652260824,0.0,0.7798350915799644,4.681525792835624,248.8394336281735,4,505.678867256347,True,100,9.447940349578856
mixed_leaky,0,roving_ramp50,mixed_leaky,0.9948370971522892,0.01,4.215682210742782,0.005,0.7653473637025476,4.682769185222761,248.8493000431851,5,507.6986000863702,False,474,72.94102811813354
mixed_leaky,0,ramp,level,0.0,0.01,0.0,0.0,30.0,15.0,322.81815006525505,3,651.6363001305101,True,8,1.5748569965362549
mixed_leaky,0,ramp,transient,1.0,0.0,3.494752539921649,0.0,0.6348313590747281,4.530968821646701,256.13933111480503,3,518.2786622296101,True,96,19.20345449447632
mixed_leaky,0,ramp,leaky,0.0,0.01,0.0,4.999999999999999,30.0,15.0,322.81815006525505,4,653.6363001305101,True,10,1.9570999145507808
mixed_leaky,0,ramp,mixed,0.7033550562091793,0.5931571576025059,3.076927655570077,0.0,0.8667599419929123,3.993386430427568,254.5772380435577,4,517.1544760871154,True,250,21.74799847602844
mixed_leaky,0,ramp,mixed_leaky,0.703129236158162,0.593317661324358,3.074431697091529,0.005,0.8559320903960471,3.9946674983892754,254.5811515853008,5,519.1623031706016,True,462,48.40338611602783
mixed_leaky,0,roving_mixed,level,0.0,0.01,0.0,0.0,30.0,15.0,285.50017954518165,3,577.0003590903633,True,8,1.7994201183319092
mixed_leaky,0,roving_mixed,transient,1.0,0.0,4.509885218618114,0.0,1.7684791093678704,2.245010952807957,202.93995557453297,3,411.879911149066,True,80,16.4517982006073
mixed_leaky,0,roving_mixed,leaky,0.0,0.01,0.0,4.999999999999999,30.0,15.0,285.50017954518165,4,579.0003590903633,True,10,2.163826942443848
mixed_leaky,0,roving_mixed,mixed,0.6261253213921932,1.0663718122022607,3.9070927230913104,0.0,1.987027424890988,2.247827142767312,201.6003567583797,4,411.2007135167593,True,300,32.02913761138916
mixed_leaky,0,roving_mixed,mixed_leaky,0.6258367073916024,1.0674308641629302,3.906154852629421,0.005,1.981182624249922,2.2480775194064977,201.60154614545849,5,413.20309229091697,True,372,56.23630356788635
mixed,29,ramp,level,0.0,1.7845177887930996,0.0,0.0,0.9090198692203832,2.7934121401472423,340.0819863470976,3,686.1639726941952,True,128,20.507874011993408
mixed,29,ramp,transient,1.0,0.0,4.899325837765383,0.0,0.9952964776248592,2.81505377012982,339.13165306126217,3,684.2633061225243,True,96,15.257755517959597
mixed,29,ramp,leaky,0.0,1.784124820091142,0.0,0.0059993692827365,0.9001178192561493,2.7936008184391845,340.0822724264714,4,688.1645448529428,True,75,40.035080671310425
mixed,29,ramp,mixed,0.5739257359374447,1.2184126349598103,3.590662926637102,0.0,1.0790121564575847,2.797447312935342,335.58432107691345,4,679.1686421538269,True,275,44.95778226852417
mixed,29,ramp,mixed_leaky,0.5739033109006804,1.2182563566459594,3.5898731527978924,0.005,1.0711853395177189,2.798508618463308,335.58486871193264,5,681.1697374238653,True,690,105.24795126914978
mixed,29,roving_ramp,level,0.0,14.022442558367574,0.0,0.0,7.962934558541524,0.8758076355694262,322.5528107728756,3,651.1056215457512,True,216,49.012019872665405
mixed,29,roving_ramp,transient,1.0,0.0,5.546308256151839,0.0,1.320786591870384,2.4501382373002625,313.1982097126454,3,632.3964194252908,True,112,18.408690452575684
mixed,29,roving_ramp,leaky,0.0,14.030759784856672,0.0,0.005,7.966465948722362,0.8754349489796055,322.55331881289527,4,653.1066376257905,True,270,62.39356517791748
mixed,29,roving_ramp,mixed,0.6721767692006609,1.131719563336389,5.076827913429253,0.0,1.5725713018589391,2.2433347724377564,311.8879946653209,4,631.7759893306418,True,195,28.542614698410038
mixed,29,roving_ramp,mixed_leaky,0.6867368824280329,1.074793876521332,5.154851239172819,1.460809408985314,-2.3089601801270323,3.5889394866651085,311.6928796807317,5,633.3857593614634,True,1176,127.86431765556335
mixed,28,ramp,level,0.0,3.1430258137913,0.0,0.0,1.1058717583090245,4.280322411348052,232.03804251673117,3,470.0760850334623,True,144,26.524173736572266
mixed,28,ramp,transient,1.0,0.0,4.311180193594607,0.0,0.4700379358529682,5.816038250049476,254.8321641747052,3,515.6643283494104,True,144,21.75167179107666
mixed,28,ramp,leaky,0.0,3.928813922557045,0.0,0.6337447502528367,-5.0,11.78383673384383,229.68674199006983,4,467.3734839801397,True,665,151.06444454193115
mixed,28,ramp,mixed,0.2453427029396409,2.9554724203765144,2.102132696348032,0.0,1.1409092015569728,4.8773296714448735,230.32495481596897,4,468.64990963193793,False,325,50.69591689109802
mixed,28,ramp,mixed_leaky,0.1115826133911766,3.769539161024422,1.035804004045399,0.6184274545446294,-4.43263876306484,11.189979260202112,229.34624675496264,5,468.69249350992527,True,726,82.25681161880493
mixed,29,roving_ramp50,level,0.0,1.578061594919705,0.0,0.0,0.7144808137444296,3.3190575805147216,305.2014949705321,3,616.4029899410642,True,120,19.569425344467163
mixed,29,roving_ramp50,transient,1.0,0.0,4.774999703755358,0.0,1.019173028078594,2.999840161479049,293.89547473123264,3,593.7909494624653,True,104,22.524535179138184
mixed,29,roving_ramp50,leaky,0.0,1.7584014886617658,0.0,0.948058787480426,-2.1115824882554084,4.391374104780764,304.97617291572703,4,617.9523458314541,True,645,127.367027759552
mixed,29,roving_ramp50,mixed,0.8626960794585837,0.3283764297403831,4.513949637912159,0.0,1.0349147624868624,3.0038366686918154,293.75932617375906,4,595.5186523475181,True,205,46.83306455612183
mixed,29,roving_ramp50,mixed_leaky,0.8706127458014895,0.3231581062683918,4.757276842756053,0.9643056375856188,-1.841482013001438,4.271045281234006,293.5560392203656,5,597.1120784407312,True,318,94.87352418899536
mixed,29,roving_mixed,level,0.0,1.5096370576284062,0.0,0.0,0.1883697692088111,6.902135682971754,283.61342965758195,3,573.2268593151639,True,248,34.139952421188354
mixed,29,roving_mixed,transient,1.0,0.0,5.237421680125543,0.0,0.3788131807811567,7.03331570062488,274.0220922879314,3,554.0441845758628,True,192,29.49057555198669
mixed,29,roving_mixed,leaky,0.0,2.2472706551640558,0.0,0.2867625123810622,-3.13974451939114,14.639637327743152,281.8475606398603,4,571.6951212797206,True,680,146.64538407325745
mixed,29,roving_mixed,mixed,0.6825263356350847,1.0447656697704948,4.914059930817267,0.0,0.4217971392666784,7.530398952763779,272.45491746564244,4,552.9098349312849,True,250,40.10246205329895
mixed,29,roving_mixed,mixed_leaky,0.6341299491236475,1.166510755077783,4.423336690391671,0.1520923383999213,-0.3182233657124502,7.952602978421764,272.31055456845274,5,554.6211091369055,True,294,54.09822535514832
mixed_leaky,3,roving_ramp,level,0.0,0.01,0.0,0.0,30.0,15.0,229.1126233231738,3,464.2252466463476,True,8,1.6851119995117188
mixed_leaky,3,roving_ramp,transient,1.0,0.0,7.231629146138087,0.0,2.0140321281674574,2.987495834122787,135.37459509720085,3,276.7491901944017,True,76,14.40876054763794
mixed_leaky,3,roving_ramp,leaky,0.0,0.01,0.0,4.999999999999999,30.0,15.0,229.1126233231738,4,466.2252466463476,True,10,2.018361091613769
mixed_leaky,3,roving_ramp,mixed,0.5888335539243769,2.057720551673945,6.4471997394346765,0.0,2.450590139244752,3.065266348758529,131.94644789627458,4,271.89289579254915,True,180,17.34081792831421
mixed_leaky,3,roving_ramp,mixed_leaky,0.5888126477206549,2.058050456462912,6.447676609053633,0.005,2.4425895067796635,3.065855443255261,131.94975762011387,5,273.89951524022774,True,384,48.78119087219238
mixed_leaky,4,roving_ramp,level,0.0,0.01,0.0,0.0,30.0,15.0,154.03458052861615,3,314.0691610572323,True,8,1.745741844177246
mixed_leaky,4,roving_ramp,transient,1.0,0.0,0.01,0.0,30.0,15.0,154.03458052861615,3,314.0691610572323,True,8,1.7503983974456787
mixed_leaky,4,roving_ramp,leaky,0.0,0.01,0.0,4.999999999999999,30.0,15.0,154.03458052861615,4,316.0691610572323,True,10,2.104525089263916
mixed_leaky,4,roving_ramp,mixed,0.4775764455742727,0.01,0.02,0.0,30.0,15.0,154.03458052861615,4,316.0691610572323,True,5,1.17513108253479
mixed_leaky,4,roving_ramp,mixed_leaky,0.4775764455742727,0.01,0.02,0.0059999999999999,30.0,15.0,154.03458052861615,5,318.0691610572323,True,6,1.9875590801239011
mixed_leaky,4,roving_ramp50,level,0.0,0.01,0.0,0.0,30.0,15.0,172.77390246938216,3,351.5478049387644,True,8,1.7199475765228271
mixed_leaky,4,roving_ramp50,transient,1.0,0.0,0.01,0.0,30.0,15.0,172.77390246938216,3,351.5478049387644,True,8,1.5985324382781982
mixed_leaky,4,roving_ramp50,leaky,0.0,0.01,0.0,4.999999999999999,30.0,15.0,172.77390246938216,4,353.5478049387644,True,10,2.1118226051330566
mixed_leaky,4,roving_ramp50,mixed,0.4775764455742727,0.01,0.02,0.0,30.0,15.0,172.77390246938216,4,353.5478049387644,True,5,1.1830379962921145
mixed_leaky,4,roving_ramp50,mixed_leaky,0.4775764455742727,0.01,0.02,0.0059999999999999,30.0,15.0,172.77390246938216,5,355.5478049387644,True,6,1.8968584537506104
mixed_leaky,4,roving_mixed,level,0.0,0.01,0.0,0.0,30.0,15.0,116.54235274774364,3,239.0847054954873,True,8,1.8171570301055908
mixed_leaky,4,roving_mixed,transient,1.0,0.0,0.01,0.0,30.0,15.0,116.54235274774364,3,239.0847054954873,True,8,1.776358127593994
mixed_leaky,4,roving_mixed,leaky,0.0,0.01,0.0,4.999999999999999,30.0,15.0,116.54235274774364,4,241.0847054954873,True,10,2.180302619934082
mixed_leaky,4,roving_mixed,mixed,0.4775764455742727,0.01,0.02,0.0,30.0,15.0,116.54235274774364,4,241.0847054954873,True,5,1.2614455223083496
mixed_leaky,4,roving_mixed,mixed_leaky,0.4775764455742727,0.01,0.02,0.0059999999999999,30.0,15.0,116.54235274774364,5,243.0847054954873,True,6,2.0009689331054688
mixed_leaky,4,ramp,level,0.0,0.01,0.0,0.0,30.0,15.0,125.64991946410136,3,257.29983892820275,True,8,1.6326539516448977
mixed_leaky,4,ramp,transient,1.0,0.0,0.01,0.0,30.0,15.0,125.64991946410136,3,257.29983892820275,True,8,1.6463711261749268
mixed_leaky,4,ramp,leaky,0.0,0.01,0.0,4.999999999999999,30.0,15.0,125.64991946410136,4,259.29983892820275,True,10,1.980806589126587
mixed_leaky,4,ramp,mixed,0.4775764455742727,0.01,0.02,0.0,30.0,15.0,125.64991946410136,4,259.29983892820275,True,5,1.1441268920898438
mixed_leaky,4,ramp,mixed_leaky,0.4775764455742727,0.01,0.02,0.0059999999999999,30.0,15.0,125.64991946410136,5,261.29983892820275,True,6,1.819279670715332
mixed_leaky,3,roving_ramp50,level,0.0,0.01,0.0,0.0,30.0,15.0,276.0270975988703,3,558.0541951977406,True,8,1.7047779560089111
mixed_leaky,3,roving_ramp50,transient,1.0,0.0,5.106038875770883,0.0,1.7673391131583145,2.394558751531239,190.66263743618265,3,387.3252748723653,True,80,15.6560959815979
mixed_leaky,3,roving_ramp50,leaky,0.0,0.01,0.0,4.999999999999999,30.0,15.0,276.0270975988703,4,560.0541951977406,True,10,2.083683013916016
mixed_leaky,3,roving_ramp50,mixed,0.3515699619527185,3.4373940377972567,4.077442099814208,0.0,2.697206808938672,2.407892154530663,178.58424763597583,4,365.16849527195166,True,230,22.8500874042511
mixed_leaky,3,roving_ramp50,mixed_leaky,0.3405900098344748,4.085704770893499,4.616929157641884,1.796872060721726,-2.762320428704625,4.219742994362551,176.79103363915866,5,363.5820672783173,True,528,61.85629725456238
mixed_leaky,1,roving_ramp,level,0.0,7.445104301978302,0.0,0.0,3.475175919877753,1.4405803531673396,247.59100382062323,3,501.18200764124646,True,104,22.219903469085693
mixed_leaky,1,roving_ramp,transient,1.0,0.0,6.431062444939258,0.0,1.4817352903307048,2.516069785620776,246.2282515096161,3,498.4565030192322,True,92,16.069854021072388
mixed_leaky,1,roving_ramp,leaky,0.0,7.4443949552725535,0.0,0.005,3.471240733196993,1.440435103750828,247.59127475864236,4,503.1825495172847,True,330,71.8848466873169
mixed_leaky,1,roving_ramp,mixed,0.3606796226334014,3.5982413788407586,4.441229331816551,0.0,1.9713379122683556,2.42946398739622,235.2069444465966,4,478.4138888931932,True,265,47.78600168228149
mixed_leaky,1,roving_ramp,mixed_leaky,0.3509028645189458,4.174689788823189,4.93754739034904,1.6424095390833495,-3.917945846581184,4.700677100273251,234.05863610621475,5,478.1172722124295,True,648,97.09460973739624
mixed_leaky,3,ramp,level,0.0,0.01,0.0,0.0,30.0,15.0,172.52797555563606,3,351.0559511112721,True,8,1.6314334869384766
mixed_leaky,3,ramp,transient,1.0,0.0,6.494899561618797,0.0,0.6966364236346898,7.793780401407425,140.2347106198774,3,286.4694212397548,True,192,17.204225778579712
mixed_leaky,3,ramp,leaky,0.0,0.01,0.0,4.999999999999999,30.0,15.0,172.52797555563606,4,353.0559511112721,True,10,1.9742395877838133
mixed_leaky,3,ramp,mixed,0.8869430994130466,0.3478277483105049,5.969978342869872,0.0,0.7822132322954017,7.158040180059603,139.98997270113298,4,287.979945402266,True,225,19.06797766685486
mixed_leaky,3,ramp,mixed_leaky,0.6993511529900609,1.0738624254968638,5.465051333174326,0.3565792098884333,-3.383876822388963,15.0,139.26791748014446,5,288.5358349602889,True,474,50.06521821022034
mixed_leaky,3,roving_mixed,level,0.0,0.01,0.0,0.0,30.0,15.0,210.40130254917543,3,426.80260509835085,True,8,1.7787044048309326
mixed_leaky,3,roving_mixed,transient,1.0,0.0,6.740315257823923,0.0,2.70166022125824,2.0784891118316264,138.06091329452832,3,282.12182658905664,True,104,19.79023146629333
mixed_leaky,3,roving_mixed,leaky,0.0,0.01,0.0,4.999999999999999,30.0,15.0,210.40130254917543,4,428.80260509835085,True,10,2.156742811203003
mixed_leaky,3,roving_mixed,mixed,0.4556090128637346,2.686387818836778,4.918808741656963,0.0,2.7494019172674102,2.412934058229531,134.2233750225111,4,276.4467500450222,True,275,28.86376023292541
mixed_leaky,3,roving_mixed,mixed_leaky,0.4555800058894988,2.686270238094642,4.918018252398142,0.005,2.7425804092600496,2.413293082980713,134.2235996183743,5,278.44719923674853,True,462,62.030986070632935
mixed_leaky,1,roving_mixed,level,0.0,10.71005039212775,0.0,0.0,5.07696676260722,1.1442450609513424,273.4901200828574,3,552.9802401657148,True,148,29.370930194854736
mixed_leaky,1,roving_mixed,transient,1.0,0.0,7.851542279095581,0.0,1.759637093279026,2.2999107963999093,253.32042523561813,3,512.6408504712363,True,92,20.05781507492065
mixed_leaky,1,roving_mixed,leaky,0.0,10.71621152614832,0.0,0.0059999422259967,5.076689566410119,1.1436619644054038,273.4902047144361,4,554.9804094288722,True,45,52.34829115867615
mixed_leaky,1,roving_mixed,mixed,0.5335906569068578,2.560748274918506,6.40940493137132,0.0,2.03555047064394,2.273746516320429,248.7213031439528,4,505.4426062879056,True,225,50.61962962150574
mixed_leaky,1,roving_mixed,mixed_leaky,0.5335161521830212,2.5608995496126625,6.4078649724341705,0.005,2.0290167648175665,2.274165014278603,248.72206057793028,5,507.44412115586056,True,504,88.27655076980591
mixed_leaky,1,roving_ramp50,level,0.0,3.442012190801811,0.0,0.0,1.7018091791427434,2.0906549722483394,290.87491511511337,3,587.7498302302267,True,128,25.80510187149048
mixed_leaky,1,roving_ramp50,transient,1.0,0.0,6.957839951373432,0.0,1.39928761294554,2.616794580747728,276.9984867127911,3,559.9969734255822,True,128,23.588731050491333
mixed_leaky,1,roving_ramp50,leaky,0.0,3.75960972833064,0.0,2.104637369938625,-3.965372998162994,3.59764780358322,290.0119322564138,4,588.0238645128276,True,560,100.5926206111908
mixed_leaky,1,roving_ramp50,mixed,0.6151506070242871,1.637120605206714,5.725074890412527,0.0,1.5726398453644668,2.558097971243748,273.2341239833964,4,554.4682479667927,True,330,55.50882196426392
mixed_leaky,1,roving_ramp50,mixed_leaky,0.6012892018648445,1.743255939062077,5.751702398830138,1.087516988642906,-0.6420285420412334,3.12876422064852,273.0866049557431,5,556.1732099114862,True,558,79.6346492767334
mixed_leaky,2,roving_mixed,level,0.0,5.070234769960258,0.0,0.0,1.995304970594096,2.062230554980488,166.285115563548,3,338.570231127096,True,128,14.506207942962646
mixed_leaky,2,roving_mixed,transient,1.0,0.0,9.992176038932998,0.0,1.909024685571812,2.541123593091886,155.38585332581323,3,316.77170665162646,True,116,21.923726320266724
mixed_leaky,2,roving_mixed,leaky,0.0,5.068068737041047,0.0,0.005,1.9888817994542909,2.0628282998732823,166.28522888069625,4,340.5704577613925,True,525,76.73346424102783
mixed_leaky,2,roving_mixed,mixed,0.6633862119020641,2.036602099469727,8.781133363375167,0.0,2.009606263141148,2.5381192623434456,154.22593416693684,4,316.4518683338737,True,255,62.68253564834595
mixed_leaky,2,roving_mixed,mixed_leaky,0.6634026029033498,2.0358400611584235,8.77849205602387,0.005,2.002204458472695,2.5386260567776278,154.2264760661433,5,318.45295213228667,True,390,93.1523916721344
mixed_leaky,1,ramp,level,0.0,3.1742158979339883,0.0,0.0,1.6549684180585538,2.0869236463005034,379.9048541402649,3,765.8097082805298,True,192,25.74749970436096
mixed_leaky,1,ramp,transient,1.0,0.0,8.730481297840383,0.0,1.366333993600305,2.663319045129891,369.2010668306013,3,744.4021336612026,True,108,17.36868667602539
mixed_leaky,1,ramp,leaky,0.0,3.511054488324009,0.0,2.1131345133673385,-4.66286813122189,3.895523746169228,378.4747585916048,4,764.9495171832095,True,595,115.4733624458313
mixed_leaky,1,ramp,mixed,0.626373697183447,1.881016711003339,6.899197386200094,0.0,1.6331479722231532,2.584610184064441,360.3296874827519,4,728.6593749655038,False,355,55.41650986671448
mixed_leaky,1,ramp,mixed_leaky,0.6147053461222562,1.9720880612633769,6.883513326362118,0.9633705364309868,-0.0918759908833157,2.9053426500971398,360.23111746224595,5,730.4622349244919,True,588,80.68469715118408
mixed_leaky,2,roving_ramp,level,0.0,5.76515525307021,0.0,0.0,2.302598990686166,1.830538178275644,272.8438436502377,3,551.6876873004754,True,84,17.256829023361206
mixed_leaky,2,roving_ramp,transient,1.0,0.0,11.32089399309971,0.0,1.7377027510395917,3.0732095984890044,227.14254411998596,3,460.2850882399719,True,120,17.646885633468628
mixed_leaky,2,roving_ramp,leaky,0.0,6.463451782378001,0.0,2.976429176958246,-2.2067442953305507,2.3236859958813345,271.9963099939226,4,551.9926199878452,True,455,94.923819065094
mixed_leaky,2,roving_ramp,mixed,0.6673857627815791,2.3305261895564926,10.230572491194383,0.0,1.8889207440756208,3.1965444266626197,222.5725755208497,4,453.1451510416995,True,360,52.422022581100464
mixed_leaky,2,roving_ramp,mixed_leaky,0.66728581813466,2.331479903672624,10.23015242793068,0.005,1.8803744486523009,3.197430878022867,222.57479098302335,5,455.1495819660468,True,318,117.96015763282776
mixed_leaky,2,ramp,level,0.0,3.966455519976241,0.0,0.0,2.5365666339808866,1.6426714784346057,233.59339085121093,3,473.18678170242185,True,244,34.182230949401855
mixed_leaky,2,ramp,transient,1.0,0.0,11.671853530452474,0.0,1.9878111116134565,2.472211722738884,218.79828054125025,3,443.5965610825005,True,136,20.092813730239868
mixed_leaky,2,ramp,leaky,0.0,3.962492329810833,0.0,0.005,2.528898730164754,1.6440146137642897,233.5937906446921,4,475.1875812893842,True,360,76.8258593082428
mixed_leaky,2,ramp,mixed,0.771112258212647,1.3734707000914013,10.123351539136614,0.0,2.0622388533825404,2.4963826880076674,216.5340423277689,4,441.0680846555378,True,255,42.978241205215454
mixed_leaky,2,ramp,mixed_leaky,0.7709336472466349,1.3738240407928612,10.115716703039595,0.005,2.0545190865107643,2.496773294362284,216.537045241667,5,443.074090483334,True,390,82.51620197296143
mixed_leaky,7,roving_ramp50,level,0.0,0.01,0.0,0.0,30.0,15.0,191.51730791360552,3,389.03461582721104,True,8,1.68854022026062
mixed_leaky,7,roving_ramp50,transient,1.0,0.0,0.01,0.0,30.0,15.0,191.51730791360552,3,389.03461582721104,True,8,1.6911869049072266
mixed_leaky,7,roving_ramp50,leaky,0.0,0.01,0.0,4.999999999999999,30.0,15.0,191.51730791360552,4,391.03461582721104,True,10,2.093066692352295
mixed_leaky,7,roving_ramp50,mixed,0.4775764455742727,0.01,0.02,0.0,30.0,15.0,191.51730791360552,4,391.03461582721104,True,5,1.1872930526733398
mixed_leaky,7,roving_ramp50,mixed_leaky,0.4775764455742727,0.01,0.02,0.0059999999999999,30.0,15.0,191.51730791360552,5,393.03461582721104,True,6,1.894782543182373
mixed_leaky,2,roving_ramp50,level,0.0,5.436575910118223,0.0,0.0,2.6001159010620136,1.7094152204029385,221.32360537469884,3,448.6472107493977,True,80,19.775505304336548
mixed_leaky,2,roving_ramp50,transient,1.0,0.0,10.0225047620421,0.0,2.0338479652400747,2.385925415917914,200.57691962643813,3,407.15383925287625,True,100,24.049623489379883
mixed_leaky,2,roving_ramp50,leaky,0.0,5.96764543094364,0.0,3.5619096880558825,-2.722472386244577,2.2414777642561874,221.01430921269971,4,450.0286184253995,True,645,143.81121253967285
mixed_leaky,2,roving_ramp50,mixed,0.5982327573092584,2.6591023206333197,8.662446409940653,0.0,2.206673715476829,2.5413609037083518,195.09871926966636,4,398.1974385393327,True,210,39.59188652038574
mixed_leaky,2,roving_ramp50,mixed_leaky,0.5937290178537021,2.830608276155364,9.050281540340109,1.1836715482872049,0.2471303121616686,2.802889500609059,194.83028686517608,5,399.66057373035216,True,462,74.73444938659668
mixed_leaky,7,roving_mixed,level,0.0,0.01,0.0,0.0,30.0,15.0,154.05924822310246,3,314.1184964462049,True,8,1.7681028842926023
mixed_leaky,7,roving_mixed,transient,1.0,0.0,0.01,0.0,30.0,15.0,154.05924822310246,3,314.1184964462049,True,8,1.762089490890503
mixed_leaky,7,roving_mixed,leaky,0.0,0.01,0.0,4.999999999999999,30.0,15.0,154.05924822310246,4,316.1184964462049,True,10,2.1595633029937744
mixed_leaky,7,roving_mixed,mixed,0.4775764455742727,0.01,0.02,0.0,30.0,15.0,154.05924822310246,4,316.1184964462049,True,5,1.2129802703857422
mixed_leaky,7,roving_mixed,mixed_leaky,0.4775764455742727,0.01,0.02,0.0059999999999999,30.0,15.0,154.05924822310246,5,318.1184964462049,True,6,1.98811674118042
mixed_leaky,7,roving_ramp,level,0.0,0.01,0.0,0.0,30.0,15.0,266.6676870555796,3,539.3353741111591,True,8,1.7354636192321775
mixed_leaky,7,roving_ramp,transient,1.0,0.0,3.416679471050504,0.0,0.8727488235661208,4.120918948572355,199.07821718617865,3,404.1564343723573,True,88,9.152385711669922
mixed_leaky,7,roving_ramp,leaky,0.0,0.01,0.0,4.999999999999999,30.0,15.0,266.6676870555796,4,541.3353741111591,True,10,2.0560436248779297
mixed_leaky,7,roving_ramp,mixed,0.2152273866182904,3.338906829641349,2.00340078857661,0.0,1.7856482969298006,3.941759282712369,175.87007253466916,4,359.7401450693383,True,210,20.289531469345093
mixed_leaky,7,roving_ramp,mixed_leaky,0.1673363227900663,4.244144498411656,1.8660385400502533,0.7993455940565996,-2.5432358179209347,7.393460965469913,174.17579633663163,5,358.35159267326327,True,504,55.99111294746399
mixed_leaky,5,roving_ramp,level,0.0,5.550969304359586,0.0,0.0,2.028305893959017,2.680316097173809,355.32511546045663,3,716.6502309209133,True,116,19.9394211769104
mixed_leaky,5,roving_ramp,transient,1.0,0.0,4.527745055445282,0.0,1.163423489042516,2.5325334580467107,412.2213843602713,3,830.4427687205426,True,108,17.34259271621704
mixed_leaky,5,roving_ramp,leaky,0.0,6.7643865616908645,0.0,1.7170540903370486,-5.0,5.364985127127701,351.6881328277078,4,711.3762656554156,True,485,100.17104053497314
mixed_leaky,5,roving_ramp,mixed,0.1962263842805951,4.740060295223894,2.5317298833935373,0.0,1.8311642140219104,3.266464997650508,345.0257918687866,4,698.0515837375732,True,260,51.96095633506775
mixed_leaky,5,roving_ramp,mixed_leaky,0.1780281863582196,5.238596594972149,2.482313589994041,0.8597924762254637,-0.2485932144706668,3.920623802086472,344.2534251847239,5,698.5068503694478,True,534,70.33171796798706
mixed_leaky,7,ramp,level,0.0,0.01,0.0,0.0,30.0,15.0,219.53620373777687,3,445.07240747555375,True,8,1.6514194011688232
mixed_leaky,7,ramp,transient,1.0,0.0,8.43344011942877,0.0,0.6171596815459381,11.572128305670295,171.71113608421052,3,349.42227216842105,True,176,29.933735370635983
mixed_leaky,7,ramp,leaky,0.0,0.01,0.0,4.999999999999999,30.0,15.0,219.53620373777687,4,447.07240747555375,True,10,2.030200481414795
mixed_leaky,7,ramp,mixed,0.4605320734034362,2.5732604964016934,4.806045208493871,0.0,2.051475047641352,3.070573227528089,166.20231085952457,4,340.40462171904915,True,380,33.80828094482422
mixed_leaky,7,ramp,mixed_leaky,0.4414181237295655,2.7620560074269767,4.77535482952012,0.8507092371091143,-1.620526724542945,5.675606245823805,165.33618257092903,5,340.67236514185805,True,594,66.46004056930542
mixed_leaky,5,roving_mixed,level,0.0,5.7692593691135095,0.0,0.0,1.983531857133683,3.140490382334048,210.5564772798638,3,427.1129545597276,True,88,18.68468999862671
mixed_leaky,5,roving_mixed,transient,1.0,0.0,3.8994652978734985,0.0,1.6703925513979545,2.0671702212199485,260.0258619926196,3,526.0517239852392,True,124,33.312482595443726
mixed_leaky,5,roving_mixed,leaky,0.0,6.16665603521374,0.0,0.8274789907648872,-0.0126412774625446,3.848572891925803,210.1839121249974,4,428.3678242499948,True,320,83.63146805763245
mixed_leaky,5,roving_mixed,mixed,0.1160577485448818,5.272116525384037,1.514415671055499,0.0,1.8859552710192165,3.4922357863525497,206.92700258603168,4,421.85400517206335,True,290,45.71643376350403
mixed_leaky,5,roving_mixed,mixed_leaky,0.1150548439179224,5.583856016959223,1.5883002667098298,0.6158032816385601,0.3285891521510602,4.131709614280963,206.51129170846423,5,423.0225834169285,True,396,69.21880388259888
mixed_leaky,5,roving_ramp50,level,0.0,6.149800572867256,0.0,0.0,2.4105291384403533,2.641239643028219,301.53891193265457,3,609.0778238653091,True,112,20.6162850856781
mixed_leaky,5,roving_ramp50,transient,1.0,0.0,4.223653093379824,0.0,0.9890874317483,2.937347088437025,353.144974912274,3,712.289949824548,True,68,14.215943336486816
mixed_leaky,5,roving_ramp50,leaky,0.0,7.266550593691464,0.0,1.5695936658100773,-5.0,6.005753338076829,298.0857244484364,4,604.1714488968728,True,480,101.3303918838501
mixed_leaky,5,roving_ramp50,mixed,0.1907819049996742,5.241543066631408,2.7035885618551347,0.0,2.0736513596506323,3.485448818094018,291.27658204651067,4,590.5531640930213,True,270,44.08676862716675
mixed_leaky,5,roving_ramp50,mixed_leaky,0.1904769732853404,5.242897798147844,2.6989479745317024,0.0059982150791522,2.06256249453593,3.4856918223047497,291.2788216540924,5,592.5576433081848,True,144,85.39759707450867
mixed_leaky,5,ramp,level,0.0,5.317902577343271,0.0,0.0,1.817724757582346,3.521367212864856,394.2399758643074,3,794.4799517286148,True,108,27.169061422348022
mixed_leaky,5,ramp,transient,1.0,0.0,5.446183958332332,0.0,0.9444425483874412,2.8336190263723324,473.621373597213,3,953.242747194426,True,76,12.035426139831545
mixed_leaky,5,ramp,leaky,0.0,6.784612938274348,0.0,1.1206369403353926,-4.0845138482238585,7.060609132383083,389.70287963367,4,787.4057592673399,True,485,89.08106899261475
mixed_leaky,5,ramp,mixed,0.2501267445558823,5.286682246138303,3.8580275150461225,0.0,2.0828287047850624,3.83756397124566,386.5333498266032,4,781.0666996532065,True,325,56.30894017219544
mixed_leaky,5,ramp,mixed_leaky,0.2098178916989186,6.15743325902467,3.577048976289206,0.8080967591798358,-0.8612622579804412,5.488347235666041,384.7064411308872,5,779.4128822617745,True,462,71.52087736129761
mixed_leaky,6,roving_ramp50,level,0.0,4.718443810478678,0.0,0.0,1.3788872151375222,2.258274687125271,392.1577830322959,3,790.3155660645918,True,132,20.68595004081726
mixed_leaky,6,roving_ramp50,transient,1.0,0.0,5.636297817797495,0.0,1.3767313331619235,2.1263119190749347,399.87699053572817,3,805.7539810714563,True,72,15.000496625900269
mixed_leaky,6,roving_ramp50,leaky,0.0,4.716360830320084,0.0,0.005,1.3726051833864048,2.2584257549726496,392.1589147620605,4,792.317829524121,True,390,86.29959106445312
mixed_leaky,6,roving_ramp50,mixed,0.2939121124446007,3.9511697223241535,3.598274194679109,0.0,1.4884116131366754,2.3328036759538717,387.3906711265153,4,782.7813422530306,True,205,42.26094436645508
mixed_leaky,6,roving_ramp50,mixed_leaky,0.2938701542063864,3.950416318288758,3.5968607584775425,0.005,1.4815694980889091,2.3335029820201134,387.3918724479302,5,784.7837448958604,True,450,86.60711073875427
mixed_leaky,6,roving_ramp,level,0.0,4.324434221168651,0.0,0.0,1.2465211495673387,2.497054820543589,376.980675871932,3,759.9613517438639,True,172,27.269756317138672
mixed_leaky,6,roving_ramp,transient,1.0,0.0,5.485381862750018,0.0,0.9830166585711532,2.8564955107598307,384.3995618261486,3,774.7991236522972,True,84,15.700708389282228
mixed_leaky,6,roving_ramp,leaky,0.0,4.764888956624051,0.0,1.5000969888251063,-2.466589330046982,3.5547452442295047,376.3074028091023,4,760.6148056182045,False,620,121.55353045463562
mixed_leaky,6,roving_ramp,mixed,0.3148180458596784,3.324630562523341,3.3420038193728443,0.0,1.205618427180435,2.811087287591862,372.2217606104167,4,752.4435212208334,True,245,48.5334255695343
mixed_leaky,6,roving_ramp,mixed_leaky,0.3148265841981506,3.32471401585936,3.342220000044213,0.005,1.198005834258253,2.811869680815168,372.22256505841307,5,754.4451301168261,True,576,75.25725483894348
mixed_leaky,8,roving_ramp,level,0.0,5.358142057206739,0.0,0.0,1.28661377216986,2.970992672858579,240.2382418682152,3,486.4764837364304,True,96,15.558310747146606
mixed_leaky,8,roving_ramp,transient,1.0,0.0,5.504533306855322,0.0,0.9153432220028996,3.5639629611928028,246.45294120399703,3,498.90588240799406,True,64,16.467288970947266
mixed_leaky,8,roving_ramp,leaky,0.0,5.711518090325805,0.0,1.015317950449483,-1.760393711339244,4.290522762012234,240.04816761263783,4,488.0963352252757,True,540,68.96224761009216
mixed_leaky,8,roving_ramp,mixed,0.2628758723147298,4.091121617767897,3.191995985527118,0.0,1.2056262170358718,3.434480518111227,235.86695985751183,4,479.73391971502366,True,255,47.53188443183899
mixed_leaky,8,roving_ramp,mixed_leaky,0.2626429864977135,4.0917669447280005,3.188663779656816,0.0059961021964202,1.1945295502061803,3.4352890090216333,235.8708474073668,5,481.74169481473353,True,72,62.191670656204224
mixed_leaky,6,ramp,level,0.0,4.661119040123722,0.0,0.0,1.1064940487654509,2.6587782910912865,468.77937261397096,3,943.558745227942,True,72,14.203368663787842
mixed_leaky,6,ramp,transient,1.0,0.0,7.381298032776595,0.0,1.158018646390205,2.4292386556761176,492.3665758657097,3,990.7331517314194,True,96,19.6640727519989
mixed_leaky,6,ramp,leaky,0.0,4.93469348483756,0.0,1.1281735090343776,-0.9982435841313884,3.017599162227527,468.6759422802807,4,945.3518845605614,True,560,106.24810123443604
mixed_leaky,6,ramp,mixed,0.32480354340669,3.9228705045310406,4.128615346684088,0.0,1.220728939977085,2.831242885302582,461.0890695424719,4,930.1781390849436,True,280,45.89686465263367
mixed_leaky,6,ramp,mixed_leaky,0.3246868654310001,3.921502003912352,4.124979660666146,0.005,1.2125850618402747,2.8316382296509808,461.0924612373922,5,932.1849224747843,True,402,52.12178564071655
mixed_leaky,8,roving_mixed,level,0.0,3.966993649769385,0.0,0.0,0.6044950724309001,4.2707711474038765,338.56553468424954,3,683.1310693684991,True,128,20.73309588432312
mixed_leaky,8,roving_mixed,transient,1.0,0.0,3.6849027973533577,0.0,0.4837739885443785,4.393321113138829,347.0020397034865,3,700.004079406973,True,88,23.59764337539673
mixed_leaky,8,roving_mixed,leaky,0.0,3.964059345086965,0.0,0.0059979750284957,0.5902358255554397,4.275365211689726,338.5664128608162,4,685.1328257216323,True,80,41.72499918937683
mixed_leaky,8,roving_mixed,mixed,0.2316817925146904,3.5049627317127783,2.312299207765132,0.0,0.6523081856771101,4.584546105582231,336.53506138120315,4,681.0701227624063,True,205,37.58631587028504
mixed_leaky,8,roving_mixed,mixed_leaky,0.23129275192293,3.5044859028775672,2.3069342195447926,0.005,0.6397833839778146,4.58622398217809,336.5395549953412,5,683.0791099906824,True,390,51.847193002700806
mixed_leaky,8,roving_ramp50,level,0.0,4.871160890960775,0.0,0.0,1.7979257615092366,2.1180414531419185,272.4197988816331,3,550.8395977632662,True,92,16.13510251045227
mixed_leaky,8,roving_ramp50,transient,1.0,0.0,8.022997388852882,0.0,2.311807721766458,1.6618630546696196,277.56466475731,3,561.12932951462,True,168,31.71798586845398
mixed_leaky,8,roving_ramp50,leaky,0.0,4.871712059449952,0.0,0.005,1.7930128454475462,2.117415543365535,272.4206112954861,4,552.8412225909722,True,410,82.41091585159302
mixed_leaky,8,roving_ramp50,mixed,0.3335303754698224,3.918669232082526,4.29045632383103,0.0,1.817464413575824,2.3227322900145526,266.78024408002693,4,541.5604881600539,True,290,57.52093195915222
mixed_leaky,8,roving_ramp50,mixed_leaky,0.3335663669251218,3.917804569561876,4.290204193690236,0.005,1.8111979738666608,2.3227040763750173,266.78064955414163,5,543.5612991082833,True,570,91.27247285842896
mixed_leaky,6,roving_mixed,level,0.0,6.230528232076966,0.0,0.0,0.9149472087630676,3.8485627303874113,342.2876836565962,3,690.5753673131924,True,156,25.04441618919373
mixed_leaky,6,roving_mixed,transient,1.0,0.0,5.100516920132423,0.0,0.8045498115805217,3.299454251582504,365.46856323901534,3,736.9371264780307,True,112,18.957746505737305
mixed_leaky,6,roving_mixed,leaky,0.0,7.632868782705333,0.0,0.5604774629656004,-5.0,12.449052427565306,340.3965044133204,4,688.7930088266407,True,805,197.2159647941589
mixed_leaky,6,roving_mixed,mixed,0.1872674903716346,5.562325215317907,2.804019194239084,0.0,0.8729988816157273,4.634758794519146,338.7383449632936,4,685.4766899265873,True,285,47.93778419494629
mixed_leaky,6,roving_mixed,mixed_leaky,0.1753925793027444,5.7981849747863,2.6981487492032765,0.2946728699001085,-0.1697138083639358,5.549197318461187,338.2055965006536,5,686.4111930013072,True,534,91.15371465682983
mixed_leaky,8,ramp,level,0.0,5.002358112472495,0.0,0.0,1.4538187432714191,2.416311431724459,401.47472829276376,3,808.9494565855275,True,68,14.595497369766235
mixed_leaky,8,ramp,transient,1.0,0.0,7.4172128455027,0.0,1.5818574797014224,1.9581114603012373,429.8968025432815,3,865.7936050865629,True,80,15.713910102844238
mixed_leaky,8,ramp,leaky,0.0,4.97247037232766,0.0,0.2782957125734685,1.0693820022655536,2.444243906591264,401.4729605191703,4,810.9459210383405,True,165,27.745450258255005
mixed_leaky,8,ramp,mixed,0.2165248990102095,4.516196560265625,2.730645532923396,0.0,1.578883987058213,2.393265870040015,399.1181847796864,4,806.2363695593729,True,250,43.27416634559631
mixed_leaky,8,ramp,mixed_leaky,0.2181021428023659,4.499513434171097,2.745903740853488,0.6789588948929899,0.585639633434926,2.4987857212126405,399.08288246416527,5,808.1657649283305,True,504,135.80559968948364
mixed_leaky,9,ramp,level,0.0,1.497497771777201,0.0,0.0,0.6699391878680214,2.895816890261872,509.33403345651385,3,1024.6680669130278,True,104,14.674963235855104
mixed_leaky,9,ramp,transient,1.0,0.0,3.363784308770088,0.0,0.5588891863114054,3.235826260693617,510.4944664046776,3,1026.9889328093552,True,140,18.8604953289032
mixed_leaky,9,ramp,leaky,0.0,1.7301747993680587,0.0,1.2502123362716722,-2.062126903706172,3.40299748742536,508.97592764775726,4,1025.9518552955146,True,505,104.58706545829772
mixed_leaky,9,ramp,mixed,0.4924751542510891,1.0867671165105786,2.307136831856108,0.0,0.684528286100083,3.0997111625921856,506.5748887586618,4,1021.1497775173236,True,240,37.59099793434143
mixed_leaky,9,ramp,mixed_leaky,0.4721956965111,1.1805198289200085,2.310639697492993,0.72456972556805,-0.6547829080680803,3.2065638874631093,506.47758486050833,5,1022.9551697210168,True,618,66.68074059486389
mixed_leaky,9,roving_mixed,level,0.0,2.717753969687644,0.0,0.0,1.048258693052464,2.268064043629031,517.3596579580883,3,1040.7193159161766,True,84,16.32289481163025
mixed_leaky,9,roving_mixed,transient,1.0,0.0,4.018110011994829,0.0,0.9289420420627512,2.4919847161202147,514.1277990983756,3,1034.2555981967512,True,72,16.05736255645752
mixed_leaky,9,roving_mixed,leaky,0.0,3.081364567328474,0.0,2.000859478939698,-3.768795281370102,3.3649085338660463,516.8839325459438,4,1041.7678650918876,True,795,96.82587146759032
mixed_leaky,9,roving_mixed,mixed,0.4832345992598055,1.5441968438523244,3.1591998519715565,0.0,1.0203375754898951,2.4656231973190748,511.9841888109637,4,1031.9683776219272,True,270,57.50051975250244
mixed_leaky,9,roving_mixed,mixed_leaky,0.4845413128354309,1.5915986767142662,3.27325895105001,1.1983494796499374,-0.9071857779199174,2.6713085568698047,511.87503260734985,5,1033.7500652146996,True,726,89.93014574050903
mixed_leaky,9,roving_ramp,level,0.0,2.664448119047334,0.0,0.0,1.0255536133049838,2.40848826589183,505.2737941749704,3,1016.5475883499408,True,88,15.900058507919312
mixed_leaky,9,roving_ramp,transient,1.0,0.0,5.528320561496462,0.0,0.796743417526588,3.13442242989928,488.7818787872643,3,983.5637575745286,True,144,25.45209002494812
mixed_leaky,9,roving_ramp,leaky,0.0,3.018168068484023,0.0,1.666013817737691,-4.364175243214978,4.261315248776153,503.8942671745759,4,1015.7885343491516,True,660,121.47903490066528
mixed_leaky,9,roving_ramp,mixed,0.6198771998756493,1.337657959349887,4.772398134164299,0.0,0.9308428421705982,3.031477720510319,484.8010290130548,4,977.6020580261096,True,185,42.555933237075806
mixed_leaky,9,roving_ramp,mixed_leaky,0.6046101676595664,1.4555154368528536,4.869413008452137,0.8157377502414428,-0.9277984104468956,3.5829335877418944,484.5051615929548,5,979.0103231859096,True,624,81.05477499961853
mixed_leaky,9,roving_ramp50,level,0.0,2.682688495830164,0.0,0.0,0.9157714432792764,2.5978321651207943,537.576448085941,3,1081.152896171882,True,112,16.994144916534424
mixed_leaky,9,roving_ramp50,transient,1.0,0.0,5.123132427123541,0.0,0.968241760771303,2.4989828333392983,538.7874482324374,3,1083.5748964648749,True,80,15.100074768066406
mixed_leaky,9,roving_ramp50,leaky,0.0,3.176050992326443,0.0,1.712567476131916,-4.249341939897613,4.10916786178256,536.3072727119355,4,1080.614545423871,True,615,128.51446843147278
mixed_leaky,9,roving_ramp50,mixed,0.4515168789803168,1.956624697848808,3.523936715455513,0.0,1.0350678550449208,2.648090071465201,529.7865960948567,4,1067.5731921897134,True,250,41.83493518829346
mixed_leaky,9,roving_ramp50,mixed_leaky,0.4307120726171796,2.2372550766653503,3.703227728013816,1.388616258865566,-2.2634334935100497,3.5067843940505283,529.3332119955369,5,1068.6664239910738,True,720,83.95924401283264
mixed_leaky,10,roving_mixed,level,0.0,6.8148158435398445,0.0,0.0,2.857657646020536,1.4675068073260984,498.1091238074357,3,1002.2182476148712,True,92,20.9082715511322
mixed_leaky,10,roving_mixed,transient,1.0,0.0,9.562889736440052,0.0,1.7695488411956275,2.0177806986015896,481.5442402087685,3,969.0884804175372,True,124,18.57054305076599
mixed_leaky,10,roving_mixed,leaky,0.0,7.323368730964581,0.0,4.184092936660786,-5.0,2.511192374706633,496.6938301252578,4,1001.3876602505156,True,650,87.0292375087738
mixed_leaky,10,roving_mixed,mixed,0.4717300116038775,3.842648462557319,7.507201459247295,0.0,1.992184049963732,2.3192184248498653,457.0803470810956,4,922.1606941621912,True,265,54.33836674690247
mixed_leaky,10,roving_mixed,mixed_leaky,0.4716738497315409,3.8426902847010966,7.5055914441217215,0.0059992116534585,1.9845460300158648,2.3194198087263747,457.0812091102341,5,924.1624182204682,False,276,72.23423862457275
mixed_leaky,10,roving_ramp,level,0.0,6.305675355706881,0.0,0.0,2.515895928775527,1.5093149134547186,602.2141415359227,3,1210.4282830718455,True,112,20.262808084487915
mixed_leaky,10,roving_ramp,transient,1.0,0.0,9.660832980556007,0.0,1.4461529416645558,2.463641619563918,561.7163615485131,3,1129.4327230970262,True,120,16.399091720581055
mixed_leaky,10,roving_ramp,leaky,0.0,7.037836542159912,0.0,4.234760456990713,-3.906639912424468,2.175609246581021,600.4273637186095,4,1208.854727437219,True,680,127.48441171646118
mixed_leaky,10,roving_ramp,mixed,0.5117373670325744,3.7009551345711023,8.486279048740268,0.0,1.818551605508841,2.68350923031012,528.3565790299449,4,1064.7131580598898,True,225,51.91593170166016
mixed_leaky,10,roving_ramp,mixed_leaky,0.5116922057457273,3.700685361053994,8.48412686214999,0.005,1.811324059596583,2.6834808990302705,528.3628453267088,5,1066.7256906534176,False,396,75.62612986564636
mixed_leaky,11,roving_ramp50,level,0.0,3.0584309738736244,0.0,0.0,1.4796639236314797,2.1487976492344103,332.9785375900892,3,671.9570751801784,True,84,22.09332013130188
mixed_leaky,11,roving_ramp50,transient,1.0,0.0,4.468483830848675,0.0,1.2723502174054533,2.311802063729932,337.1299715096725,3,680.259943019345,True,80,15.326857089996338
mixed_leaky,11,roving_ramp50,leaky,0.0,3.062153175346156,0.0,0.0059998942809204,1.4771040236121735,2.1442881827055627,332.9786860487301,4,673.9573720974602,True,25,39.72837734222412
mixed_leaky,11,roving_ramp50,mixed,0.3751665667515645,2.446234383867361,3.2134221440832063,0.0,1.4457913815923178,2.400281652393489,328.5943603822089,4,665.1887207644178,True,235,47.838242292404175
mixed_leaky,11,roving_ramp50,mixed_leaky,0.3751550297567365,2.4460616808143367,3.213037140948445,0.005,1.4395369572436498,2.400084713674207,328.5946689303392,5,667.1893378606784,True,588,99.36586117744446
mixed_leaky,10,ramp,level,0.0,4.024928720416507,0.0,0.0,1.3687340463452211,2.396263820213243,632.247176075177,3,1270.494352150354,True,104,16.43587851524353
mixed_leaky,10,ramp,transient,1.0,0.0,10.0370417008514,0.0,1.596314120676404,2.0261236126908124,658.1747961102586,3,1322.3495922205173,True,72,13.779645919799805
mixed_leaky,10,ramp,leaky,0.0,4.804200495228399,0.0,1.948483916319013,-4.208207997895511,3.917833820911227,628.756237447598,4,1265.512474895196,True,460,148.56308150291443
mixed_leaky,10,ramp,mixed,0.4659452881214422,3.4099611304781803,6.508912722274384,0.0,1.6639343618525977,2.621013236818102,606.9657513261456,4,1221.931502652291,True,250,40.237300872802734
mixed_leaky,10,ramp,mixed_leaky,0.4471848907475119,3.8721747326324345,6.852862375820169,1.43574973886244,-1.8093747607088395,3.581896352147636,605.0989724552663,5,1220.197944910533,True,606,77.55911564826965
mixed_leaky,10,roving_ramp50,level,0.0,4.817502600072053,0.0,0.0,1.9471201235933429,1.843486752247656,576.3972503500278,3,1158.7945007000556,True,156,31.82481050491333
mixed_leaky,10,roving_ramp50,transient,1.0,0.0,8.560458444652717,0.0,1.5092404064802032,2.1656563240695075,567.4977031153959,3,1140.9954062307918,True,120,24.727914810180664
mixed_leaky,10,roving_ramp50,leaky,0.0,5.3620079357652655,0.0,2.552870318312418,-5.0,3.525224153920754,573.1668096615747,4,1154.3336193231494,True,630,126.83691740036012
mixed_leaky,10,roving_ramp50,mixed,0.4801312170261939,3.412256415683861,6.894737075047284,0.0,1.7669525737464984,2.5366489918373154,531.1075352171212,4,1070.2150704342423,True,305,54.07182168960571
mixed_leaky,10,roving_ramp50,mixed_leaky,0.4603203321130587,4.15592815026036,7.755360285900067,1.78739212734867,-4.772245721281182,4.804360139516967,527.1608556907931,5,1064.3217113815865,True,684,82.51775097846985
mixed_leaky,11,roving_ramp,level,0.0,2.0950398335996114,0.0,0.0,0.4420758772558683,4.622799756077015,347.6340343957117,3,701.2680687914235,True,84,24.55808424949646
mixed_leaky,11,roving_ramp,transient,1.0,0.0,6.281270517445658,0.0,1.8743118429712728,1.8074891860865447,345.26369964702707,3,696.5273992940541,True,136,22.19835901260376
mixed_leaky,11,roving_ramp,leaky,0.0,2.5507416142936084,0.0,0.6520846240270739,-3.402899055175104,7.811586012500564,346.36471279133224,4,700.7294255826645,True,510,123.65591812133788
mixed_leaky,11,roving_ramp,mixed,0.476145416095912,2.301975428962656,4.577616325485292,0.0,1.9606090511895884,1.8527724807295576,340.2397794697223,4,688.4795589394446,True,280,47.36048150062561
mixed_leaky,11,roving_ramp,mixed_leaky,0.4754080052893455,1.9617288920766125,3.889499018724539,0.7971018280416898,-4.669677259357872,8.49847651923171,338.5613288646478,5,687.1226577292956,True,552,96.70899510383606
mixed_leaky,11,ramp,level,0.0,2.8565274524977884,0.0,0.0,1.1437164567014433,2.4088823843852314,441.0310131583311,3,888.0620263166621,True,72,12.20581030845642
mixed_leaky,11,ramp,transient,1.0,0.0,4.951642864806991,0.0,1.0690745084066613,2.3710037907217143,456.4056703140407,3,918.8113406280812,True,76,18.916983366012573
mixed_leaky,11,ramp,leaky,0.0,2.849650962122749,0.0,0.2823800944138123,0.7718138867802208,2.419147992023703,441.0304586627335,4,890.060917325467,True,145,30.52284598350525
mixed_leaky,11,ramp,mixed,0.2117654888899436,2.5587575261075823,1.50396842687638,0.0,1.1746110213062533,2.4454562201412195,440.23232447219647,4,888.4646489443929,True,195,35.398032665252686
mixed_leaky,11,ramp,mixed_leaky,0.211841606401528,2.558268549141029,1.5043667785961623,0.0059996058203114,1.1668189735176546,2.4455184438842,440.23251023574016,5,890.4650204714803,True,66,122.89242219924928
mixed_leaky,11,roving_mixed,level,0.0,2.059773837565737,0.0,0.0,0.8821068792784891,2.876312750875919,302.7632923373338,3,611.5265846746676,True,88,15.751823902130129
mixed_leaky,11,roving_mixed,transient,1.0,0.0,9.1226399330337,0.0,3.6689428880907298,1.1684471361063384,296.9231033106004,3,599.8462066212008,True,212,45.62726640701294
mixed_leaky,11,roving_mixed,leaky,0.0,2.0598105122699293,0.0,0.005,0.8749252412485269,2.8754060303826106,302.7636499155458,4,613.5272998310916,True,565,83.85494351387024
mixed_leaky,11,roving_mixed,mixed,0.7311388950398536,1.4708887898596328,8.751078777610633,0.0,3.895012740935213,1.1414310479898695,296.75216964388426,4,601.5043392877685,True,460,52.63264799118042
mixed_leaky,11,roving_mixed,mixed_leaky,0.7313493950643783,1.4674819179207932,8.740166152150316,0.0055100390719628,3.8876981741437255,1.1419488571335632,296.7521947496058,5,603.5043894992116,True,492,84.13607978820801
mixed_leaky,12,roving_ramp,level,0.0,5.908678675401386,0.0,0.0,1.7260017072365552,2.2255261205108208,356.28969963239774,3,718.5793992647955,True,100,16.458348274230957
mixed_leaky,12,roving_ramp,transient,1.0,0.0,7.480415427850667,0.0,1.4224521535759538,2.4665669533319576,362.3866221914917,3,730.7732443829834,True,88,18.1842782497406
mixed_leaky,12,roving_ramp,leaky,0.0,6.655068228760211,0.0,1.7704236502472177,-5.0,4.786015797667011,353.4991130346448,4,714.9982260692896,True,630,110.60280704498292
mixed_leaky,12,roving_ramp,mixed,0.3615272061462521,4.675601452217684,5.792231619813518,0.0,1.6267441033993817,3.0124189549027585,332.0357322759566,4,672.0714645519132,True,300,47.86303687095642
mixed_leaky,12,roving_ramp,mixed_leaky,0.3440534079323703,5.309980100842255,6.093406112956509,1.0027937738780854,-1.5919811671785051,4.574684796091347,330.43432647501635,5,670.8686529500327,True,432,58.09005951881409
mixed_leaky,15,roving_ramp,level,0.0,0.01,0.0,0.0,30.0,15.0,191.53589202127668,3,389.07178404255336,True,8,1.8352572917938232
mixed_leaky,15,roving_ramp,transient,1.0,0.0,0.01,0.0,30.0,15.0,191.53589202127668,3,389.07178404255336,True,8,2.082970142364502
mixed_leaky,15,roving_ramp,leaky,0.0,0.01,0.0,4.999999999999999,30.0,15.0,191.53589202127668,4,391.07178404255336,True,10,2.0893959999084477
mixed_leaky,15,roving_ramp,mixed,0.4775764455742727,0.01,0.02,0.0,30.0,15.0,191.53589202127668,4,391.07178404255336,True,5,1.205907106399536
mixed_leaky,15,roving_ramp,mixed_leaky,0.4775764455742727,0.01,0.02,0.0059999999999999,30.0,15.0,191.53589202127668,5,393.07178404255336,True,6,1.913254976272583
mixed_leaky,12,roving_ramp50,level,0.0,3.202698024746232,0.0,0.0,0.8425794124959541,3.317338919650844,413.6838803368665,3,833.367760673733,True,92,17.18862748146057
mixed_leaky,12,roving_ramp50,transient,1.0,0.0,7.767753087037677,0.0,1.0059248469816158,3.385362223376501,397.1195722931394,3,800.2391445862789,True,152,20.29290580749512
mixed_leaky,12,roving_ramp50,leaky,0.0,3.977064105149967,0.0,0.9263460892988028,-5.0,7.798909080111429,408.3285846439167,4,824.6571692878334,True,465,136.79158806800842
mixed_leaky,12,roving_ramp50,mixed,0.5572222113574482,2.310236335875456,6.36075765349223,0.0,1.0704308596775558,3.906607140589905,382.37483968956775,4,772.7496793791355,True,265,42.06056833267212
mixed_leaky,12,roving_ramp50,mixed_leaky,0.5084980134800756,2.832161392712196,6.410498868544501,0.6823718629041804,-2.1365818286645517,6.431575766019807,379.83957302685087,5,769.6791460537017,False,714,82.02737808227539
mixed_leaky,13,ramp,level,0.0,2.5937176789311804,0.0,0.0,1.518735919137025,2.122578886447856,404.9117295813546,3,815.8234591627092,True,96,15.784353256225586
mixed_leaky,13,ramp,transient,1.0,0.0,4.3480256485792745,0.0,1.0335731467777474,2.5255766122790937,417.1843993331826,3,840.3687986663653,True,132,18.97287344932556
mixed_leaky,13,ramp,leaky,0.0,2.981787231964824,0.0,2.414002502671264,-2.68497609582728,2.6575727514418945,404.56190569736776,4,817.1238113947355,True,775,85.27322125434875
mixed_leaky,13,ramp,mixed,0.343501403727911,2.0323866662052628,2.3265420036624667,0.0,1.3156869253279322,2.5154989775482277,402.4123643720695,4,812.824728744139,True,250,52.81615328788757
mixed_leaky,13,ramp,mixed_leaky,0.343426685330666,2.031982528343794,2.325308753231989,0.0059993567550302,1.3076077723527617,2.5153956624706875,402.4126782933102,5,814.8253565866204,True,72,37.674877643585205
mixed_leaky,12,ramp,level,0.0,4.172555625677223,0.0,0.0,1.1073846813228572,2.9642759059953043,582.6635445372281,3,1171.327089074456,True,116,21.181146144866943
mixed_leaky,12,ramp,transient,1.0,0.0,8.816155057964597,0.0,1.1651995589915012,2.52786992939238,613.965722809156,3,1233.931445618312,True,116,18.130615949630737
mixed_leaky,12,ramp,leaky,0.0,4.40774032828482,0.0,0.8269540805385263,-0.6131546520008267,3.384606725517596,582.1096289801936,4,1172.2192579603873,True,320,122.07332158088684
mixed_leaky,12,ramp,mixed,0.4339147234695254,3.601720733778909,6.040076090822121,0.0,1.3414172872716954,3.3190434693691877,560.1857784900141,4,1128.371556980028,True,190,36.96314430236816
mixed_leaky,12,ramp,mixed_leaky,0.4337391136883387,3.601103436259735,6.034724742563747,0.005,1.332034527031113,3.3199285976011264,560.1877041438049,5,1130.3754082876098,True,684,115.0142855644226
mixed_leaky,13,roving_ramp50,level,0.0,1.692532852842021,0.0,0.0,0.8116468755275154,3.0113549717129127,384.45767613372885,3,774.9153522674577,True,76,16.346294164657593
mixed_leaky,13,roving_ramp50,transient,1.0,0.0,3.3427530022150544,0.0,0.8212001560315272,2.908061852715872,386.3239742925844,3,778.6479485851687,True,120,19.80457639694214
mixed_leaky,13,roving_ramp50,leaky,0.0,1.9050784434016368,0.0,1.020974112808767,-3.3446705593753245,5.365800651536457,383.3384433859223,4,774.6768867718446,True,660,122.2660312652588
mixed_leaky,13,roving_ramp50,mixed,0.4372772984294009,1.3868955687870916,2.357849615666774,0.0,0.9733057051292486,2.9065027804316017,379.2232937633917,4,766.4465875267834,True,190,33.88936901092529
mixed_leaky,13,roving_ramp50,mixed_leaky,0.4176978380541007,1.5073805316112845,2.3656286604866428,1.0199805947092473,-2.57904051560619,4.720947834216228,378.7264443852142,5,767.4528887704284,True,834,97.70578837394714
mixed_leaky,15,roving_ramp50,level,0.0,0.01,0.0,0.0,30.0,15.0,200.88188533883547,3,407.76377067767095,True,8,1.777318239212036
mixed_leaky,15,roving_ramp50,transient,1.0,0.0,6.449838915621379,0.0,1.8011232755568856,2.9518680225702565,136.6562746723033,3,279.3125493446066,True,104,22.521209716796875
mixed_leaky,15,roving_ramp50,leaky,0.0,0.01,0.0,4.999999999999999,30.0,15.0,200.88188533883547,4,409.76377067767095,True,10,2.202509880065918
mixed_leaky,15,roving_ramp50,mixed,0.5200259720944405,2.2871606093363,5.421429392512255,0.0,2.366182500619598,2.8171532109048485,133.1016469445651,4,274.2032938891302,True,255,25.949300289154053
mixed_leaky,15,roving_ramp50,mixed_leaky,0.519926770564468,2.2875689837282773,5.420242740889616,0.005,2.358562816798292,2.817481520130295,133.10250308433183,5,276.20500616866366,True,468,63.79393219947815
mixed_leaky,12,roving_mixed,level,0.0,6.267437696572187,0.0,0.0,1.6993848172636543,2.4183330301577226,307.5177196633084,3,621.0354393266167,True,116,22.141657829284668
mixed_leaky,12,roving_mixed,transient,1.0,0.0,7.429445516004788,0.0,1.176519507979004,2.984536215275744,311.7982991272548,3,629.5965982545096,True,124,23.24561548233032
mixed_leaky,12,roving_mixed,leaky,0.0,7.17414541538236,0.0,1.752935239195032,-5.0,4.901133325170843,306.3882818131853,4,620.7765636263706,True,675,133.45712852478027
mixed_leaky,12,roving_mixed,mixed,0.3723899854213613,4.221395061572242,5.479916896234729,0.0,1.367135273305943,3.462471557436678,295.3846603622778,4,598.7693207245557,True,190,41.94632339477539
mixed_leaky,12,roving_mixed,mixed_leaky,0.3640326748911675,4.486778152672794,5.618883230610455,0.6629984340297671,-0.5427633953523611,4.400729669286979,295.0293869082089,5,600.0587738164179,True,762,129.09594202041626
mixed_leaky,13,roving_ramp,level,0.0,4.518619177971319,0.0,0.0,3.048838106840849,1.3548573126021983,322.25274855800023,3,650.5054971160005,True,172,35.23621582984924
mixed_leaky,13,roving_ramp,transient,1.0,0.0,4.907387946504048,0.0,1.7490179197955942,1.950253608403116,314.7580227972847,3,635.5160455945694,True,108,23.768770694732662
mixed_leaky,13,roving_ramp,leaky,0.0,4.533427433901821,0.0,0.5441566205849212,2.701654600267741,1.3292136762511169,322.2382870849401,4,652.4765741698802,True,410,60.29320216178894
mixed_leaky,13,roving_ramp,mixed,0.4826233726984613,1.9123021299183935,3.9027245474990098,0.0,2.119810257267202,1.8168966942522968,310.9143267124855,4,629.828653424971,True,235,54.8533570766449
mixed_leaky,13,roving_ramp,mixed_leaky,0.4953177770429745,1.83502420501903,3.940193511394125,1.97662148949164,-3.952791037780491,3.7979167137003698,309.9247202145491,5,629.8494404290982,True,870,136.1213083267212
mixed_leaky,14,roving_mixed,level,0.0,3.306356361940572,0.0,0.0,1.941063038867655,1.8758126004254676,215.84401404833687,3,437.68802809667375,True,104,11.42681074142456
mixed_leaky,14,roving_mixed,transient,1.0,0.0,11.643905069243036,0.0,2.0773825250500675,2.5017749714984463,186.80363117128448,3,379.60726234256896,True,72,17.153379201889038
mixed_leaky,14,roving_mixed,leaky,0.0,3.258698153188744,0.0,0.3887140506372165,1.5165901855254127,1.8908605215790968,215.8428879972234,4,439.6857759944468,True,140,59.24311971664429
mixed_leaky,14,roving_mixed,mixed,0.9951711287091152,0.0257962562837451,11.631043168054742,0.0,2.0781704335992304,2.5028843804355017,186.8034494433421,4,381.6068988866842,True,310,38.24517798423767
mixed_leaky,14,roving_mixed,mixed_leaky,0.9951102792325268,0.0259304783246252,11.54536128921385,0.2768186957904718,1.6698540034330287,2.5412424433124965,186.79693885224376,5,383.5938777044876,True,180,85.45307397842407
mixed_leaky,13,roving_mixed,level,0.0,3.9564780911043735,0.0,0.0,1.479344478372594,2.456296861044095,314.68063659504514,3,635.3612731900903,True,72,16.268798351287842
mixed_leaky,13,roving_mixed,transient,1.0,0.0,3.6720728266303584,0.0,1.097755356347141,2.5724344604703986,327.4900110355638,3,660.9800220711276,True,76,21.290627479553223
mixed_leaky,13,roving_mixed,leaky,0.0,4.378594617377154,0.0,1.4764274878951589,-5.0,5.465350019423992,313.24546714307627,4,634.4909342861525,True,610,132.80052661895752
mixed_leaky,13,roving_mixed,mixed,0.1711951299926255,3.2976934910434728,1.4902503937749978,0.0,1.3879033934707037,2.631257005364504,312.92727704061195,4,633.8545540812239,True,200,42.12091279029846
mixed_leaky,13,roving_mixed,mixed_leaky,0.151960949531093,3.7659971452915393,1.4764066082504506,1.3897638681860454,-4.109256974971393,5.112819657983494,311.9098107843324,5,633.8196215686648,True,786,88.1481363773346
mixed_leaky,14,roving_ramp,level,0.0,3.742956718557639,0.0,0.0,2.0479229543992377,1.6953856155251474,375.82432112404433,3,757.6486422480887,True,92,22.92472577095032
mixed_leaky,14,roving_ramp,transient,1.0,0.0,10.440626601303602,0.0,1.3913546134509545,3.5208461888091955,308.9279501741203,3,623.8559003482407,True,52,13.166677474975586
mixed_leaky,14,roving_ramp,leaky,0.0,3.953646654709787,0.0,2.922212692582255,-5.0,3.131998530202297,374.845686670605,4,757.69137334121,True,870,102.13237833976746
mixed_leaky,14,roving_ramp,mixed,0.9046250685357878,0.4874205885204662,10.114585637257775,0.0,1.42012044058664,3.525394996272522,308.6329065897081,4,625.2658131794162,True,180,40.678487062454224
mixed_leaky,14,roving_ramp,mixed_leaky,0.8889590092141766,0.6515863088098555,11.412484591532769,0.865508008274896,-2.220197696644856,5.858508057722911,306.203891878998,5,622.407783757996,True,546,117.33536839485168
mixed_leaky,15,roving_mixed,level,0.0,0.01,0.0,0.0,30.0,15.0,191.66714749035245,3,389.3342949807049,True,8,1.8101985454559328
mixed_leaky,15,roving_mixed,transient,1.0,0.0,7.218192770907684,0.0,1.423422596155104,4.397418139003514,119.13814985256896,3,244.27629970513797,True,116,27.1211621761322
mixed_leaky,15,roving_mixed,leaky,0.0,0.01,0.0,4.999999999999999,30.0,15.0,191.66714749035245,4,391.3342949807049,True,10,2.218782424926758
mixed_leaky,15,roving_mixed,mixed,0.4725472697146598,2.5938085775357624,5.084046124813785,0.0,1.7883624339249675,3.9820709868666433,114.24270336492496,4,236.48540672984996,True,230,22.928722858428955
mixed_leaky,15,roving_mixed,mixed_leaky,0.451180397184533,2.999206631727491,5.394321679727225,0.5663784142100552,-0.4315370396656239,5.8068340983170295,113.29392062429424,5,236.5878412485885,True,318,41.9589114189148
mixed_leaky,14,ramp,level,0.0,2.666385925129361,0.0,0.0,1.3256347239309725,2.6106903964406887,269.01491407963823,3,544.0298281592765,True,120,20.0690860748291
mixed_leaky,14,ramp,transient,1.0,0.0,8.4442582587992,0.0,1.1533074253712303,3.6700076045879646,259.21462009037896,3,524.4292401807579,True,92,15.669640064239502
mixed_leaky,14,ramp,leaky,0.0,2.905950281723116,0.0,1.3693909160549058,-2.5398696706788906,3.955530975821901,268.5432997667682,4,545.0865995335364,True,575,99.78391122817992
mixed_leaky,14,ramp,mixed,0.6862283745116434,1.4625049798764735,6.997810922805527,0.0,1.3944011057825914,3.379761801462634,254.48019463658136,4,516.9603892731627,True,210,32.4851930141449
mixed_leaky,14,ramp,mixed_leaky,0.6859600768080382,1.463286405021911,6.992833084377383,0.005,1.384980578962621,3.3805483701400303,254.4826457450457,5,518.9652914900914,True,456,57.19842791557312
mixed_leaky,15,ramp,level,0.0,0.01,0.0,0.0,30.0,15.0,219.51328611619775,3,445.0265722323956,True,8,1.6877522468566897
mixed_leaky,15,ramp,transient,1.0,0.0,5.244830649776568,0.0,0.4072903826352386,9.258029378163886,176.43204824990318,3,358.86409649980635,True,116,20.498332500457764
mixed_leaky,15,ramp,leaky,0.0,0.01,0.0,4.999999999999999,30.0,15.0,219.51328611619775,4,447.0265722323956,True,10,2.038635730743408
mixed_leaky,15,ramp,mixed,0.4767299949390839,2.014464725631284,4.015282911082567,0.0,1.4804459090469957,3.833839023312448,171.10954244875748,4,350.21908489751496,True,285,25.02753043174744
mixed_leaky,15,ramp,mixed_leaky,0.5077459259325598,1.8977961980972429,4.28268908768861,0.3841891523439081,-3.7011670638991183,15.0,168.9777722276631,5,347.9555444553262,False,744,69.16048789024353
mixed_leaky,14,roving_ramp50,level,0.0,2.8458652196934184,0.0,0.0,1.4217182705393716,2.2881948697311434,300.7887951473349,3,607.5775902946698,True,116,18.56084609031677
mixed_leaky,14,roving_ramp50,transient,1.0,0.0,8.809361549805308,0.0,1.2244722222030933,3.4976703450620943,270.9484235005617,3,547.8968470011234,True,80,13.952390432357788
mixed_leaky,14,roving_ramp50,leaky,0.0,3.0725776026879736,0.0,1.6651736842886828,-4.472966490649803,4.523191761409868,299.8406231335885,4,607.681246267177,True,630,124.9057765007019
mixed_leaky,14,roving_ramp50,mixed,0.7744531948373958,1.0718907459384754,8.052279921233671,0.0,1.319961770880573,3.485957481100032,269.01870130600304,4,546.0374026120061,True,260,37.17477416992188
mixed_leaky,14,roving_ramp50,mixed_leaky,0.7585328032393407,1.21288041386068,8.335737999856521,0.802869352404603,-1.557704520272179,5.094763040605491,268.80431172793584,5,547.6086234558717,True,768,114.3802206516266
mixed_leaky,16,roving_ramp50,level,0.0,9.516716080176783,0.0,0.0,1.6442741313399627,1.5979038233932463,864.6122779987538,3,1735.2245559975077,True,100,17.600703477859497
mixed_leaky,16,roving_ramp50,transient,1.0,0.0,8.92376531387404,0.0,1.5427872941436196,1.676526315492659,863.4062781977477,3,1732.8125563954954,True,88,16.692737579345703
mixed_leaky,16,roving_ramp50,leaky,0.0,9.444283003605609,0.0,0.4589552421902695,1.2337497803436233,1.601419856547127,864.6035169704303,4,1737.2070339408606,True,150,29.228164434432983
mixed_leaky,16,roving_ramp50,mixed,0.3126633340962752,6.303625695637519,6.273468278764696,0.0,1.6474383477857275,1.7572101702187004,851.1276077283,4,1710.2552154566,True,210,40.60741639137268
mixed_leaky,16,roving_ramp50,mixed_leaky,0.3125088975340948,6.3059815781980975,6.271303933642653,0.0059997652476562,1.6422986256433585,1.7567327325708686,851.1278315229141,5,1712.2556630458282,True,66,23.36651587486267
mixed_leaky,16,ramp,level,0.0,7.846680872345077,0.0,0.0,1.1900341490681354,1.9152342198927157,940.4256069024004,3,1886.851213804801,True,68,13.48757791519165
mixed_leaky,16,ramp,transient,1.0,0.0,8.060673756709,0.0,1.1569172942156043,1.865484740184662,952.4906330769612,3,1910.9812661539224,True,128,18.042564153671265
mixed_leaky,16,ramp,leaky,0.0,7.814834234580674,0.0,0.3603296834015009,0.8090810124149218,1.922046480434768,940.4020534831036,4,1888.8041069662077,True,130,26.86030149459839
mixed_leaky,16,ramp,mixed,0.2729678059755991,6.154010310945961,5.055054620566474,0.0,1.275941730355708,2.013249082323234,928.8127956759178,4,1865.6255913518355,False,360,64.52053093910217
mixed_leaky,16,ramp,mixed_leaky,0.2730280973469594,6.152095218068251,5.055016899642669,0.0059997058323587,1.269419857233013,2.013210454960496,928.8130780907928,5,1867.6261561815857,True,66,19.89772701263428
mixed_leaky,16,roving_ramp,level,0.0,8.12167741120317,0.0,0.0,0.9213143445039572,2.1945950430311294,1043.1437173599709,3,2092.2874347199413,True,84,15.593799114227297
mixed_leaky,16,roving_ramp,transient,1.0,0.0,8.070753572687448,0.0,1.0175522212181456,2.015678859466377,1052.3541535166323,3,2110.7083070332646,True,64,13.627369403839111
mixed_leaky,16,roving_ramp,leaky,0.0,8.121149805042503,0.0,0.005,0.9154132075616086,2.194728214183404,1043.146255407459,4,2094.292510814918,True,305,64.52341532707214
mixed_leaky,16,roving_ramp,mixed,0.2748441330278185,6.29906903501299,5.223256100129166,0.0,1.0398296146326955,2.29864817415623,1029.387774617359,4,2066.7755492347173,True,170,34.22046613693237
mixed_leaky,16,roving_ramp,mixed_leaky,0.2748430112272113,6.297827062400723,5.222196849416094,0.005,1.0334104795834802,2.2990386350569665,1029.3894765535024,5,2068.778953107005,True,492,77.8252522945404
mixed_leaky,17,ramp,level,0.0,3.1151626972523783,0.0,0.0,1.281099348393112,2.3970700626265846,530.697530370274,3,1067.395060740548,True,104,21.48289179801941
mixed_leaky,17,ramp,transient,1.0,0.0,6.324979183818487,0.0,1.070700389272633,2.5150893652959527,551.1660517946855,3,1108.332103589371,True,108,17.168277740478516
mixed_leaky,17,ramp,leaky,0.0,3.4534306278393405,0.0,1.6127131085419375,-1.5703280739578496,2.809906916708359,530.2100003585319,4,1068.420000717064,True,495,60.49860906600952
mixed_leaky,17,ramp,mixed,0.3952965595707454,2.511719945584633,3.5922094891392358,0.0,1.3115464803388666,2.652572012633616,521.4071742632792,4,1050.8143485265584,True,190,34.82680654525757
mixed_leaky,17,ramp,mixed_leaky,0.3952466942683834,2.51165337296174,3.591364992883521,0.005,1.304508384393173,2.6526125384466246,521.4078740601094,5,1052.8157481202188,True,612,73.47007703781128
mixed_leaky,17,roving_mixed,level,0.0,2.863999046750152,0.0,0.0,0.9720865036347368,2.8672908658469063,411.9235580263312,3,829.8471160526623,True,108,18.61513638496399
mixed_leaky,17,roving_mixed,transient,1.0,0.0,4.464024449266547,0.0,0.7783527098618959,3.28210567751308,405.8040411818722,3,817.6080823637444,True,76,12.721346378326416
mixed_leaky,17,roving_mixed,leaky,0.0,3.1998111313310607,0.0,1.19315878945653,-2.236236339508847,3.9226234492894334,411.45463993311233,4,830.9092798662247,True,550,104.43175315856934
mixed_leaky,17,roving_mixed,mixed,0.4657791061606523,1.8903950747259624,3.6059654144546194,0.0,0.8674858361607186,3.59495592407036,398.949017116114,4,805.898034232228,True,250,38.99152588844299
mixed_leaky,17,roving_mixed,mixed_leaky,0.4618950389011697,1.909594130354097,3.586139826445421,0.2461355762579945,0.3527699140269431,3.698157543362621,398.910787558414,5,807.8215751168281,True,144,41.01751637458801
mixed_leaky,17,roving_ramp,level,0.0,4.007937710935692,0.0,0.0,1.8882974334090952,1.8856373860234803,480.72659547186754,3,967.4531909437352,True,128,20.70507574081421
mixed_leaky,17,roving_ramp,transient,1.0,0.0,5.247809322566225,0.0,1.1045921746014176,2.573472384208854,471.7698508184763,3,949.5397016369526,True,116,19.562093019485477
mixed_leaky,17,roving_ramp,leaky,0.0,4.563032729237102,0.0,2.9354648401641907,-3.2646686711189847,2.5764713127403525,480.08453536557096,4,968.169070731142,True,675,133.8905279636383
mixed_leaky,17,roving_ramp,mixed,0.4323765212355313,2.5212723625165663,4.201761154294222,0.0,1.3772037546324722,2.792806639608957,451.6164898259968,4,911.2329796519936,True,235,40.93088340759277
mixed_leaky,17,roving_ramp,mixed_leaky,0.428270415309644,2.584493862282826,4.235578746108581,0.7025798390882813,0.1538837276174408,2.9717456773730606,451.3620028217267,5,912.7240056434534,True,414,51.43263268470764
mixed_leaky,18,roving_mixed,level,0.0,3.604423266898997,0.0,0.0,1.0330300527422047,3.03165154786606,322.0245648867288,3,650.0491297734576,True,84,20.66027808189392
mixed_leaky,18,roving_mixed,transient,1.0,0.0,4.824815602269186,0.0,1.3783686704985256,2.213844331441412,328.4122333838584,3,662.8244667677168,True,120,23.13173508644104
mixed_leaky,18,roving_mixed,leaky,0.0,3.6020780076821985,0.0,0.0059977677402888,1.0230884424139082,3.03206054458817,322.02596214525096,4,652.0519242905019,True,60,27.87715172767639
mixed_leaky,18,roving_mixed,mixed,0.2656809273204172,2.996326452421604,2.371780776876987,0.0,1.1068265431187665,3.0448784405646454,318.78210476365365,4,645.5642095273073,True,250,51.24812889099121
mixed_leaky,18,roving_mixed,mixed_leaky,0.2702986250018701,3.06219152948226,2.4816519338518286,0.829957627660276,-1.1859190440097778,4.061653543164149,318.6020446720407,5,647.2040893440814,True,576,88.17704701423645
mixed_leaky,18,ramp,level,0.0,3.074359262214249,0.0,0.0,0.7460887948711602,3.8443891185081256,350.9490594199037,3,707.8981188398074,True,68,16.040980577468872
mixed_leaky,18,ramp,transient,1.0,0.0,5.030500564112511,0.0,0.7383680770662557,3.4115841516104326,373.84308047832207,3,753.6861609566441,True,60,13.966845273971558
mixed_leaky,18,ramp,leaky,0.0,3.462080892402477,0.0,0.7338099371561794,-1.7477742986560174,5.062996091415122,350.4549484215803,4,708.9098968431606,True,450,86.98338079452515
mixed_leaky,18,ramp,mixed,0.2566885193909093,2.7828099672144018,2.102466094752958,0.0,0.8282503586983885,3.912637994272296,348.9951974018601,4,705.9903948037202,True,200,31.05763602256775
mixed_leaky,18,ramp,mixed_leaky,0.2565287187996721,2.7823855948652514,2.1003852389257887,0.0059976766861142,0.8155894654740842,3.914564967766892,348.9963143041944,5,707.9926286083887,True,162,34.58799600601196
mixed_leaky,16,roving_mixed,level,0.0,11.978697867692592,0.0,0.0,1.7633744282111925,1.574194803143944,890.2093277125746,3,1786.4186554251492,True,148,27.440773487091064
mixed_leaky,16,roving_mixed,transient,1.0,0.0,9.212838913246667,0.0,1.5594671565965268,1.665010893673332,894.1676491276793,3,1794.3352982553586,True,72,20.93259072303772
mixed_leaky,16,roving_mixed,leaky,0.0,11.978039669622987,0.0,0.005,1.7584468798207482,1.574622297273014,890.2097758013542,4,1788.4195516027085,True,570,103.1731231212616
mixed_leaky,16,roving_mixed,mixed,0.2501221330484933,8.382378003945782,6.117002757026989,0.0,1.7542080062576713,1.716087425079036,877.2524980559879,4,1762.5049961119755,True,310,56.99442172050476
mixed_leaky,16,roving_mixed,mixed_leaky,0.2499928135660916,8.3865969693091,6.115862585479373,0.0050003110800689,1.7504562636660093,1.7154477758263722,877.2534705854986,5,1764.5069411709972,True,396,97.52549815177916
mixed_leaky,21,roving_ramp,level,0.0,0.01,0.0,0.0,30.0,15.0,144.57524915523592,3,295.15049831047185,True,8,1.7300820350646973
mixed_leaky,21,roving_ramp,transient,1.0,0.0,0.01,0.0,30.0,15.0,144.57524915523592,3,295.15049831047185,True,8,1.7481465339660645
mixed_leaky,21,roving_ramp,leaky,0.0,0.01,0.0,4.999999999999999,30.0,15.0,144.57524915523592,4,297.15049831047185,True,10,2.103991270065308
mixed_leaky,21,roving_ramp,mixed,0.4775764455742727,0.01,0.02,0.0,30.0,15.0,144.57524915523592,4,297.15049831047185,True,5,1.2436745166778564
mixed_leaky,21,roving_ramp,mixed_leaky,0.4775764455742727,0.01,0.02,0.0059999999999999,30.0,15.0,144.57524915523592,5,299.15049831047185,True,6,1.982292890548706
mixed_leaky,17,roving_ramp50,level,0.0,3.757111318373176,0.0,0.0,1.6238069199455791,2.012578489113133,508.1628575588328,3,1022.3257151176656,True,100,17.183210611343384
mixed_leaky,17,roving_ramp50,transient,1.0,0.0,5.636440903846648,0.0,0.887607067956752,2.860218190490305,513.5168006791848,3,1033.0336013583697,True,136,19.81917095184326
mixed_leaky,17,roving_ramp50,leaky,0.0,3.929986972622704,0.0,1.6015236258020011,-5.0,4.968073116504438,503.0107050393931,4,1014.0214100787862,True,485,88.02629089355469
mixed_leaky,17,roving_ramp50,mixed,0.4318031749017033,2.375755654109092,3.950014105300183,0.0,1.1473071484216122,2.918317448815265,491.21055856025146,4,990.4211171205028,True,205,37.37976288795471
mixed_leaky,17,roving_ramp50,mixed_leaky,0.3983879255291062,3.0376933682416936,4.400919276616335,1.3392512895258244,-5.0,5.8934897832172695,485.7382294938285,5,981.4764589876568,True,714,136.6075620651245
mixed_leaky,21,roving_ramp50,level,0.0,0.01,0.0,0.0,30.0,15.0,144.49382909601036,3,294.9876581920207,True,8,1.686661958694458
mixed_leaky,21,roving_ramp50,transient,1.0,0.0,0.01,0.0,30.0,15.0,144.49382909601036,3,294.9876581920207,True,8,1.7148003578186035
mixed_leaky,21,roving_ramp50,leaky,0.0,0.01,0.0,4.999999999999999,30.0,15.0,144.49382909601036,4,296.9876581920207,True,10,2.0120630264282227
mixed_leaky,21,roving_ramp50,mixed,0.4775764455742727,0.01,0.02,0.0,30.0,15.0,144.49382909601036,4,296.9876581920207,True,5,1.1768136024475098
mixed_leaky,21,roving_ramp50,mixed_leaky,0.4775764455742727,0.01,0.02,0.0059999999999999,30.0,15.0,144.49382909601036,5,298.9876581920207,True,6,1.8801469802856443
mixed_leaky,21,roving_mixed,level,0.0,0.01,0.0,0.0,30.0,15.0,191.59322774366697,3,389.18645548733394,True,8,1.7353315353393557
mixed_leaky,21,roving_mixed,transient,1.0,0.0,0.01,0.0,30.0,15.0,191.59322774366697,3,389.18645548733394,True,8,1.7772409915924072
mixed_leaky,21,roving_mixed,leaky,0.0,0.01,0.0,4.999999999999999,30.0,15.0,191.59322774366697,4,391.18645548733394,True,10,2.1047725677490234
mixed_leaky,21,roving_mixed,mixed,0.4775764455742727,0.01,0.02,0.0,30.0,15.0,191.59322774366697,4,391.18645548733394,True,5,1.1959314346313477
mixed_leaky,21,roving_mixed,mixed_leaky,0.4775764455742727,0.01,0.02,0.0059999999999999,30.0,15.0,191.59322774366697,5,393.18645548733394,True,6,1.9902329444885252
mixed_leaky,19,roving_ramp,level,0.0,4.7291367474147625,0.0,0.0,2.77527036278958,1.5908618704465238,343.351827923779,3,692.703655847558,True,148,29.818443536758423
mixed_leaky,19,roving_ramp,transient,1.0,0.0,6.216368001170769,0.0,1.297707888661345,2.801514018707793,321.3337378115704,3,648.6674756231408,True,84,14.614432334899902
mixed_leaky,19,roving_ramp,leaky,0.0,4.925515077752181,0.0,3.445540028127229,-2.729524365226112,2.275661562078412,342.8565310039663,4,693.7130620079326,True,585,73.06871032714844
mixed_leaky,19,roving_ramp,mixed,0.5427696155062711,1.9724504577322148,5.122670178484621,0.0,1.5189797583371798,2.979054196078672,310.94177813424204,4,629.8835562684841,True,300,49.18989157676697
mixed_leaky,19,roving_ramp,mixed_leaky,0.5399678992874635,2.04555295809198,5.252915063745217,0.6754335097202889,0.143948328439213,3.345269849235898,310.4163257403925,5,630.832651480785,True,288,45.562997341156006
mixed_leaky,21,ramp,level,0.0,0.01,0.0,0.0,30.0,15.0,12.972561093278618,3,31.945122186557235,True,8,1.6195900440216064
mixed_leaky,21,ramp,transient,1.0,0.0,0.01,0.0,30.0,15.0,12.972561093278618,3,31.945122186557235,True,8,1.640892505645752
mixed_leaky,21,ramp,leaky,0.0,0.01,0.0,4.999999999999999,30.0,15.0,12.972561093278618,4,33.945122186557235,True,10,2.038603544235229
mixed_leaky,21,ramp,mixed,0.4775764455742727,0.01,0.02,0.0,30.0,15.0,12.972561093278618,4,33.945122186557235,True,5,1.1404845714569092
mixed_leaky,21,ramp,mixed_leaky,0.4775764455742727,0.01,0.02,0.0059999999999999,30.0,15.0,12.972561093278618,5,35.945122186557235,True,6,1.8826885223388672
mixed_leaky,18,roving_ramp,level,0.0,3.730346712325777,0.0,0.0,1.177065520355842,2.9359221254362837,264.5126474888684,3,535.0252949777368,True,144,25.237072229385376
mixed_leaky,18,roving_ramp,transient,1.0,0.0,4.779557415707483,0.0,0.8740970492154563,3.413441122745887,271.0082789283275,3,548.016557856655,True,132,20.837010860443115
mixed_leaky,18,roving_ramp,leaky,0.0,3.74469711935994,0.0,0.7103963916255704,-5.0,9.914054689518949,262.72864283163324,4,533.4572856632665,True,540,108.07366585731506
mixed_leaky,18,roving_ramp,mixed,0.3504292272037352,3.031075635088605,3.577506776920896,0.0,1.1556279497815871,3.485977073801764,258.8851331607178,4,525.7702663214357,True,255,61.68863773345947
mixed_leaky,18,roving_ramp,mixed_leaky,0.3322371953399559,3.318931401059076,3.6127187230367865,0.7082146384659057,-3.8919928456651394,8.667515933731888,257.78125216536176,5,525.5625043307235,True,762,87.59662175178528
mixed_leaky,19,roving_mixed,level,0.0,5.065645191086855,0.0,0.0,3.0342071320632886,1.5220649097486445,251.4022487556152,3,508.8044975112304,True,88,20.88215923309326
mixed_leaky,19,roving_mixed,transient,1.0,0.0,7.767639987773079,0.0,1.5203018134560584,2.84695699901322,229.7584730356528,3,465.5169460713056,True,100,17.69106149673462
mixed_leaky,19,roving_mixed,leaky,0.0,5.46720259880414,0.0,4.221266259429859,-2.57132674021152,1.9885144506840688,250.6561386434084,4,509.3122772868168,True,595,84.46105885505676
mixed_leaky,19,roving_mixed,mixed,0.5659351206737365,2.31469570991932,6.602611610401015,0.0,1.7038113965642312,3.1361872208380435,220.0417524900965,4,448.0835049801931,True,210,50.909809827804565
mixed_leaky,19,roving_mixed,mixed_leaky,0.5659419399402437,2.3143528701343405,6.601816931415396,0.005,1.6952964222283005,3.136695123861804,220.0427695258952,5,450.0855390517904,True,456,56.42682719230652
mixed_leaky,19,roving_ramp50,level,0.0,5.590605473432069,0.0,0.0,3.4673765308903293,1.4350474771999722,290.1767268279324,3,586.3534536558648,True,120,21.712743282318115
mixed_leaky,19,roving_ramp50,transient,1.0,0.0,5.567750838523382,0.0,1.429773233324291,2.4823125861534465,287.5259941160253,3,581.0519882320506,True,96,17.236314058303833
mixed_leaky,19,roving_ramp50,leaky,0.0,5.553543530299379,0.0,3.8548083479076665,-5.0,2.7818916604977937,289.2055338289978,4,586.4110676579955,True,635,138.50110173225403
mixed_leaky,19,roving_ramp50,mixed,0.3976140182463069,2.9431559539499306,4.250205730439112,0.0,2.1017201275046977,2.344264169896125,270.53108126201494,4,549.0621625240299,True,270,49.22999286651611
mixed_leaky,19,roving_ramp50,mixed_leaky,0.4309380298507143,3.1790000134738112,5.26690681801317,1.283905865971159,-5.0,6.62807249730839,264.9849231623346,5,539.9698463246692,True,534,65.41184282302856
mixed_leaky,18,roving_ramp50,level,0.0,3.8491658852722894,0.0,0.0,1.180686420339125,2.9815474562926987,298.36102279774434,3,602.7220455954887,True,104,19.665764093399048
mixed_leaky,18,roving_ramp50,transient,1.0,0.0,5.06276002770638,0.0,0.8944923763000545,3.2198486159201027,316.1183858796893,3,638.2367717593786,True,84,17.598713159561157
mixed_leaky,18,roving_ramp50,leaky,0.0,4.508619618385478,0.0,1.069751066393501,-5.0,7.125352290004967,295.70631211023726,4,599.4126242204745,True,475,164.49696516990662
mixed_leaky,18,roving_ramp50,mixed,0.2787424040332731,3.2365137820069902,2.7365283294495453,0.0,1.131568919183933,3.4367408002934727,295.0593054024475,4,598.118610804895,True,200,38.69795751571655
mixed_leaky,18,roving_ramp50,mixed_leaky,0.2363810414992812,4.08472541824076,2.766359730176486,1.0480556690562428,-5.0,7.388384057238295,292.9799074669201,5,595.9598149338402,True,960,155.3132243156433
mixed_leaky,20,ramp,level,0.0,5.144441090881968,0.0,0.0,1.4507932266762424,2.0634462135104457,464.04272394626406,3,934.085447892528,True,92,16.134994506835938
mixed_leaky,20,ramp,transient,1.0,0.0,6.980537027194266,0.0,1.5586972044674734,1.8797814955086465,471.5399700533313,3,949.0799401066624,True,84,16.62471842765808
mixed_leaky,20,ramp,leaky,0.0,5.119426436966302,0.0,0.2898784641355238,1.1198504765396178,2.070663518766868,464.04201414238497,4,936.08402828477,True,115,28.06673002243042
mixed_leaky,20,ramp,mixed,0.3123428817456326,4.07647780077416,4.050928688065199,0.0,1.537564089732594,2.1354892544915285,459.038806649866,4,926.077613299732,True,205,39.552430391311646
mixed_leaky,20,ramp,mixed_leaky,0.3142374533271722,4.064347174774121,4.0745985735923735,0.7608117791140301,0.6013331259850082,2.1769529967838257,458.99203925169473,5,927.9840785033896,True,498,89.94588208198547
mixed_leaky,20,roving_ramp,level,0.0,7.388820260095622,0.0,0.0,2.213377551688233,1.5376755574200731,552.8965453455231,3,1111.7930906910462,True,128,25.395429849624637
mixed_leaky,20,roving_ramp,transient,1.0,0.0,8.867566486702454,0.0,1.5145762486075125,2.0735934285129267,543.4330282028766,3,1092.8660564057532,True,108,19.50916647911072
mixed_leaky,20,roving_ramp,leaky,0.0,6.709968445252472,0.0,1.9351570530358304,-0.7916073928988995,2.083460233956777,552.4979843610272,4,1112.9959687220544,True,395,64.62623810768127
mixed_leaky,20,roving_ramp,mixed,0.4332287990262635,4.215161284345454,7.049098631182843,0.0,1.8125149497271096,2.03158890990037,530.8956587206752,4,1069.7913174413504,True,255,49.04217028617859
mixed_leaky,20,roving_ramp,mixed_leaky,0.4412525933890956,4.591469496478587,7.932924122591347,1.9892266648533452,-5.0,4.318811301818252,526.9870183326756,5,1063.9740366653512,True,642,129.45872402191162
mixed_leaky,22,ramp,level,0.0,3.6879634633647234,0.0,0.0,1.516666483622924,2.622515842604201,485.0751413004341,3,976.1502826008682,True,140,26.74687767028809
mixed_leaky,22,ramp,transient,1.0,0.0,4.588702857456489,0.0,0.9594595856608966,2.5559083840998214,536.1773139022756,3,1078.3546278045512,True,100,14.33144474029541
mixed_leaky,22,ramp,leaky,0.0,3.6928243964997294,0.0,0.0059998157312092,1.5128560780847276,2.6168878734221312,485.0753296368936,4,978.1506592737873,True,55,27.022533178329468
mixed_leaky,22,ramp,mixed,0.2452052662340138,3.329962472129952,2.366737637907514,0.0,1.4794720338249607,2.971628517458865,480.77804883233847,4,969.5560976646768,True,195,47.11388444900513
mixed_leaky,22,ramp,mixed_leaky,0.2452117724508494,3.329684216819967,2.3666230638461188,0.005,1.4724192552081738,2.9694689988884058,480.7807497995924,5,971.5614995991848,True,288,102.30791330337524
mixed_leaky,22,roving_ramp,level,0.0,4.091477183833319,0.0,0.0,1.768849459840735,2.2930950623213,409.8069876830967,3,825.6139753661934,True,72,15.786066055297852
mixed_leaky,22,roving_ramp,transient,1.0,0.0,4.093759147524658,0.0,1.0568463348916457,2.5791829427407307,436.48060190421296,3,878.9612038084259,True,84,14.273715734481812
mixed_leaky,22,roving_ramp,leaky,0.0,4.705546470201761,0.0,1.9502092751372933,-4.521038531176657,4.247611843694477,407.6456819989834,4,823.2913639979668,True,470,106.22400832176208
mixed_leaky,22,roving_ramp,mixed,0.2798046453739296,3.1492084428814606,2.676799596757435,0.0,1.4203813976091035,3.036874765760182,397.0640014403448,4,802.1280028806897,True,280,44.75080466270447
mixed_leaky,22,roving_ramp,mixed_leaky,0.266439129542429,3.4196056514815933,2.7173633994696527,0.9134927692443928,-0.7039722759522882,3.668690848323193,396.2815477208933,5,802.5630954417867,True,516,74.40447640419006
mixed_leaky,22,roving_ramp50,level,0.0,4.799823474671157,0.0,0.0,2.1213430556391053,2.041462887591788,512.140267544661,3,1030.280535089322,True,120,19.84530568122864
mixed_leaky,22,roving_ramp50,transient,1.0,0.0,5.503016394172563,0.0,0.984319393284871,2.742522204687682,536.4945215760014,3,1078.9890431520028,True,108,21.688096523284912
mixed_leaky,22,roving_ramp50,leaky,0.0,5.399547382123308,0.0,2.285746438564307,-5.0,4.023773167775626,509.1094873852188,4,1026.2189747704376,True,515,98.93495440483092
mixed_leaky,22,roving_ramp50,mixed,0.3687901888107058,3.503505803010351,4.478352817709831,0.0,1.5530763213501584,3.300513518455848,481.3842835957557,4,970.7685671915116,True,280,47.59762907028198
mixed_leaky,22,roving_ramp50,mixed_leaky,0.3598554673399892,3.606637727071373,4.4357027235418025,0.4971829098998636,0.5684532018517283,3.4628917429739774,481.2683745336469,5,972.5367490672938,False,540,67.86694049835205
mixed_leaky,20,roving_ramp50,level,0.0,3.090951456122874,0.0,0.0,0.9645352365506976,2.4592138564311483,486.3657940059168,3,978.7315880118337,True,76,13.575717210769652
mixed_leaky,20,roving_ramp50,transient,1.0,0.0,7.575642503846361,0.0,0.9541909370162094,3.018644183188162,463.0534080918137,3,932.1068161836272,True,168,22.898163318634037
mixed_leaky,20,roving_ramp50,leaky,0.0,3.1966033516034287,0.0,1.006654874901188,-0.5814594028077508,2.608222120604506,486.31662402744223,4,980.6332480548843,True,595,102.63583064079285
mixed_leaky,20,roving_ramp50,mixed,0.7486014917613787,1.077331119209233,7.018544262402548,0.0,1.010322121573335,3.010769208954465,461.9517162030414,4,931.9034324060829,True,240,37.48395824432373
mixed_leaky,20,roving_ramp50,mixed_leaky,0.7485136716944489,1.0775596201723383,7.016758217069499,0.005,1.002157400971182,3.011366805514911,461.95441116457295,5,933.908822329146,True,504,136.74603819847107
mixed_leaky,20,roving_mixed,level,0.0,2.844621586987375,0.0,0.0,0.699644269610929,2.8115986017250107,536.8834961811232,3,1079.7669923622464,True,68,14.884639978408812
mixed_leaky,20,roving_mixed,transient,1.0,0.0,5.184907271436882,0.0,0.9085623922593892,2.6437063522162445,527.2095765450155,3,1060.419153090031,True,92,18.17363691329956
mixed_leaky,20,roving_mixed,leaky,0.0,3.234737682766561,0.0,1.2855739221312397,-2.0549163027798283,3.32556221669867,536.612079039272,4,1081.224158078544,True,750,138.85667848587036
mixed_leaky,20,roving_mixed,mixed,0.5498837506138975,1.767053052785175,4.722866067094826,0.0,1.0302815769203466,2.5753887233043784,525.652111022441,4,1059.304222044882,True,215,24.316508769989014
mixed_leaky,20,roving_mixed,mixed_leaky,0.5607705665102222,1.898330066476632,5.302434934038076,1.4156598909673006,-3.1888850906118105,4.0831613425991895,524.5920136665269,5,1059.1840273330538,True,768,117.85360360145567
mixed_leaky,25,ramp,level,0.0,7.545755136142251,0.0,0.0,1.097781550112623,3.7910333126558697,823.6577171349346,3,1653.3154342698692,True,136,18.189216375350952
mixed_leaky,25,ramp,transient,1.0,0.0,7.760795757987858,0.0,1.1098021704529157,1.9417644131387413,1063.0363489365698,3,2132.0726978731395,True,116,17.177546501159668
mixed_leaky,25,ramp,leaky,0.0,7.979485460284861,0.0,0.6592473606789532,-0.5906631460084116,4.2439754508222,822.5305199024764,4,1653.0610398049528,True,275,59.451664686203
mixed_leaky,25,ramp,mixed,0.10811371835212662,7.4307360397978695,1.9706658966449078,0.0,1.222816481800155,3.8093790131712053,821.090998205792,4,1650.181996411584,True,200,38.247880697250366
mixed_leaky,25,ramp,mixed_leaky,0.09934719738134357,7.726585230862283,1.864642854535214,0.5513332054365311,-0.11667725094244569,4.119522922811852,820.3962257494757,5,1650.7924514989513,True,384,41.01929521560669
mixed_leaky,24,roving_mixed,level,0.0,6.12999974785456,0.0,0.0,2.8667510606074527,1.6763013316987434,256.0003536525501,3,518.0007073051001,True,116,25.149508953094482
mixed_leaky,24,roving_mixed,transient,1.0,0.0,7.102566293843122,0.0,1.186942834597285,3.4802918991308927,242.21505218333178,3,490.43010436666356,True,132,19.557685136795044
mixed_leaky,24,roving_mixed,leaky,0.0,6.136248197441478,0.0,0.005999977890441266,2.866095253733819,1.6740875794843244,256.0004666716018,4,520.0009333432037,True,75,31.33581042289734
mixed_leaky,24,roving_mixed,mixed,0.5244223574311931,2.4410675194905207,5.889106485572232,0.0,1.481654589646837,3.4999796763905437,235.14375939152504,4,478.2875187830501,True,245,46.47800850868225
mixed_leaky,24,roving_mixed,mixed_leaky,0.5242239665130737,2.4420527264936935,5.886798816101673,0.005000000000000002,1.4724070306131405,3.500464622822479,235.14619195751285,5,480.2923839150257,True,480,83.12988662719727
mixed_leaky,23,ramp,level,0.0,2.0218498001886154,0.0,0.0,1.105748693261838,2.7408419108137076,268.5560454615762,3,543.1120909231524,True,104,20.806931972503662
mixed_leaky,23,ramp,transient,1.0,0.0,8.15869606601524,0.0,0.9104471817839439,4.7355958514536045,248.52328147014336,3,503.0465629402867,True,112,20.976698875427246
mixed_leaky,23,ramp,leaky,0.0,2.141834293358932,0.0,0.9799542489864007,-5.0,7.401474731292298,266.5567494830986,4,541.1134989661972,True,550,104.59230422973633
mixed_leaky,23,ramp,mixed,0.8234004407833198,0.7458727719855303,7.608448054053752,0.0,1.0567653916323987,4.367703484451274,247.09304515177152,4,502.18609030354304,True,190,35.62323760986328
mixed_leaky,23,ramp,mixed_leaky,0.814665752164072,0.7768497940725358,7.470861425032375,0.21775661196793605,0.4519694482269954,4.633864090579491,247.07239544852024,5,504.1447908970405,True,168,32.6596884727478
mixed_leaky,24,ramp,level,0.0,3.4842485297825707,0.0,0.0,1.519788452188393,2.6113371963582113,332.61178950583763,3,671.2235790116753,True,136,20.536511182785034
mixed_leaky,24,ramp,transient,1.0,0.0,5.394176801556245,0.0,0.9098300632641372,3.261089946390262,353.59551715826836,3,713.1910343165367,True,88,18.580820560455322
mixed_leaky,24,ramp,leaky,0.0,3.4771542605307215,0.0,0.27722564665279203,1.1185711484377725,2.631387126380077,332.607679618622,4,673.215359237244,True,110,30.4479501247406
mixed_leaky,24,ramp,mixed,0.26876975947451354,2.982392255908519,2.3982854265053413,0.0,1.5224071446438354,2.7773369285027574,330.2875658468425,4,668.575131693685,True,250,45.80218148231506
mixed_leaky,24,ramp,mixed_leaky,0.26882949853724325,2.9735319793722748,2.391887339829277,0.14004204672583762,1.3075500425113338,2.7907291863724377,330.28642114936844,5,670.5728422987369,True,582,105.4954776763916
mixed_leaky,25,roving_ramp50,level,0.0,7.715764848219919,0.0,0.0,1.3229442918437435,3.33917983825014,934.1356900094798,3,1874.2713800189597,True,104,18.81548047065735
mixed_leaky,25,roving_ramp50,transient,1.0,0.0,5.059033615360372,0.0,0.9128433476354845,1.930116844829426,1152.6429567142056,3,2311.2859134284113,True,72,12.29396104812622
mixed_leaky,25,roving_ramp50,leaky,0.0,8.586312401580562,0.0,1.0559277048182258,-1.609605345551707,4.242974066832342,931.0222846981835,4,1870.044569396367,True,395,115.49670910835266
mixed_leaky,25,roving_ramp50,mixed,0.09673209738584634,7.572748608069788,1.7742606170755635,0.0,1.392296864518199,3.4447394413833408,929.727680376161,4,1867.455360752322,True,250,23.95758032798767
mixed_leaky,25,roving_ramp50,mixed_leaky,0.07980504669611378,8.02176618194624,1.5220550290714123,0.7157272335873646,-0.2607918858776369,3.826044118456072,928.5745316724806,5,1867.1490633449612,True,426,58.34044861793518
mixed_leaky,24,roving_ramp50,level,0.0,4.32749499267246,0.0,0.0,2.217945665498284,1.911845705737908,322.62921380145457,3,651.2584276029091,True,104,19.323634147644043
mixed_leaky,24,roving_ramp50,transient,1.0,0.0,8.128226581698462,0.0,1.2201365509713569,3.4218014407854773,300.2221637291513,3,606.4443274583026,True,64,13.862247228622437
mixed_leaky,24,roving_ramp50,leaky,0.0,4.6026136101968005,0.0,2.424522489234505,-3.5565504179800422,3.2067708409734177,321.88922247325564,4,651.7784449465113,True,720,89.96930599212646
mixed_leaky,24,roving_ramp50,mixed,0.5713269748181891,2.282987703157336,6.656899376130888,0.0,1.6318168628759564,3.1969122534914156,288.46969018258164,4,584.9393803651633,True,355,52.39345741271973
mixed_leaky,24,roving_ramp50,mixed_leaky,0.5684147724049708,2.3437993239728465,6.753502362579666,0.6414671759444488,0.16428136495950207,3.6726790334144095,288.2556038720385,5,586.511207744077,True,462,56.01464891433716
mixed_leaky,23,roving_mixed,level,0.0,9.270354831929332,0.0,0.0,3.8682085482005997,1.4833867218202683,201.0846522208786,3,408.1693044417572,True,152,16.86947512626648
mixed_leaky,23,roving_mixed,transient,1.0,0.0,11.867686248277156,0.0,2.087546671141653,3.1637627054218034,154.386376761301,3,314.772753522602,True,144,29.246220588684082
mixed_leaky,23,roving_mixed,leaky,0.0,9.932586097451761,0.0,4.712542428877311,-2.3891577018314467,1.9804117667811925,200.75503972232926,4,409.5100794446585,True,660,129.14670324325562
mixed_leaky,23,roving_mixed,mixed,0.924727026187456,0.4280072981421742,11.503645697229087,0.0,2.1001977023209233,3.158341943525434,154.33375226827744,4,316.6675045365549,True,325,35.01603126525879
mixed_leaky,23,roving_mixed,mixed_leaky,0.9247323906816007,0.44245912024229805,11.892987046158057,0.6777740503849972,0.7118815180268284,3.484187263685778,154.05408740327428,5,318.10817480654856,True,252,33.648481130599976
mixed_leaky,25,roving_mixed,level,0.0,8.380198887163226,0.0,0.0,1.3882309206470196,3.8030910719547055,430.58137008349973,3,867.1627401669995,True,132,21.80628204345703
mixed_leaky,25,roving_mixed,transient,1.0,0.0,5.519814833115322,0.0,1.2454582901130233,2.1670771899948713,523.4034840266788,3,1052.8069680533577,True,80,15.714597463607788
mixed_leaky,25,roving_mixed,leaky,0.0,8.498050740159792,0.0,0.39060652745729385,0.4623652294953732,4.051653602193511,430.49746981821727,4,868.9949396364345,True,240,45.77703070640564
mixed_leaky,25,roving_mixed,mixed,0.12345314520855354,8.16789791331811,2.516791106525188,0.0,1.4343335558778711,4.173080167133301,426.2298105701783,4,860.4596211403566,True,320,61.00917387008667
mixed_leaky,25,roving_mixed,mixed_leaky,0.1233686373854805,8.165809523793143,2.514182827067286,0.005000000000000002,1.4229788782965362,4.173513749807098,426.23047797899056,5,862.4609559579811,True,690,114.03126764297485
mixed_leaky,26,roving_ramp,level,0.0,0.010000000000000004,0.0,0.0,30.0,15.0,332.4820732967159,3,670.9641465934318,True,8,1.6830661296844482
mixed_leaky,26,roving_ramp,transient,1.0,0.0,5.571692335990956,0.0,1.4632046037012107,3.054557023781486,215.7486732656622,3,437.4973465313244,True,96,16.74552893638611
mixed_leaky,26,roving_ramp,leaky,0.0,0.010000000000000004,0.0,4.999999999999999,30.0,15.0,332.4820732967159,4,672.9641465934318,True,10,2.1126832962036133
mixed_leaky,26,roving_ramp,mixed,0.6009687377705571,1.4696336229185913,4.842435943986315,0.0,1.7045535782292098,3.0860824250958054,211.48664056863828,4,430.97328113727656,True,210,20.8777117729187
mixed_leaky,26,roving_ramp,mixed_leaky,0.5822294510094427,1.6483096146583822,5.02579751320089,0.839163960108114,-0.3042172836735707,3.7856179506738603,210.97480153845825,5,431.9496030769165,True,330,46.639103412628174
mixed_leaky,25,roving_ramp,level,0.0,7.520329157193295,0.0,0.0,1.2041561046336717,3.619432576378881,760.9622300639587,3,1527.9244601279174,True,100,19.015560388565063
mixed_leaky,25,roving_ramp,transient,1.0,0.0,5.020777532111454,0.0,0.8987217533691721,2.186721996666872,903.905462765942,3,1813.810925531884,True,112,24.21382212638855
mixed_leaky,25,roving_ramp,leaky,0.0,8.430060051445642,0.0,0.8083109475173289,-1.353740061507398,4.790814693374376,758.4886425295476,4,1524.9772850590953,True,365,85.22246861457825
mixed_leaky,25,roving_ramp,mixed,0.18615352432105065,7.743536184880695,3.875055742879637,0.0,1.3606870215842288,4.328942394220046,740.3272226404792,4,1488.6544452809585,True,225,37.830466985702515
mixed_leaky,25,roving_ramp,mixed_leaky,0.18604785211341518,7.74270549749245,3.8719378183959257,0.005000000000000002,1.3491402919896494,4.32929535546019,740.334901509761,5,1490.669803019522,True,474,108.35299444198608
mixed_leaky,24,roving_ramp,level,0.0,6.097433638096082,0.0,0.0,2.5354339750002355,1.9386208682208188,234.5514726273776,3,475.1029452547552,True,132,20.922093152999878
mixed_leaky,24,roving_ramp,transient,1.0,0.0,8.695371848149044,0.0,1.7991923178049711,2.562735614156102,223.89384072776326,3,453.7876814555265,False,184,30.771169900894165
mixed_leaky,24,roving_ramp,leaky,0.0,6.958089366772059,0.0,2.820734064346957,-3.6168873789212346,3.057505664476236,233.38689308306786,4,474.7737861661357,True,560,84.4467933177948
mixed_leaky,24,roving_ramp,mixed,0.4265411262385357,3.805654789293092,6.192954242932433,0.0,2.1430413188191566,2.6918324397599958,207.84295230538095,4,423.6859046107619,True,330,51.81637716293335
mixed_leaky,24,roving_ramp,mixed_leaky,0.42370056569704023,4.079598968932398,6.562029377288019,1.1345383853954627,-0.24016489407915625,3.3125637917868573,206.94611940991788,5,423.89223881983577,True,588,106.76839685440063
mixed_leaky,22,roving_mixed,level,0.0,4.904557838644624,0.0,0.0,2.3096725564122047,2.0909991931861573,242.85231304822614,3,491.7046260964523,True,116,28.258444786071777
mixed_leaky,22,roving_mixed,transient,1.0,0.0,4.294251034066433,0.0,1.4350472978919586,2.3325199384085655,266.0687748542718,3,538.1375497085436,True,132,34.037203550338745
mixed_leaky,22,roving_mixed,leaky,0.0,5.574556505617199,0.0,2.3552422595430444,-4.895335021386539,4.001470915028735,241.9899990554717,4,491.9799981109434,True,660,127.4861376285553
mixed_leaky,22,roving_mixed,mixed,0.1816159000654171,3.7836492254442895,1.8370348603867785,0.0,1.7888062830107312,2.6964717791335127,240.16842295688622,4,488.33684591377244,True,305,61.12055468559265
mixed_leaky,22,roving_mixed,mixed_leaky,0.1816406701490532,3.7820767522177166,1.8365774259447962,0.005997479088015069,1.779485074637688,2.697175075433098,240.16914485974652,5,490.33828971949305,True,162,48.65684700012207
mixed_leaky,23,roving_ramp,level,0.0,4.423502198336714,0.0,0.0,2.3946265896467387,1.659277662112499,347.4207533506884,3,700.8415067013768,True,132,28.740705966949463
mixed_leaky,23,roving_ramp,transient,1.0,0.0,9.12974572423196,0.0,1.5699404888932322,2.9861639676187597,289.38581749251756,3,584.7716349850351,True,124,20.183295011520386
mixed_leaky,23,roving_ramp,leaky,0.0,4.605736074448034,0.0,3.1180467864442227,-2.7607961360789015,2.359246206237211,346.9938667954579,4,701.9877335909158,True,675,90.204336643219
mixed_leaky,23,roving_ramp,mixed,0.729431057537436,1.4406432351580234,8.49713654355161,0.0,1.7541801235587917,2.9857838955592704,286.0372970277993,4,580.0745940555986,True,190,38.05375123023987
mixed_leaky,23,roving_ramp,mixed_leaky,0.7293396871472534,1.4413335528543545,8.49727375504059,0.005000000000000002,1.7462202100656927,2.9866199652670766,286.0400843452542,5,582.0801686905083,True,852,122.52702617645264
mixed_leaky,26,roving_ramp50,level,0.0,0.010000000000000004,0.0,0.0,30.0,15.0,285.3761743782335,3,576.752348756467,True,8,1.7201712131500244
mixed_leaky,26,roving_ramp50,transient,1.0,0.0,5.399314410023222,0.0,1.0450828154993719,3.8834480954718367,201.96802648979772,3,409.93605297959544,True,128,19.781419277191162
mixed_leaky,26,roving_ramp50,leaky,0.0,0.010000000000000004,0.0,4.999999999999999,30.0,15.0,285.3761743782335,4,578.752348756467,True,10,2.0220749378204346
mixed_leaky,26,roving_ramp50,mixed,0.553880939212009,1.7097426822342248,4.64415002499769,0.0,1.59664402770711,3.391264621509876,196.07857254827823,4,400.15714509655646,True,205,19.113298177719116
mixed_leaky,26,roving_ramp50,mixed_leaky,0.5045925670687068,2.2879281685296604,5.098360752018576,0.9437984932366756,-2.9447412385218468,6.490337548136145,194.32272500331118,5,398.64545000662235,True,546,59.98267197608948
mixed_leaky,26,roving_mixed,level,0.0,0.010000000000000004,0.0,0.0,30.0,15.0,182.22023330111242,3,370.44046660222483,True,8,1.7652244567871094
mixed_leaky,26,roving_mixed,transient,1.0,0.0,5.938872584902403,0.0,1.6385510852552359,2.7106000829878334,138.5733716006847,3,283.1467432013694,True,88,23.26360535621643
mixed_leaky,26,roving_mixed,leaky,0.0,0.010000000000000004,0.0,4.999999999999999,30.0,15.0,182.22023330111242,4,372.44046660222483,True,10,2.1616435050964355
mixed_leaky,26,roving_mixed,mixed,0.489531866999015,2.1941228298853956,4.6034466606872435,0.0,1.5462575869953321,3.527223482287197,132.39779140329154,4,272.79558280658307,True,265,26.294933319091797
mixed_leaky,26,roving_mixed,mixed_leaky,0.45768233534714725,2.6389407787230876,4.872478042222591,0.6785948717353814,-2.421574764029907,7.534452581563392,130.76318466358407,5,271.52636932716814,True,486,54.01712703704834
mixed_leaky,26,ramp,level,0.0,0.010000000000000004,0.0,0.0,30.0,15.0,210.20604441331793,3,426.41208882663585,True,8,1.6060965061187744
mixed_leaky,26,ramp,transient,1.0,0.0,5.154570306427875,0.0,0.8730508620098275,4.499303295007783,171.91609717120275,3,349.8321943424055,True,96,15.939632415771484
mixed_leaky,26,ramp,leaky,0.0,0.010000000000000004,0.0,4.999999999999999,30.0,15.0,210.20604441331793,4,428.41208882663585,True,10,1.9925286769866943
mixed_leaky,26,ramp,mixed,0.5040826719094014,1.8306268813740536,4.071009978912701,0.0,1.4114991300436897,3.9292032069313674,163.98208416530431,4,335.96416833060863,True,235,20.519060850143433
mixed_leaky,26,ramp,mixed_leaky,0.4770947691495238,2.098166887607019,4.188239843613063,0.6504665272279553,-2.900449340671413,8.443767899097775,163.22714818131362,5,336.45429636262725,True,684,67.74712991714478
mixed_leaky,23,roving_ramp50,level,0.0,4.88829668642957,0.0,0.0,2.679540042539706,1.6246702057530358,240.27577583833158,3,486.55155167666317,True,140,23.469584703445435
mixed_leaky,23,roving_ramp50,transient,1.0,0.0,9.871023116307942,0.0,1.6705244522595628,3.0015964523703813,200.46324227734405,3,406.9264845546881,True,80,12.957204818725586
mixed_leaky,23,roving_ramp50,leaky,0.0,5.113168401128093,0.0,3.3825161904747136,-3.4449185844293866,2.5051208006235357,239.57006436887923,4,487.14012873775846,True,555,114.13356757164001
mixed_leaky,23,roving_ramp50,mixed,0.7859306535535416,1.1314680632138938,9.088284027389479,0.0,1.7628228010128533,3.0247467546294637,199.27488133168183,4,406.54976266336365,True,260,40.80956172943115
mixed_leaky,23,roving_ramp50,mixed_leaky,0.7719064436400314,1.304901148869191,9.661378788056423,1.0184173767648754,-1.2974119243355493,4.361394398152487,198.72539016414675,5,407.4507803282935,True,714,139.0937101840973
mixed_leaky,19,ramp,level,0.0,3.74566076336361,0.0,0.0,2.217952703683207,1.934151141592599,322.90985700651476,3,651.8197140130295,True,152,28.0747709274292
mixed_leaky,19,ramp,transient,1.0,0.0,7.175008693793587,0.0,2.2619418832354685,1.623472837405305,340.0279367797975,3,686.055873559595,True,156,27.840017557144165
mixed_leaky,19,ramp,leaky,0.0,4.038171687974103,0.0,2.3634936088886063,-5.0,3.897331769549326,321.3535575160834,4,650.7071150321668,True,645,125.36232352256775
mixed_leaky,19,ramp,mixed,0.3333057004637381,3.247350529418765,3.551853269184283,0.0,2.341900262379473,1.9842061759563503,318.2435339695975,4,644.487067939195,True,240,51.899564027786255
mixed_leaky,19,ramp,mixed_leaky,0.33455355391684305,3.5705513407366474,3.9273324524135305,2.3695680477410175,-4.976260854800495,3.9712647452636483,316.5025054759015,5,643.005010951803,True,924,114.5260751247406
mixed_leaky,28,roving_ramp50,level,0.0,3.3356301179944476,0.0,0.0,0.7632295809049977,2.129245508249517,863.4580535062366,3,1732.9161070124733,True,152,21.112475633621216
mixed_leaky,28,roving_ramp50,transient,1.0,0.0,4.7247857868043965,0.0,0.8651031854286056,2.091594411102785,858.2656536974828,3,1722.5313073949656,True,64,15.474445581436157
mixed_leaky,28,roving_ramp50,leaky,0.0,3.340194758163521,0.0,0.0050009753928384965,0.7575321742574658,2.1296967288804427,863.4587606175679,4,1734.9175212351358,True,455,85.40983867645264
mixed_leaky,28,roving_ramp50,mixed,0.5411093669666759,1.5683509025343856,4.046028556413368,0.0,0.8935361870930915,2.108635312167252,857.3985825252272,4,1722.7971650504544,True,290,28.333701610565186
mixed_leaky,28,roving_ramp50,mixed_leaky,0.5411815124058338,1.5677273845412891,4.045595280041189,0.005006633170807446,0.887835122547526,2.108718782885724,857.3990990843728,5,1724.7981981687456,True,318,46.83475661277771
mixed_leaky,27,roving_ramp50,level,0.0,3.5975953161385013,0.0,0.0,1.6193923510121186,2.2973161427553435,382.94538804864396,3,771.8907760972879,True,156,26.45329260826111
mixed_leaky,27,roving_ramp50,transient,1.0,0.0,4.95300044294354,0.0,1.0156206894659807,2.8244084569084107,393.98009216834714,3,793.9601843366943,True,120,16.92231798171997
mixed_leaky,27,roving_ramp50,leaky,0.0,4.116111352990552,0.0,1.9199663503586588,-3.982696132289848,3.9324297264224857,381.76614483423003,4,771.5322896684601,True,640,120.70947623252869
mixed_leaky,27,roving_ramp50,mixed,0.38020075778187346,2.5976116313657354,3.4861494713667107,0.0,1.3510259793074901,2.9906823550729382,367.2559458764868,4,742.5118917529736,True,195,35.723949670791626
mixed_leaky,27,roving_ramp50,mixed_leaky,0.3723919236717163,2.6781227427816137,3.4765786107983594,0.6030565236181809,0.233713895034152,3.178816636864714,366.9609151129472,5,743.9218302258944,True,402,71.40497469902039
mixed_leaky,27,roving_mixed,level,0.0,6.308196465339606,0.0,0.0,3.0073076700315884,1.581932343095601,211.06619752797747,3,428.13239505595493,True,84,9.385783195495605
mixed_leaky,27,roving_mixed,transient,1.0,0.0,7.460548908523714,0.0,1.7023524962485888,2.624443093648862,198.62947097456325,3,403.2589419491265,True,100,22.40907859802246
mixed_leaky,27,roving_mixed,leaky,0.0,6.610755275261905,0.0,3.6659156436687064,-4.592557585038796,2.749254119333241,210.3520501374391,4,428.7041002748782,True,785,151.75879645347595
mixed_leaky,27,roving_mixed,mixed,0.43669203620945674,3.413628174711178,5.789691744255638,0.0,1.8941993517876627,2.914835491429527,190.92233692519753,4,389.84467385039505,True,205,42.340091943740845
mixed_leaky,27,roving_mixed,mixed_leaky,0.43661695713434934,3.41421057513329,5.788912392133533,0.005998927975682658,1.8846229144618214,2.9160440960431786,190.92271097407664,5,391.8454219481533,True,150,37.73054265975952
mixed_leaky,28,roving_mixed,level,0.0,4.468778124314322,0.0,0.0,0.5522700645003494,2.545146174945169,942.5047358185601,3,1891.0094716371202,True,108,20.05980086326599
mixed_leaky,28,roving_mixed,transient,1.0,0.0,4.397380921709192,0.0,0.5975639610299135,2.5076594251357487,939.5176656413398,3,1885.0353312826796,True,124,21.265796899795532
mixed_leaky,28,roving_mixed,leaky,0.0,4.467042285785093,0.0,0.005000000000000002,0.5456880524171689,2.5447863363127645,942.5084660487636,4,1893.0169320975272,True,320,64.45984148979187
mixed_leaky,28,roving_mixed,mixed,0.3725582921741399,2.515068181829344,3.2672356516570726,0.0,0.6166795180557986,2.586682502462466,937.3156221247252,4,1882.6312442494504,True,210,37.30393838882446
mixed_leaky,28,roving_mixed,mixed_leaky,0.37294309116771285,2.5124431436498775,3.269201563029094,0.005000000000000002,0.6099652197984711,2.586574307341465,937.3186999286137,5,1884.6373998572274,True,450,75.66994953155518
mixed_leaky,29,roving_ramp,level,0.0,6.208117452240306,0.0,0.0,2.2710243390909586,1.8582140630284427,550.7556183344176,3,1107.5112366688352,True,84,15.559485912322998
mixed_leaky,29,roving_ramp,transient,1.0,0.0,7.782342875514295,0.0,1.4583615096461766,2.163261483362609,577.1924458970235,3,1160.384891794047,True,100,17.36196541786194
mixed_leaky,29,roving_ramp,leaky,0.0,6.954344313739419,0.0,2.7684061178102373,-3.27119352823516,2.8249554336284532,548.6652165103824,4,1105.3304330207648,True,515,99.58688759803772
mixed_leaky,29,roving_ramp,mixed,0.3699209822001497,4.743894366327539,6.093387599159674,0.0,1.8245510789272859,2.9163991414757495,502.83178633658963,4,1013.6635726731793,True,320,45.70798969268799
mixed_leaky,29,roving_ramp,mixed_leaky,0.3691964256237371,4.744657341217865,6.07544427509434,0.12597697469098063,1.6185661286357733,2.939189843789372,502.8191466819859,5,1015.6382933639718,True,354,46.136162757873535
mixed_leaky,28,ramp,level,0.0,5.226646957077658,0.0,0.0,0.9787824540270426,2.0165965127204086,846.3986946985017,3,1698.7973893970034,True,72,13.515033960342407
mixed_leaky,28,ramp,transient,1.0,0.0,5.1632619248092935,0.0,0.909714328300356,2.074280710796222,850.0260476640855,3,1706.052095328171,True,120,22.593003749847412
mixed_leaky,28,ramp,leaky,0.0,5.904650908822337,0.0,2.3927986382243165,-3.02228135752234,2.5176037326181984,845.67989195954,4,1699.35978391908,True,675,73.86337471008301
mixed_leaky,28,ramp,mixed,0.2766317492430853,3.9665257839221613,3.31865959497377,0.0,1.057468565667954,2.0553456187913968,841.9902135300532,4,1691.9804270601064,True,230,40.78395485877991
mixed_leaky,28,ramp,mixed_leaky,0.2655714769756996,4.335681928861663,3.4300397609355167,1.883231664991505,-1.7273352987495598,2.3526343441046635,841.6924955976269,5,1693.3849911952539,True,780,78.3959174156189
mixed_leaky,27,ramp,level,0.0,2.9216107771484463,0.0,0.0,1.0328369782285907,3.236875837150139,414.950953667401,3,835.901907334802,True,76,12.570257425308228
mixed_leaky,27,ramp,transient,1.0,0.0,6.390976071350727,0.0,0.8707743160855419,3.2956188440583074,438.68838436872966,3,883.3767687374593,True,100,15.1000337600708
mixed_leaky,27,ramp,leaky,0.0,3.6921918716094555,0.0,1.257200061270809,-5.0,6.233915127736879,412.20821033437693,4,832.4164206687539,True,465,139.64336109161377
mixed_leaky,27,ramp,mixed,0.43795078274541427,2.6166758727127704,4.46077929163959,0.0,1.264737991689174,3.4879169764951805,405.09781687961697,4,818.1956337592339,True,235,45.20736908912659
mixed_leaky,27,ramp,mixed_leaky,0.393461183843772,3.3464260915889845,4.749352224260204,1.1443665504301628,-3.8180047116954148,5.993671237257177,403.2397151153349,5,816.4794302306698,True,648,68.00169682502747
mixed_leaky,28,roving_ramp,level,0.0,3.7595794780088196,0.0,0.0,0.6746665441479509,2.304754574425762,888.0347078108235,3,1782.069415621647,True,136,23.666653394699097
mixed_leaky,28,roving_ramp,transient,1.0,0.0,3.580375334471369,0.0,0.7344947442465465,2.213224676385475,887.3820879304787,3,1780.7641758609575,True,80,14.946642875671387
mixed_leaky,28,roving_ramp,leaky,0.0,4.066505413958914,0.0,1.5427122458744795,-1.7208630580499102,2.5248941356787116,887.8394027323419,4,1783.6788054646838,True,650,122.02467775344849
mixed_leaky,28,roving_ramp,mixed,0.3161807412600343,2.5300138027860055,2.5593331523352343,0.0,0.7849207752651198,2.2400128583914576,885.1947962289926,4,1778.3895924579851,True,315,48.8625807762146
mixed_leaky,28,roving_ramp,mixed_leaky,0.32574838615981416,2.780338038162952,2.9387844010255812,1.9238490071567271,-2.516484495736168,2.6506104402180726,884.7499936412431,5,1779.4999872824862,True,906,94.48836207389832
mixed_leaky,27,roving_ramp,level,0.0,6.551220128932117,0.0,0.0,3.071888301772314,1.6176811384607577,333.65865935598225,3,673.3173187119645,True,124,26.890504598617554
mixed_leaky,27,roving_ramp,transient,1.0,0.0,5.470241836752107,0.0,1.2010991234556345,2.747047278093132,344.2100624991407,3,694.4201249982814,True,96,15.31114673614502
mixed_leaky,27,roving_ramp,leaky,0.0,6.680220414816917,0.0,2.986843535851513,-5.0,3.3773291227665965,332.20324598445126,4,672.4064919689025,True,625,129.69623684883118
mixed_leaky,27,roving_ramp,mixed,0.33224909862162866,3.7429153859126734,4.074451797051081,0.0,1.807825767682235,2.8245212415256336,316.4579109689395,4,640.915821937879,True,295,49.01244854927063
mixed_leaky,27,roving_ramp,mixed_leaky,0.310060534749038,4.628943572579057,4.5512137944471265,1.4155498117539778,-3.480477940171482,5.076277259718738,313.77126269095936,5,637.5425253819187,True,792,125.67653465270996
mixed_leaky,29,roving_mixed,level,0.0,6.746751069291304,0.0,0.0,2.6028217747676603,1.6696395727747946,362.6461058142053,3,731.2922116284107,True,136,24.145447731018066
mixed_leaky,29,roving_mixed,transient,1.0,0.0,8.155531954463106,0.0,1.3864659911026331,2.705782083646277,345.83520240422274,3,697.6704048084455,True,60,13.022838830947876
mixed_leaky,29,roving_mixed,leaky,0.0,6.744961583730851,0.0,0.005000000000000002,2.5977239350227004,1.6697751964021124,362.6465691318308,4,733.2931382636616,True,430,98.18007159233093
mixed_leaky,29,roving_mixed,mixed,0.46100592880723146,3.9833246601714922,7.453805807743054,0.0,1.6666579541025088,3.385670928052051,326.6859881886404,4,661.3719763772808,True,235,43.68737459182739
mixed_leaky,29,roving_mixed,mixed_leaky,0.46088883693696203,3.9849827929605324,7.453395410062536,0.00501511455601221,1.657307496800087,3.3878679670776344,326.6861171149253,5,663.3722342298506,True,228,78.59219431877136
mixed_leaky,29,ramp,level,0.0,4.503035924474265,0.0,0.0,1.101421016301085,3.0405303079312547,737.7888241936417,3,1481.5776483872835,True,136,16.88288688659668
mixed_leaky,29,ramp,transient,1.0,0.0,8.32976983351997,0.0,1.0179450356776456,2.463109563848738,813.5025841307036,3,1633.005168261407,True,108,15.79176640510559
mixed_leaky,29,ramp,leaky,0.0,5.324467923181392,0.0,1.2234323800172682,-2.5938142352947136,4.377337185520496,733.3690570276443,4,1474.7381140552886,True,400,118.14006328582764
mixed_leaky,29,ramp,mixed,0.3576563771866497,4.093378531424117,4.9864366992999,0.0,1.3162452360636374,3.326082386854077,718.4829449404234,4,1444.9658898808468,True,270,42.63312220573425
mixed_leaky,29,ramp,mixed_leaky,0.33251876474299763,4.466341984133625,4.867869394010765,0.7463547771002761,-0.46108612097844603,3.8566115267161503,717.2958418417713,5,1444.5916836835427,True,426,57.774027585983276
mixed_leaky,29,roving_ramp50,level,0.0,6.383936326567443,0.0,0.0,2.0707029096624856,2.3068257452947627,490.3506962780367,3,986.7013925560734,True,116,29.080908060073853
mixed_leaky,29,roving_ramp50,transient,1.0,0.0,7.543404078595195,0.0,1.31420079849334,2.37915043142659,527.6251561990243,3,1061.2503123980487,True,124,28.9398934841156
mixed_leaky,29,roving_ramp50,leaky,0.0,6.965859415761069,0.0,1.746677405167345,-1.2581932236906912,2.93219500052409,489.82782758773595,4,987.6556551754719,True,520,168.05107879638672
mixed_leaky,29,roving_ramp50,mixed,0.3466395721673497,5.405935534643805,6.274888626928652,0.0,1.89712959996366,3.4956870531103528,444.0504866643365,4,896.100973328673,True,200,34.2506902217865
mixed_leaky,29,roving_ramp50,mixed_leaky,0.34459944545835913,5.460082032054369,6.280826311813543,0.322389635341313,1.2363069515448768,3.626879230328498,443.78910479533874,5,897.5782095906775,True,528,63.66432857513428
